Stkcd,Trddt,Opnprc,Hiprc,Loprc,Clsprc,Dnshrtrd,Dnvaltrd,Dsmvosd,Dsmvtll,Dretwd,Dretnd,Adjprcwd,Adjprcnd
002714,2014-01-28,28.88,34.66,28.88,34.66,1435207,49033776.9,2096930.0,8387720.0,0.439967,0.439967,34.66,34.66
002714,2014-01-29,38.13,38.13,34.41,34.53,16708634,613677564.97,2089065.0,8356260.0,-0.003751,-0.003751,34.53,34.53
002714,2014-01-30,33.65,33.8,31.08,31.08,14435939,461914476.46,1880340.0,7521360.0,-0.099913,-0.099913,31.08,31.08
002714,2014-02-07,30.4,31.0,29.9,30.62,7999440,243463172.57,1852510.0,7410040.0,-0.014801,-0.014801,30.62,30.62
002714,2014-02-10,30.86,32.8,30.82,32.69,11938419,380857790.91,1977745.0,7910980.0,0.067603,0.067603,32.69,32.69
002714,2014-02-11,32.7,35.96,32.63,35.96,12242693,419102581.56,2175580.0,8702320.0,0.100031,0.100031,35.96,35.96
002714,2014-02-12,37.12,38.95,36.15,37.71,12396532,463801992.53,2281455.0,9125820.0,0.048665,0.048665,37.71,37.71
002714,2014-02-13,36.81,37.55,36.21,36.35,7048831,260624944.54,2199175.0,8796700.0,-0.036065,-0.036065,36.35,36.35
002714,2014-02-14,36.87,38.44,36.7,38.27,7926708,299793949.93,2315335.0,9261340.0,0.05282,0.05282,38.27,38.27
002714,2014-02-17,38.52,40.49,37.59,38.98,10475485,408587099.96,2358290.0,9433160.0,0.018552,0.018552,38.98,38.98
002714,2014-02-18,39.03,41.39,37.96,40.4,13048952,517965299.47,2444200.0,9776800.0,0.036429,0.036429,40.4,40.4
002714,2014-02-19,39.7,39.85,36.7,37.99,7184848,274588227.63,2298395.0,9193580.0,-0.059653,-0.059653,37.99,37.99
002714,2014-02-20,38.0,39.2,36.77,37.89,5053235,192237979.01,2292345.0,9169380.0,-0.002632,-0.002632,37.89,37.89
002714,2014-02-21,37.3,38.38,36.87,38.18,4746990,178405300.15,2309890.0,9239560.0,0.007654,0.007654,38.18,38.18
002714,2014-02-24,38.3,38.3,36.1,36.3,6617640,243489841.92,2196150.0,8784600.0,-0.04924,-0.04924,36.3,36.3
002714,2014-02-25,36.4,37.4,33.51,33.65,6715335,240897201.08,2035825.0,8143300.0,-0.073003,-0.073003,33.65,33.65
002714,2014-02-26,33.59,33.79,31.9,33.0,4697245,154705497.94,1996500.0,7986000.0,-0.019316,-0.019316,33.0,33.0
002714,2014-02-27,33.5,34.8,32.7,33.0,4261976,143486151.53,1996500.0,7986000.0,0.0,0.0,33.0,33.0
002714,2014-02-28,32.6,35.56,32.3,34.85,4825173,164475441.02,2108425.0,8433700.0,0.056061,0.056061,34.85,34.85
002714,2014-03-03,34.75,37.39,34.62,37.0,7055570,256543623.22,2238500.0,8954000.0,0.061693,0.061693,37.0,37.0
002714,2014-03-04,36.5,38.27,35.08,36.18,7406828,271015624.79,2188890.0,8755560.0,-0.022162,-0.022162,36.18,36.18
002714,2014-03-05,36.01,37.0,35.28,36.18,4753071,172029889.39,2188890.0,8755560.0,0.0,0.0,36.18,36.18
002714,2014-03-06,36.16,37.42,34.0,36.81,5056604,183353307.41,2227005.0,8908020.0,0.017413,0.017413,36.81,36.81
002714,2014-03-07,36.33,36.82,34.28,34.29,3813498,135050504.31,2074545.0,8298180.0,-0.06846,-0.06846,34.29,34.29
002714,2014-03-10,33.69,35.39,33.03,34.11,4023197,136736718.68,2063655.0,8254620.0,-0.005249,-0.005249,34.11,34.11
002714,2014-03-11,34.0,34.91,33.55,34.14,1981199,67921214.27,2065470.0,8261880.0,0.00088,0.00088,34.14,34.14
002714,2014-03-12,34.13,34.35,33.08,34.0,2149405,72295184.34,2057000.0,8228000.0,-0.004101,-0.004101,34.0,34.0
002714,2014-03-13,33.98,36.7,33.9,35.99,5260436,188148437.86,2177395.0,8709580.0,0.058529,0.058529,35.99,35.99
002714,2014-03-14,35.5,36.1,34.51,34.78,2142040,75351929.63,2104190.0,8416760.0,-0.03362,-0.03362,34.78,34.78
002714,2014-03-17,34.78,34.79,33.6,34.52,2354147,80390897.45,2088460.0,8353840.0,-0.007476,-0.007476,34.52,34.52
002714,2014-03-18,34.4,35.54,34.18,35.25,2394427,83992175.59,2132625.0,8530500.0,0.021147,0.021147,35.25,35.25
002714,2014-03-19,34.99,36.31,34.8,36.0,4390580,157775721.14,2178000.0,8712000.0,0.021277,0.021277,36.0,36.0
002714,2014-03-20,35.72,35.97,34.94,34.94,2333029,82939185.5,2113870.0,8455480.0,-0.029444,-0.029444,34.94,34.94
002714,2014-03-21,34.49,35.28,33.61,35.04,2015225,69204007.91,2119920.0,8479680.0,0.002862,0.002862,35.04,35.04
002714,2014-03-24,34.81,36.17,34.2,35.0,2088537,73320241.03,2117500.0,8470000.0,-0.001142,-0.001142,35.0,35.0
002714,2014-03-25,34.6,35.93,34.23,35.88,1785656,62736642.85,2170740.0,8682960.0,0.025143,0.025143,35.88,35.88
002714,2014-03-26,35.84,36.49,35.52,35.86,1583335,57057998.53,2169530.0,8678120.0,-0.000557,-0.000557,35.86,35.86
002714,2014-03-27,35.88,36.1,34.48,35.05,1938306,68404386.33,2120525.0,8482100.0,-0.022588,-0.022588,35.05,35.05
002714,2014-03-28,35.2,35.98,33.51,34.51,2560396,89701343.63,2087855.0,8351420.0,-0.015407,-0.015407,34.51,34.51
002714,2014-03-31,31.06,32.02,31.06,31.06,2875891,89668272.05,1879130.0,7516520.0,-0.099971,-0.099971,31.06,31.06
002714,2014-04-01,29.6,31.21,29.02,31.0,4411230,133420260.26,1875500.0,7502000.0,-0.001932,-0.001932,31.0,31.0
002714,2014-04-02,30.49,31.19,29.53,30.84,3614272,109360894.85,1865820.0,7463280.0,-0.005161,-0.005161,30.84,30.84
002714,2014-04-03,30.29,32.33,30.29,31.32,2240332,70896746.77,1894860.0,7579440.0,0.015564,0.015564,31.32,31.32
002714,2014-04-04,31.17,32.98,30.85,32.65,1645525,52907266.43,1975325.0,7901300.0,0.042465,0.042465,32.65,32.65
002714,2014-04-08,32.08,32.98,31.99,32.45,1406324,46009331.19,1963225.0,7852900.0,-0.006126,-0.006126,32.45,32.45
002714,2014-04-09,32.5,33.0,32.31,32.78,1372405,44688733.92,1983190.0,7932760.0,0.010169,0.010169,32.78,32.78
002714,2014-04-10,32.8,32.8,31.98,31.98,1045189,33938041.65,1934790.0,7739160.0,-0.024405,-0.024405,31.98,31.98
002714,2014-04-11,31.76,32.81,31.42,32.69,1180237,37832768.73,1977745.0,7910980.0,0.022201,0.022201,32.69,32.69
002714,2014-04-14,32.68,35.96,32.67,35.59,4608390,161998724.25,2153195.0,8612780.0,0.088712,0.088712,35.59,35.59
002714,2014-04-15,35.48,37.55,35.35,35.58,4184193,151907040.36,2152590.0,8610360.0,-0.000281,-0.000281,35.58,35.58
002714,2014-04-16,35.5,37.6,35.5,36.5,3516983,129834420.79,2208250.0,8833000.0,0.025857,0.025857,36.5,36.5
002714,2014-04-17,36.01,37.03,35.89,36.0,2129146,77424739.56,2178000.0,8712000.0,-0.013699,-0.013699,36.0,36.0
002714,2014-04-18,36.03,36.39,35.1,35.52,1090947,38735341.87,2148960.0,8595840.0,-0.013333,-0.013333,35.52,35.52
002714,2014-04-21,35.0,37.4,34.81,36.78,1895848,69933804.9,2225190.0,8900760.0,0.035473,0.035473,36.78,36.78
002714,2014-04-22,36.7,37.0,35.8,36.88,2298762,83771848.99,2231240.0,8924960.0,0.002719,0.002719,36.88,36.88
002714,2014-04-23,36.9,37.35,35.35,35.79,1691882,61339250.58,2165295.0,8661180.0,-0.029555,-0.029555,35.79,35.79
002714,2014-04-24,35.79,36.48,35.11,35.16,746176,26639101.8,2127180.0,8508720.0,-0.017603,-0.017603,35.16,35.16
002714,2014-04-25,34.9,35.93,34.8,34.8,1237125,43532679.86,2105400.0,8421600.0,-0.010239,-0.010239,34.8,34.8
002714,2014-04-28,34.19,34.66,33.42,33.8,1580329,53868140.4,2044900.0,8179600.0,-0.028736,-0.028736,33.8,33.8
002714,2014-04-29,33.8,35.96,33.6,35.73,1008858,35565343.54,2161665.0,8646660.0,0.057101,0.057101,35.73,35.73
002714,2014-04-30,36.3,36.3,34.97,35.19,721487,25489787.09,2128995.0,8515980.0,-0.015113,-0.015113,35.19,35.19
002714,2014-05-05,34.95,38.71,34.81,37.71,4641181,176742899.96,2281455.0,9125820.0,0.071611,0.071611,37.71,37.71
002714,2014-05-06,36.91,39.3,36.7,38.7,4463451,171367463.75,2341350.0,9365400.0,0.026253,0.026253,38.7,38.7
002714,2014-05-07,38.55,40.98,38.03,39.92,3746823,148163233.03,2415160.0,9660640.0,0.031525,0.031525,39.92,39.92
002714,2014-05-08,39.8,40.5,38.81,39.21,2070864,81919650.38,2372205.0,9488820.0,-0.017786,-0.017786,39.21,39.21
002714,2014-05-09,38.89,39.21,36.89,38.19,2716362,102324399.56,2310495.0,9241980.0,-0.026014,-0.026014,38.19,38.19
002714,2014-05-12,37.95,39.47,37.27,39.25,1813659,69780021.03,2374625.0,9498500.0,0.027756,0.027756,39.25,39.25
002714,2014-05-13,39.35,39.76,37.56,37.75,1691459,64766795.33,2283875.0,9135500.0,-0.038217,-0.038217,37.75,37.75
002714,2014-05-14,37.6,38.46,37.18,38.22,954461,36345724.95,2312310.0,9249240.0,0.01245,0.01245,38.22,38.22
002714,2014-05-15,37.65,39.6,37.61,38.14,1624736,63054459.02,2307470.0,9229880.0,-0.002093,-0.002093,38.14,38.14
002714,2014-05-16,38.0,40.12,37.06,39.85,1718957,67074345.39,2410925.0,9643700.0,0.044835,0.044835,39.85,39.85
002714,2014-05-19,39.64,40.63,38.18,39.7,1747118,68884188.74,2401850.0,9607400.0,-0.003764,-0.003764,39.7,39.7
002714,2014-05-20,40.6,42.2,39.3,40.55,2044382,82985528.83,2453275.0,9813100.0,0.021411,0.021411,40.55,40.55
002714,2014-05-21,40.0,40.5,38.5,39.87,1500112,59515989.64,2412135.0,9648540.0,-0.016769,-0.016769,39.87,39.87
002714,2014-05-22,39.6,40.5,38.81,38.86,1096787,43353644.48,2351030.0,9404120.0,-0.025332,-0.025332,38.86,38.86
002714,2014-05-23,38.88,39.67,38.51,39.65,1285708,50360921.51,2398825.0,9595300.0,0.020329,0.020329,39.65,39.65
002714,2014-05-26,39.23,39.98,38.63,39.79,1488902,58409482.59,2407295.0,9629180.0,0.003531,0.003531,39.79,39.79
002714,2014-05-27,39.93,41.9,39.29,40.45,1414294,57591575.46,2447225.0,9788900.0,0.016587,0.016587,40.45,40.45
002714,2014-05-28,40.04,41.3,39.0,41.3,1108287,44235706.38,2498650.0,9994600.0,0.021014,0.021014,41.3,41.3
002714,2014-05-29,40.91,41.17,39.58,39.61,939649,37829966.69,2396405.0,9585620.0,-0.04092,-0.04092,39.61,39.61
002714,2014-05-30,39.58,40.56,39.1,39.31,985488,39020986.86,2378255.0,9513020.0,-0.007574,-0.007574,39.31,39.31
002714,2014-06-03,39.35,39.7,38.82,39.55,393308,15517643.14,2392775.0,9571100.0,0.006105,0.006105,39.55,39.55
002714,2014-06-04,39.67,39.68,37.71,37.87,1355454,51660714.36,2291135.0,9164540.0,-0.042478,-0.042478,37.87,37.87
002714,2014-06-05,37.52,37.96,37.31,37.73,1255787,47189853.38,2282665.0,9130660.0,-0.003697,-0.003697,37.73,37.73
002714,2014-06-06,37.66,39.0,37.66,38.18,674812,25905238.66,2309890.0,9239560.0,0.011927,0.011927,38.18,38.18
002714,2014-06-09,38.18,39.06,37.8,38.5,1053230,40766132.23,2329250.0,9317000.0,0.008381,0.008381,38.5,38.5
002714,2014-06-10,38.78,40.41,38.53,39.9,1215755,48074828.65,2413950.0,9655800.0,0.036364,0.036364,39.9,39.9
002714,2014-06-11,39.88,39.98,39.21,39.3,450901,17810492.51,2377650.0,9510600.0,-0.015038,-0.015038,39.3,39.3
002714,2014-06-12,39.48,40.02,39.12,39.4,525658,20840113.11,2383700.0,9534800.0,0.002545,0.002545,39.4,39.4
002714,2014-06-13,39.36,40.1,39.13,39.58,785752,31226972.55,2394590.0,9578360.0,0.004569,0.004569,39.58,39.58
002714,2014-06-16,39.98,41.5,39.61,40.98,1623407,66258684.66,2479290.0,9917160.0,0.035371,0.035371,40.98,40.98
002714,2014-06-17,40.81,41.35,40.55,41.11,816596,33515181.27,2487155.0,9948620.0,0.003172,0.003172,41.11,41.11
002714,2014-06-18,40.88,40.98,39.1,40.21,665828,26524578.93,2432705.0,9730820.0,-0.021892,-0.021892,40.21,40.21
002714,2014-06-19,40.2,40.2,38.2,38.69,569568,22256273.7,2340745.0,9362980.0,-0.037802,-0.037802,38.69,38.69
002714,2014-06-20,38.37,40.39,38.37,40.26,355580,14139842.15,2435730.0,9742920.0,0.040579,0.040579,40.26,40.26
002714,2014-06-23,40.26,41.7,40.0,40.75,830598,34015828.55,2465375.0,9861500.0,0.012171,0.012171,40.75,40.75
002714,2014-06-24,40.75,40.93,39.38,39.9,629185,25085912.69,2413950.0,9655800.0,-0.020859,-0.020859,39.9,39.9
002714,2014-06-25,39.62,42.58,39.05,42.58,1385870,56937904.82,2576090.0,10304360.0,0.067168,0.067168,42.58,42.58
002714,2014-06-26,42.0,44.8,42.0,43.81,2589207,112816751.5,2650505.0,10602020.0,0.028887,0.028887,43.81,43.81
002714,2014-06-27,43.17,44.2,42.65,43.28,1863607,80630001.93,2618440.0,10473760.0,-0.012098,-0.012098,43.28,43.28
002714,2014-06-30,42.98,44.2,42.5,44.05,1253014,54586418.63,2665025.0,10660100.0,0.017791,0.017791,44.05,44.05
002714,2014-07-01,44.08,44.39,43.58,44.04,871620,38300586.19,2664420.0,10657680.0,-0.000227,-0.000227,44.04,44.04
002714,2014-07-02,44.0,44.0,42.3,43.4,1147161,49440969.19,2625700.0,10502800.0,-0.014532,-0.014532,43.4,43.4
002714,2014-07-03,43.2,43.2,42.3,42.52,877179,37499464.25,2572460.0,10289840.0,-0.020276,-0.020276,42.52,42.52
002714,2014-07-04,42.52,43.47,42.28,42.75,549838,23579420.21,2586375.0,10345500.0,0.010912,0.005409,42.983978,42.749991
002714,2014-07-07,42.58,43.15,41.25,42.0,824086,34501171.06,2541000.0,10164000.0,-0.017544,-0.017544,42.229873,41.999991
002714,2014-07-08,41.91,42.88,41.3,42.0,1129702,47478579.63,2541000.0,10164000.0,0.0,0.0,42.229873,41.999991
002714,2014-07-09,41.93,42.44,41.0,41.44,840030,34971796.49,2507120.0,10028480.0,-0.013333,-0.013333,41.666808,41.439991
002714,2014-07-10,41.05,41.68,41.05,41.2,733130,30214657.88,2492600.0,9970400.0,-0.005792,-0.005792,41.425494,41.199991
002714,2014-07-11,41.1,41.99,40.21,41.95,1291498,53090593.35,2537975.0,10151900.0,0.018204,0.018204,42.179599,41.949991
002714,2014-07-14,42.0,44.98,41.97,44.24,1401595,61617979.89,2676520.0,10706080.0,0.054589,0.054589,44.482133,44.239991
002714,2014-07-15,44.0,46.88,43.51,45.55,1383524,63151398.79,2755775.0,11023100.0,0.029611,0.029611,45.799303,45.549991
002714,2014-07-16,45.21,47.1,44.26,45.5,864009,39440773.49,2752750.0,11011000.0,-0.001098,-0.001098,45.749029,45.499991
002714,2014-07-17,45.73,45.9,44.36,45.6,309834,14027826.39,2758800.0,11035200.0,0.002198,0.002198,45.849576,45.599991
002714,2014-07-18,45.0,46.57,44.6,46.4,521135,24066901.02,2807200.0,11228800.0,0.017544,0.017544,46.653955,46.399991
002714,2014-07-21,46.4,47.46,45.08,47.2,742846,34582743.76,2855600.0,11422400.0,0.017241,0.017241,47.458334,47.199991
002714,2014-07-22,46.33,51.78,46.13,49.29,986760,49100997.87,2982045.0,11928180.0,0.04428,0.04428,49.559773,49.289991
002714,2014-07-23,49.7,51.55,47.51,49.46,1049136,51402465.83,2992330.0,11969320.0,0.003449,0.003449,49.730703,49.459991
002714,2014-07-24,49.7,49.91,46.87,48.5,964642,47008909.7,2934250.0,11737000.0,-0.01941,-0.01941,48.765449,48.499991
002714,2014-07-25,48.6,49.0,46.85,48.3,754277,35916717.07,2922150.0,11688600.0,-0.004124,-0.004124,48.564354,48.299991
002714,2014-07-28,48.2,50.0,46.87,49.24,744105,36088889.99,2979020.0,11916080.0,0.019462,0.019462,49.509499,49.239991
002714,2014-07-29,49.2,49.22,47.76,48.4,967866,46792640.25,2928200.0,11712800.0,-0.017059,-0.017059,48.664902,48.399991
002714,2014-07-30,46.02,48.0,46.02,47.55,879999,41478842.83,2876775.0,11507100.0,-0.017562,-0.017562,47.81025,47.549991
002714,2014-07-31,47.26,51.47,47.13,50.25,1261501,62945796.29,3040125.0,12160500.0,0.056782,0.056782,50.525028,50.24999
002714,2014-08-01,50.23,52.5,49.8,50.96,693210,35570898.67,3083080.0,12332320.0,0.014129,0.014129,51.238914,50.95999
002714,2014-08-04,50.7,53.48,49.51,52.5,985325,51335788.0,3176250.0,12705000.0,0.03022,0.03022,52.787343,52.49999
002714,2014-08-05,52.05,52.98,50.83,52.53,501349,26049337.25,3178065.0,12712260.0,0.000571,0.000571,52.817507,52.52999
002714,2014-08-06,52.54,52.58,50.72,51.7,566873,29216698.45,3127850.0,12511400.0,-0.0158,-0.0158,51.982964,51.69999
002714,2014-08-07,51.7,51.99,49.88,50.3,1591699,79717769.49,3043150.0,12172600.0,-0.027079,-0.027079,50.575302,50.29999
002714,2014-08-08,50.25,52.8,49.5,52.23,817174,41663725.79,3159915.0,12639660.0,0.03837,0.03837,52.515865,52.22999
002714,2014-08-11,51.9,56.96,51.88,56.4,1406012,76971234.49,3412200.0,13648800.0,0.079839,0.079839,56.708688,56.399989
002714,2014-08-12,56.9,57.04,54.8,56.0,817969,45554479.8,3388000.0,13552000.0,-0.007092,-0.007092,56.306499,55.999989
002714,2014-08-13,55.8,56.62,54.62,54.82,665558,36798006.9,3316610.0,13266440.0,-0.021071,-0.021071,55.120041,54.819989
002714,2014-08-14,54.55,55.36,53.91,54.12,549572,29923368.16,3274260.0,13097040.0,-0.012769,-0.012769,54.41621,54.119989
002714,2014-08-15,54.16,54.75,54.01,54.12,391924,21296208.56,3274260.0,13097040.0,0.0,0.0,54.41621,54.119989
002714,2014-08-18,54.15,55.3,53.85,54.2,726548,39603042.52,3279100.0,13116400.0,0.001478,0.001478,54.496648,54.199989
002714,2014-08-19,54.0,55.4,52.06,54.6,1392029,74550112.86,3303300.0,13213200.0,0.00738,0.00738,54.898837,54.599989
002714,2014-08-20,54.21,54.56,53.22,53.4,755548,40628388.21,3230700.0,12922800.0,-0.021978,-0.021978,53.692269,53.399989
002714,2014-08-21,53.22,53.5,52.5,53.4,869028,45901814.61,3230700.0,12922800.0,0.0,0.0,53.692269,53.399989
002714,2014-08-22,53.5,54.65,52.8,54.6,754126,40593884.24,3303300.0,13213200.0,0.022472,0.022472,54.898837,54.599989
002714,2014-08-25,54.8,54.8,52.0,52.01,1087185,57674370.93,3146605.0,12586420.0,-0.047436,-0.047436,52.294661,52.00999
002714,2014-08-26,52.12,52.6,51.0,51.92,875013,45160169.74,3141160.0,12564640.0,-0.00173,-0.00173,52.204168,51.91999
002714,2014-08-27,51.92,52.43,50.79,50.92,639279,32713671.36,3080660.0,12322640.0,-0.01926,-0.01926,51.198695,50.91999
002714,2014-08-28,51.01,51.5,49.86,50.01,682785,34375268.7,3025605.0,12102420.0,-0.017871,-0.017871,50.283714,50.00999
002714,2014-08-29,49.9,51.84,48.9,51.55,1015722,51042476.28,3118775.0,12475100.0,0.030794,0.030794,51.832143,51.54999
002714,2014-09-01,51.3,51.4,49.76,51.4,985405,49665157.77,3109700.0,12438800.0,-0.00291,-0.00291,51.681322,51.39999
002714,2014-09-02,50.99,51.9,50.2,51.79,601866,30868887.28,3133295.0,12533180.0,0.007588,0.007588,52.073457,51.78999
002714,2014-09-03,51.77,52.6,51.3,52.0,633249,33003538.03,3146000.0,12584000.0,0.004055,0.004055,52.284606,51.99999
002714,2014-09-04,52.0,52.45,50.35,52.35,698825,35999453.8,3167175.0,12668700.0,0.006731,0.006731,52.636522,52.34999
002714,2014-09-05,51.36,52.6,51.28,52.17,470345,24308010.55,3156285.0,12625140.0,-0.003438,-0.003438,52.455537,52.16999
002714,2014-09-09,51.79,52.07,50.54,51.9,522732,26899578.88,3139950.0,12559800.0,-0.005175,-0.005175,52.184059,51.89999
002714,2014-09-10,51.3,52.2,50.81,52.0,458549,23632353.27,3146000.0,12584000.0,0.001927,0.001927,52.284606,51.99999
002714,2014-09-11,51.98,52.22,51.02,51.3,488046,25225599.46,3103650.0,12414600.0,-0.013462,-0.013462,51.580775,51.29999
002714,2014-09-12,51.3,51.69,51.0,51.14,392591,20150427.57,3093970.0,12375880.0,-0.003119,-0.003119,51.419899,51.13999
002714,2014-09-15,51.16,51.25,50.18,50.5,1200084,60867578.56,3055250.0,12221000.0,-0.012515,-0.012515,50.776396,50.49999
002714,2014-09-16,50.9,51.0,49.65,49.9,880693,44432145.85,3018950.0,12075800.0,-0.011881,-0.011881,50.173112,49.89999
002714,2014-09-17,49.9,52.98,49.41,52.69,871116,45009087.35,3187745.0,12750980.0,0.055912,0.055912,52.978382,52.689989
002714,2014-09-18,53.06,53.79,52.7,52.99,1224122,64999336.3,3205895.0,12823580.0,0.005694,0.005694,53.280024,52.989989
002714,2014-09-19,53.27,53.27,52.07,52.28,346180,18102303.23,3162940.0,12651760.0,-0.013399,-0.013399,52.566138,52.279989
002714,2014-09-22,52.28,52.28,50.15,50.38,484711,24673263.06,3047990.0,12191960.0,-0.036343,-0.036343,50.655739,50.379989
002714,2014-09-23,49.88,51.24,49.88,50.4,385283,19445913.68,3049200.0,12196800.0,0.000397,0.000397,50.675848,50.399989
002714,2014-09-24,50.56,51.1,50.03,50.53,602941,30439838.22,3057065.0,12228260.0,0.002579,0.002579,50.80656,50.529989
002714,2014-09-25,50.75,51.01,50.04,50.79,538022,27218507.07,3072795.0,12291180.0,0.005145,0.005145,51.067983,50.789989
002714,2014-09-26,50.87,50.95,49.96,50.52,632215,31729297.37,3056460.0,12225840.0,-0.005316,-0.005316,50.796505,50.519989
002714,2014-09-29,50.7,54.0,50.7,53.1,1275826,66831676.33,3212550.0,12850200.0,0.051069,0.051069,53.390626,53.099988
002714,2014-09-30,52.7,55.5,52.7,54.97,993134,53858087.78,3325685.0,13302740.0,0.035217,0.035217,55.270861,54.969988
002714,2014-10-08,54.9,55.86,54.06,54.5,439564,24075626.23,3297250.0,13189000.0,-0.00855,-0.00855,54.798289,54.499988
002714,2014-10-09,54.9,55.18,53.68,54.59,403596,21879272.46,3302695.0,13210780.0,0.001651,0.001651,54.888782,54.589988
002714,2014-10-10,54.56,54.56,53.3,53.42,552715,29657070.88,3231910.0,12927640.0,-0.021432,-0.021432,53.712378,53.419988
002714,2014-10-13,53.4,53.4,50.6,50.8,993613,51158727.3,3073400.0,12293600.0,-0.049045,-0.049045,51.078038,50.799989
002714,2014-10-14,50.5,51.99,50.31,51.61,469239,24187541.37,3122405.0,12489620.0,0.015945,0.015945,51.892471,51.609989
002714,2014-10-15,51.59,51.95,50.27,50.77,487718,24800994.11,3071585.0,12286340.0,-0.016276,-0.016276,51.047874,50.769989
002714,2014-10-16,50.3,50.5,48.07,49.24,1114700,55200733.79,2979020.0,11916080.0,-0.030136,-0.030136,49.5095,49.239989
002714,2014-10-17,49.09,49.3,48.1,48.7,582378,28280958.82,2946350.0,11785400.0,-0.010967,-0.010967,48.966544,48.699989
002714,2014-10-20,48.79,49.6,48.51,49.6,1010551,49654708.2,3000800.0,12003200.0,0.01848,0.01848,49.87147,49.599989
002714,2014-10-21,49.5,50.39,48.91,49.95,659705,32980210.21,3021975.0,12087900.0,0.007056,0.007056,50.223386,49.949989
002714,2014-10-22,49.95,50.49,49.94,50.0,364255,18264733.31,3025000.0,12100000.0,0.001001,0.001001,50.27366,49.999989
002714,2014-10-23,50.0,50.02,47.9,48.15,626875,30781957.49,2913075.0,11652300.0,-0.037,-0.037,48.413535,48.149989
002714,2014-10-24,48.19,50.38,48.15,50.28,399306,19820628.16,3041940.0,12167760.0,0.044237,0.044237,50.555193,50.279989
002714,2014-10-27,50.0,51.0,49.08,50.04,811340,40851644.55,3027420.0,12109680.0,-0.004773,-0.004773,50.313879,50.039989
002714,2014-10-28,50.1,55.04,50.04,54.48,1236068,65344455.35,3296040.0,13184160.0,0.088729,0.088729,54.77818,54.479988
002714,2014-10-29,55.49,55.49,52.51,53.0,1092725,58190172.69,3206500.0,12826000.0,-0.027166,-0.027166,53.29008,52.999988
002714,2014-10-30,53.25,53.35,52.61,53.07,486926,25818112.18,3210735.0,12842940.0,0.001321,0.001321,53.360463,53.069988
002714,2014-10-31,52.89,53.25,51.28,52.77,748830,39015442.07,3192585.0,12770340.0,-0.005653,-0.005653,53.058821,52.769988
002714,2014-11-03,52.3,53.0,52.17,52.81,298202,15743722.04,3195005.0,12780020.0,0.000758,0.000758,53.09904,52.809988
002714,2014-11-04,52.7,52.96,51.62,51.7,274164,14313532.24,3127850.0,12511400.0,-0.021019,-0.021019,51.982965,51.699988
002714,2014-11-05,51.2,51.73,50.1,51.68,456268,23289587.85,3126640.0,12506560.0,-0.000387,-0.000387,51.962856,51.679988
002714,2014-11-06,51.39,53.1,51.24,52.62,515072,26991960.72,3183510.0,12734040.0,0.018189,0.018189,52.908001,52.619988
002714,2014-11-07,52.96,52.96,50.55,51.89,1086140,55778235.68,3139345.0,12557380.0,-0.013873,-0.013873,52.174006,51.889988
002714,2014-11-10,51.4,51.4,50.0,50.43,836339,42102703.84,3051015.0,12204060.0,-0.028136,-0.028136,50.706015,50.429988
002714,2014-11-11,50.4,50.68,49.11,49.59,946054,47333347.37,3000195.0,12000780.0,-0.016657,-0.016657,49.861417,49.589988
002714,2014-11-12,49.79,52.75,49.79,52.58,1583282,81435087.06,3181090.0,12724360.0,0.060294,0.060294,52.867782,52.579987
002714,2014-11-13,52.35,55.8,51.4,54.53,1329299,72068281.48,3299065.0,13196260.0,0.037086,0.037086,54.828455,54.529987
002714,2014-11-14,53.78,55.11,53.01,54.78,561159,30325032.12,3314190.0,13256760.0,0.004585,0.004585,55.079823,54.779987
002714,2014-11-17,55.07,55.18,53.32,54.21,409365,21996177.97,3279705.0,13118820.0,-0.010405,-0.010405,54.506703,54.209987
002714,2014-11-18,54.11,59.63,53.83,59.63,1268864,73167295.07,3607615.0,14430460.0,0.099982,0.099982,59.956368,59.629986
002714,2014-11-19,60.02,65.0,59.9,62.31,1651897,102338882.61,3769755.0,15079020.0,0.044944,0.044944,62.651036,62.309985
002714,2014-11-20,61.98,62.96,60.58,61.66,1288005,79200799.73,3730430.0,14921720.0,-0.010432,-0.010432,61.997478,61.659985
002714,2014-11-21,61.6,62.48,60.01,61.3,851207,52286563.42,3708650.0,14834600.0,-0.005838,-0.005838,61.635508,61.299985
002714,2014-11-24,61.5,64.97,59.0,62.61,1190936,75211077.97,3787905.0,15151620.0,0.02137,0.02137,62.952678,62.609985
002714,2014-11-25,62.51,62.51,59.0,61.08,702298,42005358.15,3695340.0,14781360.0,-0.024437,-0.024437,61.414304,61.079985
002714,2014-11-26,60.4,60.51,58.21,59.13,987737,58298040.62,3577365.0,14309460.0,-0.031925,-0.031925,59.453631,59.129985
002714,2014-11-27,59.01,59.01,57.38,58.5,1090634,63337518.07,3539250.0,14157000.0,-0.010654,-0.010654,58.820183,58.499985
002714,2014-11-28,58.46,58.46,57.15,57.8,959363,55344243.25,3496900.0,13987600.0,-0.011966,-0.011966,58.116352,57.799985
002714,2014-12-01,57.14,58.14,53.74,54.3,1653489,90915209.08,3285150.0,13140600.0,-0.060554,-0.060554,54.597196,54.299986
002714,2014-12-02,54.49,55.97,54.25,54.86,1287316,70685110.58,3319030.0,13276120.0,0.010313,0.010313,55.160261,54.859986
002714,2014-12-03,55.88,55.89,53.21,54.33,1743541,94392772.0,3286965.0,13147860.0,-0.009661,-0.009661,54.62736,54.329986
002714,2014-12-04,54.35,58.33,53.62,56.39,2770562,152744760.12,3411595.0,13646380.0,0.037916,0.037916,56.698635,56.389985
002714,2014-12-05,55.96,55.96,52.85,53.9,2238008,120361882.75,3260950.0,13043800.0,-0.044157,-0.044157,54.195007,53.899986
002714,2014-12-08,53.77,54.6,51.46,51.6,2407551,126744045.79,3121800.0,12487200.0,-0.042672,-0.042672,51.882419,51.599987
002714,2014-12-09,51.63,51.63,48.3,48.5,2175133,108440013.8,2934250.0,11737000.0,-0.060078,-0.060078,48.765452,48.499988
002714,2014-12-10,48.0,51.55,48.0,51.03,1291476,64747691.61,3087315.0,12349260.0,0.052165,0.052165,51.309299,51.029987
002714,2014-12-11,51.16,51.87,49.7,50.02,949820,47991631.24,3026210.0,12104840.0,-0.019792,-0.019792,50.293771,50.019987
002714,2014-12-12,50.15,51.69,48.59,50.99,1683268,84395861.27,3084895.0,12339580.0,0.019392,0.019392,51.26908,50.989987
002714,2014-12-15,50.41,53.51,50.02,52.85,2042302,106929270.21,3197425.0,12789700.0,0.036478,0.036478,53.13926,52.849987
002714,2014-12-16,52.8,53.7,52.0,53.0,1609216,85063174.67,3206500.0,12826000.0,0.002838,0.002838,53.290081,52.999987
002714,2014-12-17,52.75,55.19,52.38,53.43,1923227,103682975.7,3232515.0,12930060.0,0.008113,0.008113,53.722434,53.429987
002714,2014-12-18,53.05,53.9,52.38,52.79,636090,33896211.62,3193795.0,12775180.0,-0.011978,-0.011978,53.078931,52.789987
002714,2014-12-19,52.75,52.75,48.77,50.5,1260467,63103946.79,3055250.0,12221000.0,-0.043379,-0.043379,50.776397,50.499988
002714,2014-12-22,50.05,50.05,45.45,45.45,1699898,78877566.22,2749725.0,10998900.0,-0.1,-0.1,45.698757,45.449989
002714,2014-12-23,45.3,46.3,42.0,43.36,2156782,94698459.68,2623280.0,10493120.0,-0.045985,-0.045985,43.597318,43.35999
002714,2014-12-24,43.5,45.2,43.0,45.2,1138229,50464013.78,2734600.0,10938400.0,0.042435,0.042435,45.447389,45.19999
002714,2014-12-25,45.0,46.46,44.4,45.5,1609852,72650237.88,2752750.0,11011000.0,0.006637,0.006637,45.749031,45.49999
002714,2014-12-26,45.39,45.48,43.3,44.01,1517732,67030345.97,2662605.0,10650420.0,-0.032747,-0.032747,44.250876,44.00999
002714,2014-12-29,42.74,43.64,41.86,42.78,1923816,82075427.58,2588190.0,10352760.0,-0.027948,-0.027948,43.014144,42.77999
002714,2014-12-30,42.5,42.84,40.5,41.5,1967348,81580441.61,2510750.0,10043000.0,-0.029921,-0.029921,41.727138,41.49999
002714,2014-12-31,41.21,44.0,40.78,44.0,2005788,86093573.01,2662000.0,10648000.0,0.060241,0.060241,44.240821,43.999989
002714,2015-01-05,43.21,44.65,42.1,44.1,1247162,54342547.2,2668050.0,10672200.0,0.002273,0.002273,44.341368,44.099989
002714,2015-01-06,43.79,48.51,43.35,47.64,2756398,129024262.48,2882220.0,11528880.0,0.080272,0.080272,47.900743,47.639988
002714,2015-01-07,47.68,50.2,47.06,50.02,2857547,140559420.7,3026210.0,12104840.0,0.049958,0.049958,50.293769,50.019987
002714,2015-01-08,49.9,54.98,49.19,52.0,1784482,93666337.64,3146000.0,12584000.0,0.039584,0.039584,52.284606,51.999986
002714,2015-01-09,51.83,54.49,51.56,53.01,981433,51964629.11,3207105.0,12828420.0,0.019423,0.019423,53.300134,53.009986
002714,2015-01-12,52.04,53.97,50.0,51.2,1156823,60637944.38,3097600.0,12390400.0,-0.034145,-0.034145,51.480228,51.199986
002714,2015-01-13,51.2,52.5,50.51,51.51,345496,17887697.65,3116355.0,12465420.0,0.006055,0.006055,51.791925,51.509986
002714,2015-01-14,51.64,55.51,51.0,55.45,1001541,54466359.41,3354725.0,13418900.0,0.07649,0.07649,55.753489,55.449985
002714,2015-01-15,55.37,57.4,53.83,54.02,752974,41770583.84,3268210.0,13072840.0,-0.025789,-0.025789,54.315662,54.019985
002714,2015-01-16,53.9,56.0,52.88,55.65,662887,36334295.46,3366825.0,13467300.0,0.030174,0.030174,55.954583,55.649985
002714,2015-01-19,55.57,58.24,54.54,55.76,1141019,64289070.15,3373480.0,13493920.0,0.001977,0.001977,56.065185,55.759985
002714,2015-01-20,55.99,56.92,53.51,54.73,650086,35695531.98,3311165.0,13244660.0,-0.018472,-0.018472,55.029548,54.729985
002714,2015-01-21,54.73,55.55,53.73,55.01,814065,44396216.93,3328105.0,13312420.0,0.005116,0.005116,55.31108,55.009985
002714,2015-01-22,54.55,54.85,52.32,53.95,1176346,62906580.72,3263975.0,13055900.0,-0.019269,-0.019269,54.245278,53.949985
002714,2015-01-23,53.89,53.89,52.6,53.39,497932,26509378.7,3230095.0,12920380.0,-0.01038,-0.01038,53.682213,53.389985
002714,2015-01-26,53.39,54.2,52.8,54.11,1025731,54891073.5,3273655.0,13094620.0,0.013486,0.013486,54.406154,54.109985
002714,2015-01-27,54.08,54.12,52.8,53.41,658114,35054296.08,3231305.0,12925220.0,-0.012937,-0.012937,53.702323,53.409985
002714,2015-01-28,53.14,53.38,50.6,50.96,1797193,93047441.53,3654418.14,12332320.0,-0.045872,-0.045872,51.238914,50.959986
002714,2015-01-29,50.3,52.56,50.01,51.0,1189061,61305082.61,3657286.6,12342000.0,0.000785,0.000785,51.279133,50.999986
002714,2015-01-30,51.8,51.8,50.33,50.79,630302,32083652.49,3642227.19,12291180.0,-0.004118,-0.004118,51.067984,50.789986
002714,2015-02-02,50.81,52.7,50.26,52.38,739245,38424400.0,3756248.47,12675960.0,0.031305,0.031305,52.666686,52.379986
002714,2015-02-03,52.38,53.0,51.5,51.82,1332428,69326375.25,3716090.03,12540440.0,-0.010691,-0.010691,52.103621,51.819986
002714,2015-02-04,51.81,51.82,50.35,50.79,612196,31112921.49,3642227.19,12291180.0,-0.019876,-0.019876,51.067984,50.789986
002714,2015-02-05,50.79,51.38,48.0,48.1,1194050,58811533.24,3449323.25,11640200.0,-0.052963,-0.052963,48.363261,48.099987
002714,2015-02-06,48.1,48.55,46.5,48.49,1079421,51245435.27,3477290.73,11734580.0,0.008108,0.008108,48.755396,48.489987
002714,2015-02-09,48.49,49.7,47.6,49.37,885230,43263567.02,3540396.85,11947540.0,0.018148,0.018148,49.640212,49.369987
002714,2015-02-10,49.01,49.8,47.67,48.21,624839,30373150.55,3457211.51,11666820.0,-0.023496,-0.023496,48.473863,48.209987
002714,2015-02-11,48.38,48.49,47.21,47.3,751181,35841306.62,3391954.04,11446600.0,-0.018876,-0.018876,47.558882,47.299987
002714,2015-02-12,47.98,51.49,47.18,49.8,1592780,79364229.67,3571232.8,12051600.0,0.052854,0.052854,50.072565,49.799986
002714,2015-02-13,49.77,50.32,49.3,49.93,1190802,59084616.56,3580555.29,12083060.0,0.00261,0.00261,50.203277,49.929986
002714,2015-02-16,49.89,50.9,49.52,50.68,1154538,58272939.39,3634338.92,12264560.0,0.015021,0.015021,50.957382,50.679986
002714,2015-02-17,50.68,51.1,50.0,50.14,934526,47199451.62,3595614.71,12133880.0,-0.010655,-0.010655,50.414426,50.139986
002714,2015-02-25,50.2,51.99,49.02,51.9,1703514,86557908.56,3721826.95,12559800.0,0.035102,0.035102,52.184059,51.899986
002714,2015-02-26,51.91,54.48,51.91,54.23,2076744,111405169.01,3888914.75,13123660.0,0.044894,0.044894,54.526812,54.229985
002714,2015-02-27,53.8,54.6,53.8,54.02,877786,47636163.9,3873855.34,13072840.0,-0.003872,-0.003872,54.315663,54.019985
002714,2015-03-02,54.02,56.78,53.2,55.96,1466734,81424173.57,4012975.65,13542320.0,0.035913,0.035913,56.266281,55.959984
002714,2015-03-03,55.96,58.19,54.18,56.03,1633425,92527736.9,4017995.46,13559260.0,0.001251,0.001251,56.336664,56.029984
002714,2015-03-04,55.25,58.35,55.25,57.55,1014169,57578012.47,4126996.94,13927100.0,0.027128,0.027128,57.864983,57.549984
002714,2015-03-05,57.5,57.5,55.83,56.22,1145011,64415254.34,4031620.64,13605240.0,-0.02311,-0.02311,56.527704,56.219984
002714,2015-03-06,55.0,57.35,54.71,56.35,507542,28578476.58,4040943.14,13636700.0,0.002312,0.002312,56.658416,56.349984
002714,2015-03-09,55.56,60.38,54.2,59.69,1432983,82825275.5,4280459.55,14444980.0,0.059272,0.059272,60.016697,59.689983
002714,2015-03-10,59.12,60.5,57.9,59.0,541968,31927317.99,4230978.62,14278000.0,-0.01156,-0.01156,59.32292,58.999983
002714,2015-03-11,59.2,59.2,56.67,57.38,397421,22881483.1,4114805.98,13885960.0,-0.027458,-0.027458,57.694053,57.379983
002714,2015-03-12,56.71,60.08,55.27,59.95,750486,43865609.23,4299104.54,14507900.0,0.044789,0.044789,60.278119,59.949982
002714,2015-03-13,59.5,61.8,59.0,59.02,500266,30044636.97,4232412.85,14282840.0,-0.015513,-0.015513,59.343029,59.019982
002714,2015-03-16,59.03,62.0,58.12,60.7,728723,44453032.3,4352888.17,14689400.0,0.028465,0.028465,61.032224,60.699981
002714,2015-03-17,60.78,62.95,59.8,62.48,769422,47486143.92,4480534.64,15120160.0,0.029325,0.029325,62.821966,62.47998
002714,2015-03-18,62.0,63.2,61.45,62.16,385048,23972402.74,4457586.96,15042720.0,-0.005122,-0.005122,62.500215,62.15998
002714,2015-03-19,62.45,62.5,60.49,61.27,416469,25673830.41,4393763.73,14827340.0,-0.014318,-0.014318,61.605344,61.26998
002714,2015-03-20,61.26,64.85,60.61,63.15,947719,59958575.1,4528581.35,15282300.0,0.030684,0.030684,63.495634,63.149979
002714,2015-03-23,63.03,64.23,62.2,63.99,350613,22215092.21,4588819.01,15485580.0,0.013302,0.013302,64.340232,63.989979
002714,2015-03-24,63.9,64.5,61.5,64.4,507455,31998977.56,4618220.73,15584800.0,0.006407,0.006407,64.752476,64.399979
002714,2015-03-25,64.0,70.84,62.0,70.84,1767587,118858293.47,5080042.8,17143280.0,0.1,0.1,71.227724,70.839977
002714,2015-03-26,71.0,76.88,70.79,75.25,1631873,121605273.35,5396290.53,18210500.0,0.062253,0.062253,75.661861,75.249976
002714,2015-03-27,74.5,77.5,73.0,73.82,920599,69655614.66,5293743.08,17864440.0,-0.019003,-0.019003,74.224034,73.819976
002714,2015-03-30,73.31,74.05,70.61,74.05,1437845,104035430.0,5310236.72,17920100.0,0.003116,0.003116,74.455293,74.049976
002714,2015-03-31,74.0,74.99,71.5,73.5,1012961,74481355.62,5270795.4,17787000.0,-0.007427,-0.007427,73.902283,73.499976
002714,2015-04-01,73.5,79.2,71.6,78.92,792584,60614853.5,5659471.74,19098640.0,0.073741,0.073741,79.351948,78.919974
002714,2015-04-02,78.76,79.09,74.0,75.0,1459106,111487262.27,5378362.65,18150000.0,-0.049671,-0.049671,75.410493,74.999975
002714,2015-04-03,75.07,75.6,73.3,73.89,883890,65465208.08,5298762.88,17881380.0,-0.0148,-0.0148,74.294418,73.889975
002714,2015-04-28,81.28,81.28,74.0,77.73,4287198,330063514.56,5574135.05,18810660.0,0.051969,0.051969,78.155435,77.729974
002714,2015-04-29,77.85,77.85,74.0,75.15,1781327,133589855.82,5389119.38,18186300.0,-0.033192,-0.033192,75.561314,75.149975
002714,2015-04-30,75.05,75.05,71.42,73.5,1569312,113845397.56,5270795.4,17787000.0,-0.021956,-0.021956,73.902283,73.499976
002714,2015-05-04,72.9,78.7,70.5,78.15,1420666,107894337.84,5604253.88,18912300.0,0.063265,0.063265,78.577734,78.149974
002714,2015-05-05,78.5,79.48,75.3,78.5,1302725,100159526.45,5629352.91,18997000.0,0.004479,0.004479,78.92965,78.499974
002714,2015-05-06,77.83,79.0,76.65,77.51,878807,68280979.9,5558358.52,18757420.0,-0.012611,-0.012611,77.934231,77.509974
002714,2015-05-07,77.0,77.0,73.84,74.96,902301,67701163.99,5375494.19,18140320.0,-0.032899,-0.032899,75.370274,74.959975
002714,2015-05-08,74.7,75.0,72.85,75.0,1603054,117856988.31,5378362.65,18150000.0,0.000534,0.000534,75.410493,74.999975
002714,2015-05-11,74.74,74.98,72.48,74.98,1612433,118440041.37,5376928.42,18145160.0,-0.000267,-0.000267,75.390384,74.979975
002714,2015-05-12,74.31,75.99,72.55,74.01,1771733,131034518.64,5307368.26,17910420.0,-0.012937,-0.012937,74.415075,74.009975
002714,2015-05-13,72.98,74.31,69.2,73.0,2465741,177717774.42,5234939.65,17666000.0,-0.013647,-0.013647,73.399547,72.999975
002714,2015-05-14,73.3,73.42,70.95,72.61,995510,71964750.71,5206972.16,17571620.0,-0.005342,-0.005342,73.007412,72.609975
002714,2015-05-15,72.88,74.25,71.95,73.6,1089714,79829795.53,5277966.55,17811200.0,0.013634,0.013634,74.002831,73.599975
002714,2015-05-18,73.5,80.96,73.03,79.8,2775732,218272452.11,5722577.86,19311600.0,0.084239,0.084239,80.236765,79.799973
002714,2015-05-19,79.87,81.2,76.2,78.48,1932313,151575809.35,5627918.68,18992160.0,-0.016541,-0.016541,78.90954,78.479973
002714,2015-05-20,78.48,86.0,78.4,85.16,1652023,134759444.38,6106951.51,20608720.0,0.085117,0.085117,85.626101,85.159971
002714,2015-05-21,86.0,91.0,82.0,90.0,2454503,206408502.38,6454035.18,21780000.0,0.056834,0.056834,90.492591,89.999969
002714,2015-05-22,89.4,96.6,88.6,91.42,2854364,266403422.13,6555865.51,22123640.0,0.015778,0.015778,91.920363,91.419969
002714,2015-05-25,89.05,97.68,86.67,97.02,1402883,130326054.89,6957449.92,23478840.0,0.061256,0.061256,97.551013,97.019967
002714,2015-05-26,99.3,105.27,98.3,100.45,1758037,177675369.47,7203420.38,24308900.0,0.035354,0.035354,100.999786,100.449966
002714,2015-05-27,100.56,108.89,96.0,101.5,2138093,214596893.17,7278717.45,24563000.0,0.010453,0.010453,102.055533,101.499966
002714,2015-05-28,101.29,104.97,95.23,95.23,2197587,220446835.69,6829086.34,23045660.0,-0.061773,-0.061773,95.751216,95.229968
002714,2015-05-29,96.0,96.39,86.11,93.02,1565376,146692614.09,6670603.92,22510840.0,-0.023207,-0.023207,93.52912,93.019969
002714,2015-06-01,93.0,99.0,91.92,99.0,1314458,127873266.91,7099438.7,23958000.0,0.064287,0.064287,99.54185,98.999967
002714,2015-06-02,99.09,105.0,98.1,104.61,1425446,144744293.75,7501740.22,25315620.0,0.056667,0.056667,105.182555,104.609965
002714,2015-06-03,107.59,112.98,100.03,105.31,1774765,188278172.62,7542902.68,25485020.0,0.006692,0.006692,105.886386,105.309965
002714,2015-06-04,103.8,105.98,94.78,96.5,2092252,205383571.93,6911880.24,23353000.0,-0.083658,-0.083658,97.028167,96.499968
002714,2015-06-05,96.25,102.5,92.0,100.55,2965384,282647030.14,7201964.34,24333100.0,0.041969,0.041969,101.100334,100.549967
002714,2015-06-08,99.96,101.99,96.0,97.3,1678742,164929416.76,6969180.8,23546600.0,-0.032322,-0.032322,97.832546,97.299968
002714,2015-06-09,97.35,99.64,93.31,96.8,1613925,156052548.54,6933367.95,23425600.0,-0.005139,-0.005139,97.329809,96.799968
002714,2015-06-10,48.37,51.3,46.5,49.22,3638324,180657532.97,7050834.1,23822480.0,0.017572,0.016942,99.040088,98.439953
002714,2015-06-11,48.83,49.39,47.01,48.9,3005571,145156236.43,7004993.66,23667600.0,-0.006501,-0.006501,98.396187,97.799953
002714,2015-06-12,48.3,52.05,48.3,51.44,5905029,299593002.32,7368852.22,24896960.0,0.051943,0.051943,103.507155,102.879951
002714,2015-06-15,51.94,52.18,49.0,49.24,3275370,165228927.11,7053699.13,23832160.0,-0.042768,-0.042768,99.080333,98.479953
002714,2015-06-16,48.33,50.5,44.32,46.19,3309845,159035601.87,6616782.35,22355960.0,-0.061942,-0.061942,92.943147,92.379956
002714,2015-06-17,46.19,47.97,46.18,47.4,2806073,131941405.16,6790116.55,22941600.0,0.026196,0.026196,95.377899,94.799955
002714,2015-06-18,47.45,48.5,45.0,45.16,2576764,120427803.88,6469233.4,21857440.0,-0.047257,-0.047257,90.870589,90.319957
002714,2015-06-19,43.43,47.0,43.04,44.83,3332297,151560908.29,6421960.44,21697720.0,-0.007307,-0.007307,90.206566,89.659957
002714,2015-06-23,45.0,47.99,44.2,47.99,3128325,145787150.97,6874634.88,23227160.0,0.070489,0.070489,96.565093,95.979954
002714,2015-06-24,49.5,51.6,48.5,50.7,4373647,220267445.56,7262846.18,24538800.0,0.05647,0.05647,102.018133,101.399951
002714,2015-06-25,50.68,55.77,49.0,55.4,7073875,384480213.06,7936127.78,26813600.0,0.092702,0.092702,111.475435,110.799946
002714,2015-06-26,53.2,54.97,49.86,49.86,6621332,340673579.11,7142515.0,24132240.0,-0.1,-0.1,100.327892,99.719951
002714,2015-06-29,51.61,54.85,46.96,53.4,11468943,593822053.47,7649624.97,25845600.0,0.070999,0.070999,107.451052,106.799948
002714,2015-06-30,53.4,58.74,52.19,58.74,8127939,455202799.8,8414587.47,28430160.0,0.1,0.1,118.196157,117.479943
002714,2015-07-01,59.8,64.61,52.87,53.91,9986222,601927010.87,7722683.19,26092440.0,-0.082227,-0.082227,108.47727,107.819948
002714,2015-07-02,50.45,52.99,48.52,48.52,5163903,259074002.81,6950558.12,23483680.0,-0.099981,-0.099981,97.631555,97.039953
002714,2015-07-03,43.7,48.0,43.67,43.67,4785565,211574759.46,6255788.81,21136280.0,-0.099959,-0.099959,87.872424,87.339958
002714,2015-07-06,48.04,48.04,39.3,43.9,10881619,492775448.71,6288736.64,21247600.0,0.005267,0.005267,88.335228,87.799958
002714,2015-07-07,42.0,42.92,39.51,39.51,2766222,111884863.16,5659862.97,19122840.0,-0.1,-0.1,79.501705,79.019962
002714,2015-07-08,35.56,40.54,35.56,35.56,14961195,544069263.31,5094019.93,17211040.0,-0.099975,-0.099975,71.553547,71.119966
002714,2015-07-09,32.0,39.12,32.0,39.12,6407277,237839219.73,5603994.92,18934080.0,0.100112,0.100112,78.71695,78.239963
002714,2015-07-10,42.02,43.03,41.05,43.03,600203,25678299.45,6164107.91,20826520.0,0.099949,0.099949,86.584621,86.059959
002714,2015-07-13,47.33,47.33,47.33,47.33,542863,25693705.79,6780088.95,22907720.0,0.09993,0.09993,95.237047,94.659955
002714,2015-07-14,52.0,52.06,48.02,52.06,4242375,218350258.89,7457668.09,25197040.0,0.099937,0.099937,104.754715,104.119951
002714,2015-07-15,52.05,57.0,48.0,49.97,4368214,229900510.03,7158272.66,24185480.0,-0.040146,-0.040146,100.549234,99.939953
002714,2015-07-16,49.97,54.97,47.12,54.97,5156899,273305617.67,7874529.68,26605480.0,0.10006,0.10006,110.610194,109.939948
002714,2015-07-17,57.16,60.47,54.2,60.47,6942380,413911536.99,8662412.4,29267480.0,0.100055,0.100055,121.67725,120.939943
002714,2015-07-20,64.0,66.52,63.0,66.52,5343414,354609727.91,9529083.39,32195680.0,0.10005,0.10005,133.851012,133.039937
002714,2015-07-21,68.0,73.17,66.45,73.17,5455994,386470492.87,10481705.23,35414280.0,0.09997,0.09997,147.232089,146.339931
002714,2015-07-22,76.65,80.0,65.85,71.0,14030927,985948711.09,10170849.68,34364000.0,-0.029657,-0.029657,142.865632,141.999933
002714,2015-07-23,68.0,72.5,66.5,71.88,11147694,768004390.96,10296910.92,34789920.0,0.012394,0.012394,144.636361,143.759932
002714,2015-07-24,70.7,71.49,64.69,64.75,11358983,777129947.0,9275528.41,31339000.0,-0.099193,-0.099193,130.289432,129.499939
002714,2015-07-27,62.5,71.23,62.2,66.0,16672676,1148296465.78,9454592.66,31944000.0,0.019305,0.019305,132.804672,131.999938
002714,2015-07-28,62.0,71.2,61.0,70.55,12281057,815317236.41,10106386.55,34146200.0,0.068939,0.068939,141.960146,141.099934
002714,2015-07-29,70.11,76.53,66.3,74.66,8871982,622536901.8,10695149.82,36135440.0,0.058257,0.058257,150.230255,149.31993
002714,2015-07-30,73.0,79.58,69.0,69.39,8687202,652341475.8,9940214.92,33584760.0,-0.070587,-0.070587,139.626003,138.779935
002714,2015-07-31,66.51,69.0,62.5,64.16,6217745,409224891.1,9191010.08,31053440.0,-0.075371,-0.075371,129.102239,128.31994
002714,2015-08-03,62.2,69.0,58.9,66.88,9361115,595211622.76,9580653.9,32369920.0,0.042394,0.042394,134.575401,133.759937
002714,2015-08-04,66.5,72.1,62.26,71.69,8690395,586644193.65,10269693.15,34697960.0,0.07192,0.07192,144.254045,143.379932
002714,2015-08-05,72.0,72.0,66.18,66.99,7841356,541366463.12,9596411.55,32423160.0,-0.06556,-0.06556,134.796743,133.979936
002714,2015-08-06,63.88,67.49,62.19,63.02,5579069,359780741.25,9027703.48,30501680.0,-0.059263,-0.059263,126.808341,126.03994
002714,2015-08-07,64.66,66.0,63.25,64.85,6191742,398858752.0,9289853.55,31387400.0,0.029038,0.029038,130.490652,129.699938
002714,2015-08-10,66.48,68.49,62.26,67.88,9766193,636405166.39,9723905.3,32853920.0,0.046723,0.046723,136.587594,135.759935
002714,2015-08-11,67.9,69.2,65.0,65.43,8093533,540831621.96,9372939.36,31668120.0,-0.036093,-0.036093,131.657724,130.859937
002714,2015-08-12,62.82,64.1,60.97,61.06,7406203,461902515.55,8746930.73,29553040.0,-0.066789,-0.066789,122.864445,122.119941
002714,2015-08-13,60.72,63.65,59.41,62.8,6006214,372322170.52,8996188.17,30395200.0,0.028497,0.028497,126.365659,125.599939
002714,2015-08-14,62.86,63.4,60.25,61.01,4724898,289965184.58,8739768.16,29528840.0,-0.028503,-0.028503,122.763835,122.019941
002714,2015-08-17,59.74,66.05,57.51,65.6,9505981,598061481.44,9397292.1,31750400.0,0.075234,0.075234,131.999796,131.199937
002714,2015-08-18,65.57,66.0,59.04,60.02,7439056,467448097.63,8597949.27,29049680.0,-0.085061,-0.085061,120.771765,120.039942
002714,2015-08-19,57.8,63.68,57.6,63.05,6880828,424375271.37,9032001.02,30516200.0,0.050483,0.050483,126.868707,126.099939
002714,2015-08-20,63.15,63.58,59.45,59.79,4225606,258970897.35,8565001.45,28938360.0,-0.051705,-0.051705,120.308961,119.579942
002714,2015-08-21,58.8,59.4,53.81,53.81,7687730,432371701.53,7708358.05,26044040.0,-0.100017,-0.100017,108.276053,107.619948
002714,2015-08-24,50.0,52.95,48.43,48.43,5540227,277155596.83,6937665.5,23440120.0,-0.099981,-0.099981,97.45046,96.859953
002714,2015-08-25,45.43,50.5,44.0,44.3,7872031,359705242.01,6346037.2,21441200.0,-0.085278,-0.085278,89.140107,88.599957
002714,2015-08-26,44.6,48.39,44.5,46.5,6417582,297720883.74,6661190.29,22506000.0,0.049661,0.049661,93.566929,92.999955
002714,2015-08-27,47.89,49.98,45.0,49.35,6431863,308720616.87,7069456.79,23885400.0,0.06129,0.06129,99.301676,98.699952
002714,2015-08-28,50.1,52.74,48.3,52.28,4053519,204719774.29,7489183.4,25303520.0,0.059372,0.059372,105.197399,104.559949
002714,2015-08-31,52.2,54.5,49.1,50.8,3120833,161842317.05,7277171.32,24587200.0,-0.028309,-0.028309,102.219355,101.59995
002714,2015-09-01,50.5,50.7,45.72,45.73,3023040,144650122.66,6550886.7,22133320.0,-0.099803,-0.099803,92.017541,91.459955
002714,2015-09-02,43.0,47.6,42.9,44.05,1992064,90037115.71,6310224.35,21320200.0,-0.036737,-0.036737,88.637058,88.099957
002714,2015-09-07,45.0,47.0,39.65,41.15,7836578,326434810.25,5894795.27,19916600.0,-0.065834,-0.065834,82.801701,82.29996
002714,2015-09-08,40.31,44.57,39.92,44.06,4591297,192736859.29,6311656.86,21325040.0,0.070717,0.070717,88.65718,88.119957
002714,2015-09-09,45.3,48.47,44.5,46.5,8033266,373070172.47,6661190.29,22506000.0,0.055379,0.055379,93.566929,92.999955
002714,2015-09-10,45.9,51.15,45.1,50.86,5873891,291596724.75,7285766.41,24616240.0,0.093763,0.093763,102.340086,101.719951
002714,2015-09-11,50.5,50.8,48.62,49.5,4060189,201096537.45,7090944.5,23958000.0,-0.02674,-0.02674,99.603505,98.999952
002714,2015-09-14,49.9,50.02,44.55,44.55,3030562,141683570.44,6381850.05,21562200.0,-0.1,-0.1,89.643155,89.099957
002714,2015-09-15,43.05,46.0,41.61,43.68,3352857,147394935.73,6257221.33,21141120.0,-0.019529,-0.019529,87.892548,87.359958
002714,2015-09-16,44.4,48.01,42.89,47.81,4074801,182582375.71,6848849.63,23140040.0,0.094551,0.094551,96.202901,95.619954
002714,2015-09-17,47.0,49.76,45.5,46.0,3550270,170224385.69,6589564.58,22264000.0,-0.037858,-0.037858,92.560833,91.999956
002714,2015-09-18,46.15,47.0,43.4,44.83,5393239,239320000.2,6421960.44,21697720.0,-0.025435,-0.025435,90.206568,89.659957
002714,2015-09-21,43.82,45.59,42.98,45.2,5732418,251747711.1,6474963.46,21876800.0,0.008253,0.008253,90.951079,90.399957
002714,2015-09-22,45.3,47.46,44.01,45.6,4771326,219572430.28,6532264.02,22070400.0,0.00885,0.00885,91.755956,91.199957
002714,2015-09-23,44.03,45.41,43.81,43.98,3060630,135843814.36,6300196.75,21286320.0,-0.035526,-0.035526,88.496205,87.959959
002714,2015-09-24,44.01,45.23,43.73,44.2,2552600,113410099.19,6331712.06,21392800.0,0.005002,0.005002,88.938887,88.399959
002714,2015-09-25,44.25,45.3,42.45,42.86,2608876,115031273.1,6139755.18,20744240.0,-0.030317,-0.030317,86.24255,85.71996
002714,2015-09-28,42.8,43.5,41.11,43.29,1928393,82234073.04,6201353.28,20952360.0,0.010033,0.010033,87.107793,86.57996
002714,2015-09-29,42.0,45.8,42.0,44.9,6154963,274658271.33,6431988.04,21731600.0,0.037191,0.037191,90.347422,89.799959
002714,2015-09-30,45.01,45.35,43.35,44.5,3148209,140175709.39,6374687.48,21538000.0,-0.008909,-0.008909,89.542545,88.999959
002714,2015-10-08,46.66,48.95,45.5,48.95,3734232,179434291.2,7012156.23,23691800.0,0.1,0.1,98.4968,97.899955
002714,2015-10-09,50.95,52.83,50.01,51.52,5221925,269562618.85,7380312.33,24935680.0,0.052503,0.052503,103.668134,103.039953
002714,2015-10-12,53.0,56.67,52.7,56.67,5751504,319919336.14,8118057.06,27428280.0,0.099961,0.099961,114.030923,113.339948
002714,2015-10-13,55.5,57.68,54.56,55.9,4005974,224607512.78,8007753.48,27055600.0,-0.013587,-0.013587,112.481535,111.799949
002714,2015-10-14,56.19,58.49,53.81,54.0,3454301,192705037.64,7735575.82,26136000.0,-0.033989,-0.033989,108.65837,107.999951
002714,2015-10-15,53.45,56.42,53.18,55.77,3658968,202959778.22,7989130.8,26992680.0,0.032778,0.032778,112.21995,111.539949
002714,2015-10-16,56.5,56.5,53.02,54.97,4923287,268526017.55,7874529.68,26605480.0,-0.014345,-0.014345,110.610196,109.93995
002714,2015-10-19,55.81,58.0,52.27,52.95,9287742,507339106.78,7585161.84,25627800.0,-0.036747,-0.036747,106.545568,105.899952
002714,2015-10-20,53.0,53.72,51.3,53.72,5627262,296153121.62,7695465.42,26000480.0,0.014542,0.014542,108.094956,107.439951
002714,2015-10-21,54.28,54.28,48.35,48.35,7593510,383432601.27,6926205.38,23401400.0,-0.099963,-0.099963,97.289485,96.699956
002714,2015-10-22,47.99,50.0,47.01,49.79,5772460,281593992.59,7132487.41,24098360.0,0.029783,0.029783,100.187042,99.579955
002714,2015-10-23,50.15,52.0,48.58,51.83,7380018,373977928.56,7424720.27,25085720.0,0.040972,0.040972,104.291914,103.659953
002714,2015-10-26,51.84,52.5,49.45,50.13,7907040,400094515.42,7181192.88,24262920.0,-0.0328,-0.0328,100.871188,100.259955
002714,2015-10-27,49.94,52.19,49.2,52.12,6636104,337502069.36,7466263.18,25226080.0,0.039697,0.039697,104.87545,104.239953
002714,2015-10-28,51.99,53.55,50.5,50.58,5657653,291063511.47,7245656.01,24480720.0,-0.029547,-0.029547,101.776674,101.159954
002714,2015-10-29,51.1,51.58,49.7,50.6,3380690,170732165.08,7248521.04,24490400.0,0.000395,0.000395,101.816918,101.199954
002714,2015-10-30,50.12,50.99,49.03,49.95,2857088,143167638.66,7155407.63,24175800.0,-0.012846,-0.012846,100.508993,99.899955
002714,2015-11-02,49.0,52.5,48.01,51.0,6050220,310965874.5,7305821.6,24684000.0,0.021021,0.021021,102.621795,101.999954
002714,2015-11-03,51.0,56.1,51.0,54.58,10147207,551181598.1,7818661.63,26416720.0,0.070196,0.070196,109.825443,109.159951
002714,2015-11-04,54.59,56.9,53.08,55.91,8700954,477201040.98,8009186.0,27060440.0,0.024368,0.024368,112.501658,111.81995
002714,2015-11-05,55.5,56.0,53.5,53.95,6541152,356142357.96,7728413.25,26111800.0,-0.035056,-0.035056,108.557762,107.899952
002714,2015-11-06,54.0,54.94,53.24,54.28,4987661,268832386.35,7775686.21,26271520.0,0.006117,0.006117,109.221785,108.559952
002714,2015-11-09,53.81,54.5,52.51,54.0,8312528,440947057.54,7735575.82,26136000.0,-0.005158,-0.005158,108.658371,107.999952
002714,2015-11-10,53.29,53.97,52.11,52.61,6481844,341276739.13,7536456.36,25463240.0,-0.025741,-0.025741,105.861424,105.219953
002714,2015-11-11,52.72,52.94,51.45,52.86,6370828,330822060.11,7572269.22,25584240.0,0.004752,0.004752,106.364472,105.719953
002714,2015-11-12,52.9,56.48,51.68,55.9,12850319,692878428.33,8007753.48,27055600.0,0.05751,0.05751,112.481536,111.79995
002714,2015-11-13,54.55,55.2,52.68,52.98,8557936,463458974.45,7589459.38,25642320.0,-0.052236,-0.052236,106.605935,105.959953
002714,2015-11-16,51.01,52.45,51.01,52.3,4642849,241310323.17,7492048.43,25313200.0,-0.012835,-0.012835,105.237644,104.599954
002714,2015-11-17,53.0,55.0,51.92,52.0,4881777,259579406.88,7449073.01,25168000.0,-0.005736,-0.005736,104.633986,103.999954
002714,2015-11-18,51.5,53.15,51.01,51.22,3202868,166160401.78,7337336.91,24790480.0,-0.015,-0.015,103.064476,102.439955
002714,2015-11-19,51.21,52.5,51.02,51.91,2588511,133779901.8,7436180.38,25124440.0,0.013471,0.013471,104.452889,103.819954
002714,2015-11-20,52.15,52.3,50.7,51.16,5082668,259996588.44,7328741.83,24761440.0,-0.014448,-0.014448,102.943745,102.319955
002714,2015-11-23,51.16,53.3,50.7,52.67,6779834,354275005.51,7545051.45,25492280.0,0.029515,0.029515,105.982155,105.339954
002714,2015-11-24,53.0,57.94,53.0,57.94,12768182,724013589.21,8299986.35,28042960.0,0.100057,0.100057,116.586407,115.879949
002714,2015-11-25,59.1,63.48,58.1,60.71,13039041,788682988.79,8696792.74,29383640.0,0.047808,0.047808,122.160179,121.419947
002714,2015-11-26,59.8,60.45,57.75,57.89,6577617,386688877.76,8292823.78,28018760.0,-0.04645,-0.04645,116.485797,115.779949
002714,2015-11-27,57.5,57.5,52.1,52.16,6877893,378847597.58,7471993.23,25245440.0,-0.098981,-0.098981,104.955937,104.319954
002714,2015-11-30,52.25,55.5,51.77,54.5,9164555,492562187.71,7807201.52,26378000.0,0.044862,0.044862,109.664466,108.999952
002714,2015-12-01,53.97,54.92,50.01,52.75,6191291,327957798.57,7556511.56,25531000.0,-0.03211,-0.03211,106.14313,105.499954
002714,2015-12-02,52.7,53.37,50.1,51.41,5794833,298018323.95,7364554.68,24882440.0,-0.025403,-0.025403,103.446793,102.819955
002714,2015-12-03,51.45,53.2,51.45,53.15,3651818,190751276.65,7613812.12,25724600.0,0.033846,0.033846,106.948007,106.299953
002714,2015-12-04,52.8,55.0,52.11,53.47,5396898,289036604.48,7659652.57,25879480.0,0.006021,0.006021,107.591908,106.939953
002714,2015-12-07,53.0,53.79,52.45,53.01,3861996,204791806.16,7593756.93,25656840.0,-0.008603,-0.008603,106.6663,106.019953
002714,2015-12-08,53.3,53.38,50.0,50.37,7448391,378662551.18,7215573.22,24379080.0,-0.049802,-0.049802,101.354113,100.739955
002714,2015-12-09,49.99,50.3,48.2,48.65,6210105,305420036.98,6969180.8,23546600.0,-0.034147,-0.034147,97.893143,97.299957
002714,2015-12-10,48.25,49.41,47.95,48.86,4738933,230870549.5,6999263.6,23648240.0,0.004317,0.004317,98.315703,97.719957
002714,2015-12-11,48.85,48.85,45.39,46.78,8292029,386993890.45,6701300.68,22641520.0,-0.042571,-0.042571,94.130344,93.559959
002714,2015-12-14,45.7,46.6,44.91,46.59,7767682,353993627.03,6674082.91,22549560.0,-0.004062,-0.004062,93.748028,93.179959
002714,2015-12-15,46.8,48.06,46.2,46.66,7121193,335288003.09,6684110.51,22583440.0,0.001502,0.001502,93.888881,93.319959
002714,2015-12-16,47.6,49.47,47.32,49.29,10151461,492965491.32,7060861.7,23856360.0,0.056365,0.056365,99.180946,98.579957
002714,2015-12-17,49.3,50.1,48.51,49.75,8992514,444524421.48,7126757.35,24079000.0,0.009333,0.009333,100.106554,99.499957
002714,2015-12-18,50.0,50.0,48.51,48.68,6137366,300535538.01,6973478.35,23561120.0,-0.021508,-0.021508,97.953509,97.359958
002714,2015-12-21,48.7,49.48,48.53,49.05,5505328,269527562.28,7026481.37,23740200.0,0.007601,0.007601,98.69802,98.099958
002714,2015-12-22,49.1,49.48,48.72,49.17,4118046,202198830.44,7043671.53,23798280.0,0.002446,0.002446,98.939483,98.339958
002714,2015-12-23,49.6,50.49,49.02,49.07,5277771,262356635.56,7029346.39,23749880.0,-0.002034,-0.002034,98.738264,98.139958
002714,2015-12-24,48.5,48.5,45.91,47.22,8121257,379172873.77,6764331.3,24406748.21,-0.037701,-0.037701,95.015709,94.43996
002714,2015-12-25,46.92,46.92,45.3,46.55,8486463,391076187.96,6668352.86,24060443.22,-0.014189,-0.014189,93.66754,93.09996
002714,2015-12-28,46.24,47.16,45.9,46.7,7579027,352058573.64,6689840.57,24137974.19,0.003222,0.003222,93.969369,93.39996
002714,2015-12-29,46.21,46.5,45.51,46.3,3995303,184135322.91,6632540.01,23931224.95,-0.008565,-0.008565,93.164492,92.59996
002714,2015-12-30,46.58,46.98,46.08,46.83,3895794,181767288.03,6708463.25,24205167.69,0.011447,0.011447,94.230954,93.65996
002714,2015-12-31,46.91,47.58,46.7,47.07,4801350,226037401.76,6742843.59,24329217.24,0.005125,0.005125,94.71388,94.13996
002714,2016-01-04,47.07,47.27,42.36,42.36,4850390,222650831.9,6068129.47,21894744.9,-0.100064,-0.100064,85.236455,84.719964
002714,2016-01-05,42.99,45.97,42.36,45.35,9223364,410930193.19,6496451.17,23440195.49,0.070585,0.070585,91.252909,90.699961
002714,2016-01-06,46.08,49.49,46.08,47.96,12671556,608678407.52,6870337.34,24789234.31,0.057552,0.057552,96.50473,95.919959
002714,2016-01-07,47.2,47.8,43.2,45.68,2685064,124632867.74,6543724.13,23610763.62,-0.04754,-0.04754,91.916932,91.359961
002714,2016-01-08,48.0,50.25,45.68,50.25,12871487,629682616.41,7198383.05,25972873.73,0.100044,0.100044,101.11265,100.499957
002714,2016-01-11,50.69,55.28,49.52,50.88,19067705,1001764799.19,7288631.44,26298503.79,0.012537,0.012537,102.380331,101.759956
002714,2016-01-12,52.5,53.28,47.82,49.74,12953691,653686192.99,7125324.83,25709268.44,-0.022406,-0.022406,100.086432,99.479957
002714,2016-01-13,49.74,49.89,44.77,45.0,10911438,515790823.61,6446313.18,23259289.91,-0.095296,-0.095296,90.548642,89.999961
002714,2016-01-14,43.0,46.3,42.04,45.6,8299496,368679416.28,6532264.02,23569413.77,0.013333,0.013333,91.755957,91.19996
002714,2016-01-15,45.12,45.53,41.04,42.39,8171206,351994790.25,6072427.02,21910251.09,-0.070395,-0.070395,85.296821,84.779963
002714,2016-01-18,40.8,43.35,40.0,42.92,6232259,262051030.4,6148350.26,22184193.84,0.012503,0.012503,86.363283,85.839963
002714,2016-01-19,42.84,46.06,42.0,45.19,7284802,323766955.19,6473530.95,23357495.8,0.052889,0.052889,90.930959,90.379961
002714,2016-01-20,45.0,45.0,42.56,43.35,6347062,277783448.54,6209948.36,22406449.28,-0.040717,-0.040717,87.228526,86.699963
002714,2016-01-21,42.05,43.02,40.75,41.8,8749809,365848946.15,5987908.69,21605295.96,-0.035755,-0.035755,84.109628,83.599964
002714,2016-01-22,41.75,43.36,41.23,43.11,5476915,231064351.87,6175568.03,22282399.73,0.03134,0.03134,86.7456,86.219963
002714,2016-01-25,44.24,45.48,43.3,44.21,6539976,291181335.33,6333144.57,22850960.15,0.025516,0.025516,88.959011,88.419962
002714,2016-01-26,43.72,45.6,41.7,41.95,6429724,284192331.92,6009396.4,21682826.92,-0.05112,-0.05112,84.411457,83.899964
002714,2016-01-27,42.5,43.94,39.5,43.31,6679133,275131580.63,6204218.31,22385774.35,0.03242,0.03242,87.148038,86.619963
002714,2016-01-28,42.6,43.98,40.5,41.01,4022044,170127405.89,6296059.84,21196966.2,-0.053106,-0.053106,82.519996,82.019965
002714,2016-01-29,41.01,42.1,39.79,41.55,3900369,161029962.66,6378963.33,21476077.68,0.013168,0.013168,83.60658,83.099965
002714,2016-02-01,41.5,42.82,41.0,42.17,3457053,144512822.93,6474148.83,21796539.01,0.014922,0.014922,84.854139,84.339964
002714,2016-02-02,42.8,44.8,42.5,44.38,4730628,204657623.28,6813439.06,22938828.58,0.052407,0.052407,89.301083,88.759962
002714,2016-02-03,43.18,43.95,42.2,43.1,3141733,135035814.27,6616927.07,22277231.0,-0.028842,-0.028842,86.725477,86.199963
002714,2016-02-04,43.18,43.92,43.05,43.5,2880037,125561558.62,6678337.07,22483980.24,0.009281,0.009281,87.530354,86.999963
002714,2016-02-05,43.51,43.86,41.8,42.39,3184417,135577024.36,6507924.33,21910251.09,-0.025517,-0.025517,85.296821,84.779964
002714,2016-02-15,40.5,43.68,40.5,43.26,2678818,113159735.19,6641491.07,22359930.7,0.020524,0.020524,87.047428,86.519963
002714,2016-02-16,43.28,46.09,43.28,44.84,5240195,235854816.47,6884060.55,23176590.21,0.036523,0.036523,90.226691,89.679962
002714,2016-02-17,45.32,46.19,44.61,45.5,3830510,174906016.47,6985387.05,23517726.46,0.014719,0.014719,91.554738,90.999961
002714,2016-02-18,46.2,47.28,45.57,45.96,4554212,210907101.73,7056008.54,23755488.09,0.01011,0.01011,92.480346,91.919961
002714,2016-02-19,45.96,46.9,45.52,46.49,3589406,166595091.64,7137376.79,24029430.84,0.011532,0.011532,93.546808,92.979961
002714,2016-02-22,47.5,48.0,46.72,47.35,3838002,181519870.73,7269408.28,24473941.71,0.018499,0.018499,95.277293,94.69996
002714,2016-02-23,47.04,48.47,47.02,48.27,4972750,237407907.1,7410651.27,24949464.97,0.01943,0.01943,97.12851,96.539959
002714,2016-02-24,48.3,52.49,48.26,51.3,9201679,465772170.51,7875831.99,26515590.49,0.062772,0.062772,103.225452,102.599956
002714,2016-02-25,51.0,53.5,47.55,48.96,12109952,617165498.56,7516583.51,25306107.42,-0.045614,-0.045614,98.516923,97.919958
002714,2016-02-26,49.3,53.45,49.3,52.22,11044618,568493144.96,8017074.98,26991113.75,0.066585,0.066585,105.076669,104.439955
002714,2016-02-29,52.52,56.3,48.45,54.06,12604753,671754869.67,8299560.96,27942160.27,0.035236,0.035236,108.779102,108.119953
002714,2016-03-01,53.5,57.3,52.22,56.34,7686454,429068647.97,8649597.94,29120630.96,0.042175,0.042175,113.3669,112.679951
002714,2016-03-02,55.5,58.75,53.8,55.92,9742765,546079396.43,8585117.44,28903544.26,-0.007455,-0.007455,112.521779,111.839951
002714,2016-03-03,55.44,57.0,53.67,54.45,8314517,457475933.73,8359435.71,28143740.79,-0.026288,-0.026288,109.563857,108.899952
002714,2016-03-04,53.9,57.57,53.9,56.8,11250078,633799108.59,8720219.43,29358392.59,0.043159,0.043159,114.292508,113.59995
002714,2016-03-07,58.01,58.8,55.7,57.74,7689092,439670474.88,8864532.92,29844253.31,0.016549,0.016549,116.183969,115.479949
002714,2016-03-08,57.88,57.88,53.4,54.41,7301922,399618417.28,8353294.71,28123065.86,-0.057672,-0.057672,109.483369,108.819952
002714,2016-03-09,52.99,53.36,50.5,51.29,6266681,323720815.93,7874296.74,26510421.76,-0.057342,-0.057342,103.20533,102.579955
002714,2016-03-10,52.29,53.66,51.6,52.35,6130226,322006222.68,8037033.23,27058307.26,0.020667,0.020667,105.338254,104.699954
002714,2016-03-11,52.09,53.55,51.0,52.51,3146890,166095353.74,8061597.22,27141006.95,0.003056,0.003056,105.660205,105.019954
002714,2016-03-14,52.91,55.49,52.65,55.17,5128266,276609804.53,8469973.7,28515889.42,0.050657,0.050657,111.012636,110.339952
002714,2016-03-15,53.46,54.73,51.35,52.2,8482477,451538727.41,8014004.48,26980776.29,-0.053834,-0.053834,105.036426,104.399955
002714,2016-03-16,52.5,52.86,50.16,51.15,4297165,219628037.99,7852803.24,26438059.53,-0.020115,-0.020115,102.923624,102.299956
002714,2016-03-17,51.25,52.5,50.97,52.37,4055735,210878343.37,8040103.73,27068644.72,0.023851,0.023851,105.378498,104.739955
002714,2016-03-18,52.9,54.29,52.5,54.1,5508577,295761730.5,8305701.96,27962835.2,0.033034,0.033034,108.85959,108.199954
002714,2016-03-21,55.16,58.39,55.16,57.71,7850018,447568488.34,8859927.17,29828747.12,0.066728,0.066728,116.123603,115.419951
002714,2016-03-22,56.72,62.04,56.11,59.42,8394277,505538707.72,9122454.91,30712600.14,0.029631,0.029631,119.564451,118.83995
002714,2016-03-23,60.2,61.5,57.8,59.65,6450896,386869074.47,9157765.65,30831480.95,0.003871,0.003871,120.027255,119.29995
002714,2016-03-24,58.5,62.99,58.45,60.65,7974862,491605341.32,9311290.64,31348354.06,0.016764,0.016764,122.039447,121.299949
002714,2016-04-11,61.5,63.8,57.5,59.98,14965343,895156035.78,9208428.9,31002049.08,-0.011047,-0.011047,120.691278,119.95995
002714,2016-04-12,59.02,59.1,55.21,56.3,10563472,598822845.88,8643456.94,29099956.04,-0.061354,-0.061354,113.286411,112.599953
002714,2016-04-13,56.78,56.98,55.98,56.31,5935548,335431704.06,8644992.19,29105124.77,0.000178,0.000178,113.306533,112.619953
002714,2016-04-14,56.8,56.8,54.11,55.82,9299085,511030306.22,8569764.94,28851856.94,-0.008702,-0.008702,112.320559,111.639953
002714,2016-04-15,55.8,55.99,54.62,55.96,6271862,346554237.18,8591258.44,28924219.18,0.002508,0.002508,112.602266,111.919953
002714,2016-04-18,55.85,57.73,55.38,57.37,8673251,493788353.19,8807728.68,29653010.26,0.025197,0.025197,115.439457,114.739952
002714,2016-04-19,57.85,59.4,57.5,58.55,9745378,570316300.09,8988888.16,30262920.53,0.020568,0.020568,117.813844,117.099951
002714,2016-04-20,60.0,60.18,53.5,53.81,16167069,904147158.0,8261179.71,27812942.0,-0.080956,-0.080956,108.276054,107.619955
002714,2016-04-21,53.5,56.0,52.3,54.26,9041383,491409001.32,8330265.96,28045534.89,0.008363,0.008363,109.18154,108.519955
002714,2016-04-22,53.51,55.12,53.03,54.4,5957017,322754912.91,8351759.46,28117897.13,0.00258,0.00258,109.463247,108.799955
002714,2016-04-25,54.4,55.1,53.38,53.88,5041285,273254635.28,8271926.46,27849123.11,-0.009559,-0.009559,108.416907,107.759955
002714,2016-04-26,53.52,54.5,53.52,54.38,3723336,200768474.09,8348688.96,28107559.67,0.00928,0.00928,109.423003,108.759955
002714,2016-04-27,54.43,55.25,53.99,54.32,3713340,202573927.34,8339477.46,28076547.28,-0.001103,-0.001103,109.302271,108.639955
002714,2016-04-28,54.2,54.5,52.46,53.33,4996859,264815466.63,8187487.72,27564842.9,-0.018225,-0.018225,107.310201,106.659956
002714,2016-04-29,52.87,54.23,52.57,53.56,4664274,248471331.18,8222798.46,27683723.72,0.004313,0.004313,107.773005,107.119956
002714,2016-05-03,53.64,56.95,53.55,56.88,8594609,480018782.97,8732501.43,29399742.44,0.061987,0.061987,114.453483,113.759953
002714,2016-05-04,56.9,57.5,56.15,56.24,7364685,416955491.2,8634245.44,29068943.65,-0.011252,-0.011252,113.16568,112.479954
002714,2016-05-05,56.5,56.85,55.8,56.64,4739435,267424527.6,8695655.43,29275692.89,0.007112,0.007112,113.970557,113.279954
002714,2016-05-06,56.97,57.9,54.65,54.86,6794531,381298546.5,8422380.95,28355658.76,-0.031427,-0.031427,110.388855,109.719955
002714,2016-05-09,54.1,54.37,52.62,53.04,4079051,217405666.51,8142965.47,27414949.7,-0.033175,-0.033175,106.726665,106.079956
002714,2016-05-10,53.2,53.59,52.5,53.15,4109396,217758461.08,8159853.22,27471805.74,0.002074,0.002074,106.948006,106.299956
002714,2016-05-11,53.16,57.85,53.16,56.22,13753408,773281259.34,8631174.94,29058606.19,0.057761,0.057761,113.125436,112.439953
002714,2016-05-12,54.99,56.8,54.54,56.78,6724856,372785678.86,8717148.93,29348055.13,0.009961,0.009961,114.252264,113.559953
002714,2016-05-13,56.98,57.85,56.2,56.89,6775712,386583460.64,8734036.68,29404911.17,0.001937,0.001937,114.473605,113.779953
002714,2016-05-16,56.91,59.3,56.48,58.89,9368872,544194845.18,9041086.66,30438657.39,0.035156,0.035156,118.497989,117.779951
002714,2016-05-17,58.3,58.79,55.83,56.0,9461994,539548497.65,8597399.44,28944894.1,-0.049075,-0.049075,112.682754,111.999953
002714,2016-05-18,55.06,55.15,53.18,54.05,6529073,354321877.95,8298025.71,27936991.54,-0.034821,-0.034821,108.75898,108.099955
002714,2016-05-19,54.2,55.08,53.72,54.41,4245590,231525208.2,8353294.71,28123065.86,0.00666,0.00666,109.483369,108.819955
002714,2016-05-20,53.8,54.82,53.22,54.14,4143690,223340294.57,8311842.96,27983510.12,-0.004962,-0.004962,108.940077,108.279955
002714,2016-05-23,54.18,54.98,53.88,54.98,5415809,294566700.41,8440803.95,28417683.53,0.015515,0.015515,110.630318,109.959954
002714,2016-05-24,54.77,54.95,52.67,53.1,7030464,375589368.74,8152176.97,27445962.09,-0.034194,-0.034194,106.847397,106.199956
002714,2016-05-25,53.43,53.62,52.03,52.34,5701542,300550787.4,8035497.98,27053138.53,-0.014313,-0.014313,105.318131,104.679957
002714,2016-05-26,52.05,52.75,50.16,51.31,5979877,304558107.86,7877367.24,26520759.22,-0.019679,-0.019679,103.245573,102.619958
002714,2016-05-27,51.47,52.23,51.23,51.82,3765893,195640679.46,7955664.98,26784364.51,0.00994,0.00994,104.271791,103.639958
002714,2016-05-30,51.53,51.79,50.11,50.38,3636727,183925045.36,7734589.0,26040067.23,-0.027788,-0.027788,101.374234,100.759959
002714,2016-05-31,50.6,52.19,50.6,52.09,7951190,409628854.96,7997116.73,26923920.25,0.033942,0.033942,104.815082,104.179958
002714,2016-06-01,52.3,53.68,51.82,52.57,7864623,415414434.16,8070808.72,27172019.34,0.009215,0.009215,105.780934,105.139958
002714,2016-06-02,52.6,52.87,51.52,52.18,6428258,334726570.47,8010933.98,26970438.83,-0.007419,-0.007419,104.996179,104.359958
002714,2016-06-03,52.38,53.64,51.58,53.46,9885320,523122063.23,8207445.97,27632036.41,0.02453,0.02453,107.571785,106.919957
002714,2016-06-06,53.75,53.95,52.5,53.07,5726746,304190435.46,8147571.22,27430455.89,-0.007295,-0.007295,106.78703,106.139957
002714,2016-06-07,53.09,53.26,51.8,52.19,7823563,408066482.23,8012469.23,26975607.56,-0.016582,-0.016582,105.016301,104.379958
002714,2016-06-08,52.2,52.5,51.65,52.18,4989694,259670448.9,8010933.98,26970438.83,-0.000192,-0.000192,104.996179,104.359958
002714,2016-06-13,51.4,51.85,50.59,50.59,4629528,236919064.88,7766829.24,26148610.58,-0.030471,-0.030471,101.796794,101.179959
002714,2016-06-14,50.5,50.79,50.02,50.41,3985077,200554623.15,7739194.75,26055573.42,-0.003558,-0.003558,101.434599,100.819959
002714,2016-06-15,49.75,51.69,49.71,51.28,5244425,267255550.29,7872761.49,26505253.03,0.017258,0.017258,103.185206,102.559958
002714,2016-06-16,51.68,52.69,51.01,51.21,7458137,387431221.71,7862014.74,26469071.91,-0.001365,-0.001365,103.044353,102.419958
002714,2016-06-17,51.26,52.0,50.78,51.35,4867362,249865181.32,7883508.24,26541434.15,0.002734,0.002734,103.32606,102.699958
002714,2016-06-20,51.64,51.84,50.6,51.15,3981840,203192652.48,7852803.24,26438059.53,-0.003895,-0.003895,102.923622,102.299958
002714,2016-06-21,51.25,51.4,50.01,50.21,6241174,316582916.54,7708489.75,25952198.8,-0.018377,-0.018377,101.032161,100.419959
002714,2016-06-22,50.1,50.3,49.6,50.3,5020239,250860868.54,7722307.0,25998717.38,0.001792,0.001792,101.213258,100.599959
002714,2016-06-23,50.57,50.57,48.69,49.23,7019395,346835300.65,7558035.26,25445663.16,-0.021272,-0.021272,99.060213,98.45996
002714,2016-06-24,49.31,49.34,46.02,48.5,7816505,376206478.62,7445962.02,25068345.79,-0.014828,-0.014828,97.591313,96.999961
002714,2016-06-27,48.3,49.34,47.91,49.14,4148977,202780136.52,7544218.01,25399144.58,0.013196,0.013196,98.879116,98.27996
002714,2016-06-28,48.89,50.38,48.55,50.27,6663858,329722615.15,7717701.25,25983211.19,0.022996,0.022996,101.152893,100.539959
002714,2016-06-29,50.28,50.39,49.81,49.94,4817409,240876616.33,7667038.0,25812643.06,-0.006565,-0.006565,100.48887,99.879959
002714,2016-06-30,50.0,51.21,49.85,50.53,6052997,306519737.37,7757617.74,26117598.2,0.011814,0.011814,101.676063,101.059959
002714,2016-07-01,51.82,52.42,51.3,51.5,9800921,508555235.37,7906537.91,26618965.11,0.019197,0.019197,103.627889,102.999958
002714,2016-07-04,52.0,52.88,51.55,52.5,8813152,461873515.58,8060062.92,27135838.22,0.019417,0.019417,105.640081,104.999957
002714,2016-07-05,52.67,53.29,51.8,52.48,7193956,377144929.14,8056992.42,27125500.76,-0.000381,-0.000381,105.599837,104.959957
002714,2016-07-06,52.45,52.8,51.56,52.6,7637237,397837965.34,8075415.42,27187525.53,0.002287,0.002287,105.8413,105.199957
002714,2016-07-07,52.81,55.2,52.8,54.1,15385750,839933724.62,8305702.93,27962835.2,0.028517,0.028517,108.859588,108.199956
002714,2016-07-08,26.53,27.12,25.9,26.18,14823777,390700915.33,8038569.42,27063475.99,-0.025638,-0.032163,106.068646,104.719921
002714,2016-07-11,25.8,26.37,25.52,25.7,16714055,431716222.73,7891185.41,26567277.8,-0.018335,-0.018335,104.123919,102.799922
002714,2016-07-12,25.72,26.2,25.44,26.08,15658005,406340886.53,8007864.42,26960101.37,0.014786,0.014786,105.663494,104.319921
002714,2016-07-13,26.35,27.1,26.15,26.64,18727841,499589746.23,8179812.43,27538999.25,0.021472,0.021472,107.932342,106.559919
002714,2016-07-14,26.59,26.95,26.26,26.66,11507847,306056430.02,8185953.43,27559674.17,0.000751,0.000751,108.013372,106.639919
002714,2016-07-15,26.9,27.4,26.72,26.99,15200790,410405757.85,8287279.93,27900810.42,0.012378,0.012378,109.350372,107.959918
002714,2016-07-18,27.5,28.6,27.5,28.11,25268394,708111566.4,8631175.95,29058606.19,0.041497,0.041497,113.888068,112.439915
002714,2016-07-19,28.08,28.08,27.31,28.03,16084553,444915906.53,8606611.95,28975906.49,-0.002846,-0.002846,113.563947,112.119915
002714,2016-07-20,28.0,28.35,27.55,28.13,18248382,510901766.8,8637316.95,29079281.11,0.003568,0.003568,113.969098,112.519915
002714,2016-07-21,28.79,29.39,28.15,28.17,42925793,1232207052.44,8649598.95,29120630.96,0.001422,0.001422,114.131159,112.679915
002714,2016-07-22,28.1,28.1,26.91,27.06,25909072,708694105.37,8308773.43,27973172.66,-0.039404,-0.039404,109.633978,108.239918
002714,2016-07-25,27.0,27.59,26.8,27.26,14744174,401200718.18,8370183.44,28179921.9,0.007391,0.007391,110.444281,109.039917
002714,2016-07-26,27.38,27.49,27.17,27.34,11724460,319896853.66,8394747.44,28262621.6,0.002935,0.002935,110.768402,109.359917
002714,2016-07-27,27.37,27.45,25.61,26.04,21931277,583084330.46,7995582.42,26918751.52,-0.047549,-0.047549,105.501433,104.159921
002714,2016-07-28,26.0,26.27,25.71,26.19,13919955,362111813.5,8041639.92,27073813.45,0.00576,0.00576,106.10916,104.759921
002714,2016-07-29,26.45,27.07,26.07,26.97,18618375,495039551.93,8281138.93,27880135.5,0.029782,0.029782,109.269341,107.879919
002714,2016-08-01,26.85,26.85,26.08,26.35,12637874,333158705.14,8090767.92,27239212.84,-0.022989,-0.022989,106.757402,105.399921
002714,2016-08-02,26.38,26.58,26.2,26.43,7309139,192811773.4,8115331.92,27321912.54,0.003036,0.003036,107.081523,105.719921
002714,2016-08-03,26.3,26.35,25.68,26.02,12353997,321433752.69,7989441.42,26898076.59,-0.015513,-0.015513,105.420402,104.079922
002714,2016-08-04,26.03,26.19,25.93,26.02,7655148,199209501.07,7989441.42,26898076.59,0.0,0.0,105.420402,104.079922
002714,2016-08-05,26.15,26.75,25.96,26.65,15827441,419048975.12,8182882.93,27549336.71,0.024212,0.024212,107.972856,106.59992
002714,2016-08-08,26.75,27.1,26.52,26.9,14296506,384062612.82,8259645.43,27807773.26,0.009381,0.009381,108.985735,107.599919
002714,2016-08-09,26.81,26.98,26.59,26.82,10866332,290768966.93,8235081.43,27725073.57,-0.002974,-0.002974,108.661614,107.279919
002714,2016-08-10,26.83,27.05,26.61,26.64,10856923,291234574.79,8179812.43,27538999.25,-0.006711,-0.006711,107.932341,106.55992
002714,2016-08-11,26.66,26.66,26.06,26.1,9138048,240041884.69,8014005.42,26980776.29,-0.02027,-0.02027,105.744523,104.399922
002714,2016-08-12,26.15,26.38,25.97,26.21,8239890,215711190.08,8047780.92,27094488.37,0.004215,0.004215,106.19019,104.839922
002714,2016-08-15,26.23,26.87,26.05,26.59,14917707,394677908.6,8164459.93,27487311.94,0.014498,0.014498,107.729765,106.359921
002714,2016-08-16,26.61,27.1,26.45,27.01,18348861,491178039.06,8293420.93,27921485.35,0.015795,0.015795,109.431401,108.03992
002714,2016-08-17,27.08,27.48,26.77,27.3,17282445,470084392.98,8382465.44,28221271.75,0.010737,0.010737,110.60634,109.199919
002714,2016-08-18,27.19,27.24,26.9,27.05,11251964,303995712.3,8305702.93,27962835.2,-0.009158,-0.009158,109.593461,108.19992
002714,2016-08-19,27.17,27.2,26.77,26.87,9018435,242272286.94,8250433.93,27776760.88,-0.006654,-0.006654,108.864188,107.479921
002714,2016-08-22,26.89,27.02,26.42,26.42,8755055,233037823.42,8112261.42,27311575.08,-0.016747,-0.016747,107.041007,105.679922
002714,2016-08-23,26.3,26.54,26.23,26.31,6378643,168214846.88,8078485.92,27197863.0,-0.004164,-0.004164,106.59534,105.239922
002714,2016-08-24,26.38,26.57,26.22,26.37,6158644,162438180.52,8096908.92,27259887.77,0.002281,0.002281,106.838431,105.479922
002714,2016-08-25,26.38,26.39,26.02,26.26,6842477,179011288.72,8063133.42,27146175.68,-0.004171,-0.004171,106.392764,105.039922
002714,2016-08-26,26.45,26.45,26.2,26.32,5572027,146813951.39,8081556.42,27208200.46,0.002285,0.002285,106.635855,105.279922
002714,2016-08-29,26.35,26.76,26.2,26.75,9688901,257513179.89,8213587.93,27652711.33,0.016337,0.016337,108.378006,106.999921
002714,2016-08-30,26.75,26.96,26.71,26.76,9523417,255554001.46,8216658.43,27663048.79,0.000374,0.000374,108.418521,107.039921
002714,2016-08-31,26.83,26.83,26.41,26.48,6461041,171244997.13,8130684.42,27373599.85,-0.010463,-0.010463,107.284097,105.919922
002714,2016-09-01,26.5,26.65,26.23,26.25,4968792,131185462.15,8060062.92,27135838.22,-0.008686,-0.008686,106.352249,104.999923
002714,2016-09-02,26.23,26.38,26.05,26.12,4942642,129343859.28,8020146.42,27001451.21,-0.004952,-0.004952,105.825552,104.479923
002714,2016-09-05,26.23,26.34,26.09,26.11,3990147,104426354.85,8017075.92,26991113.75,-0.000383,-0.000383,105.785037,104.439923
002714,2016-09-06,26.11,26.27,25.8,26.23,6288672,163890435.17,8053921.92,27115163.3,0.004596,0.004596,106.271219,104.919923
002714,2016-09-07,26.25,26.3,26.06,26.1,6222058,162696600.14,8014005.42,26980776.29,-0.004956,-0.004956,105.744522,104.399923
002714,2016-09-08,26.1,26.12,25.88,26.08,6840601,177625278.35,8007864.42,26960101.37,-0.000766,-0.000766,105.663492,104.319923
002714,2016-09-09,26.01,26.04,25.86,25.89,4801924,124396414.13,7949524.91,26763689.58,-0.007285,-0.007285,104.893704,103.559924
002714,2016-09-12,25.5,25.52,24.8,24.96,10836597,272035430.1,7663968.4,25802305.6,-0.035921,-0.035921,101.125796,99.839927
002714,2016-09-13,25.0,25.1,24.77,24.86,4630739,115163876.5,7633263.4,25698930.98,-0.004006,-0.004006,100.720645,99.439927
002714,2016-09-14,24.79,24.89,24.58,24.62,3869906,95542352.95,7559571.39,25450831.89,-0.009654,-0.009654,99.748282,98.479928
002714,2016-09-19,24.69,25.43,24.68,25.37,6787819,170141411.66,7789858.91,26226141.55,0.030463,0.030463,102.786918,101.479926
002714,2016-09-20,25.44,25.45,24.97,25.0,4467383,112048970.96,7676250.4,25843655.45,-0.014584,-0.014584,101.287858,99.999927
002714,2016-09-21,25.0,25.18,24.9,24.95,3066521,76690047.7,7660897.9,25791968.14,-0.002,-0.002,101.085282,99.799927
002714,2016-09-22,25.06,25.18,24.96,25.03,4540452,113812847.75,7685461.9,25874667.84,0.003206,0.003206,101.409403,100.119927
002714,2016-09-23,25.09,25.09,24.71,24.76,4239565,105288921.91,7602558.4,25595556.36,-0.010787,-0.010787,100.315494,99.039928
002714,2016-09-26,24.77,24.77,24.05,24.05,5789185,140868270.56,7384552.88,24861596.54,-0.028675,-0.028675,97.438919,96.19993
002714,2016-09-27,24.02,24.21,23.96,24.14,3249591,78255297.88,7412187.39,24954633.7,0.003742,0.003742,97.803555,96.55993
002714,2016-09-28,24.11,24.48,24.11,24.27,4534075,110051567.27,7452103.89,25089020.71,0.005385,0.005385,98.330252,97.07993
002714,2016-09-29,24.29,24.35,24.17,24.26,3120806,75770400.17,7449033.39,25078683.25,-0.000412,-0.000412,98.289737,97.03993
002714,2016-09-30,24.28,24.48,24.15,24.43,3530278,85860401.33,7501231.89,25254420.11,0.007007,0.007007,98.978494,97.71993
002714,2016-10-10,24.61,25.25,24.51,25.25,7298737,181821404.09,7753012.9,26102092.0,0.033565,0.033565,102.300736,100.999928
002714,2016-10-11,25.15,25.46,25.0,25.35,6789660,171724893.75,7783717.91,26205466.63,0.00396,0.00396,102.705887,101.399928
002714,2016-10-12,25.3,25.3,24.84,25.0,8345255,208501856.4,7676250.4,25843655.45,-0.013807,-0.013807,101.287857,99.999929
002714,2016-10-13,24.95,24.98,24.7,24.95,6590322,163349907.13,7660897.9,25791968.14,-0.002,-0.002,101.085281,99.799929
002714,2016-10-14,24.89,25.08,24.73,25.02,6030151,150034311.54,7682391.4,25864330.37,0.002806,0.002806,101.368887,100.079929
002714,2016-10-17,25.0,25.14,24.77,24.82,5759670,143269154.36,7620981.4,25657581.13,-0.007994,-0.007994,100.558584,99.27993
002714,2016-10-18,24.82,25.35,24.82,25.32,8950899,224865251.97,7774506.41,26174454.24,0.020145,0.020145,102.584341,101.279929
002714,2016-10-19,25.48,25.55,25.24,25.52,7875903,199829007.79,7835916.41,26381203.48,0.007899,0.007899,103.394644,102.079928
002714,2016-10-20,25.5,25.5,25.16,25.22,9125920,230488621.74,7743801.4,26071079.62,-0.011755,-0.011755,102.17919,100.879929
002714,2016-10-21,25.26,25.42,24.88,25.01,7627040,191272576.62,7679320.9,25853992.91,-0.008327,-0.008327,101.328372,100.03993
002714,2016-10-24,25.05,25.28,25.01,25.17,6527458,164293323.67,7728448.9,26019392.31,0.006397,0.006397,101.976614,100.67993
002714,2016-10-25,25.21,25.24,25.07,25.12,5448159,136911426.17,7713096.4,25967705.0,-0.001986,-0.001986,101.774038,100.47993
002714,2016-10-26,25.12,25.35,24.94,25.16,8102309,203852236.2,7725378.4,26009054.84,0.001592,0.001592,101.936099,100.63993
002714,2016-10-27,25.15,25.15,24.86,24.96,5467726,136352678.64,7663968.4,25802305.6,-0.007949,-0.007949,101.125796,99.839931
002714,2016-10-28,24.99,25.08,24.81,24.81,4728307,117730492.09,7617910.9,25647243.67,-0.00601,-0.00601,100.518069,99.239931
002714,2016-10-31,24.84,24.86,24.51,24.7,4970381,122449368.86,7584135.4,25533531.58,-0.004434,-0.004434,100.072402,98.799931
002714,2016-11-01,24.65,24.93,24.65,24.86,4978361,123496810.84,7633263.4,25698930.98,0.006478,0.006478,100.720644,99.439931
002714,2016-11-02,24.78,25.16,24.72,24.92,7586477,189937770.51,7651686.4,25760955.75,0.002414,0.002414,100.963735,99.679931
002714,2016-11-03,24.81,25.16,24.81,24.98,8074072,202023480.32,7670109.4,25822980.53,0.002408,0.002408,101.206826,99.919931
002714,2016-11-04,25.03,25.11,24.76,24.91,5890196,146572175.08,7648615.9,25750618.29,-0.002802,-0.002802,100.92322,99.639931
002714,2016-11-07,24.93,25.05,24.8,24.86,4860441,121087537.98,7633263.4,25698930.98,-0.002007,-0.002007,100.720644,99.439931
002714,2016-11-08,24.88,24.95,24.66,24.73,7983819,197807093.0,7593346.9,25564543.97,-0.005229,-0.005229,100.193947,98.919931
002714,2016-11-09,24.67,24.87,24.2,24.35,7951510,195139803.18,7476667.89,25171720.41,-0.015366,-0.015366,98.654372,97.399932
002714,2016-11-10,24.48,24.64,24.46,24.52,5331802,130789010.09,7528866.39,25347457.27,0.006982,0.006982,99.343129,98.079932
002714,2016-11-11,24.51,24.95,24.43,24.88,10206392,252488782.9,7639404.4,25719605.9,0.014682,0.014682,100.801674,99.519931
002714,2016-11-14,25.0,25.44,24.87,25.29,14709361,371680353.23,7765294.9,26143441.85,0.016479,0.016479,102.462795,101.15993
002714,2016-11-15,25.19,25.42,25.1,25.21,6901261,174267718.29,7740730.9,26060742.16,-0.003163,-0.003163,102.138674,100.83993
002714,2016-11-16,25.32,25.32,25.1,25.2,5970010,150270548.19,7737660.4,26050404.69,-0.000397,-0.000397,102.098159,100.79993
002714,2016-11-17,25.21,25.24,24.96,25.04,3954824,99071148.35,7688532.4,25885005.3,-0.006349,-0.006349,101.449917,100.15993
002714,2016-11-18,25.0,25.14,24.88,24.9,6069693,151693236.7,7645545.4,25740280.83,-0.005591,-0.005591,100.882705,99.59993
002714,2016-11-21,24.99,25.13,24.89,24.92,4943453,123564841.43,7651686.4,25760955.75,0.000803,0.000803,100.963735,99.67993
002714,2016-11-22,24.92,25.06,24.74,24.93,5533186,137494930.41,7654756.9,25771293.21,0.000401,0.000401,101.00425,99.71993
002714,2016-11-23,24.95,25.02,24.79,24.87,4594409,114319276.11,7636333.9,25709268.44,-0.002407,-0.002407,100.761159,99.47993
002714,2016-11-24,24.93,25.38,24.87,25.19,11143997,279918629.44,7734589.9,26040067.23,0.012867,0.012867,102.057644,100.759929
002714,2016-11-25,25.19,25.19,24.55,24.9,8228079,204345238.16,7645545.4,25740280.83,-0.011513,-0.011513,100.882705,99.59993
002714,2016-11-28,24.99,25.45,24.77,25.18,11875109,298738720.6,7731519.4,26029729.77,0.011245,0.011245,102.017129,100.719929
002714,2016-11-29,25.11,25.38,25.06,25.27,11199493,282893277.09,7759153.9,26122766.93,0.003574,0.003574,102.381765,101.079929
002714,2016-11-30,25.23,25.32,25.0,25.05,8277931,208026660.26,7691602.9,25895342.76,-0.008706,-0.008706,101.490432,100.19993
002714,2016-12-01,25.15,25.25,25.0,25.12,6284273,157824241.01,7713096.4,25967705.0,0.002794,0.002794,101.774038,100.47993
002714,2016-12-02,25.14,25.14,24.68,24.71,8131472,201746327.83,7587205.9,25543869.05,-0.016322,-0.016322,100.112917,98.839931
002714,2016-12-05,24.59,24.98,24.5,24.75,5316990,131984785.88,7599487.9,25585218.9,0.001619,0.001619,100.274978,98.999931
002714,2016-12-06,24.77,24.92,24.77,24.83,3287499,81699639.5,7624051.9,25667918.59,0.003232,0.003232,100.599099,99.319931
002714,2016-12-07,24.88,25.09,24.79,25.07,5390747,134838340.02,7697743.9,25916017.69,0.009666,0.009666,101.571462,100.27993
002714,2016-12-08,25.14,25.25,25.02,25.18,8126497,204517700.03,7731519.4,26029729.77,0.004388,0.004388,102.017129,100.71993
002714,2016-12-09,25.2,25.24,25.0,25.11,7455970,187213668.98,7710025.9,25957367.53,-0.00278,-0.00278,101.733523,100.43993
002714,2016-12-12,25.1,25.14,24.59,24.62,8873876,219964252.66,7559571.39,25450831.89,-0.019514,-0.019514,99.748281,98.479931
002714,2016-12-13,24.72,24.93,24.4,24.87,4960988,122658374.4,7636333.9,25709268.44,0.010154,0.010154,100.76116,99.47993
002714,2016-12-14,24.9,24.93,24.44,24.46,5192556,127880486.56,7510443.39,25285432.49,-0.016486,-0.016486,99.100039,97.839931
002714,2016-12-15,24.29,24.69,24.25,24.45,3778500,92552587.21,7507372.89,25275095.03,-0.000409,-0.000409,99.059524,97.799931
002714,2016-12-16,24.47,24.76,24.46,24.63,3434842,84513666.21,7562641.89,25461169.35,0.007362,0.007362,99.788797,98.51993
002714,2016-12-19,24.59,24.73,24.49,24.5,4169238,102538225.15,7522725.39,25326782.34,-0.005278,-0.005278,99.2621,97.99993
002714,2016-12-20,24.5,24.6,23.81,23.9,8958668,215366534.24,7338495.38,24706534.61,-0.02449,-0.02449,96.831191,95.599932
002714,2016-12-21,23.93,24.54,23.93,24.14,8402908,203658912.75,7412187.39,24954633.7,0.010042,0.010042,97.803554,96.559931
002714,2016-12-22,24.14,24.2,23.87,24.05,5672065,136036995.85,7384552.88,24861596.54,-0.003728,-0.003728,97.438918,96.199931
002714,2016-12-23,24.0,24.07,23.84,23.85,3276957,78348712.44,7323142.88,24654847.3,-0.008316,-0.008316,96.628615,95.399932
002714,2016-12-26,23.8,23.85,23.4,23.63,5017105,118039512.92,7255591.88,24427423.13,-0.009224,-0.009224,95.737282,94.519933
002714,2016-12-27,23.62,23.78,23.25,23.29,6517095,152887420.06,7151194.87,24075949.42,-0.014388,-0.014388,94.359767,93.159934
002714,2016-12-28,23.27,23.28,22.77,22.78,8649609,198120250.1,6994599.36,23548738.85,-0.021898,-0.021898,92.293495,91.119935
002714,2016-12-29,22.78,23.19,22.6,23.11,5561267,127771733.51,7095925.87,23889875.1,0.014486,0.014486,93.630495,92.439934
002714,2016-12-30,22.92,23.39,22.91,23.28,4647767,108102223.79,7148124.37,24065611.96,0.007356,0.007356,94.319252,93.119934
002714,2017-01-03,23.15,23.76,23.15,23.32,8499602,200119707.89,7160406.37,24106961.8,0.001718,0.001718,94.481313,93.279934
002714,2017-01-04,23.4,23.75,23.34,23.7,6294416,148724941.62,7277085.38,24499785.37,0.016295,0.016295,96.020888,94.799933
002714,2017-01-05,23.76,23.84,23.6,23.61,4706547,111638692.64,7249450.88,24406748.21,-0.003797,-0.003797,95.656252,94.439933
002714,2017-01-06,23.61,23.85,23.47,23.67,4913805,116121579.95,7267873.88,24468772.98,0.002541,0.002541,95.899343,94.679933
002714,2017-01-09,23.67,23.75,23.31,23.45,2955173,69496686.85,7200322.88,24241348.81,-0.009294,-0.009294,95.00801,93.799934
002714,2017-01-10,23.56,23.85,23.5,23.83,5390298,127987948.5,7317001.88,24634172.37,0.016205,0.016205,96.547585,95.319933
002714,2017-01-11,23.78,23.89,23.48,23.51,4552849,107668217.42,7218745.88,24303373.59,-0.013428,-0.013428,95.2511,94.039934
002714,2017-01-12,23.53,23.6,23.3,23.32,3848000,90334135.72,7160406.37,24106961.8,-0.008082,-0.008082,94.481312,93.279935
002714,2017-01-13,23.55,23.64,23.08,23.14,3950039,92218100.91,7105137.37,23920887.48,-0.007719,-0.007719,93.752039,92.559936
002714,2017-01-16,23.11,23.26,22.52,22.9,6020596,138773364.52,7031445.37,23672788.39,-0.010372,-0.010372,92.779676,91.599937
002714,2017-01-17,22.91,23.15,22.71,23.0,3376160,77362848.08,7062150.37,23776163.01,0.004367,0.004367,93.184827,91.999937
002714,2017-01-18,23.0,23.58,22.94,23.35,5545722,129468033.73,7169617.87,24137974.19,0.015217,0.015217,94.602857,93.399936
002714,2017-01-19,23.36,23.68,23.3,23.58,4245895,100099446.49,7240239.38,24375735.82,0.00985,0.00985,95.534705,94.319935
002714,2017-01-20,23.62,23.92,23.62,23.85,4487101,106864427.29,7323142.88,24654847.3,0.01145,0.01145,96.628614,95.399934
002714,2017-01-23,23.84,23.99,23.63,23.75,4465586,106130487.15,7292437.88,24551472.68,-0.004193,-0.004193,96.223463,94.999934
002714,2017-01-24,23.8,24.31,23.71,24.18,8457797,203056446.74,7424469.39,24995983.55,0.018105,0.018105,97.965614,96.719933
002714,2017-01-25,24.06,24.26,23.96,24.13,3268913,78881119.06,7409116.89,24944296.24,-0.002068,-0.002068,97.763038,96.519933
002714,2017-01-26,24.19,24.28,23.96,23.96,3686088,88866468.97,7356918.38,24768559.38,-0.007045,-0.007045,97.074281,95.839933
002714,2017-02-03,23.9,23.9,23.55,23.6,3524272,83375470.13,7246380.38,24396410.74,-0.015025,-0.015025,95.615736,94.399934
002714,2017-02-06,23.6,24.2,23.55,23.78,4947381,118185624.4,14322042.29,24582485.06,0.007627,0.007627,96.345009,95.119933
002714,2017-02-07,23.85,24.0,23.7,23.97,4281670,102218484.51,14436474.08,24778896.85,0.00799,0.00799,97.114797,95.879932
002714,2017-02-08,23.95,23.95,23.68,23.8,4506111,107100958.13,14334087.74,24603159.99,-0.007092,-0.007092,96.42604,95.199932
002714,2017-02-09,23.8,23.93,23.73,23.86,4079193,97227482.55,14370224.09,24665184.76,0.002521,0.002521,96.669131,95.439932
002714,2017-02-10,23.86,24.2,23.83,24.08,6066351,145994601.9,14502724.06,24892608.93,0.00922,0.00922,97.560464,96.319931
002714,2017-02-13,24.08,24.45,23.96,24.45,7277545,176647514.55,14725564.92,25275095.03,0.015365,0.015365,99.059524,97.79993
002714,2017-02-14,24.45,24.45,24.2,24.2,4572610,111065717.72,14574996.77,25016658.48,-0.010225,-0.010225,98.046645,96.799931
002714,2017-02-15,24.28,24.39,24.01,24.06,5038889,122065586.9,14490678.61,24871934.01,-0.005785,-0.005785,97.479433,96.239931
002714,2017-02-16,24.01,24.29,24.01,24.24,3234967,78253832.01,14599087.68,25058008.32,0.007481,0.007481,98.208706,96.95993
002714,2017-02-17,24.27,24.36,24.12,24.27,3512147,85212819.14,14617155.86,25089020.71,0.001238,0.001238,98.330251,97.07993
002714,2017-02-20,24.31,25.37,24.31,25.24,13780705,345454815.65,15201360.27,26091754.54,0.039967,0.039967,102.26022,100.959927
002714,2017-02-21,25.22,26.5,25.11,26.35,19767988,517896127.42,15869882.85,27239212.84,0.043978,0.043978,106.757401,105.399924
002714,2017-02-22,26.45,26.49,25.88,26.33,11595196,303958088.45,15857837.4,27218537.92,-0.000759,-0.000759,106.676371,105.319924
002714,2017-02-23,26.18,26.3,25.87,26.19,8391805,218862654.28,15773519.24,27073813.45,-0.005317,-0.005317,106.109159,104.759924
002714,2017-02-24,26.2,26.88,26.03,26.38,14743550,391481663.17,15887951.03,27270225.23,0.007255,0.007255,106.878947,105.519923
002714,2017-02-27,26.38,26.58,25.78,25.81,9301054,243203233.28,15544655.65,26680989.89,-0.021607,-0.021607,104.569584,103.239925
002714,2017-02-28,26.02,26.3,25.7,26.08,5675141,147374860.47,15707269.25,26960101.37,0.010461,0.010461,105.663493,104.319924
002714,2017-03-01,26.08,26.11,25.86,25.95,4425161,115101803.31,15628973.81,26825714.36,-0.004985,-0.004985,105.136796,103.799924
002714,2017-03-02,25.98,26.2,25.8,26.01,4039534,105071718.42,15665110.17,26887739.13,0.002312,0.002312,105.379887,104.039924
002714,2017-03-03,25.99,25.99,25.54,25.77,5837980,150324124.85,15520564.75,26639640.04,-0.009227,-0.009227,104.407524,103.079925
002714,2017-03-06,25.71,26.16,25.71,26.09,6081478,158389191.1,15713291.98,26970438.83,0.012418,0.012418,105.704009,104.359924
002714,2017-03-07,26.26,26.96,26.26,26.53,10272556,273206533.19,15978291.92,27425287.16,0.016865,0.016865,107.486675,106.119923
002714,2017-03-08,26.41,26.63,25.98,26.1,7068269,185145662.07,15719314.7,26980776.29,-0.016208,-0.016208,105.744524,104.399924
002714,2017-03-09,25.95,26.3,25.91,26.21,5655812,147617853.91,15785564.69,27094488.37,0.004215,0.004215,106.190191,104.839924
002714,2017-03-10,26.21,26.72,26.08,26.52,7687492,203788552.7,15972269.19,27414949.7,0.011828,0.011828,107.44616,106.079923
002714,2017-03-13,26.48,26.8,26.17,26.6,8584599,228168679.15,16020451.0,27497649.4,0.003017,0.003017,107.770281,106.399923
002714,2017-03-14,26.55,26.63,26.24,26.41,6720032,177732714.07,15906019.21,27301237.62,-0.007143,-0.007143,107.000493,105.639924
002714,2017-03-15,26.38,26.75,26.22,26.71,8240051,219315630.58,16086700.99,27611361.48,0.011359,0.011359,108.215947,106.839923
002714,2017-03-16,26.67,27.28,26.67,27.18,13067369,353375984.06,16369769.1,28097222.21,0.017596,0.017596,110.120159,108.719922
002714,2017-03-17,27.19,27.57,27.0,27.18,11010369,301193114.68,16369769.1,28097222.21,0.0,0.0,110.120159,108.719922
002714,2017-03-20,27.06,28.17,27.05,27.95,10835655,301522398.9,16833519.0,28893206.79,0.02833,0.02833,113.239825,111.79992
002714,2017-03-21,28.01,28.24,27.7,28.09,7823390,219000404.24,16917837.17,29037931.26,0.005009,0.005009,113.807037,112.35992
002714,2017-03-22,28.09,28.93,27.95,28.66,12038046,344364903.65,17261132.54,29627166.61,0.020292,0.020292,116.1164,114.639918
002714,2017-03-23,28.76,28.97,27.56,28.0,9401914,265751970.16,16863632.63,28944894.1,-0.023029,-0.023029,113.442401,111.99992
002714,2017-03-24,28.0,28.37,27.6,27.87,9779263,273518743.07,16785337.19,28810507.1,-0.004643,-0.004643,112.915704,111.47992
002714,2017-03-27,27.88,28.68,27.76,27.93,10105238,285650514.6,16821473.55,28872531.87,0.002153,0.002153,113.158795,111.71992
002714,2017-03-28,27.92,28.26,27.6,27.75,7462937,208007367.59,16713064.48,28686457.55,-0.006445,-0.006445,112.429522,110.999921
002714,2017-03-29,27.74,27.75,27.2,27.41,6986964,191465074.4,16508291.8,28334983.84,-0.012252,-0.012252,111.052007,109.639922
002714,2017-03-30,27.33,27.74,27.16,27.7,7693879,211521277.62,16682950.85,28634770.24,0.01058,0.01058,112.226946,110.799921
002714,2017-03-31,28.22,28.46,27.05,27.2,9661232,265901211.85,16381814.56,28117897.13,-0.018051,-0.018051,110.201189,108.799922
002714,2017-04-05,27.2,27.59,26.82,27.38,7916234,216283767.27,16490223.62,28303971.45,0.006618,0.006618,110.930462,109.519921
002714,2017-04-06,27.45,27.86,27.31,27.77,6333185,174936211.19,16725109.94,28707132.47,0.014244,0.014244,112.510553,111.07992
002714,2017-04-07,27.8,27.84,27.41,27.51,5685698,156583827.67,16568519.06,28438358.46,-0.009363,-0.009363,111.457159,110.039921
002714,2017-04-10,27.64,27.67,26.51,26.68,10591764,285746654.35,16068632.81,27580349.1,-0.030171,-0.030171,108.094402,106.719923
002714,2017-04-11,26.59,27.0,25.91,27.0,11599046,307271679.59,16261360.04,27911147.89,0.011994,0.011994,109.390887,107.999922
002714,2017-04-12,26.9,27.34,26.68,26.96,6472720,175030583.77,16237269.13,27869798.04,-0.001481,-0.001481,109.228826,107.839922
002714,2017-04-13,27.01,27.19,26.65,26.79,3567947,95629275.69,16134882.79,27694061.18,-0.006306,-0.006306,108.540069,107.159922
002714,2017-04-14,26.79,27.11,26.79,27.05,4423893,119483021.61,16291473.67,27962835.2,0.009705,0.009705,109.593463,108.199921
002714,2017-04-17,27.05,27.06,26.02,26.3,7573289,199683920.46,15834953.67,27187525.53,-0.027726,-0.027726,106.554827,105.199923
002714,2017-04-18,26.28,26.94,26.11,26.5,5252285,139954482.91,15955371.56,30699281.61,0.007605,0.007605,107.36513,105.999923
002714,2017-04-19,26.35,26.91,26.2,26.62,5730197,152807932.58,16027622.3,30838297.23,0.004528,0.004528,107.851312,106.479922
002714,2017-04-20,26.72,26.9,26.5,26.77,4167748,111155148.04,16117935.73,31012066.74,0.005635,0.005635,108.459039,107.079922
002714,2017-04-21,26.85,27.62,26.78,27.45,8518144,232563571.99,16527356.58,31799821.89,0.025402,0.025402,111.214069,109.79992
002714,2017-04-24,27.46,27.59,26.15,26.25,7736693,206414831.42,15804849.19,30409665.75,-0.043716,-0.043716,106.352252,104.999923
002714,2017-04-25,26.3,26.66,26.21,26.46,4279076,112952919.53,15931287.98,30652943.07,0.008,0.008,107.20307,105.839922
002714,2017-04-26,26.72,28.59,26.72,28.01,16245436,447381347.91,16864526.7,32448561.43,0.058579,0.058579,113.482917,112.039917
002714,2017-04-27,28.26,28.3,27.41,28.12,7807526,218030189.3,16930756.54,32575992.41,0.003927,0.003927,113.928584,112.479917
002714,2017-04-28,28.12,28.27,27.73,27.9,5828495,163021071.65,16798296.85,32321130.45,-0.007824,-0.007824,113.037251,111.599918
002714,2017-05-02,27.72,28.29,27.66,27.92,6512607,182496256.69,16810338.64,32344299.72,0.000717,0.000717,113.118281,111.679918
002714,2017-05-03,27.91,28.35,27.7,27.92,6684115,187881268.34,16810338.64,32344299.72,0.0,0.0,113.118281,111.679918
002714,2017-05-04,27.71,28.09,27.52,28.01,5516040,153314868.37,16864526.7,32448561.43,0.003223,0.003223,113.482917,112.039918
002714,2017-05-05,27.95,28.18,27.69,27.79,5993315,167513792.97,16732067.01,32193699.47,-0.007854,-0.007854,112.591584,111.159919
002714,2017-05-08,27.51,27.51,25.21,25.28,16124585,421573451.93,15220822.38,29285956.19,-0.09032,-0.09032,102.422283,101.119926
002714,2017-05-09,25.4,26.37,24.8,26.18,9180832,234457193.23,15762702.93,30328573.3,0.035601,0.035601,106.068646,104.719923
002714,2017-05-10,26.02,26.17,25.16,25.34,5353447,136945376.82,15256947.75,29355464.0,-0.032086,-0.032086,102.665374,101.359925
002714,2017-05-11,25.3,25.48,24.91,25.25,3552664,89477038.32,15202759.7,29251202.29,-0.003552,-0.003552,102.300738,100.999925
002714,2017-05-12,25.35,25.35,24.72,25.15,4920012,122974644.83,15142550.75,29135355.94,-0.00396,-0.00396,101.895587,100.599925
002714,2017-05-15,25.03,25.18,24.56,24.62,5399847,133618644.28,14823443.32,28521370.31,-0.021074,-0.021074,99.748284,98.479927
002714,2017-05-16,24.6,24.64,23.91,24.63,7198667,174143879.25,14829464.21,28532954.95,0.000406,0.000406,99.788799,98.519927
002714,2017-05-17,24.63,25.2,24.45,24.97,6296177,156901333.77,15034174.64,28926832.52,0.013804,0.013804,101.166314,99.879926
002714,2017-05-18,24.97,25.22,24.75,25.0,3519939,88162025.63,15052237.33,28961586.43,0.001201,0.001201,101.287859,99.999926
002714,2017-05-19,25.14,25.14,24.82,24.83,2892466,72122053.0,14949882.11,28764647.64,-0.0068,-0.0068,100.599102,99.319927
002714,2017-05-22,24.83,24.87,24.13,24.28,4885073,119287320.04,14618732.89,28127492.74,-0.022151,-0.022151,98.370769,97.119929
002714,2017-05-23,24.18,24.44,23.67,23.72,7687543,183676814.75,14281562.77,27478753.2,-0.023064,-0.023064,96.101921,94.879931
002714,2017-05-24,23.68,23.68,22.9,23.2,8136542,188858175.0,13968476.24,26876352.2,-0.021922,-0.021922,93.995134,92.799933
002714,2017-05-25,23.2,23.72,23.05,23.69,4798141,112108419.56,14263500.09,27443999.3,0.021121,0.021121,95.980376,94.759932
002714,2017-05-26,23.42,24.25,23.42,24.08,5348141,128134328.95,14498314.99,27895800.04,0.016463,0.016463,97.560467,96.319931
002714,2017-05-31,24.07,24.8,23.85,24.15,3913881,94225773.93,14540461.26,27976892.49,0.002907,0.002907,97.844073,96.599931
002714,2017-06-01,24.18,24.18,23.69,23.76,2945399,70194036.87,14305646.35,27525091.74,-0.016149,-0.016149,96.263982,95.039932
002714,2017-06-02,23.69,23.94,23.6,23.7,2921456,69440750.87,14269520.98,27455583.93,-0.002525,-0.002525,96.020891,94.799932
002714,2017-06-05,23.79,24.25,23.71,24.17,3598649,86563151.73,14552503.05,28000061.76,0.019831,0.019831,97.925103,96.679931
002714,2017-06-06,24.15,24.86,24.01,24.75,5507832,135618430.0,14901714.95,28671970.56,0.023997,0.023997,100.274981,98.999929
002714,2017-06-07,24.75,25.44,24.6,25.21,6168678,155644899.46,15178676.12,29204863.75,0.018586,0.018586,102.138678,100.839928
002714,2017-06-08,25.18,25.35,25.01,25.23,3008833,75723443.94,15190717.91,29228033.02,0.000793,0.000793,102.219708,100.919928
002714,2017-06-09,25.21,25.85,25.21,25.59,6341844,162142478.72,15407470.13,29645079.86,0.014269,0.014269,103.678253,102.359927
002714,2017-06-12,25.75,25.79,25.38,25.45,3903398,99665543.18,15323177.6,29482894.98,-0.005471,-0.005471,103.111041,101.799927
002714,2017-06-13,25.55,25.85,25.55,25.76,4083737,105106061.72,15509825.34,29842018.65,0.012181,0.012181,104.36701,103.039926
002714,2017-06-14,25.85,26.2,25.5,26.05,5458639,141578508.47,15684431.29,30177973.05,0.011258,0.011258,105.541949,104.199925
002714,2017-06-15,26.05,26.05,25.54,25.68,5649675,145612436.07,15461658.18,29749341.58,-0.014203,-0.014203,104.042889,102.719926
002714,2017-06-16,25.6,25.88,25.46,25.67,2864598,73395817.52,15455637.29,29737756.94,-0.000389,-0.000389,104.002374,102.679926
002714,2017-06-19,25.75,26.14,25.6,25.9,3391321,88043509.6,15594117.87,30004203.54,0.00896,0.00896,104.934222,103.599925
002714,2017-06-20,25.91,26.4,25.81,26.34,4629966,121139469.13,15859037.25,30513927.46,0.016988,0.016988,106.716888,105.359924
002714,2017-06-21,26.42,26.85,26.2,26.31,4854300,128823553.97,15840974.56,30479173.55,-0.001139,-0.001139,106.595343,105.239924
002714,2017-06-22,26.31,26.92,26.15,26.32,4816310,128209398.09,15846995.46,30490758.19,0.00038,0.00038,106.635858,105.279924
002714,2017-06-23,26.32,26.8,26.19,26.39,4386438,115975731.23,15889141.72,30571850.63,0.00266,0.00266,106.919464,105.559924
002714,2017-06-26,26.39,26.7,26.2,26.61,3095580,82079035.62,16021601.41,30826712.59,0.008336,0.008336,107.810797,106.439923
002714,2017-06-27,26.68,26.68,26.28,26.29,3761185,99473138.6,15828932.77,30456004.28,-0.012026,-0.012026,106.514312,105.159924
002714,2017-06-28,26.29,26.6,25.96,26.06,3532370,92575524.75,15690452.19,30189557.69,-0.008749,-0.008749,105.582464,104.239925
002714,2017-06-29,26.06,26.59,26.06,26.4,3985172,105234167.18,15895162.62,30583435.26,0.013047,0.013047,106.959979,105.599924
002714,2017-06-30,26.51,27.5,26.51,27.22,6372943,173371214.96,16388876.0,31533375.3,0.031061,0.031061,110.282221,108.879922
002714,2017-07-03,27.24,27.28,26.7,27.03,7413848,199818381.11,16274479.0,31313267.24,-0.00698,-0.00698,109.512433,108.119923
002714,2017-07-04,27.05,27.98,27.04,27.72,9788320,270503706.73,16689920.75,32112607.03,0.025527,0.025527,112.307978,110.879921
002714,2017-07-05,27.75,28.0,27.58,27.74,5696011,157886423.79,16701962.54,32135776.3,0.000722,0.000722,112.389008,110.959921
002714,2017-07-06,27.6,28.35,27.45,28.16,9075996,255241661.16,16954840.12,32622330.95,0.015141,0.015141,114.090644,112.63992
002714,2017-07-07,28.2,28.69,28.12,28.59,8257122,235154809.92,17213738.6,33120470.24,0.01527,0.01527,115.832795,114.359919
002714,2017-07-10,28.61,31.0,28.6,29.82,19647162,586022935.86,17954308.68,34545380.29,0.043022,0.043022,120.816158,119.279916
002714,2017-07-11,29.23,29.23,28.11,28.75,10982612,315629868.46,17310072.92,33305824.39,-0.01271,-0.035882,119.280585,114.999914
002714,2017-07-12,28.45,29.4,28.3,28.97,9464265,274046819.45,17442532.61,33560686.35,0.007652,0.007652,120.193341,115.879913
002714,2017-07-13,28.7,29.35,28.66,29.35,7246317,210735075.66,17671326.62,34000902.46,0.013117,0.013117,121.769919,117.399912
002714,2017-07-14,29.45,29.72,28.31,28.91,8652802,251053238.74,17406407.24,33491178.54,-0.014991,-0.014991,119.944407,115.639913
002714,2017-07-17,28.91,28.91,27.1,27.27,10901425,302696679.04,16418980.47,31591298.47,-0.056728,-0.056728,113.140228,109.079918
002714,2017-07-18,27.3,27.98,26.99,27.92,7459894,205200367.16,16810338.64,32344299.72,0.023836,0.023836,115.837006,111.679916
002714,2017-07-19,27.93,28.58,27.63,28.3,8180202,231094756.46,17039132.65,32784515.83,0.01361,0.01361,117.413584,113.199915
002714,2017-07-20,28.33,29.17,28.26,28.41,8329113,239086378.34,17105362.5,32911946.81,0.003887,0.003887,117.869962,113.639915
002714,2017-07-21,28.45,28.78,28.43,28.7,6524060,186521907.53,17279968.45,33247901.22,0.010208,0.010208,119.07314,114.799914
002714,2017-07-24,28.87,29.33,28.5,29.15,7306334,212454269.02,17550908.72,33769209.77,0.015679,0.015679,120.94014,116.599913
002714,2017-07-25,29.21,29.3,28.5,28.56,6811491,195618880.99,17195675.92,33085716.33,-0.02024,-0.02024,118.492295,114.239915
002714,2017-07-26,28.58,28.7,27.55,27.8,8369793,232953320.46,16738087.91,32205284.1,-0.026611,-0.026611,115.339139,111.199917
002714,2017-07-27,27.99,27.99,27.56,27.82,5726886,158610178.96,16750129.7,32228453.37,0.000719,0.000719,115.422117,111.279917
002714,2017-07-28,27.82,28.75,27.75,28.57,6872552,195432317.65,17201696.82,33097300.97,0.026959,0.026959,118.533784,114.279915
002714,2017-07-31,28.58,28.6,28.01,28.45,7154216,201749567.57,17129446.08,32958285.35,-0.0042,-0.0042,118.035917,113.799915
002714,2017-08-01,28.42,28.43,27.26,27.5,12805940,353075919.24,16557461.06,31857745.07,-0.033392,-0.033392,114.094472,109.999918
002714,2017-08-02,27.51,27.87,27.37,27.77,5248954,145109846.29,16720025.22,32170530.2,0.009818,0.009818,115.214672,111.079917
002714,2017-08-03,27.79,27.8,27.11,27.4,6253737,171212413.81,16497252.11,31741898.72,-0.013324,-0.013324,113.679583,109.599918
002714,2017-08-04,27.45,28.11,27.26,28.0,6031105,167196245.78,16858505.8,32436976.8,0.021898,0.021898,116.168917,111.999916
002714,2017-08-07,28.0,29.67,27.8,29.2,12875583,372712460.95,17581013.2,33827132.94,0.042857,0.042857,121.147585,116.799912
002714,2017-08-08,29.39,32.12,28.84,32.12,28869024,897510249.64,19339114.52,37209846.24,0.1,0.1,133.262344,128.479903
002714,2017-08-09,32.58,32.8,31.52,32.24,17749918,568157647.31,19411365.25,37348861.85,0.003736,0.003736,133.760211,128.959903
002714,2017-08-10,31.9,32.05,30.8,31.58,13116806,411323741.08,19013986.19,36584275.97,-0.020471,-0.020471,131.021944,126.319905
002714,2017-08-11,31.14,32.66,30.81,32.29,16249699,519520835.93,19441469.73,37406785.03,0.022483,0.022483,133.967656,129.159903
002714,2017-08-14,32.03,32.9,31.24,32.86,11011936,356164784.76,19784660.74,38067109.2,0.017653,0.017653,136.332523,131.439901
002714,2017-08-15,32.7,32.84,31.9,32.4,7904854,255640716.08,19507699.57,37534216.01,-0.013999,-0.013999,134.424034,129.599902
002714,2017-08-16,32.11,32.61,31.54,32.06,7180517,229419860.72,19302989.15,37140338.43,-0.010494,-0.010494,133.013411,128.239903
002714,2017-08-17,32.38,32.42,31.7,32.05,5012755,160470070.28,19296968.25,37128753.8,-0.000312,-0.000312,132.971922,128.199903
002714,2017-08-18,31.83,32.32,31.4,31.73,4884071,155466059.8,18257349.09,36758045.49,-0.009984,-0.009984,131.644277,126.919904
002714,2017-08-21,31.75,31.95,31.3,31.43,5015407,157845435.56,18084729.97,36410506.45,-0.009455,-0.009455,130.39961,125.719905
002714,2017-08-22,31.7,34.48,31.52,33.75,13980531,468114990.3,19419651.18,39098141.67,0.073815,0.073815,140.025035,134.999898
002714,2017-08-23,33.58,34.28,32.91,33.54,7342022,246485184.7,19298817.79,38854864.35,-0.006222,-0.006222,139.153768,134.159899
002714,2017-08-24,33.54,35.17,33.47,35.16,11021980,381626010.04,20230961.05,40731575.15,0.048301,0.048301,145.87497,140.639894
002714,2017-08-25,34.95,36.2,34.28,35.69,10197228,360110849.02,20535921.5,41345560.78,0.015074,0.015074,148.073882,142.759892
002714,2017-08-28,35.17,38.91,35.08,38.08,14496029,545140412.22,21911120.5,44114288.44,0.066966,0.066966,157.989729,152.319885
002714,2017-08-29,37.6,38.47,37.08,37.13,7863980,296955621.49,21364493.28,43013748.16,-0.024947,-0.024947,154.048284,148.519888
002714,2017-08-30,37.25,40.84,37.25,40.79,15561243,619343012.27,23470446.57,47253724.41,0.098573,0.098573,169.233221,163.159877
002714,2017-08-31,40.79,42.5,39.85,41.77,9557109,393203261.08,24034335.7,48389018.6,0.024025,0.024025,173.299133,167.079874
002714,2017-09-01,41.7,42.99,40.62,42.26,11339051,476855359.71,24316280.26,48956665.69,0.011731,0.011731,175.332089,169.039873
002714,2017-09-04,42.48,42.5,40.61,40.71,10559273,435570031.03,23424414.8,47161047.33,-0.036678,-0.036678,168.90131,162.839878
002714,2017-09-05,40.9,41.89,40.3,40.72,6995490,287835228.26,23430168.77,47172631.97,0.000246,0.000246,168.942799,162.879878
002714,2017-09-06,41.26,41.66,40.56,41.1,5611341,230628609.76,23648819.66,47612848.08,0.009332,0.009332,170.519377,164.399877
002714,2017-09-07,40.8,41.12,39.83,40.0,8137088,327389197.68,23015882.88,46338538.28,-0.026764,-0.026764,165.955598,159.99988
002714,2017-09-08,40.26,40.5,39.25,40.45,7185235,286673797.13,23274811.56,46859846.84,0.01125,0.01125,167.822598,161.799879
002714,2017-09-11,39.93,41.74,39.83,40.16,7329343,298628259.18,23107946.41,46523892.43,-0.007169,-0.007169,166.61942,160.63988
002714,2017-09-12,39.98,40.3,38.3,38.66,9938028,386025312.56,22244850.8,44786197.25,-0.037351,-0.037351,160.396085,154.639884
002714,2017-09-13,38.98,39.7,38.71,39.19,5126605,201142669.91,22549811.25,45400182.88,0.013709,0.013709,162.594997,156.759882
002714,2017-09-14,39.61,40.47,39.45,39.45,6285120,249663906.39,22699414.49,45701383.38,0.006634,0.006634,163.673708,157.799881
002714,2017-09-15,39.42,39.9,38.6,39.38,3897988,153319346.14,22659136.7,45620290.94,-0.001774,-0.001774,163.383286,157.519881
002714,2017-09-18,39.37,39.98,38.89,39.31,5102723,200868167.79,22618858.9,45539198.49,-0.001778,-0.001778,163.092864,157.239881
002714,2017-09-19,39.32,39.85,38.5,38.58,6084305,237170682.01,22198819.04,44693520.17,-0.01857,-0.01857,160.064174,154.319883
002714,2017-09-20,38.57,38.58,37.13,37.76,8171118,307182604.99,21726993.44,43743580.14,-0.021255,-0.021255,156.662084,151.039885
002714,2017-09-21,37.9,38.12,37.4,37.86,3001475,113260642.88,21784533.15,43859426.48,0.002648,0.002648,157.076973,151.439885
002714,2017-09-22,37.83,37.83,36.72,36.79,5853257,217208871.87,21168858.28,42619870.58,-0.028262,-0.028262,152.637661,147.159888
002714,2017-09-25,36.66,38.0,36.12,37.24,6255078,233710990.18,21427786.96,43141179.14,0.012232,0.012232,154.504661,148.959887
002714,2017-09-26,37.33,38.1,36.61,36.79,4436346,165629054.82,21168858.28,42619870.58,-0.012084,-0.012084,152.637661,147.159888
002714,2017-09-27,36.99,37.48,36.53,36.97,3758677,138957582.4,21272429.75,42828394.01,0.004893,0.004893,153.384461,147.879887
002714,2017-09-28,37.0,37.11,36.12,36.24,4027319,147040417.47,20852389.89,41982715.68,-0.019746,-0.019746,150.355771,144.959889
002714,2017-09-29,36.48,37.1,36.37,37.07,4218491,154637099.99,21329969.46,42944240.35,0.022903,0.022903,153.79935,148.279886
002714,2017-10-09,37.6,38.54,36.79,37.98,9025264,341209050.0,21853580.79,43998442.1,0.024548,0.024548,157.57484,151.919883
002714,2017-10-10,37.95,39.96,37.88,39.91,9276533,364755341.29,22964097.14,46234276.57,0.050816,0.050816,165.582198,159.639877
002714,2017-10-11,39.9,40.88,39.65,40.17,6852988,275248240.71,23113700.38,46535477.07,0.006515,0.006515,166.660909,160.679876
002714,2017-10-12,40.35,40.35,39.37,39.66,3982616,158242122.68,22820247.88,45944660.7,-0.012696,-0.012696,164.544975,158.639878
002714,2017-10-13,39.4,39.45,38.41,38.55,7949033,307526601.9,22181557.13,44658766.27,-0.027988,-0.027988,159.939707,154.199881
002714,2017-10-16,38.57,39.43,38.4,38.76,6887290,268086230.52,22302390.51,44902043.59,0.005447,0.005447,160.810974,155.03988
002714,2017-10-17,38.89,40.22,38.7,39.97,6711596,266731538.12,22998620.97,46303784.38,0.031218,0.031218,165.831131,159.879876
002714,2017-10-18,39.0,39.37,38.0,38.6,8223958,317485785.33,22210326.98,44716689.44,-0.034276,-0.034276,160.147152,154.39988
002714,2017-10-19,38.45,39.85,38.12,39.21,6852095,269573232.78,22561319.19,45423352.15,0.015803,0.015803,162.677975,156.839878
002714,2017-10-20,39.3,40.0,38.66,39.67,5368627,212586600.17,22826001.85,45956245.34,0.011732,0.011732,164.586464,158.679877
002714,2017-10-23,39.49,42.15,39.42,42.15,12036155,496633841.83,24252986.58,48829234.71,0.062516,0.062516,174.875711,168.599869
002714,2017-10-24,42.0,42.96,41.6,42.08,6509214,275039318.42,24212708.79,48748142.27,-0.001661,-0.001661,174.585289,168.319869
002714,2017-10-25,42.1,43.86,41.33,43.75,8258945,354654745.06,25173621.9,50682776.24,0.039686,0.039686,181.513935,174.999864
002714,2017-10-26,43.5,45.3,43.12,43.25,8944912,395970303.63,24885923.36,50103544.52,-0.011429,-0.011429,179.43949,172.999866
002714,2017-10-27,43.39,44.86,42.7,44.6,6920230,301988532.7,25662709.41,51667470.18,0.031214,0.031214,185.040491,178.399862
002714,2017-10-30,44.6,45.8,43.87,44.81,7844075,353009833.27,25783542.8,51910747.51,0.004709,0.004709,185.911758,179.239861
002714,2017-10-31,44.81,47.24,44.28,47.09,9855973,456099014.85,27095448.12,54552044.19,0.050881,0.050881,195.371227,188.359854
002714,2017-11-01,47.0,48.99,45.94,46.68,11531849,546561121.95,26859535.32,54077074.17,-0.008707,-0.008707,193.670182,186.719855
002714,2017-11-02,46.56,47.9,45.22,46.24,6943632,321665354.35,26606360.61,53567350.25,-0.009426,-0.009426,191.84467,184.959856
002714,2017-11-03,46.23,47.6,45.33,47.5,7488544,349531481.26,27331360.92,55027014.21,0.027249,0.027249,197.072271,189.999852
002714,2017-11-06,46.43,48.38,45.3,48.36,11273997,526148117.65,27826202.4,56023292.78,0.018105,0.018105,200.640316,193.439849
002714,2017-11-07,48.28,48.97,47.61,48.15,4885960,235847860.51,27705369.02,55780015.45,-0.004342,-0.004342,199.769049,192.59985
002714,2017-11-08,48.16,48.52,46.8,46.91,6651516,315019429.54,26991876.65,54343520.77,-0.025753,-0.025753,194.624426,187.639854
002714,2017-11-09,46.87,46.87,45.0,45.54,7462321,339182947.42,26203582.66,52756425.83,-0.029205,-0.029205,188.940447,182.159858
002714,2017-11-10,45.79,47.9,45.5,47.19,6925035,324448108.13,27152987.83,54667890.54,0.036232,0.036232,195.786115,188.759853
002714,2017-11-13,47.28,47.99,45.82,46.48,7382956,344688276.13,26744455.91,53845381.48,-0.015046,-0.015046,192.840403,185.919855
002714,2017-11-14,46.51,48.63,46.23,48.32,8149568,390025882.77,27803186.52,55976954.24,0.039587,0.039587,200.47436,193.279849
002714,2017-11-15,48.29,48.58,46.12,46.87,6236788,292906267.02,26968860.76,54297182.23,-0.030008,-0.030008,194.45847,187.479854
002714,2017-11-16,46.98,51.56,46.89,51.56,15114248,751738772.77,29667473.03,59730375.84,0.100064,0.100064,213.916764,206.239839
002714,2017-11-17,52.0,54.08,51.4,52.4,15588542,822838975.49,30150806.57,60703485.15,0.016292,0.016292,217.401832,209.599836
002714,2017-11-20,52.27,55.49,51.1,54.8,9729155,523776494.52,31531759.55,63483797.44,0.045802,0.045802,227.359168,219.199828
002714,2017-11-21,55.1,56.09,53.92,54.79,7851455,430632707.66,31526005.57,63472212.81,-0.000182,-0.000182,227.317679,219.159828
002714,2017-11-22,54.69,55.55,52.38,53.0,8412372,450683120.2,30496044.82,61398563.22,-0.03267,-0.03267,219.891166,211.999834
002714,2017-11-23,53.5,53.5,50.01,50.9,6587888,339769627.0,29287710.96,58965789.96,-0.039623,-0.039623,211.178497,203.599841
002714,2017-11-24,50.9,51.74,49.66,50.23,4652138,234649645.18,28902194.93,58189619.45,-0.013163,-0.013163,208.398741,200.919843
002714,2017-11-27,50.23,51.4,48.0,48.25,8049334,398714282.25,27762908.72,55895861.8,-0.039419,-0.039419,200.183939,192.999849
002714,2017-11-28,48.8,51.84,48.32,51.4,7705587,386265846.85,29575409.5,59545021.69,0.065285,0.065285,213.252942,205.599839
002714,2017-11-29,51.88,53.2,50.81,51.73,6100181,317492677.89,29765290.53,59927314.63,0.00642,0.00642,214.622076,206.919838
002714,2017-11-30,51.86,52.18,46.56,46.95,11358638,548965396.05,27014892.53,54389859.31,-0.092403,-0.092403,194.790382,187.799853
002714,2017-12-01,46.74,48.39,46.28,47.07,6815919,323751683.46,27083940.18,54528874.92,0.002556,0.002556,195.288249,188.279853
002714,2017-12-04,47.2,50.46,47.16,49.43,6747648,330239595.54,28441877.27,57262848.68,0.050138,0.050138,205.079629,197.719846
002714,2017-12-05,49.59,50.83,48.5,49.2,4007936,198774225.84,28309535.94,56996402.08,-0.004653,-0.004653,204.125384,196.799847
002714,2017-12-06,49.2,52.17,49.2,51.36,9527670,485906151.77,29552393.62,59498683.15,0.043902,0.043902,213.086986,205.43984
002714,2017-12-07,51.02,51.09,49.62,50.44,5340050,268355450.07,29023028.31,58432896.77,-0.017913,-0.017913,209.270007,201.759843
002714,2017-12-08,50.72,53.22,50.71,53.07,10272369,535408436.57,30536322.61,61479655.66,0.052141,0.052141,220.181587,212.279835
002714,2017-12-11,53.11,54.37,52.63,53.9,7775107,417107875.98,31013902.18,62441180.33,0.01564,0.01564,223.625166,215.599832
002714,2017-12-12,53.69,53.69,52.69,53.16,5698854,302261205.85,30588108.35,61583917.37,-0.013729,-0.013729,220.554987,212.639834
002714,2017-12-13,52.99,54.17,52.73,53.3,4015614,213344676.54,30668663.94,61746102.26,0.002634,0.002634,221.135832,213.199834
002714,2017-12-14,53.15,54.51,52.64,53.4,5091846,273694039.37,30726203.64,61861948.6,0.001876,0.001876,221.550721,213.599834
002714,2017-12-15,53.4,54.11,52.5,53.21,4252433,226664279.55,30616878.2,61641840.55,-0.003558,-0.003558,220.762432,212.839835
002714,2017-12-18,53.55,53.65,51.28,51.52,4897344,254731750.05,29644457.15,59684037.3,-0.031761,-0.031761,213.750808,206.07984
002714,2017-12-19,51.54,52.58,50.7,52.29,4682161,243138381.25,30087512.89,60576054.17,0.014946,0.014946,216.945453,209.159838
002714,2017-12-20,52.4,54.84,52.0,54.82,7833617,422636003.26,31543267.49,63506966.71,0.048384,0.048384,227.442144,219.27983
002714,2017-12-21,54.6,55.28,53.5,54.95,5689534,310142152.01,31618069.11,63657566.96,0.002371,0.002371,227.9815,219.79983
002714,2017-12-22,54.51,55.28,53.65,54.65,4395996,238549884.27,31445449.98,63310027.93,-0.00546,-0.00546,226.736833,218.599831
002714,2017-12-25,54.9,56.39,53.61,53.62,7198057,395155939.83,30852791.0,62116810.56,-0.018847,-0.018847,222.463476,214.479834
002714,2017-12-26,53.33,54.35,52.1,54.11,4197342,223605440.49,31134735.57,62684457.66,0.009138,0.009138,224.496432,216.439832
002714,2017-12-27,53.28,54.09,52.1,52.35,4951707,261156104.72,30122036.72,60645561.97,-0.032526,-0.032526,217.194386,209.399837
002714,2017-12-28,52.69,53.8,52.35,53.17,3598241,191756136.88,30593862.32,61595502.01,0.015664,0.015664,220.596476,212.679834
002714,2017-12-29,53.44,53.99,52.11,52.86,3696114,195173195.12,30415489.23,61236378.34,-0.00583,-0.00583,219.31032,211.439835
002714,2018-01-02,53.0,53.23,51.66,52.93,4814233,251978568.35,31739345.14,61317470.78,0.001324,0.001324,219.600742,211.719835
002714,2018-01-03,52.23,53.35,52.23,52.66,5323613,280479921.87,31577440.3,61004685.65,-0.005101,-0.005101,218.480542,210.639836
002714,2018-01-04,52.66,52.66,51.8,52.61,5324397,277626084.65,31547457.92,60946762.47,-0.000949,-0.000949,218.273098,210.439836
002714,2018-01-05,52.6,54.65,52.22,53.83,6938804,374540146.67,32279027.94,62360087.89,0.02319,0.02319,223.334744,215.319832
002714,2018-01-08,54.9,59.21,54.62,59.21,14331185,825862261.6,35505131.79,68592621.29,0.099944,0.099944,245.655772,236.839815
002714,2018-01-09,60.0,60.0,58.15,59.61,10023863,593389753.94,35744990.81,69056006.67,0.006756,0.006756,247.315328,238.439814
002714,2018-01-10,59.13,60.17,58.33,59.33,6223374,366459497.1,35577089.5,68731636.9,-0.004697,-0.004697,246.153639,237.319815
002714,2018-01-11,59.2,59.2,58.0,58.68,4156685,243626048.2,35187318.59,67978635.66,-0.010956,-0.010956,243.456861,234.719817
002714,2018-01-12,58.31,59.85,58.3,58.96,5356111,316164159.12,35355219.9,68303005.42,0.004772,0.004772,244.61855,235.839816
002714,2018-01-15,59.0,59.57,56.73,57.05,6296516,363979894.19,34209893.07,66090340.22,-0.032395,-0.032395,236.69417,228.199822
002714,2018-01-16,57.17,62.74,57.17,61.7,9223700,558847691.27,36998254.21,71477195.3,0.081507,0.081507,255.986508,246.799807
002714,2018-01-17,61.04,62.54,60.01,61.3,6789993,416835643.84,36758395.18,71013809.91,-0.006483,-0.006483,254.326952,245.199808
002714,2018-01-18,61.37,61.99,59.82,60.35,5225604,316887296.93,36188730.0,69913269.63,-0.015498,-0.015498,250.385507,241.399811
002714,2018-01-19,60.04,61.23,58.38,59.95,4428361,264386660.31,35948870.98,69449884.25,-0.006628,-0.006628,248.725951,239.799812
002714,2018-01-22,59.7,62.18,59.67,61.61,3739069,230047798.58,36944285.93,71372933.59,0.02769,0.02769,255.613108,246.439807
002714,2018-01-23,61.4,62.88,61.38,62.22,4240709,263842394.64,37310070.93,72079596.29,0.009901,0.009901,258.143931,248.879805
002714,2018-01-24,62.55,62.78,61.0,61.69,2958898,182401027.6,36992257.73,71465610.66,-0.008518,-0.008518,255.945019,246.759807
002714,2018-01-25,61.5,62.6,61.19,61.3,3045981,188084925.76,36758395.18,71013809.91,-0.006322,-0.006322,254.326952,245.199808
002714,2018-01-26,61.39,61.41,60.07,61.28,4367389,264931029.34,36746402.23,70990640.64,-0.000326,-0.000326,254.243974,245.119808
002714,2018-01-29,61.35,61.83,59.88,60.3,2967859,179801099.83,36158747.63,69855346.46,-0.015992,-0.015992,250.178062,241.199811
002714,2018-01-30,59.81,60.68,59.28,59.51,2839358,169877343.08,35685026.06,68940160.33,-0.013101,-0.013101,246.900439,238.039813
002714,2018-01-31,59.18,59.85,57.27,59.65,5845535,340377515.33,35768976.72,69102345.21,0.002353,0.002353,247.481284,238.599813
002714,2018-02-01,59.47,59.47,53.69,54.3,11374829,630305697.59,32560862.29,62904565.72,-0.08969,-0.08969,225.284723,217.19983
002714,2018-02-02,53.73,55.5,51.31,55.36,6986906,376541647.84,33196488.7,64132536.98,0.019521,0.019521,229.682546,221.439827
002714,2018-02-05,55.31,56.53,52.01,53.46,9202533,492253523.3,32057158.34,61931456.41,-0.034321,-0.034321,221.799655,213.839833
002714,2018-02-06,51.38,52.8,50.27,50.28,6719749,342585844.84,30150279.12,58247542.62,-0.059484,-0.059484,208.606185,201.119843
002714,2018-02-07,51.25,51.97,46.58,48.28,6427133,316502352.31,28950984.0,55930615.7,-0.039777,-0.039777,200.308405,193.119849
002714,2018-02-08,48.1,51.2,47.63,50.18,4530487,225171619.3,30090314.36,58131696.27,0.039354,0.039354,208.191296,200.719843
002714,2018-02-09,48.3,49.88,46.18,48.8,3689720,179861267.78,29262800.73,56533016.7,-0.027501,-0.027501,202.465828,195.199847
002714,2018-02-12,50.0,51.55,48.6,51.0,5832612,292453469.26,30582025.36,59081636.31,0.045082,0.045082,211.593386,203.99984
002714,2018-02-13,51.01,52.1,50.05,50.72,4085628,208496099.38,30414124.04,58757266.54,-0.00549,-0.00549,210.431697,202.879841
002714,2018-02-14,50.2,51.99,50.01,51.3,2375911,120753759.29,30761919.62,59429175.34,0.011435,0.011435,212.838053,205.199839
002714,2018-02-22,52.0,53.58,51.48,52.32,3269986,172042350.17,31373560.13,60610808.07,0.019883,0.019883,217.069921,209.279836
002714,2018-02-23,52.26,53.58,51.66,52.9,4183672,220275251.42,31721355.71,61282716.88,0.011086,0.011086,219.476277,211.599834
002714,2018-02-26,52.69,52.69,49.1,50.43,12009667,602413119.03,30240226.25,58421312.14,-0.046692,-0.046692,209.228519,201.719842
002714,2018-02-27,50.0,50.0,47.63,48.25,9006216,435958814.17,28932994.58,55895861.8,-0.043228,-0.043228,200.183939,192.999849
002714,2018-02-28,48.25,50.0,47.4,48.72,3749105,182564391.35,29214828.93,56440339.63,0.009741,0.009741,202.133917,194.879848
002714,2018-03-01,48.28,48.97,47.61,48.74,3168267,153575827.32,29226821.88,56463508.89,0.000411,0.000411,202.216895,194.959848
002714,2018-03-02,48.3,48.94,48.2,48.63,2668621,129890094.43,29160860.65,56336077.91,-0.002257,-0.002257,201.760517,194.519848
002714,2018-03-05,48.5,48.5,46.8,46.99,4843968,229976500.43,28177438.66,54436197.84,-0.033724,-0.033724,194.956338,187.959853
002714,2018-03-06,46.6,47.45,42.3,46.13,9809247,447917935.47,27661741.76,53439919.27,-0.018302,-0.018302,191.388293,184.519856
002714,2018-03-07,46.08,47.87,46.0,47.78,8612818,406200946.57,28651160.23,55351383.98,0.035768,0.035768,198.233961,191.119851
002714,2018-03-08,47.78,48.43,47.08,47.76,4532611,215724964.76,28639167.27,55328214.71,-0.000419,-0.000419,198.150983,191.039851
002714,2018-03-09,47.93,49.78,47.57,49.63,6700088,326800739.26,29760508.2,57494541.37,0.039154,0.039154,205.909407,198.519845
002714,2018-03-12,49.95,50.38,49.1,49.85,5423136,269549806.59,29892430.67,57749403.33,0.004433,0.004433,206.822163,199.399844
002714,2018-03-13,49.56,51.25,49.11,50.36,5802099,293372052.67,30198250.92,58340219.69,0.010231,0.010231,208.938097,201.439842
002714,2018-03-14,50.25,50.25,48.86,49.02,3708530,183709265.8,29394723.2,56787878.66,-0.026608,-0.026608,203.378584,196.079846
002714,2018-03-15,48.67,49.78,48.5,48.95,3613408,177570197.3,29352747.87,56706786.22,-0.001428,-0.001428,203.088162,195.799846
002714,2018-03-16,48.59,50.67,48.59,49.72,4126705,206816775.01,29814476.48,57598803.08,0.01573,0.01573,206.282807,198.879844
002714,2018-03-19,50.39,50.39,47.25,47.35,5916129,284206921.61,28393311.78,54853244.69,-0.047667,-0.047667,196.449938,189.399851
002714,2018-03-20,46.35,48.98,46.35,47.74,3256553,154786238.26,28627174.32,55305045.44,0.008237,0.008237,198.068005,190.95985
002714,2018-03-21,47.68,48.78,47.46,47.9,3044698,147393013.02,28723117.93,55490399.59,0.003351,0.003351,198.731827,191.599849
002714,2018-03-22,48.0,48.47,46.69,46.7,3194480,150976434.29,28003540.87,54100243.44,-0.025052,-0.025052,193.753159,186.799853
002714,2018-03-23,46.46,49.28,45.81,46.99,9423983,451957319.55,28177438.66,54436197.84,0.00621,0.00621,194.956337,187.959852
002714,2018-03-26,47.1,47.38,42.43,46.97,7205226,331307595.95,28165445.71,54413028.58,-0.000426,-0.000426,194.873359,187.879852
002714,2018-03-27,47.19,47.55,46.1,46.92,4936283,230687103.67,28135463.33,54355105.4,-0.001065,-0.001065,194.665914,187.679852
002714,2018-03-28,46.85,46.89,44.65,45.35,5327797,242510843.61,27194016.66,52536317.77,-0.033461,-0.033461,188.152157,181.399857
002714,2018-03-29,45.32,47.34,44.12,45.48,3867471,175096844.09,27271970.85,52686918.02,0.002867,0.002867,188.691513,181.919857
002714,2018-03-30,45.46,45.95,45.05,45.28,2806834,127541107.42,27152041.34,52455225.33,-0.004398,-0.004398,187.861735,181.119858
002714,2018-04-02,46.28,47.58,45.74,47.22,6489656,303282883.16,28315357.59,54702644.44,0.042845,0.042845,195.910581,188.879852
002714,2018-04-03,47.72,50.89,47.68,49.25,10041213,497250721.85,29532642.13,57054325.26,0.04299,0.04299,204.332828,196.999846
002714,2018-04-04,50.05,50.18,48.51,49.71,6151314,304495816.57,29808480.01,57587218.45,0.00934,0.00934,206.241317,198.839845
002714,2018-04-09,49.71,50.0,47.3,48.0,5619729,269955426.43,28783082.69,55606245.94,-0.0344,-0.0344,199.146715,191.99985
002714,2018-04-10,47.98,47.98,46.0,47.0,3146421,147254710.91,28183435.13,54447782.48,-0.020833,-0.020833,194.997825,187.999853
002714,2018-04-11,47.06,51.67,47.05,51.26,9908603,491632703.15,30737933.72,59382836.81,0.090638,0.090638,212.672096,205.03984
002714,2018-04-12,50.85,51.95,49.85,51.18,7711312,393680315.36,30689961.92,59290159.73,-0.001561,-0.001561,212.340185,204.71984
002714,2018-04-13,50.91,51.54,50.29,51.38,4167744,213136396.18,30809891.43,59521852.42,0.003908,0.003908,213.169963,205.519839
002714,2018-04-16,51.0,51.55,50.1,51.02,2789747,141377122.13,30594018.31,59104805.58,-0.007007,-0.007007,211.676363,204.07984
002714,2018-04-17,50.9,51.4,50.44,50.5,2106921,106934308.02,30282201.58,58502404.58,-0.010192,-0.010192,209.51894,201.999842
002714,2018-04-18,51.15,51.15,48.62,50.33,2351394,116989380.88,30180261.49,58305465.79,-0.003366,-0.003366,208.813629,201.319843
002714,2018-04-19,50.88,51.14,49.4,49.63,2565437,128493692.56,29760508.2,57494541.37,-0.013908,-0.013908,205.909406,198.519845
002714,2018-04-20,49.5,50.1,48.91,49.0,2158702,106469352.4,29382730.24,56764709.39,-0.012694,-0.012694,203.295605,195.999847
002714,2018-04-23,48.98,49.49,46.77,47.43,2906902,138389122.47,28441283.58,54945921.77,-0.032041,-0.032041,196.781848,189.719852
002714,2018-04-24,47.27,48.21,47.22,48.18,2584206,123084989.84,28891019.25,55814769.36,0.015813,0.015813,199.893515,192.71985
002714,2018-04-25,48.0,48.36,47.5,47.83,1604274,76986275.07,28681142.6,55409307.15,-0.007264,-0.007264,198.441404,191.319851
002714,2018-04-26,47.03,48.0,46.93,47.01,1730011,81725366.67,28189431.61,54459367.11,-0.017144,-0.017144,195.039314,188.039854
002714,2018-04-27,47.09,48.67,46.59,47.76,3025560,144800641.0,28639167.27,55328214.71,0.015954,0.015954,198.150981,191.039852
002714,2018-05-02,47.64,48.65,46.25,47.57,1945031,92327298.55,28525234.24,55108106.65,-0.003978,-0.003978,197.362692,190.279853
002714,2018-05-03,47.2,47.96,47.09,47.8,1115845,53059576.28,28663153.18,55374553.24,0.004835,0.004835,198.316937,191.199852
002714,2018-05-04,48.0,49.78,47.79,49.34,2931590,143784015.89,29586610.41,57158586.97,0.032218,0.032218,204.706227,197.359847
002714,2018-05-07,48.79,49.79,48.79,49.41,2262965,112004195.23,29628585.74,57239679.41,0.001419,0.001419,204.996649,197.639847
002714,2018-05-08,49.4,50.44,49.06,49.65,2225426,111031683.17,29772501.16,57517710.64,0.004857,0.004857,205.992383,198.599846
002714,2018-05-09,49.65,50.97,49.4,50.04,2695542,136058129.81,30006363.7,57969511.39,0.007855,0.007855,207.61045,200.159845
002714,2018-05-10,49.6,50.88,48.9,49.59,2671441,133424705.31,29736522.3,57448202.83,-0.008993,-0.008993,205.74345,198.359846
002714,2018-05-11,50.05,50.84,50.05,50.5,3310265,167252937.72,30282201.58,58502404.58,0.01835,0.01835,209.51894,201.999843
002714,2018-05-14,50.8,52.49,50.13,51.79,5513405,285140585.26,31055746.93,59996822.44,0.025545,0.025545,214.871008,207.159839
002714,2018-05-15,52.18,52.44,51.1,51.93,4258122,220453812.37,31139697.58,60159007.32,0.002703,0.002703,215.451853,207.719839
002714,2018-05-16,51.93,52.57,51.03,52.12,3973996,206515698.26,31253630.62,60379115.38,0.003659,0.003659,216.240142,208.479838
002714,2018-05-17,52.18,53.4,51.85,52.38,3890620,205331994.35,31409538.98,60680315.88,0.004988,0.004988,217.318853,209.519837
002714,2018-05-18,52.57,53.75,52.16,53.58,4526711,240629940.68,32129116.05,62070472.03,0.02291,0.02291,222.297521,214.319833
002714,2018-05-21,53.05,53.05,50.3,50.66,10607814,546309866.81,30378145.19,58687758.73,-0.054498,-0.054498,210.182762,202.639842
002714,2018-05-22,50.8,53.8,50.66,53.44,6103098,317852872.44,32045165.39,61908287.14,0.054876,0.054876,221.716676,213.759833
002714,2018-05-23,53.75,54.66,52.63,52.8,5732387,307374725.62,31661390.96,61166870.53,-0.011976,-0.011976,219.061386,211.199835
002714,2018-05-24,52.62,55.19,52.62,54.08,4441209,241146373.72,32428939.83,62649703.75,0.024242,0.024242,224.371965,216.319831
002714,2018-05-25,54.5,56.17,54.2,55.25,3814354,211570461.56,33130527.47,64005106.0,0.021635,0.021635,229.226166,220.999827
002714,2018-05-28,55.95,56.75,53.33,54.47,3871493,212090697.16,32662802.38,63101504.5,-0.014118,-0.014118,225.990032,217.879829
002714,2018-05-29,54.26,54.26,52.03,52.47,5694167,300541871.07,31463507.26,60784577.59,-0.036717,-0.036717,217.692252,209.879835
002714,2018-05-30,52.3,53.2,51.23,52.44,3243139,169437850.72,31445517.84,60749823.69,-0.000572,-0.000572,217.567785,209.759835
002714,2018-05-31,52.41,53.69,51.65,52.7,3874943,203723607.14,31601426.2,61051024.18,0.004958,0.004958,218.646496,210.799834
002714,2018-06-01,52.74,53.49,51.16,51.81,2379448,123460947.37,31067739.88,60019991.71,-0.016888,-0.016888,214.953984,207.239837
002714,2018-06-04,51.81,52.09,49.52,50.9,3464733,174673710.61,30522060.6,58965789.96,-0.017564,-0.017564,211.178494,203.59984
002714,2018-06-05,50.55,51.88,50.55,51.79,2113630,108760998.67,31055746.93,59996822.44,0.017485,0.017485,214.871006,207.159837
002714,2018-06-06,51.7,52.73,50.75,52.26,2463449,128141324.99,31337581.28,60541300.26,0.009075,0.009075,216.820984,209.039836
002714,2018-06-07,52.0,52.0,51.05,51.7,2178422,111944483.83,31001778.65,59892560.73,-0.010716,-0.010716,214.497606,206.799838
002714,2018-06-08,51.93,51.93,49.96,50.55,2631454,133331818.08,30312183.96,58560327.75,-0.022244,-0.022244,209.726383,202.199842
002714,2018-06-11,50.48,50.55,49.52,50.22,2008140,100421182.16,30114300.26,58178034.81,-0.006528,-0.006528,208.357249,200.879843
002714,2018-06-12,50.15,50.55,49.7,50.33,1374311,68832331.96,30180261.49,58305465.79,0.00219,0.00219,208.813627,201.319843
002714,2018-06-13,50.06,51.58,50.05,50.46,1919362,97880205.09,30258215.68,58456066.04,0.002583,0.002583,209.352983,201.839843
002714,2018-06-14,50.19,50.6,49.61,49.7,1554719,77644851.53,29802483.53,57575633.81,-0.015061,-0.015061,206.199827,198.799845
002714,2018-06-15,49.8,50.36,47.79,48.81,3285492,159538685.19,29268797.21,56544601.34,-0.017907,-0.017907,202.507315,195.239848
002714,2018-06-19,48.81,49.96,46.07,46.94,3469049,163798834.09,28147456.28,54378274.67,-0.038312,-0.038312,194.748891,187.759854
002714,2018-06-20,46.5,47.18,46.13,46.9,1973329,92126608.83,28123470.38,54331936.13,-0.000852,-0.000852,194.582935,187.599854
002714,2018-06-21,47.1,47.2,45.03,45.07,3422388,156189395.34,27026115.35,52211948.01,-0.039019,-0.039019,186.990467,180.27986
002714,2018-06-22,45.06,45.26,42.86,45.12,2794596,124017940.05,27056097.73,52269871.18,0.001109,0.001109,187.197911,180.47986
002714,2018-06-25,45.23,45.3,43.66,43.72,2658718,117796183.34,26216591.15,50648022.34,-0.031028,-0.031028,181.389465,174.879864
002714,2018-06-26,43.0,43.5,42.08,42.48,2977718,126729766.39,25473028.18,49211527.65,-0.028362,-0.028362,176.244842,169.919868
002714,2018-06-27,43.1,46.1,43.1,43.7,5210367,231511505.34,26082415.49,50624853.07,0.028719,0.028719,181.306488,174.799864
002714,2018-06-28,43.78,45.29,42.7,43.39,3209901,141836028.89,25897391.49,50265729.4,-0.007094,-0.007094,180.020332,173.559865
002714,2018-06-29,43.39,44.5,43.02,44.46,3606942,157967490.62,26536022.71,51505285.3,0.02466,0.02466,184.459644,177.839862
002714,2018-07-02,44.5,44.98,43.91,44.23,2964715,131691812.16,26398746.84,51238838.7,-0.005173,-0.005173,183.505399,176.919863
002714,2018-07-03,23.99,24.2,22.6,23.37,5481851,127826507.9,25107159.94,48731923.77,-0.033326,-0.048927,177.389898,168.263705
002714,2018-07-04,23.37,23.7,22.12,22.4,5386252,122187019.33,24065057.03,46709246.57,-0.041506,-0.041506,170.027117,161.279717
002714,2018-07-05,22.57,23.09,21.44,21.66,5190940,115161239.8,23270050.68,45166173.25,-0.033036,-0.033036,164.41015,155.951726
002714,2018-07-06,21.97,22.2,21.37,21.92,4596137,100318545.43,23549377.23,45708334.15,0.012004,0.012004,166.383679,157.823723
002714,2018-07-09,22.95,23.97,22.51,23.73,8083974,188688050.4,25493919.79,49482608.09,0.082573,0.082573,180.122477,170.8557
002714,2018-07-10,23.3,24.86,23.3,24.57,8074946,196666544.22,26396359.43,51234204.83,0.035398,0.035398,186.498494,176.903689
002714,2018-07-11,24.0,26.05,23.6,25.5,13280445,335251460.68,27395489.03,53173472.66,0.037851,0.037851,193.557656,183.599677
002714,2018-07-12,25.5,25.9,25.02,25.35,9093575,230790165.46,27234339.09,52860687.53,-0.005882,-0.005882,192.419082,182.519679
002714,2018-07-13,25.03,26.0,25.03,25.75,7242413,185823481.37,27664072.25,53694781.22,0.015779,0.015779,195.455281,185.399674
002714,2018-07-16,25.71,26.68,25.57,26.64,7544722,197898252.39,28620228.54,55550639.67,0.034563,0.034563,202.210823,191.807663
002714,2018-07-17,26.57,27.18,26.2,26.96,6199588,165972166.63,28964015.06,56217914.63,0.012012,0.012012,204.639782,194.111659
002714,2018-07-18,26.9,27.15,26.6,26.62,3846526,103230116.47,28598741.88,55508934.99,-0.012611,-0.012611,202.059013,191.663663
002714,2018-07-19,26.6,27.0,25.79,26.84,4692817,125108201.69,28835095.12,55967686.52,0.008264,0.008264,203.728922,193.24766
002714,2018-07-20,26.84,27.1,26.15,26.35,4397961,116981573.48,28308671.99,54945921.75,-0.018256,-0.018256,200.009579,189.719666
002714,2018-07-23,26.65,28.18,26.65,28.03,8365797,230281440.11,30113551.27,58449115.24,0.063757,0.063757,212.761613,201.815645
002714,2018-07-24,28.03,28.09,27.42,27.7,6290948,174580242.79,29759021.41,57760987.95,-0.011773,-0.011773,210.256749,199.439649
002714,2018-07-25,27.5,27.65,26.95,27.27,4327966,118101518.92,29297058.26,56864337.23,-0.015523,-0.015523,206.992836,196.343654
002714,2018-07-26,27.38,27.6,27.0,27.33,3610843,98594004.36,29361518.24,56989451.29,0.0022,0.0022,207.448266,196.775653
002714,2018-07-27,27.1,27.26,26.2,26.25,5426958,143459655.79,28201238.7,54737398.33,-0.039517,-0.039517,199.25053,188.999667
002714,2018-07-30,26.5,26.9,26.06,26.2,4365395,115789821.63,28147522.06,54633136.62,-0.001905,-0.001905,198.871005,188.639668
002714,2018-07-31,26.5,26.98,26.4,26.72,3546759,94922312.85,28706175.17,55717458.41,0.019847,0.019847,202.818063,192.383661
002714,2018-08-01,26.73,27.0,25.85,25.91,5533768,144746109.58,27835965.52,54028418.69,-0.030314,-0.030314,196.669761,186.551671
002714,2018-08-02,26.05,26.35,25.28,25.91,5177425,133689313.22,27835965.52,54028418.69,0.0,0.0,196.669761,186.551671
002714,2018-08-03,26.2,28.0,26.2,27.19,15714043,430231824.35,29211111.63,56697518.5,0.049402,0.049402,206.385596,195.767655
002714,2018-08-06,26.9,27.0,24.58,24.81,12714177,321824104.12,26654199.32,51734661.05,-0.087532,-0.087532,188.320215,178.631685
002714,2018-08-07,24.49,25.27,23.5,24.83,8367488,203215378.64,26675685.98,51776365.73,0.000806,0.000806,188.472025,178.775685
002714,2018-08-08,24.65,24.75,24.01,24.04,4284101,104043440.11,25826962.99,50129030.7,-0.031816,-0.031816,182.475533,173.087695
002714,2018-08-09,24.0,24.76,23.64,24.38,3860494,94395651.91,26192236.18,50838010.33,0.014143,0.014143,185.056302,175.535691
002714,2018-08-10,24.38,25.67,24.37,25.2,6392887,161011940.17,27073189.16,52547902.39,0.033634,0.033634,191.280509,181.439681
002714,2018-08-13,24.88,25.74,24.59,25.31,4341033,109756553.85,27191365.77,52777278.16,0.004365,0.004365,192.115464,182.23168
002714,2018-08-14,25.4,25.5,24.83,25.33,3075322,77582867.9,27212852.43,52818982.84,0.00079,0.00079,192.267274,182.37568
002714,2018-08-15,25.2,25.51,24.93,25.08,3849376,97120986.06,26944269.21,52297674.29,-0.00987,-0.00987,190.36965,180.575683
002714,2018-08-16,24.78,24.86,23.48,23.65,8840170,213279010.79,25407973.16,49315789.35,-0.057018,-0.057018,179.51524,170.279701
002714,2018-08-17,22.9,24.19,22.12,22.41,11008690,250416441.38,24075800.36,46730098.92,-0.052431,-0.052431,170.103024,161.351717
002714,2018-08-20,22.2,22.2,20.4,21.21,10664922,224044202.27,22786600.87,44227817.85,-0.053548,-0.053548,160.994428,152.711732
002714,2018-08-21,21.4,22.22,21.4,22.14,5081653,111301479.51,23785730.47,46167085.68,0.043847,0.043847,168.05359,159.40772
002714,2018-08-22,22.26,22.78,21.86,22.23,3652570,81394368.99,23882420.43,46354756.76,0.004065,0.004065,168.736735,160.055719
002714,2018-08-23,22.58,22.9,22.04,22.45,5065942,114166156.67,24118773.67,46813508.28,0.009897,0.009897,170.406644,161.639716
002714,2018-08-24,22.35,22.74,21.3,22.58,3388363,75483818.57,24258436.95,47084588.73,0.005791,0.005791,171.393409,162.575714
002714,2018-08-27,22.7,23.49,22.07,23.0,5516643,125309246.98,24709656.77,47960387.11,0.018601,0.018601,174.581417,165.599709
002714,2018-08-28,23.05,23.2,22.81,22.96,3238381,74303057.7,24666683.45,47876977.74,-0.001739,-0.001739,174.277797,165.31171
002714,2018-08-29,22.95,23.26,22.85,23.05,2368785,54639401.16,24763373.41,48064648.82,0.00392,0.00392,174.960942,165.959709
002714,2018-08-30,22.8,23.14,22.78,22.8,2363570,54146674.23,24494790.19,47543340.26,-0.010846,-0.010846,173.063318,164.159712
002714,2018-08-31,22.6,22.99,22.52,22.96,2678989,61166583.48,24666683.45,47876977.74,0.007018,0.007018,174.277797,165.31171
002714,2018-09-03,22.96,22.99,22.32,22.88,2169083,49041691.3,24580736.82,47710159.0,-0.003484,-0.003484,173.670557,164.735711
002714,2018-09-04,22.87,22.87,22.22,22.6,3313703,74527230.39,24279923.61,47126293.42,-0.012238,-0.012238,171.545218,162.719715
002714,2018-09-05,22.6,22.6,21.91,21.99,2939521,65150925.26,23624580.54,45854300.54,-0.026991,-0.026991,166.915015,158.327723
002714,2018-09-06,22.2,22.74,22.01,22.61,4025643,90607530.26,24290666.94,47147145.76,0.028195,0.028195,171.621123,162.791715
002714,2018-09-07,22.6,23.22,22.59,22.9,4271844,98152006.37,24602223.48,47751863.68,0.012826,0.012826,173.822367,164.879711
002714,2018-09-10,23.06,23.55,22.75,23.45,5532725,128723338.97,25193106.58,48898742.51,0.024017,0.024017,177.99714,168.839704
002714,2018-09-11,23.44,23.46,22.85,23.45,3983479,92223770.65,25193106.58,48898742.51,0.0,0.0,177.99714,168.839704
002714,2018-09-12,23.28,23.38,22.89,23.0,3453524,79912585.38,24709656.77,47960387.11,-0.01919,-0.01919,174.581417,165.59971
002714,2018-09-13,23.07,23.2,22.7,22.87,1720560,39411921.66,24569993.49,47689306.66,-0.005652,-0.005652,173.594652,164.663712
002714,2018-09-14,22.84,23.07,22.71,22.94,3335457,76300783.68,24645196.79,47835273.05,0.003061,0.003061,174.125987,165.167711
002714,2018-09-17,21.99,22.37,21.18,21.38,6038597,130944679.46,22969237.47,44582307.67,-0.068003,-0.068003,162.284813,153.935731
002714,2018-09-18,21.18,21.96,21.18,21.82,3904771,84575324.89,23441943.94,45499810.72,0.02058,0.02058,165.624631,157.103725
002714,2018-09-19,21.83,22.72,21.8,22.43,5360951,119699112.34,24097287.01,46771803.6,0.027956,0.027956,170.254834,161.495717
002714,2018-09-20,22.5,23.21,22.44,22.57,3958886,90197054.15,24247693.62,47063736.39,0.006242,0.006242,171.317504,162.503715
002714,2018-09-21,22.79,22.99,22.3,22.78,4329350,98511811.42,24473303.53,47501635.58,0.009304,0.009304,172.911508,164.015712
002714,2018-09-25,22.76,23.95,22.46,23.51,7661403,179903784.67,25257566.55,49023856.56,0.032046,0.032046,178.45257,169.271703
002714,2018-09-26,23.58,25.2,23.58,24.9,10383761,253781314.81,26750889.28,51922332.13,0.059124,0.059124,189.00336,179.279685
002714,2018-09-27,24.83,25.36,24.3,24.87,6617691,164264635.24,26718659.3,51859775.1,-0.001205,-0.001205,188.775645,179.063685
002714,2018-09-28,24.8,25.16,24.49,24.9,5368829,133457694.83,26750889.28,51922332.13,0.001206,0.001206,189.00336,179.279685
002714,2018-10-08,24.9,25.51,24.51,25.04,6692708,167656040.41,26901295.89,52214264.92,0.005622,0.005622,190.06603,180.287683
002714,2018-10-09,24.63,25.21,24.62,25.08,5275537,131132131.75,26944269.21,52297674.29,0.001597,0.001597,190.36965,180.575682
002714,2018-10-10,25.11,25.7,25.02,25.44,5023103,127376053.91,27331029.05,53048358.61,0.014354,0.014354,193.102229,183.167677
002714,2018-10-11,24.9,25.43,24.5,24.54,5185414,128754386.12,26364129.44,51171647.81,-0.035377,-0.035377,186.270782,176.687688
002714,2018-10-12,24.5,25.58,24.26,25.5,6702358,168512839.53,27395489.03,53173472.66,0.03912,0.03912,193.557659,183.599676
002714,2018-10-15,25.46,25.6,24.8,25.15,3426459,86306638.66,27019472.51,52443640.68,-0.013725,-0.013725,190.900985,181.07968
002714,2018-10-16,25.15,25.34,24.36,24.6,3751059,92412757.9,26428589.41,51296761.86,-0.021869,-0.021869,186.726212,177.119687
002714,2018-10-17,24.45,25.15,24.45,24.91,2499680,62176529.98,26761632.61,51943184.47,0.012602,0.012602,189.079266,179.351683
002714,2018-10-18,24.71,24.92,24.01,24.09,2923779,71410436.72,25880679.63,50233292.41,-0.032919,-0.032919,182.855059,173.447693
002714,2018-10-19,23.9,24.47,22.9,24.0,7380464,175207429.61,25783989.67,50045621.33,-0.003736,-0.003736,182.171914,172.799694
002714,2018-10-22,24.2,25.0,24.15,24.27,7025656,172600551.59,26074059.56,50608634.57,0.01125,0.01125,184.221348,174.743691
002714,2018-10-23,24.2,24.66,23.1,23.17,10090463,239296689.81,24892293.36,48314876.92,-0.045323,-0.045323,175.871802,166.823705
002714,2018-10-24,23.35,24.1,23.19,23.79,8295216,197499081.97,25558379.76,49607722.14,0.026759,0.026759,180.57791,171.287697
002714,2018-10-25,23.37,23.99,23.21,23.8,3925062,92717219.79,25569123.09,49628574.48,0.00042,0.00042,180.653815,171.359697
002714,2018-10-26,23.85,23.98,23.34,23.42,3550515,83629250.61,25160876.59,48836185.48,-0.015966,-0.015966,177.769426,168.623702
002714,2018-10-29,23.19,23.54,22.56,22.6,4203725,95699184.39,24279923.61,47126293.42,-0.035013,-0.035013,171.545219,162.719712
002714,2018-10-30,22.53,22.97,21.91,22.62,3848602,86154452.24,24301410.27,47167998.1,0.000885,0.000885,171.697029,162.863712
002714,2018-10-31,22.64,23.12,22.31,22.9,3694846,84166801.79,24602223.48,47751863.68,0.012378,0.012378,173.822368,164.879708
002714,2018-11-01,23.25,23.25,22.21,22.4,8453617,190664147.26,24065057.03,46709246.57,-0.021834,-0.021834,170.02712,161.279714
002714,2018-11-02,22.83,23.17,22.6,23.11,6683500,152912838.59,24827833.39,48189762.87,0.031696,0.031696,175.416372,166.391705
002714,2018-11-05,23.1,23.6,22.82,23.58,6555778,152865986.67,25332769.85,49169822.95,0.020338,0.020338,178.983905,169.775699
002714,2018-11-06,23.9,24.63,23.57,24.58,9076664,220250264.34,26407102.76,51255057.18,0.042409,0.042409,186.574401,176.975686
002714,2018-11-07,24.35,25.34,24.09,25.15,8044440,200719771.15,27019472.51,52443640.68,0.02319,0.02319,190.900984,181.079679
002714,2018-11-08,25.19,25.99,24.91,25.9,7371245,189170588.99,27825222.19,54007566.35,0.029821,0.029821,196.593856,186.479669
002714,2018-11-09,25.6,25.98,25.19,25.47,5639549,144601052.77,27363259.04,53110915.63,-0.016602,-0.016602,193.329943,183.383674
002714,2018-11-12,25.49,25.94,25.09,25.56,3531524,90665909.04,27459949.0,53298586.71,0.003534,0.003534,194.013088,184.031673
002714,2018-11-13,25.36,25.86,25.3,25.66,4663700,119274372.64,27567382.29,53507110.14,0.003912,0.003912,194.772138,184.751672
002714,2018-11-14,25.6,25.67,25.36,25.5,3429334,87430236.66,27395489.03,53173472.66,-0.006235,-0.006235,193.557659,183.599674
002714,2018-11-15,25.6,25.92,25.47,25.7,4963604,127851757.12,27610355.61,53590519.51,0.007843,0.007843,195.075758,185.039671
002714,2018-11-16,25.87,26.1,25.4,26.01,5252344,135859316.87,27943398.81,54236942.11,0.012062,0.012062,197.428812,187.271667
002714,2018-11-19,26.0,26.0,24.83,25.21,8381079,211213478.87,27083932.48,52568754.74,-0.030757,-0.030757,191.356415,181.511677
002714,2018-11-20,25.06,25.06,24.06,24.48,7060177,173118166.51,26299669.47,51046533.75,-0.028957,-0.028957,185.815353,176.255686
002714,2018-11-21,24.05,25.16,24.0,25.0,5304768,131653631.04,26858322.58,52130855.55,0.021242,0.021242,189.762411,179.999679
002714,2018-11-22,24.96,25.2,24.29,24.5,5852250,143973140.41,26321156.12,51088238.44,-0.02,-0.02,185.967163,176.399685
002714,2018-11-23,24.42,24.95,24.04,24.31,6093118,148023411.2,26117032.87,50692043.94,-0.007755,-0.007755,184.524969,175.031687
002714,2018-11-26,24.17,24.85,24.17,24.39,5517593,135824453.92,26202979.5,50858862.67,0.003291,0.003291,185.132209,175.607686
002714,2018-11-27,24.63,24.75,23.92,24.29,4089870,99001495.67,26095546.21,50650339.25,-0.0041,-0.0041,184.373159,174.887687
002714,2018-11-28,24.12,24.94,23.77,24.73,5152896,126266887.01,26568252.69,51567842.31,0.018114,0.018114,187.712977,178.055681
002714,2018-11-29,24.73,26.08,24.73,25.68,10811470,277676247.55,27588868.95,53548814.82,0.038415,0.038415,194.923949,184.895669
002714,2018-11-30,25.71,27.12,25.71,27.01,14342371,381106571.5,29017731.71,56322176.34,0.051791,0.051791,205.019309,194.471652
002714,2018-12-03,26.93,28.5,26.32,27.64,12717322,352515014.52,29694561.44,57635873.9,0.023325,0.023325,209.801322,199.007644
002714,2018-12-04,27.35,28.69,27.35,28.6,10954715,310293408.47,30725921.03,59637698.75,0.034732,0.034732,217.088199,205.919632
002714,2018-12-05,28.29,30.6,28.08,30.11,15647191,464740720.41,32348163.71,62786402.42,0.052797,0.052797,228.549849,216.791613
002714,2018-12-06,30.23,30.48,29.4,30.12,12266386,367339734.88,32358907.04,62807254.77,0.000332,0.000332,228.625754,216.863613
002714,2018-12-07,29.9,29.97,28.72,29.62,9733673,286277238.44,31821740.59,61764637.66,-0.0166,-0.0166,224.830506,213.263619
002714,2018-12-10,29.79,29.97,29.0,29.49,7797836,229739206.86,31682077.31,61493557.21,-0.004389,-0.004389,223.843741,212.327621
002714,2018-12-11,29.6,29.65,28.31,28.74,13962150,401446604.27,30876327.63,59929631.54,-0.025432,-0.025432,218.150869,206.927631
002714,2018-12-12,28.91,28.99,28.33,28.65,8787699,251750109.95,30779637.67,59741960.46,-0.003132,-0.003132,217.467724,206.279632
002714,2018-12-13,28.8,29.3,28.03,29.0,15026862,434174803.33,31155654.19,60471792.44,0.012216,0.012216,220.124398,208.799628
002714,2018-12-14,28.94,29.15,27.89,27.99,10076046,285017416.36,30070577.95,58365705.87,-0.034828,-0.034828,212.457997,201.527641
002714,2018-12-17,28.1,28.29,27.35,27.6,9462359,261826894.13,29651588.12,57552464.53,-0.013934,-0.013934,209.497703,198.719646
002714,2018-12-18,27.82,28.2,27.46,27.82,10314919,286792731.91,29887941.36,58011216.06,0.007971,0.007971,211.167612,200.303643
002714,2018-12-19,27.8,27.89,26.6,26.7,11145911,302023120.36,28684688.51,55675753.73,-0.040259,-0.040259,202.666256,192.239657
002714,2018-12-20,26.83,27.75,26.8,27.66,10641250,291072648.77,29716048.1,57677578.58,0.035955,0.035955,209.953133,199.151645
002714,2018-12-21,27.5,27.74,27.02,27.17,7029557,191922032.23,29189624.97,56655813.81,-0.017715,-0.017715,206.23379,195.623651
002714,2018-12-24,27.29,29.32,27.04,29.14,13238354,375398916.85,31306060.79,60763725.23,0.072506,0.072506,221.187068,209.807626
002714,2018-12-25,28.64,29.4,28.61,28.83,10820890,312813550.55,30973017.59,60117302.62,-0.010638,-0.010638,218.834014,207.57563
002714,2018-12-26,28.83,29.7,28.65,28.75,9372934,274153251.82,30887070.96,59950483.88,-0.002775,-0.002775,218.226774,206.999631
002714,2018-12-27,29.19,29.19,28.12,28.37,7000377,200271489.44,30446756.91,59158094.88,-0.013217,-0.013217,215.342385,204.263636
002714,2018-12-28,28.12,28.97,28.11,28.75,6410398,183359074.19,30854573.89,59950483.88,0.013394,0.013394,218.226774,206.999631
002714,2019-01-02,28.71,29.5,28.12,29.01,8293156,240137014.17,33742789.89,60492644.78,0.009043,0.009043,220.200303,208.871628
002714,2019-01-03,29.33,29.67,28.45,28.6,7269212,211482833.9,33265901.1,59637698.75,-0.014133,-0.014133,217.088199,205.919633
002714,2019-01-04,28.45,30.28,28.44,29.8,11839732,348402438.58,34661673.17,62139979.82,0.041958,0.041958,226.196795,214.559618
002714,2019-01-07,29.79,31.73,29.4,31.52,12190940,376859387.24,36662279.81,65726582.68,0.057718,0.057718,239.252449,226.943596
002714,2019-01-08,31.01,31.65,30.52,31.07,10503287,324769886.89,36138865.28,64788227.28,-0.014277,-0.014277,235.836726,223.703602
002714,2019-01-09,31.08,31.65,30.53,30.6,11224916,346512878.42,35592187.89,63808167.19,-0.015127,-0.015127,232.269193,220.319608
002714,2019-01-10,30.7,30.7,29.95,30.03,8991792,271429281.09,34929196.15,62619583.69,-0.018627,-0.018627,227.94261,216.215615
002714,2019-01-11,30.2,31.1,30.05,30.22,10450382,319349063.36,35150193.4,63015778.19,0.006327,0.006327,229.384804,217.583613
002714,2019-01-14,30.3,31.39,30.26,30.3,12982756,398608190.65,35243244.87,63182596.93,0.002647,0.002647,229.992044,218.159612
002714,2019-01-15,30.44,30.45,29.44,30.04,10265340,307064567.35,34940827.59,62640436.03,-0.008581,-0.008581,228.018515,216.287615
002714,2019-01-16,29.99,30.6,29.64,29.85,9969880,298695720.34,34719830.34,62244241.53,-0.006325,-0.006325,226.576321,214.919617
002714,2019-01-17,29.95,30.15,29.5,29.81,7450673,222507107.47,34673304.6,62160832.16,-0.00134,-0.00134,226.272701,214.631618
002714,2019-01-18,29.77,32.79,29.77,32.79,20430355,644653178.01,38139471.92,68374830.14,0.099966,0.099966,248.892381,236.08758
002714,2019-01-21,33.0,33.0,31.36,31.43,18881511,603327569.31,36557596.9,65538911.6,-0.041476,-0.041476,238.569306,226.295597
002714,2019-01-22,31.21,32.31,30.94,31.62,9595933,303169262.68,36778594.15,65935106.1,0.006045,0.006045,240.0115,227.663595
002714,2019-01-23,31.65,32.68,31.35,32.31,11028608,355265173.4,37581163.09,67373917.71,0.021822,0.021822,245.248943,232.631586
002714,2019-01-24,32.2,32.8,32.0,32.58,6809103,220970245.49,37895211.81,67936930.95,0.008357,0.008357,247.298377,234.575583
002714,2019-01-25,32.58,32.68,31.6,32.19,6457412,207562571.05,37441585.89,67123689.61,-0.011971,-0.011971,244.338083,231.767588
002714,2019-01-28,32.38,32.65,31.55,32.26,6443189,207504620.15,37523005.92,67269656.0,0.002175,0.002175,244.869418,232.271587
002714,2019-01-29,32.19,33.85,32.06,33.7,9575734,318904466.13,39197932.41,70272393.28,0.044637,0.044637,255.799733,242.639569
002714,2019-01-30,33.5,34.8,33.05,33.29,9601112,323763532.85,38721043.62,69417447.25,-0.012166,-0.012166,252.687629,239.687574
002714,2019-01-31,33.43,34.77,33.2,34.55,10846620,372372380.08,40186604.3,72044842.37,0.037849,0.037849,262.251655,248.759558
002714,2019-02-01,34.57,35.2,34.3,34.55,7073156,244937306.87,40186604.3,72044842.37,0.0,0.0,262.251655,248.759558
002714,2019-02-11,34.77,38.01,34.75,38.01,12062556,447707508.28,44211080.44,79259752.78,0.100145,0.100145,288.514773,273.671514
002714,2019-02-12,38.5,38.88,37.8,38.6,9188355,350815217.42,44897335.05,80490040.97,0.015522,0.015522,292.993166,277.919506
002714,2019-02-13,38.46,39.66,37.93,38.86,11160446,428976402.84,45199752.33,81032201.87,0.006736,0.006736,294.966695,279.791503
002714,2019-02-14,38.5,38.97,38.01,38.47,9190759,352535056.32,44746126.41,80218960.52,-0.010036,-0.010036,292.006401,276.983508
002714,2019-02-15,38.42,42.32,38.12,42.32,19924306,815624872.4,49224228.48,88247112.28,0.100078,0.100078,321.229813,304.703459
002714,2019-02-18,42.35,45.98,42.32,43.6,18546448,804389996.38,50713052.02,90916212.08,0.030246,0.030246,330.945649,313.919443
002714,2019-02-19,43.6,47.41,42.46,45.32,16230122,723278545.61,52713658.66,94502814.94,0.03945,0.03945,344.001303,326.303421
002714,2019-02-20,45.6,47.46,43.85,45.75,16404467,749875077.63,53213810.32,95399465.66,0.009488,0.009488,347.265216,329.399415
002714,2019-02-21,45.66,50.22,44.82,47.28,20464247,972807645.08,54993419.72,98589874.02,0.033443,0.033443,358.878676,340.415395
002714,2019-02-22,47.0,48.36,45.85,47.58,13704831,644581585.36,55342362.73,99215444.28,0.006345,0.006345,361.155825,342.575391
002714,2019-02-25,47.1,47.45,44.04,45.91,28410869,1301212188.99,53399913.26,95733103.13,-0.035099,-0.035099,348.479696,330.551412
002714,2019-02-26,45.33,49.6,44.35,48.02,26804400,1257728689.59,55854145.83,100132947.34,0.045959,0.045959,364.495644,345.743385
002714,2019-02-27,47.35,48.6,45.28,46.07,18893017,879330898.58,53586016.21,96066740.61,-0.040608,-0.040608,349.694176,331.70341
002714,2019-02-28,45.5,47.47,43.9,44.79,19920899,900893636.48,52097192.66,93397640.8,-0.027784,-0.027784,339.97834,322.487426
002714,2019-03-01,45.51,46.85,44.93,46.0,16501725,755791076.55,53504596.17,95920774.21,0.027015,0.027015,349.162841,331.19941
002714,2019-03-04,48.87,50.6,47.38,50.6,23884601,1182773386.94,58855055.79,105512851.63,0.1,0.1,384.079125,364.319351
002714,2019-03-05,52.59,55.66,50.9,53.3,26148977,1397573910.32,61995542.95,111142984.03,0.05336,0.05336,404.573466,383.759316
002714,2019-03-06,52.89,54.84,51.7,53.3,19142999,1020584687.26,61995542.95,111142984.03,0.0,0.0,404.573466,383.759316
002714,2019-03-07,53.98,54.24,50.5,51.54,20476957,1066007630.09,59948410.58,107472971.8,-0.033021,-0.033021,391.214192,371.087339
002714,2019-03-08,50.45,56.29,49.01,54.6,24037922,1291964944.84,63507629.37,113853788.52,0.059371,0.059371,414.441111,393.1193
002714,2019-03-11,56.9,57.97,52.7,54.69,23398118,1285763748.38,63612312.27,114041459.6,0.001648,0.001648,415.124256,393.767299
002714,2019-03-12,53.4,58.74,52.5,56.35,33163007,1858083984.31,65543130.31,117502948.41,0.030353,0.030353,427.72448,405.719278
002714,2019-03-13,56.0,57.33,50.85,51.12,27139379,1461329832.58,59459890.35,106597173.43,-0.092813,-0.092813,388.026183,368.063345
002714,2019-03-14,50.6,50.61,47.5,49.77,24495187,1205401811.92,57889646.77,103782107.23,-0.026408,-0.026408,377.779013,358.343362
002714,2019-03-15,52.0,53.48,50.65,52.98,16420054,858554525.68,61623337.07,110475709.08,0.064497,0.064497,402.144507,381.455321
002714,2019-03-18,55.8,58.28,54.62,58.28,25339517,1443780007.88,67787997.06,121527450.46,0.100038,0.100038,442.374139,419.615253
002714,2019-03-19,59.0,59.59,57.28,58.19,14302009,832965726.74,67683314.16,121339779.38,-0.001544,-0.001544,441.690994,418.967254
002714,2019-03-20,57.99,58.3,52.84,55.85,22118522,1221279239.96,64961558.61,116460331.3,-0.040213,-0.040213,423.929232,402.119284
002714,2019-03-21,54.97,56.66,53.82,55.75,15878867,878690151.0,64845244.27,116251807.88,-0.001791,-0.001791,423.170182,401.399285
002714,2019-03-22,55.9,56.66,51.6,54.65,20173942,1083606218.24,63565786.54,113958050.23,-0.019731,-0.019731,414.820636,393.479299
002714,2019-03-25,52.5,54.8,52.2,53.4,11106555,595821890.61,62111857.29,111351507.45,-0.022873,-0.022873,405.332515,384.479315
002714,2019-03-26,54.6,57.11,54.16,55.1,18112176,1008065582.26,64089201.06,114896405.63,0.031835,0.031835,418.236359,396.719293
002714,2019-03-27,54.58,56.84,52.8,55.76,18095034,1000692549.04,64856875.71,116272660.22,0.011978,0.011978,423.246087,401.471285
002714,2019-03-28,55.24,61.3,55.05,59.83,21466557,1265717138.37,69590869.32,124759563.5,0.072991,0.072991,454.139408,430.775233
002714,2019-03-29,59.94,65.4,59.6,63.31,19731539,1243259638.27,73638608.34,132016178.59,0.058165,0.058165,480.554336,455.831188
002714,2019-04-01,64.99,69.64,64.94,69.64,17819346,1205375017.51,81001306.03,145215711.22,0.099984,0.099984,528.602179,501.407107
002714,2019-04-02,70.64,72.01,65.8,67.68,18109709,1237424835.94,78721544.97,141128652.14,-0.028145,-0.028145,513.724806,487.295132
002714,2019-04-03,66.5,67.66,65.65,66.97,11856082,789297619.92,77895713.16,139648135.85,-0.010491,-0.010491,508.335553,482.183141
002714,2019-04-04,66.0,72.44,66.0,69.83,17453848,1200349807.67,81222303.27,145611905.72,0.042706,0.042706,530.044373,502.775104
002714,2019-04-08,70.5,70.5,66.5,67.39,22189367,1508174299.7,78384233.39,140523934.22,-0.034942,-0.034942,511.523561,485.207135
002714,2019-04-09,66.52,67.6,65.77,66.68,11470308,764362046.28,77558401.58,139043417.92,-0.010536,-0.010536,506.134308,480.095144
002714,2019-04-10,66.61,67.97,65.5,66.2,10146679,673574318.12,77000092.75,138042505.5,-0.007199,-0.007199,502.49087,476.63915
002714,2019-04-11,65.9,67.9,64.51,66.77,11132097,740721334.07,77663084.48,139231089.0,0.00861,0.00861,506.817453,480.743143
002714,2019-04-12,66.87,71.0,65.52,68.1,14207132,972258850.54,79210065.2,142004450.52,0.019919,0.019919,516.912813,490.319126
002714,2019-04-15,68.28,72.3,66.5,68.33,13514264,944013371.9,79477588.18,142484054.39,0.003377,0.003377,518.658627,491.975123
002714,2019-04-16,67.38,69.65,64.5,67.21,15103736,1005343381.95,78174867.58,140148592.06,-0.016391,-0.016391,510.157271,483.911137
002714,2019-04-17,67.3,70.8,66.58,69.25,18299049,1260226899.95,80547680.1,144402469.87,0.030353,0.030353,525.641884,498.599111
002714,2019-04-18,68.0,70.57,67.0,67.2,13279432,907749542.86,78163236.14,140127739.72,-0.029603,-0.029603,510.081366,483.839137
002714,2019-04-19,66.99,67.5,65.82,66.3,9920154,658208608.12,77116407.09,138251028.92,-0.013393,-0.013393,503.249919,477.359149
002714,2019-04-22,66.7,69.26,66.6,67.7,21546463,1465062844.18,78744807.84,141170356.83,0.021116,0.021116,513.876614,487.439131
002714,2019-04-23,67.9,69.3,66.2,66.88,18476927,1254691773.67,77791030.26,139460464.77,-0.012112,-0.012112,507.652407,481.535142
002714,2019-04-24,67.7,69.17,66.0,68.5,19082398,1298327184.07,79675322.56,142838544.21,0.024222,0.024222,519.949011,493.199121
002714,2019-04-25,68.8,74.45,68.2,71.35,35179829,2531175762.82,82990281.23,148781461.74,0.041606,0.041606,541.581926,513.719084
002714,2019-04-26,69.9,70.74,65.69,65.82,27112750,1831612737.86,76558098.26,137250116.49,-0.077505,-0.077505,499.60648,473.903155
002714,2019-04-29,65.0,65.8,61.56,61.6,15745415,1000199474.69,71649633.13,128450428.08,-0.064114,-0.064114,467.574585,443.519209
002714,2019-04-30,61.52,65.54,61.01,64.1,18291717,1174075710.39,74557491.62,133663513.63,0.040584,0.040584,486.550826,461.519177
002714,2019-05-06,60.99,64.76,58.99,60.08,16340767,1003950064.68,69881655.17,125280872.06,-0.062715,-0.062715,456.03703,432.575229
002714,2019-05-07,61.85,63.3,57.43,61.0,18202467,1113197579.68,70951747.1,127199287.54,0.015313,0.015313,463.020287,439.199217
002714,2019-05-08,60.0,60.29,55.52,57.95,21656573,1248674841.07,67404159.74,120839323.16,-0.05,-0.05,439.869273,417.239256
002714,2019-05-09,57.5,60.21,57.5,59.41,14117138,833207906.24,69102349.1,123883765.13,0.025194,0.025194,450.951398,427.751237
002714,2019-05-10,60.62,62.56,59.73,61.55,16667790,1027535734.11,71591475.96,128346166.36,0.036021,0.036021,467.195061,443.15921
002714,2019-05-13,61.68,61.68,59.68,59.93,9877761,595853072.68,69707183.66,124968086.92,-0.02632,-0.02632,454.898457,431.495231
002714,2019-05-14,60.0,61.35,58.65,59.68,14865336,895964053.81,69416397.81,124446778.37,-0.004172,-0.004172,453.000833,429.695234
002714,2019-05-15,60.29,61.12,59.65,60.65,12391948,748099534.12,70544646.91,126469455.56,0.016253,0.016253,460.363615,436.679222
002714,2019-05-16,61.0,62.68,60.8,61.61,15701535,972392596.28,71661264.57,128471280.42,0.015829,0.015829,467.650492,443.59121
002714,2019-05-17,61.94,63.13,59.59,59.9,13696994,839447977.95,69672289.36,124905529.9,-0.027755,-0.027755,454.670743,431.279232
002714,2019-05-20,59.46,59.46,55.03,55.66,17704415,993819929.03,64740561.37,116064136.8,-0.070785,-0.070785,422.487038,400.751286
002714,2019-05-21,56.41,58.9,56.18,58.6,12814547,739568286.52,68160202.95,122194725.41,0.052821,0.052821,444.803098,421.919248
002714,2019-05-22,58.2,60.35,57.63,58.22,11485111,676615346.96,67718208.46,121402336.4,-0.006485,-0.006485,441.918709,419.183253
002714,2019-05-23,58.3,59.3,55.48,55.7,13350447,754486748.98,64787087.1,116147546.17,-0.043284,-0.043284,422.790658,401.039285
002714,2019-05-24,55.7,57.0,52.7,54.11,20018231,1086681984.34,62937689.1,112832023.75,-0.028546,-0.028546,410.721768,389.591305
002714,2019-05-27,55.0,59.38,54.55,58.8,23265162,1337491585.39,68392831.63,122611772.25,0.086675,0.086675,446.321197,423.359245
002714,2019-05-28,59.98,61.97,59.03,61.43,26563194,1615621116.28,71451898.75,128095938.26,0.044728,0.044728,466.284203,442.295211
002714,2019-05-29,60.21,61.15,58.79,59.21,25550929,1527087516.22,68869720.42,123466718.28,-0.036139,-0.036139,449.433301,426.31124
002714,2019-05-30,60.02,61.94,58.28,60.75,21370136,1288286215.69,70660961.25,126677978.99,0.026009,0.026009,461.122666,437.39922
002714,2019-05-31,60.88,63.65,58.8,63.35,26887299,1662380991.15,73685134.07,132099587.96,0.042798,0.042798,480.857957,456.119187
002714,2019-06-03,65.0,68.29,63.04,65.14,27161348,1786115196.38,75767160.75,135832157.22,0.028256,0.028256,494.444946,469.007164
002714,2019-06-04,64.2,66.5,62.22,64.36,19635444,1259401734.31,74859908.9,134205674.53,-0.011974,-0.011974,488.524359,463.391174
002714,2019-06-05,63.2,64.3,61.69,62.0,15843611,992365871.04,72114890.49,129284521.76,-0.036669,-0.036669,470.610787,446.399204
002714,2019-06-06,60.03,60.28,57.2,58.01,28109390,1644894747.81,67473948.34,120964437.22,-0.064355,-0.064355,440.324706,417.671255
002714,2019-06-10,58.15,58.5,55.68,58.0,12989994,746425710.81,67462316.91,120943584.88,-0.000172,-0.000172,440.248801,417.599255
002714,2019-06-11,58.31,61.58,57.82,61.58,16295602,980141379.28,71626370.26,128408723.39,0.061724,0.061724,467.422779,443.375209
002714,2019-06-12,60.5,62.23,60.31,61.08,10771414,658938906.83,71044798.57,127366106.28,-0.00812,-0.00812,463.627531,439.775215
002714,2019-06-13,62.0,62.78,60.36,62.0,11665619,714589191.68,72114890.49,129284521.76,0.015062,0.015062,470.610788,446.399203
002714,2019-06-14,61.21,62.7,61.01,61.77,11815405,731727443.98,71847367.51,128804917.89,-0.00371,-0.00371,468.864974,444.743206
002714,2019-06-17,62.12,64.36,59.7,60.38,14635416,903192061.44,70230598.19,125906442.32,-0.022503,-0.022503,458.314184,434.735224
002714,2019-06-18,61.02,62.7,59.6,62.44,16222618,998357532.63,72626673.58,130202024.82,0.034117,0.034117,473.950607,449.567198
002714,2019-06-19,65.5,65.6,61.6,61.95,19848837,1262499516.63,72056733.32,129180260.05,-0.007848,-0.007848,470.231264,446.039204
002714,2019-06-20,61.91,61.99,59.95,61.35,17630909,1069435062.84,71358847.28,127929119.52,-0.009685,-0.009685,465.676966,441.719212
002714,2019-06-21,60.75,61.16,57.99,58.75,24066921,1422046954.03,68334674.46,122507510.54,-0.04238,-0.04238,445.941675,422.999245
002714,2019-06-24,58.0,60.43,57.07,59.79,14621641,860285142.19,69544343.59,124676154.13,0.017702,0.017702,453.835791,430.487232
002714,2019-06-25,58.96,59.6,57.51,58.24,9991309,582544559.89,67741471.32,121444041.09,-0.025924,-0.025924,442.070521,419.327252
002714,2019-06-26,57.51,58.66,57.05,58.0,8010476,463827930.26,67462316.91,120943584.88,-0.004121,-0.004121,440.248802,417.599255
002714,2019-06-27,57.95,58.85,57.6,58.5,8935789,521187919.81,68043888.61,121986201.99,0.008621,0.008621,444.04405,421.199249
002714,2019-06-28,58.53,58.92,58.24,58.79,5521601,323775459.46,68381200.19,122590919.91,0.004957,0.004957,446.245294,423.287245
002714,2019-07-01,59.2,61.77,57.97,61.31,14130675,849446056.15,71548177.13,127845710.15,0.042864,0.042864,465.373345,441.431213
002714,2019-07-02,61.38,63.8,61.0,63.39,16322400,1029538282.76,73975517.02,132182997.33,0.033926,0.033926,481.161578,456.407186
002714,2019-07-03,63.0,63.74,60.55,60.89,15179443,934923040.17,71058041.19,126969911.78,-0.039438,-0.039438,462.185337,438.407218
002714,2019-07-04,61.38,61.4,58.64,58.97,13352754,797290836.37,68817419.76,122966262.07,-0.030712,-0.031533,447.990701,424.582923
002714,2019-07-05,59.48,61.61,59.03,61.05,14044421,846059251.24,71244759.65,127303549.25,0.035272,0.035272,463.792306,439.558885
002714,2019-07-08,62.0,63.62,61.27,62.93,21445261,1347519259.69,73438701.47,131223789.59,0.030794,0.030794,478.074526,453.094851
002714,2019-07-09,62.03,65.5,61.3,64.8,22649418,1445404985.71,75620973.38,135123177.59,0.029716,0.029716,492.280777,466.558817
002714,2019-07-10,64.69,66.74,63.8,64.65,14565859,949593113.24,75445924.83,134810392.45,-0.002315,-0.002315,491.141238,465.47882
002714,2019-07-11,64.98,65.95,63.82,65.16,11598080,753191033.34,76041089.9,135873861.91,0.007889,0.007889,495.01567,469.150811
002714,2019-07-12,65.36,65.88,63.85,65.23,10699986,694064198.83,76122779.23,136019828.3,0.001074,0.001074,495.547455,469.65481
002714,2019-07-15,65.4,69.88,64.8,68.92,17696084,1191721164.08,80428973.54,143714342.58,0.056569,0.056569,523.58011,496.222743
002714,2019-07-16,68.8,69.77,68.0,68.33,12424506,853448041.45,79740449.25,142484054.39,-0.008561,-0.008561,519.097924,491.974754
002714,2019-07-17,68.89,73.99,68.1,70.19,29028294,2065587822.53,81911051.26,146362590.04,0.027221,0.027221,533.228206,505.36672
002714,2019-07-18,70.15,71.81,69.0,70.49,15775620,1113617914.73,82261148.36,146988160.31,0.004274,0.004274,535.507284,507.526715
002714,2019-07-19,70.31,71.85,69.73,71.75,14079909,998078218.25,83731556.18,149615555.43,0.017875,0.017875,545.07941,516.598692
002714,2019-07-22,71.41,73.4,69.46,70.65,16229871,1155309930.68,82447866.81,147321797.78,-0.015331,-0.015331,536.722792,508.678712
002714,2019-07-23,70.0,71.32,68.91,70.28,11767203,822605597.18,82016080.39,146550261.12,-0.005237,-0.005237,533.91193,506.014719
002714,2019-07-24,70.3,71.2,69.6,70.71,10785617,759034619.42,82517886.23,147446911.84,0.006118,0.006118,537.178608,509.110711
002714,2019-07-25,70.35,71.9,70.08,71.71,10619257,754441950.16,83684876.56,149532146.06,0.014142,0.014142,544.775534,516.310693
002714,2019-07-26,71.32,72.49,70.4,71.54,12952863,922579283.79,83486488.21,149177656.24,-0.002371,-0.002371,543.484057,515.086696
002714,2019-07-29,71.51,76.2,70.36,76.0,20850917,1539103397.01,88691265.08,158477800.87,0.062343,0.062343,577.366345,547.198615
002714,2019-07-30,75.98,77.95,75.1,77.16,15159375,1164751791.72,90044973.86,160896672.57,0.015263,0.015263,586.178779,555.550594
002714,2019-07-31,76.7,78.2,76.25,76.6,10867985,838288549.41,89391459.28,159728941.41,-0.007258,-0.007258,581.924501,551.518604
002714,2019-08-01,76.14,78.77,76.1,77.39,13812066,1074334171.98,90313381.64,161376276.44,0.010313,0.010313,587.926072,557.20659
002714,2019-08-02,76.34,78.5,76.34,78.2,12812336,994937725.95,91258643.81,163065316.16,0.010466,0.010466,594.079582,563.038575
002714,2019-08-05,79.11,80.55,77.29,77.6,17517937,1382960091.93,90558449.61,161814175.63,-0.007673,-0.007673,589.521427,558.718586
002714,2019-08-06,73.77,76.66,71.6,75.26,20755037,1551018636.83,87827692.24,156934727.55,-0.030155,-0.030155,571.744621,541.870629
002714,2019-08-07,76.1,78.4,74.8,75.31,14000299,1068112337.23,87886041.75,157038989.26,0.000664,0.000664,572.124467,542.230628
002714,2019-08-08,75.99,76.95,74.67,75.67,9667565,731342269.17,88306158.27,157789673.58,0.00478,0.00478,574.85936,544.822621
002714,2019-08-09,76.27,76.29,72.6,72.74,14352450,1065066514.66,84886876.6,151679937.31,-0.038721,-0.038721,552.600368,523.726674
002714,2019-08-12,72.56,75.4,70.63,73.45,22520680,1649100166.87,85715439.74,153160453.61,0.009761,0.009761,557.994185,528.838661
002714,2019-08-13,73.5,74.5,72.5,72.71,10628248,778962185.09,84851866.89,151617380.28,-0.010075,-0.010075,552.37246,523.510674
002714,2019-08-14,73.49,73.49,71.85,72.28,13317065,965203973.85,84350061.05,150720729.57,-0.005914,-0.005914,549.105782,520.414682
002714,2019-08-15,71.16,72.8,70.45,72.35,13645169,979874069.77,84431750.38,150866695.96,0.000968,0.000968,549.637567,520.918681
002714,2019-08-16,72.6,76.45,72.02,75.1,17107834,1276569832.24,87640973.78,156601090.07,0.03801,0.03801,570.529112,540.718631
002714,2019-08-19,75.55,75.89,67.59,71.35,42099905,2964263822.04,83264760.05,148781461.74,-0.049933,-0.049933,542.040641,513.718699
002714,2019-08-20,70.0,71.59,69.35,70.45,14528106,1021911123.35,82214468.75,146904750.94,-0.012614,-0.012614,535.203408,507.238715
002714,2019-08-21,70.4,70.99,70.0,70.17,9139844,643812881.63,81887711.46,146320885.36,-0.003974,-0.003974,533.076269,505.22272
002714,2019-08-22,69.85,71.9,69.0,71.15,11861203,838918034.09,83031361.98,148364414.9,0.013966,0.013966,540.521256,512.278702
002714,2019-08-23,71.49,71.49,69.5,69.82,9006294,631238384.79,81479264.84,145591053.38,-0.018693,-0.018693,530.417345,502.702726
002714,2019-08-26,69.18,71.4,69.1,71.29,12016403,843541433.81,83194740.63,148656347.69,0.021054,0.021054,541.584826,513.286699
002714,2019-08-27,74.0,78.42,73.22,78.32,34044639,2602757811.05,91398682.65,163315544.27,0.098611,0.098611,594.991213,563.902571
002714,2019-08-28,78.9,82.22,77.3,80.72,23391244,1872125381.26,94199459.44,168320106.4,0.030644,0.030644,613.223834,581.182527
002714,2019-08-29,80.85,82.25,79.38,80.31,15457848,1241264704.93,93720993.4,167465160.37,-0.005079,-0.005079,610.109095,578.230534
002714,2019-08-30,80.33,82.48,79.0,80.4,18840951,1519253085.02,93826022.53,167652831.45,0.001121,0.001121,610.792818,578.878532
002714,2019-09-02,80.55,82.0,78.5,80.27,17366396,1387699551.37,93674313.79,173535538.17,-0.001617,-0.001617,609.805218,577.942534
002714,2019-09-03,80.99,82.4,80.08,81.0,13552954,1095352344.33,94526216.73,175113723.58,0.009094,0.009094,615.350974,583.198521
002714,2019-09-04,80.0,81.68,79.54,80.16,16041435,1286384054.48,93545944.85,173297729.41,-0.01037,-0.01037,608.969556,577.150536
002714,2019-09-05,81.0,82.98,79.5,82.39,17724376,1433024293.22,96148333.29,178118761.55,0.027819,0.027819,625.9107,593.206495
002714,2019-09-06,81.9,81.95,74.8,76.02,35069733,2724083133.74,88714604.89,164347472.43,-0.077315,-0.077315,577.518284,547.342611
002714,2019-09-09,76.18,76.2,71.5,72.98,37353336,2731944252.28,85166954.28,157775303.05,-0.039989,-0.039989,554.42363,525.454667
002714,2019-09-10,72.92,74.48,72.3,73.0,16496212,1208646811.76,85190294.09,157818541.01,0.000274,0.000274,554.575569,525.598667
002714,2019-09-11,71.77,72.8,69.8,69.8,28381958,2013622316.15,81455925.03,150900467.98,-0.043836,-0.043836,530.265407,502.558725
002714,2019-09-12,69.99,70.5,68.43,70.3,13322377,930011020.9,82039420.2,151981416.89,0.007163,0.007163,534.06387,506.158716
002714,2019-09-16,70.9,73.15,70.2,72.0,19355638,1395161317.31,84023303.76,155656643.18,0.024182,0.024182,546.978644,518.398685
002714,2019-09-17,71.78,73.16,71.62,72.3,9816713,710769478.86,84373400.86,156305212.53,0.004167,0.004167,549.257722,520.55868
002714,2019-09-18,72.3,72.53,71.51,72.08,6947884,500314803.89,84116662.99,155829595.01,-0.003043,-0.003043,547.586398,518.974684
002714,2019-09-19,72.2,75.08,71.21,74.98,15742683,1161462503.51,87500934.94,162099098.69,0.040233,0.040233,569.617482,539.854631
002714,2019-09-20,74.4,75.71,73.9,74.97,10330178,772007813.48,87489265.04,162077479.72,-0.000133,-0.000133,569.541513,539.782631
002714,2019-09-23,74.5,74.77,72.3,72.46,8556237,627201914.85,84560119.31,156651116.18,-0.03348,-0.03348,550.47323,521.710677
002714,2019-09-24,72.25,72.25,69.01,69.49,20231929,1414411484.9,81094158.03,150230279.65,-0.040988,-0.040988,527.910361,500.326731
002714,2019-09-25,69.5,70.46,68.86,69.6,11647716,811873912.03,81222526.97,150468088.41,0.001583,0.001583,528.746023,501.118729
002714,2019-09-26,69.6,70.26,62.64,62.64,34116431,2186238249.07,73100274.27,135421279.57,-0.1,-0.1,475.871421,451.006856
002714,2019-09-27,63.52,68.58,63.52,68.0,26815423,1787691546.09,79355342.44,147009051.9,0.085568,0.085568,516.590942,489.598758
002714,2019-09-30,68.15,71.41,68.0,70.5,16042829,1129615534.55,82272818.27,152413796.45,0.036765,0.036765,535.583256,507.598712
002714,2019-10-08,73.6,75.48,71.5,75.15,25508289,1887734111.2,87699323.3,162466621.32,0.065957,0.065957,570.90896,541.078627
002714,2019-10-09,75.8,76.4,74.3,76.0,17102660,1293287791.02,88691265.08,164304234.47,0.011311,0.011311,577.366347,547.198611
002714,2019-10-10,76.6,82.87,76.1,82.01,30585691,2465322086.66,95704876.96,177297240.38,0.079079,0.079079,623.02387,590.470501
002714,2019-10-11,81.19,83.66,80.7,82.3,19878933,1639032260.89,96043304.16,177924190.75,0.003536,0.003536,625.226978,592.558496
002714,2019-10-14,82.3,83.5,80.1,83.15,21956530,1809128706.82,97035245.94,179761803.9,0.010328,0.010328,631.684365,598.67848
002714,2019-10-15,82.0,85.4,81.78,83.79,14930080,1243741581.14,97782119.75,181145418.51,0.007697,0.007697,636.546397,603.286468
002714,2019-10-16,83.5,83.79,82.0,82.35,10554617,874879698.26,96101653.68,178032285.64,-0.017186,-0.017186,625.606824,592.918494
002714,2019-10-17,82.79,84.37,81.7,83.05,10541926,875483070.58,96918546.91,179545614.12,0.0085,0.0085,630.924672,597.958481
002714,2019-10-18,83.3,88.66,82.5,87.3,24420557,2112679476.66,101878255.81,188733679.86,0.051174,0.051174,663.211606,628.558403
002714,2019-10-21,88.5,90.7,87.59,88.27,25413197,2263009756.78,103010236.43,190830720.75,0.011111,0.011111,670.580624,635.542385
002714,2019-10-22,88.5,90.3,86.33,89.8,17660871,1564928674.38,104795731.63,194138424.42,0.017333,0.017333,682.20392,646.558357
002714,2019-10-23,89.66,90.4,88.61,89.39,11359630,1017258820.1,104317265.6,193252046.31,-0.004566,-0.004566,679.08918,643.606364
002714,2019-10-24,89.94,91.59,88.6,90.66,15681110,1415313198.22,105799343.32,195997656.54,0.014207,0.014207,688.737276,652.750341
002714,2019-10-25,91.99,99.73,90.1,99.73,30603997,2918488466.84,116383945.61,215606069.79,0.100044,0.100044,757.641391,718.054175
002714,2019-10-28,97.8,103.6,96.5,99.78,28108251,2795834789.93,116442295.13,215714164.68,0.000501,0.000501,758.021237,718.414174
002714,2019-10-29,99.9,103.6,98.6,101.03,21493294,2177582469.86,117901033.04,218416536.96,0.012528,0.012528,767.517394,727.414151
002714,2019-10-30,100.28,102.59,97.01,100.18,16036987,1596868962.56,116909091.26,216578923.81,-0.008413,-0.008413,761.060007,721.294167
002714,2019-10-31,101.0,101.58,97.07,98.5,15175971,1494988772.04,114948547.51,212946935.47,-0.01677,-0.01677,748.297172,709.198198
002714,2019-11-01,96.64,97.0,92.3,94.65,27314485,2582292739.22,110455634.73,204623628.85,-0.039086,-0.039086,719.049008,681.478268
002714,2019-11-04,93.83,96.29,93.33,95.66,19756489,1876456701.25,111634294.97,206807145.65,0.010671,0.010671,726.721903,688.75025
002714,2019-11-05,95.67,99.1,95.51,99.1,20584216,2011427404.13,115648741.7,214244074.16,0.035961,0.035961,752.855327,713.518187
002714,2019-11-06,99.11,99.14,91.79,94.79,28094417,2659682100.86,110619013.38,204926294.55,-0.043491,-0.043491,720.112578,682.486266
002714,2019-11-07,94.0,98.07,93.0,95.68,17035780,1636324831.86,111657634.77,206850383.61,0.009389,0.009389,726.873842,688.89425
002714,2019-11-08,95.68,96.44,92.63,93.02,13829519,1298035357.78,108553440.5,201099735.4,-0.027801,-0.027801,706.66602,669.742299
002714,2019-11-11,92.2,96.24,92.0,93.88,14610536,1377334795.2,109557052.18,202958967.53,0.009245,0.009245,713.199376,675.934283
002714,2019-11-12,93.61,97.48,93.61,96.0,16458881,1577734050.87,112031071.68,207542190.91,0.022582,0.022582,729.304858,691.198244
002714,2019-11-13,95.99,97.39,93.3,94.13,16367375,1559171822.11,109848799.76,203499441.98,-0.019479,-0.019479,715.098607,677.734278
002714,2019-11-14,95.2,95.45,92.8,94.95,10826222,1023051534.95,110805731.83,205272198.2,0.008711,0.008711,721.328086,683.638263
002714,2019-11-15,94.0,94.0,90.09,90.78,18553151,1696741149.46,105939382.16,196257084.28,-0.043918,-0.043918,689.648906,653.614339
002714,2019-11-18,90.31,93.55,87.37,92.57,20197243,1843007462.3,108028294.85,200126881.38,0.019718,0.019718,703.247403,666.502306
002714,2019-11-19,93.4,95.85,93.02,95.68,14854981,1408449550.27,111657634.77,206850383.61,0.033596,0.033596,726.873842,688.894249
002714,2019-11-20,96.0,96.24,92.2,92.5,15450299,1455901730.56,107946605.53,199975548.54,-0.033236,-0.033236,702.715619,665.998307
002714,2019-11-21,92.6,94.55,91.94,93.53,10884479,1018291830.99,109148605.56,202202303.29,0.011135,0.011135,710.540452,673.414288
002714,2019-11-22,94.2,95.35,90.65,92.0,12222664,1140833772.54,107363110.36,198894599.62,-0.016358,-0.016358,698.917156,662.398316
002714,2019-11-25,92.1,92.8,88.48,89.22,14634471,1314349742.66,104118877.24,192884523.68,-0.030217,-0.030217,677.797703,642.382367
002714,2019-11-26,90.45,91.27,88.95,91.0,11091343,1001521890.67,106196120.03,196732701.8,0.019951,0.019951,691.320231,655.198334
002714,2019-11-27,90.85,91.89,89.44,89.94,8241088,744093665.6,104959110.28,194441090.11,-0.011648,-0.011648,683.26749,647.566353
002714,2019-11-28,90.04,91.97,88.34,90.5,9149534,828915893.99,105612624.87,195651752.89,0.006226,0.006226,687.521768,651.598343
002714,2019-11-29,90.68,91.0,85.9,86.8,20022807,1745287172.55,101294760.64,187652730.95,-0.040884,-0.040884,659.413143,624.958411
002714,2019-12-02,89.69,92.36,89.09,90.17,19230906,1744722849.77,105227518.06,194938326.61,0.038825,0.038825,685.014782,649.222349
002714,2019-12-03,90.68,93.35,89.19,89.95,15646469,1422343081.41,104970780.18,194462709.09,-0.00244,-0.00244,683.343458,647.638353
002714,2019-12-04,89.9,90.8,88.28,90.6,8716775,780502496.18,105729323.9,195867942.67,0.007226,0.007226,688.28146,652.318341
002714,2019-12-05,91.4,91.47,89.75,90.4,9044859,817303843.33,105495925.83,195435563.11,-0.002208,-0.002208,686.762075,650.878345
002714,2019-12-06,91.01,93.7,90.72,91.15,17808270,1640849165.73,106371168.58,197056986.48,0.008296,0.008296,692.459769,656.278331
002714,2019-12-09,90.89,91.15,87.7,88.7,19565289,1734330346.22,103512042.27,191760336.81,-0.026879,-0.026879,673.847301,638.638376
002714,2019-12-10,86.9,86.9,83.1,84.0,31532321,2669797409.07,98027187.72,181599417.05,-0.052988,-0.052988,638.141751,604.798462
002714,2019-12-11,83.5,84.42,82.12,82.35,16841058,1394575722.41,96101653.68,178032285.64,-0.019643,-0.019643,625.606824,592.918492
002714,2019-12-12,83.65,84.37,82.46,82.61,13715108,1141285523.16,96405071.16,178594379.08,0.003157,0.003157,627.582025,594.790487
002714,2019-12-13,82.39,83.89,79.89,83.25,14271431,1177273298.73,97151944.97,179977993.68,0.007747,0.007747,632.444057,599.398475
002714,2019-12-16,83.5,83.75,81.41,82.88,14027129,1153300498.9,96720158.55,179178091.49,-0.004444,-0.004444,629.633195,596.734482
002714,2019-12-17,82.87,84.9,82.0,83.76,18433239,1546306868.12,97747110.04,181080561.57,0.010618,0.010618,636.31849,603.070466
002714,2019-12-18,83.12,84.2,81.9,81.91,15039961,1243213917.21,95588177.93,177081050.6,-0.022087,-0.022087,622.264178,589.7505
002714,2019-12-19,81.9,82.54,80.78,81.65,13115937,1070605262.03,95284760.44,176518957.17,-0.003174,-0.003174,620.288977,587.878505
002714,2019-12-20,81.5,83.49,81.09,83.14,19272286,1591570176.44,97023576.04,179740184.92,0.018249,0.018249,631.608396,598.606478
002714,2019-12-23,83.3,83.88,80.01,80.18,17709156,1439961768.71,93569284.66,173340967.37,-0.035603,-0.035603,609.121496,577.294532
002714,2019-12-24,80.17,80.88,77.9,78.77,14620276,1151120719.56,91923828.29,170292691.44,-0.017585,-0.017585,598.409831,567.142558
002714,2019-12-25,78.85,79.44,78.0,78.18,9118197,716467107.23,91235304.0,169017171.72,-0.00749,-0.00749,593.927645,562.894569
002714,2019-12-26,78.7,78.86,77.25,77.78,8651728,674423411.84,90768507.87,168152412.6,-0.005116,-0.005116,590.888875,560.014576
002714,2019-12-27,78.79,83.17,78.22,82.97,28861900,2341710944.81,96825187.68,179372662.29,0.066727,0.066727,630.316919,597.382481
002714,2019-12-30,83.3,85.23,81.2,85.1,24881267,2080585057.71,99310877.08,183977504.65,0.025672,0.025672,646.498371,612.718442
002714,2019-12-31,85.2,90.5,85.18,88.79,28172743,2486689591.16,103617071.4,191954907.62,0.043361,0.043361,674.531027,639.286374
002714,2020-01-02,90.05,92.86,90.01,91.82,21280097,1952824561.17,107153052.1,198505458.02,0.034125,0.034125,697.549712,661.102319
002714,2020-01-03,92.38,93.67,89.12,90.8,16455070,1488092261.76,105962721.96,196300322.24,-0.011109,-0.011109,689.800848,653.758338
002714,2020-01-06,89.6,91.31,89.5,90.35,11866869,1073677069.76,105437576.32,195327468.22,-0.004956,-0.004956,686.382231,650.518346
002714,2020-01-07,90.5,94.99,90.35,93.8,19911955,1861821186.78,109463692.95,202786015.7,0.038185,0.038185,712.591624,675.358283
002714,2020-01-08,94.21,96.35,92.68,94.88,20107373,1910094072.41,110724042.51,205120865.35,0.011514,0.011514,720.796304,683.134263
002714,2020-01-09,94.8,95.58,93.0,93.51,10942138,1027554619.34,109125265.76,202159065.34,-0.014439,-0.014439,710.388516,673.270288
002714,2020-01-10,93.4,93.43,90.15,90.78,14823767,1350723262.34,105939382.16,196257084.28,-0.029195,-0.029195,689.648909,653.614338
002714,2020-01-13,90.66,92.61,89.8,91.38,12767401,1165009482.76,106639576.36,197554222.97,0.006609,0.006609,694.207064,657.934327
002714,2020-01-14,91.55,92.39,90.13,90.81,9745072,887727806.54,105974391.87,200200481.72,-0.006238,-0.006238,689.876816,653.830337
002714,2020-01-15,94.98,95.0,88.79,89.68,19991889,1830498207.35,104655692.79,197709274.32,-0.012444,-0.012444,681.29229,645.694358
002714,2020-01-16,89.68,92.35,88.08,90.5,13139651,1192272535.02,105612624.87,199517053.14,0.009144,0.009144,687.521769,651.598343
002714,2020-01-17,90.57,91.18,88.1,88.82,12146893,1082403566.87,103652081.11,195813311.16,-0.018564,-0.018564,674.758934,639.502374
002714,2020-01-20,88.86,91.49,86.7,90.83,13921383,1250576372.0,105997731.67,200244573.89,0.02263,0.02263,690.028755,653.974337
002714,2020-01-21,90.56,90.98,88.4,88.5,8533507,761564925.37,103278644.21,195107836.5,-0.025652,-0.025652,672.327918,637.19838
002714,2020-01-22,87.88,87.88,83.36,86.05,18006559,1536863715.83,100419517.9,189706546.11,-0.027684,-0.027684,653.71545,619.558425
002714,2020-01-23,83.9,85.43,80.66,81.68,16275277,1346424656.48,95319770.15,180072407.74,-0.050784,-0.050784,620.516885,588.094505
002714,2020-02-03,73.51,76.56,73.51,73.6,26378711,1966443009.26,85890488.29,162259172.5,-0.098923,-0.098923,559.133726,529.918653
002714,2020-02-04,75.03,80.96,75.0,80.96,22866294,1808239548.66,94479537.12,178485089.75,0.1,0.1,615.047099,582.910518
002714,2020-02-05,83.01,84.88,81.55,81.93,19645703,1628721561.53,95611517.74,180623559.82,0.011981,0.011981,622.416117,589.8945
002714,2020-02-06,84.98,90.12,82.1,90.12,26703096,2330780767.45,105169168.54,198679301.98,0.099963,0.099963,684.634938,648.86235
002714,2020-02-07,88.9,94.32,86.35,92.45,25849745,2375036959.86,107888256.01,203816039.37,0.025854,0.025854,702.335775,665.638307
002714,2020-02-10,92.48,101.6,92.48,99.21,28798860,2851051147.19,115777110.64,218719191.63,0.073121,0.073121,753.690992,714.310183
002714,2020-02-11,99.21,103.0,99.21,100.01,20429030,2055947669.8,116710702.9,220482878.28,0.008064,0.008064,759.768533,720.070168
002714,2020-02-12,99.99,100.7,97.4,98.25,22088599,2177789563.22,114656799.92,216602767.64,-0.017598,-0.017598,746.397944,707.3982
002714,2020-02-13,98.68,99.63,96.19,98.17,15899763,1556677450.61,114563440.7,216426398.97,-0.000814,-0.000814,745.79019,706.822201
002714,2020-02-14,99.8,106.52,99.8,106.01,31203965,3241116781.53,123712644.88,233710528.22,0.079861,0.079861,805.350087,763.270057
002714,2020-02-17,106.01,107.85,103.71,105.45,20827720,2193622577.39,123059130.3,232475947.55,-0.005283,-0.005283,801.095809,759.238067
002714,2020-02-18,104.0,106.75,103.11,106.25,14917807,1570833473.9,123992722.56,234239634.21,0.007587,0.007587,807.17335,764.998052
002714,2020-02-19,107.0,111.93,107.0,107.8,23364285,2556315290.35,125801557.57,237656777.11,0.014588,0.014588,818.948585,776.158024
002714,2020-02-20,109.75,110.5,107.02,108.21,18169064,1968242615.42,126280023.61,238560666.52,0.003803,0.003803,822.063325,779.110016
002714,2020-02-21,108.0,112.79,106.4,110.46,19639298,2160428568.75,128905751.85,243521035.25,0.020793,0.020793,839.156408,795.309975
002714,2020-02-24,109.0,113.5,107.5,111.57,21458131,2376996002.28,130201111.12,245968150.49,0.010049,0.010049,847.588995,803.301955
002714,2020-02-25,110.1,121.0,109.7,119.97,28204863,3293811325.31,140003829.89,264486860.39,0.075289,0.075289,911.40317,863.781801
002714,2020-02-26,119.91,122.0,115.01,116.0,26878817,3180195834.16,135370878.28,255734565.35,-0.033092,-0.033092,881.243375,835.197874
002714,2020-02-27,116.0,123.4,114.0,118.6,33040550,3938945856.09,138405053.14,261466546.99,0.022414,0.022414,900.995382,853.917826
002714,2020-02-28,114.12,121.21,114.11,116.5,26238756,3088221334.35,135954373.45,256836869.51,-0.017707,-0.017707,885.041838,838.797865
002714,2020-03-02,115.5,123.48,115.45,120.0,34004152,4083285654.22,140038839.6,264552998.64,0.030043,0.030043,911.631078,863.997801
002714,2020-03-03,121.83,122.8,119.25,119.59,22914017,2767071249.22,139560373.56,263649109.23,-0.003417,-0.003417,908.516338,861.045808
002714,2020-03-04,118.51,124.0,118.51,121.7,23643445,2886069330.83,142022723.16,268300832.79,0.017644,0.017644,924.545851,876.237769
002714,2020-03-05,123.0,129.98,121.88,126.6,32599652,4118241251.8,147740975.78,279103413.57,0.040263,0.040263,961.770787,911.517679
002714,2020-03-06,124.5,133.29,124.5,128.0,35920569,4640307977.04,149374762.24,282189865.22,0.011058,0.011058,972.406483,921.597653
002714,2020-03-09,127.99,139.92,126.7,133.49,37196401,4965642532.55,155781539.15,294293164.9,0.042891,0.042891,1014.113605,961.125552
002714,2020-03-10,134.12,137.0,126.03,130.31,31614711,4108884743.66,152070509.9,287282510.44,-0.023822,-0.023822,989.955381,938.22961
002714,2020-03-11,130.0,133.96,125.16,127.46,28546823,3694816674.93,148744587.46,280999376.72,-0.021871,-0.021871,968.304143,917.709662
002714,2020-03-12,125.2,126.97,120.0,121.8,26582677,3248070078.63,142139422.19,268521293.62,-0.044406,-0.044406,925.305544,876.957766
002714,2020-03-13,115.58,125.5,115.51,122.6,23777482,2865917535.55,143073014.46,270284980.28,0.006568,0.006568,931.383085,882.717751
002714,2020-03-16,124.2,124.28,110.83,114.0,27622539,3226282430.25,133036897.62,251325348.71,-0.070147,-0.070147,866.049524,820.797909
002714,2020-03-17,116.59,118.32,108.56,114.02,20826957,2360291106.84,133060237.43,251369440.87,0.000175,0.000175,866.201463,820.941909
002714,2020-03-18,116.0,125.2,115.63,117.51,31775903,3828302589.38,137133033.68,259063523.92,0.030609,0.030609,892.714733,846.069845
002714,2020-03-19,117.61,121.0,114.5,120.13,21488875,2536958891.84,140190548.34,264839597.72,0.022296,0.022296,912.618678,864.933797
002714,2020-03-20,122.12,123.14,115.11,116.7,21521057,2534179624.56,136187771.51,257277791.18,-0.028552,-0.028552,886.561223,840.23786
002714,2020-03-23,111.6,114.36,109.5,111.5,21161069,2360029730.53,130119421.8,245813827.9,-0.044559,-0.044559,847.05721,802.797955
002714,2020-03-24,115.0,116.0,111.82,114.77,19188231,2187932587.88,133935480.17,253022897.12,0.029327,0.029327,871.899157,826.341895
002714,2020-03-25,118.4,120.0,116.1,118.38,17856634,2101766030.18,138148315.27,260981533.16,0.031454,0.031454,899.324059,852.333829
002714,2020-03-26,116.8,120.2,116.06,118.0,13812741,1638964851.16,137704858.94,260143782.0,-0.00321,-0.00321,896.437227,849.597836
002714,2020-03-27,118.89,119.01,114.18,114.34,16089182,1860599028.65,133433674.33,252074915.54,-0.031017,-0.031017,868.632479,823.245903
002714,2020-03-30,112.3,115.83,112.0,114.5,10094475,1148081758.13,133620392.79,252427652.87,0.001399,0.001399,869.847987,824.3979
002714,2020-03-31,115.5,122.58,114.7,122.21,28418475,3426884559.36,142617888.23,269425183.03,0.067336,0.067336,928.420284,879.909759
002714,2020-04-01,122.98,123.99,119.52,121.3,18975477,2308522544.52,141555927.03,267418989.46,-0.007446,-0.007446,921.507082,873.357776
002714,2020-04-02,122.01,122.97,118.6,120.53,14973699,1794504629.64,140657344.47,265721441.05,-0.006348,-0.006348,915.657449,867.81379
002714,2020-04-03,119.55,125.28,119.01,122.86,17112960,2108063587.56,143376431.94,270858178.44,0.019331,0.019331,933.358286,884.589747
002714,2020-04-07,124.9,128.7,122.0,128.3,22008389,2786437535.26,149724859.34,282851247.71,0.044278,0.044278,974.685562,923.757647
002714,2020-04-08,128.0,128.8,122.2,123.29,22863624,2852942568.51,143878237.79,271806160.02,-0.039049,-0.039049,936.624964,887.685739
002714,2020-04-09,123.0,125.3,119.51,124.3,15894680,1940316860.08,145056898.02,274032814.42,0.008192,0.008192,944.297859,894.95772
002714,2020-04-10,123.6,126.74,122.76,123.9,10437423,1298217754.52,144590101.89,273150971.1,-0.003218,-0.003218,941.259089,892.077727
002714,2020-04-13,122.8,126.26,121.88,123.5,8850357,1098931837.28,144123305.76,272269127.77,-0.003228,-0.003228,938.220319,889.197734
002714,2020-04-14,124.86,127.02,123.41,124.57,11089538,1387366452.52,145371985.41,274628058.67,0.008664,0.008664,946.349029,896.901714
002714,2020-04-15,124.0,125.29,121.41,121.67,12938497,1585999274.03,141987713.45,268234694.54,-0.02328,-0.02328,924.317945,876.021767
002714,2020-04-16,121.1,121.99,118.3,119.27,12982813,1552069653.77,139186936.66,262943634.56,-0.019725,-0.019725,906.085323,858.741811
002714,2020-04-17,120.0,124.85,119.0,123.97,17658037,2170486402.87,144671791.21,273305293.68,0.039406,0.039406,941.790874,892.581725
002714,2020-04-20,123.52,125.25,122.5,124.1,10028368,1243718772.58,144823499.95,273591892.76,0.001049,0.001049,942.778474,893.517723
002714,2020-04-21,123.81,124.45,121.68,123.51,9931731,1221199631.43,144065291.19,272291173.85,-0.004754,-0.004754,938.296288,889.269734
002714,2020-04-22,123.0,128.29,122.6,126.46,20798084,2625968738.98,147506248.27,278794768.4,0.023885,0.023885,960.707219,910.50968
002714,2020-04-23,126.62,131.68,126.62,128.01,15213478,1965413849.87,149314208.77,282211911.3,0.012257,0.012257,972.482454,921.669652
002714,2020-04-24,129.22,129.9,126.6,128.4,9697726,1246819813.38,178593763.22,283071708.54,0.003047,0.003047,975.445255,924.477645
002714,2020-04-27,130.96,136.56,128.44,133.2,20319493,2703078736.61,185270165.58,293653828.49,0.037383,0.037383,1011.910498,959.037557
002714,2020-04-28,134.0,134.98,130.0,133.7,15749338,2091607423.67,185965624.16,294756132.65,0.003754,0.003754,1015.708961,962.637548
002714,2020-04-29,133.3,133.68,128.21,128.9,13381092,1738106207.09,179289221.8,284174012.71,-0.035901,-0.035901,979.243718,928.077636
002714,2020-04-30,129.4,129.62,125.61,127.4,11539376,1465303219.9,177202846.06,280867100.22,-0.011637,-0.011637,967.848329,917.277663
002714,2020-05-06,124.86,125.95,122.81,123.8,17908997,2214156620.62,172195544.28,272930510.26,-0.028257,-0.028257,940.499397,891.357729
002714,2020-05-07,123.65,126.38,123.0,123.65,12090229,1506378222.13,171986906.71,272599819.02,-0.001212,-0.001212,939.359858,890.277732
002714,2020-05-08,123.91,124.3,121.21,123.3,11530745,1419055572.66,171500085.7,271828206.1,-0.002831,-0.002831,936.700934,887.757738
002714,2020-05-11,122.0,122.3,115.82,116.6,32367261,3821323522.5,162180940.74,257057330.35,-0.054339,-0.054339,885.801532,839.517861
002714,2020-05-12,115.5,117.81,115.3,116.03,14173205,1646807006.59,161388117.96,255800703.6,-0.004889,-0.004889,881.471284,835.413871
002714,2020-05-13,116.12,116.6,113.83,115.3,18686151,2145858643.16,160372748.43,254191339.53,-0.006291,-0.006291,875.925528,830.157884
002714,2020-05-14,115.1,115.1,112.15,112.83,21074663,2382747396.32,156937183.05,248745956.97,-0.021422,-0.021422,857.161122,812.373929
002714,2020-05-15,113.8,114.98,112.4,114.0,12967148,1475353500.4,158564556.13,251325348.71,0.01037,0.01037,866.049525,820.797908
002714,2020-05-18,114.9,119.95,114.9,119.3,26989719,3201247999.45,165936417.07,263009772.81,0.046491,0.046491,906.313231,858.957811
002714,2020-05-19,120.0,120.88,115.6,116.91,16436702,1930996127.34,162612125.06,257740758.93,-0.020034,-0.020034,888.156579,841.749855
002714,2020-05-20,116.0,116.0,112.38,113.3,20466849,2319597280.87,157590914.11,249782122.88,-0.030878,-0.030878,860.731677,815.757921
002714,2020-05-21,114.12,115.98,111.8,114.6,17335637,1965702569.49,159399106.42,252648113.7,0.011474,0.011474,870.60768,825.117897
002714,2020-05-22,115.01,119.18,113.6,116.57,16800989,1964239334.96,162139213.22,256991192.1,0.01719,0.01719,885.573624,839.301861
002714,2020-05-25,117.87,121.25,117.87,119.56,22153464,2662616612.63,166298055.53,263582970.98,0.02565,0.02565,908.288432,860.829806
002714,2020-05-26,120.0,120.49,116.13,117.28,12515256,1467454932.0,163126764.41,258556464.0,-0.01907,-0.01907,890.967441,844.413848
002714,2020-05-27,116.72,117.0,114.0,114.94,10497448,1210694072.73,159872018.26,253397680.53,-0.019952,-0.019952,873.190635,827.565891
002714,2020-05-28,116.0,116.8,114.05,115.3,9526961,1099369137.05,160372748.43,254191339.53,0.003132,0.003132,875.925528,830.157884
002714,2020-05-29,114.32,120.39,114.32,120.19,16269893,1924867458.43,167174333.34,264971874.22,0.042411,0.042411,913.074494,865.365794
002714,2020-06-01,120.51,122.52,118.3,119.99,13032823,1558921554.05,166896149.91,264530952.56,-0.001664,-0.001664,911.555109,863.925798
002714,2020-06-02,120.0,124.99,119.99,121.65,14232123,1743446644.06,169205072.39,268190602.37,0.013834,0.013834,924.166006,875.877768
002714,2020-06-03,123.24,124.5,119.51,120.29,12347197,1494654788.27,167313425.06,265192335.05,-0.01118,-0.01118,913.834187,866.085793
002714,2020-06-04,70.6,71.66,69.11,71.66,17887337,1267589204.76,169444310.12,268569794.97,0.017308,0.012735,929.650829,877.115396
002714,2020-06-05,71.66,71.68,69.12,69.18,23541054,1643705818.69,163580203.38,259275166.29,-0.034608,-0.034608,897.477593,846.7603
002714,2020-06-08,70.3,70.4,68.5,69.52,15499704,1079365223.95,164384153.5,260549429.9,0.004915,0.004915,901.88844,850.921886
002714,2020-06-09,69.73,70.48,68.9,69.4,11965997,830470199.99,164100406.4,260099689.8,-0.001726,-0.001726,900.331671,849.453091
002714,2020-06-10,69.4,71.32,69.13,69.62,20756337,1459847396.56,164620609.42,260924213.31,0.00317,0.00317,903.185748,852.145882
002714,2020-06-11,69.4,69.4,65.84,66.1,46135110,3099406554.88,156297361.14,247731837.12,-0.05056,-0.05056,857.52051,809.061229
002714,2020-06-12,65.46,66.88,65.18,66.7,23001906,1526725002.39,157716096.64,249980537.6,0.009077,0.009077,865.304357,816.405204
002714,2020-06-15,68.0,70.74,67.99,69.23,32638928,2271597848.59,163698431.34,259462558.0,0.037931,0.037931,898.126246,847.372298
002714,2020-06-16,70.0,70.03,67.58,68.96,19968932,1361480358.5,163060000.36,258450642.78,-0.0039,-0.0039,894.623515,844.067509
002714,2020-06-17,68.8,70.64,68.0,70.0,23389344,1626630997.98,165519141.9,262348390.29,0.015081,0.015081,908.115517,856.797065
002714,2020-06-18,70.43,73.18,70.28,72.11,31554289,2277549894.0,170508361.75,270256320.34,0.030143,0.030143,935.488713,882.623376
002714,2020-06-19,72.7,75.38,71.83,74.93,33428706,2469929262.09,177176418.61,280825212.63,0.039107,0.039107,972.072795,917.140058
002714,2020-06-22,75.1,77.4,73.81,75.94,31974943,2423282055.61,179564623.37,284610525.12,0.013479,0.013479,985.175605,929.502416
002714,2020-06-23,76.04,76.66,75.01,75.99,22560103,1710135299.17,179682851.33,284797916.83,0.000658,0.000658,985.824259,930.114414
002714,2020-06-24,76.11,77.77,74.97,75.2,19214297,1457195049.26,177814849.58,281837127.85,-0.010396,-0.010396,975.575527,920.444847
002714,2020-06-29,76.51,79.0,75.88,78.0,30654653,2382206456.46,184435615.26,292331063.47,0.037234,0.037234,1011.900148,954.71673
002714,2020-06-30,78.11,82.12,78.0,82.0,30876818,2484088056.52,193893851.94,307322400.05,0.051282,0.051282,1063.792463,1003.676562
002714,2020-07-01,82.65,85.99,82.26,83.28,41061351,3459277245.98,196920487.68,312119627.76,0.01561,0.01561,1080.398004,1019.343708
002714,2020-07-02,83.38,84.4,80.53,81.5,42317849,3466827732.18,192711572.36,305448482.98,-0.021374,-0.021374,1057.305924,997.556583
002714,2020-07-03,80.97,82.9,78.55,82.79,29504642,2390776702.36,195761853.68,310283189.03,0.015828,0.015828,1074.041196,1013.346129
002714,2020-07-06,83.5,88.37,83.5,87.98,42249734,3649533274.33,208033915.78,329734448.25,0.062689,0.062689,1141.371475,1076.871511
002714,2020-07-07,92.7,92.7,86.92,87.0,57938510,5165059229.92,205716647.79,326061570.79,-0.011139,-0.011139,1128.657858,1064.876352
002714,2020-07-08,87.08,89.26,86.6,87.85,31073957,2724988595.48,207726523.08,329247229.81,0.00977,0.00977,1139.684975,1075.280316
002714,2020-07-09,87.5,91.7,87.08,90.75,41785034,3748579925.45,214583744.68,340115948.84,0.033011,0.033011,1177.306904,1110.776194
002714,2020-07-10,89.3,90.69,88.5,89.41,26177844,2339290566.4,211415235.39,335093851.08,-0.014766,-0.014766,1159.922978,1094.37465
002714,2020-07-13,89.42,94.6,89.41,93.63,43289972,4021332851.5,221393675.09,350909711.18,0.047198,0.047198,1214.669371,1146.027273
002714,2020-07-14,93.68,96.68,91.5,96.3,39087101,3673040837.2,227707048.07,360916428.36,0.028517,0.028517,1249.307491,1178.707961
002714,2020-07-15,96.3,99.01,94.0,96.43,38230276,3724187273.06,228014440.76,361403646.8,0.00135,0.00135,1250.993991,1180.299156
002714,2020-07-16,96.5,97.5,90.0,90.02,44169837,4104275178.69,212857616.48,337380029.91,-0.066473,-0.066473,1167.836556,1101.841025
002714,2020-07-17,90.0,94.48,90.0,94.48,35943678,3340411160.52,223403550.38,354095370.21,0.049545,0.049545,1225.696488,1156.431238
002714,2020-07-20,96.0,99.0,95.0,96.98,39552084,3836873362.46,229314948.31,363464955.58,0.026461,0.026461,1258.129185,1187.031133
002714,2020-07-21,97.4,97.44,93.18,95.57,30572028,2909346350.72,225980919.88,358180509.43,-0.014539,-0.014539,1239.837144,1169.772792
002714,2020-07-22,94.9,95.94,93.21,93.52,44130605,4161348347.61,221133573.58,350497449.43,-0.02145,-0.02145,1213.242332,1144.680878
002714,2020-07-23,92.95,93.95,90.15,92.01,35762857,3278140646.67,217563089.23,344838219.87,-0.016146,-0.016146,1193.652983,1126.198541
002714,2020-07-24,91.8,94.6,87.5,89.25,51648933,4721790523.08,211036905.92,334494197.62,-0.029997,-0.029997,1157.847285,1092.416257
002714,2020-07-27,91.0,91.98,86.19,87.16,32953495,2914717594.07,206094977.26,326661224.25,-0.023417,-0.023417,1130.73355,1066.834745
002714,2020-07-28,88.21,90.79,87.8,90.24,32752354,2936424167.53,213377819.5,338204553.43,0.035337,0.035337,1170.690633,1104.533816
002714,2020-07-29,90.24,91.19,88.5,91.1,28614139,2583462977.28,215411340.39,341427690.79,0.00953,0.00953,1181.847481,1115.06018
002714,2020-07-30,90.89,92.88,90.39,91.04,28025552,2569780885.56,215269466.84,341202820.74,-0.000659,-0.000659,1181.069096,1114.325783
002714,2020-07-31,91.04,92.34,89.5,91.48,22571368,2055860629.9,216309872.87,342851867.77,0.004833,0.004833,1186.777251,1119.711365
002714,2020-08-03,92.0,95.55,91.98,93.42,34159672,3198467203.96,220897117.66,350122666.01,0.021207,0.021207,1211.945024,1143.456884
002714,2020-08-04,92.7,94.5,92.21,93.09,21940357,2046320362.85,220116813.14,348885880.74,-0.003532,-0.003532,1207.663908,1139.417698
002714,2020-08-05,93.9,95.0,92.27,94.7,32457362,3059912100.44,223923753.4,354919893.72,0.017295,0.017295,1228.550565,1159.124031
002714,2020-08-06,96.1,96.95,92.22,93.0,41197326,3900370080.58,219904002.81,348548575.67,-0.017951,-0.017951,1206.496331,1138.316102
002714,2020-08-07,91.88,93.18,89.58,90.82,32275429,2929792091.21,214749263.82,340378297.23,-0.023441,-0.023441,1178.215019,1111.632993
002714,2020-08-10,90.61,91.75,89.61,91.75,22594447,2053132667.64,216948303.85,343863782.99,0.01024,0.01024,1190.279982,1123.016154
002714,2020-08-11,91.5,96.86,91.5,93.93,44673496,4244501727.65,222103042.84,352034061.43,0.02376,0.02376,1218.561294,1149.699263
002714,2020-08-12,94.13,94.78,90.3,92.7,28045475,2572281286.68,219194635.06,347424225.43,-0.013095,-0.013095,1202.604407,1134.644115
002714,2020-08-13,92.8,94.66,91.72,92.0,22344656,2079365873.07,217539443.64,344800741.52,-0.007551,-0.007551,1193.523252,1126.076144
002714,2020-08-14,92.02,92.86,90.8,92.28,15588173,1430110534.35,218201520.21,345850135.09,0.003043,0.003043,1197.155714,1129.503332
002714,2020-08-17,92.27,93.38,91.25,91.71,25594380,2351628972.58,216853721.48,343713869.62,-0.006177,-0.006177,1189.761059,1122.526556
002714,2020-08-18,91.99,92.39,91.0,91.17,25737037,2353193819.3,215576859.53,341690039.18,-0.005888,-0.005888,1182.755596,1115.916979
002714,2020-08-19,91.3,91.6,89.58,89.6,23453781,2118384100.19,211864501.63,335805939.57,-0.017221,-0.017221,1162.387862,1096.700245
002714,2020-08-20,89.55,90.49,88.03,89.81,16295026,1456059756.1,212361059.06,336592984.74,0.002344,0.002344,1165.112209,1099.270636
002714,2020-08-21,90.13,90.48,89.05,89.74,17774561,1596048791.42,212195539.92,336330636.35,-0.000779,-0.000779,1164.204094,1098.413839
002714,2020-08-24,90.52,91.75,90.29,90.69,24093160,2195528970.13,214441871.13,339891078.79,0.010586,0.010586,1176.528519,1110.041799
002714,2020-08-25,91.01,91.33,90.09,90.2,13241530,1198877072.98,213283237.13,338054640.06,-0.005403,-0.005403,1170.17171,1104.04422
002714,2020-08-26,90.98,91.3,88.5,89.2,19760248,1766293169.52,210918677.96,334306805.91,-0.011086,-0.011086,1157.198631,1091.804262
002714,2020-08-27,89.15,89.15,87.65,88.6,14764282,1304413146.85,209499942.46,332058105.42,-0.006726,-0.006726,1149.414784,1084.460287
002714,2020-08-28,88.6,89.97,88.37,89.73,20744293,1852130164.85,212171894.32,336293158.01,0.012754,0.012754,1164.074363,1098.29144
002714,2020-08-31,87.58,88.77,85.47,87.8,35655671,3111943874.98,207615153.01,329059838.11,-0.021509,-0.021509,1139.036321,1074.668321
002714,2020-09-01,87.7,88.96,87.2,88.92,18138507,1598337699.01,210263546.76,333257412.35,0.012756,0.012756,1153.566169,1088.377074
002714,2020-09-02,89.31,93.0,89.0,89.29,38936972,3539877028.04,211138462.55,334644110.99,0.004161,0.004161,1158.366208,1092.905858
002714,2020-09-03,89.2,89.2,87.43,88.03,25418772,2236557988.94,219631803.99,329921839.96,-0.014111,-0.014111,1142.020129,1077.483511
002714,2020-09-04,86.51,87.86,86.0,87.45,18156222,1580941517.43,218184724.06,327748096.16,-0.006589,-0.006589,1134.495743,1070.384335
002714,2020-09-07,87.0,87.99,82.0,82.82,40360191,3409856662.2,206633034.26,310395624.05,-0.052945,-0.052945,1074.430388,1013.713329
002714,2020-09-08,82.82,83.65,81.09,82.78,27806171,2283468466.27,206533235.65,310245710.69,-0.000483,-0.000483,1073.911465,1013.223731
002714,2020-09-09,81.9,81.9,79.09,79.4,26177983,2096835131.86,198100252.6,297578031.27,-0.040831,-0.040831,1030.062459,971.852673
002714,2020-09-10,81.0,81.66,78.81,79.2,18406054,1475235894.84,197601259.52,296828464.44,-0.002519,-0.002519,1027.467843,969.404681
002714,2020-09-11,80.0,80.45,77.49,78.31,21102463,1655431032.57,195380740.32,293492892.05,-0.011237,-0.011237,1015.921803,958.511118
002714,2020-09-14,79.49,80.79,77.34,78.13,22075933,1738437004.82,194931646.55,292818281.91,-0.002299,-0.002299,1013.586649,956.307926
002714,2020-09-15,78.2,78.89,77.07,78.71,14757215,1153294877.13,196378726.48,294992025.71,0.007424,0.007424,1021.111035,963.407102
002714,2020-09-16,78.19,78.55,72.79,75.45,44631381,3364636231.36,188245139.28,282774086.39,-0.041418,-0.041418,978.818798,923.504839
002714,2020-09-17,75.0,75.13,72.61,74.09,29568516,2178983090.28,184851986.34,277677031.95,-0.018025,-0.018025,961.175411,906.858496
002714,2020-09-18,74.0,76.15,73.81,75.3,22895280,1720045059.93,187870894.47,282211911.27,0.016331,0.016331,976.872836,921.668845
002714,2020-09-21,75.3,75.31,73.05,73.83,18643937,1377837219.45,184203295.33,276702595.07,-0.019522,-0.019522,957.80241,903.676107
002714,2020-09-22,74.0,74.59,72.68,72.9,18143139,1335641030.53,181882977.51,273217109.32,-0.012597,-0.012597,945.737447,892.292946
002714,2020-09-23,72.9,74.88,72.66,74.52,18579733,1376558181.17,185924821.46,279288600.63,0.022222,0.022222,966.753835,912.121678
002714,2020-09-24,74.4,74.83,73.32,73.71,18579391,1371633592.43,183903899.49,276252854.98,-0.01087,-0.01087,956.245641,902.207312
002714,2020-09-25,74.2,75.05,73.57,73.95,20014975,1487818875.43,184502691.18,277152335.17,0.003256,0.003256,959.35918,905.144902
002714,2020-09-28,74.2,74.39,70.51,70.67,24519138,1765242185.37,176319204.68,264859439.17,-0.044354,-0.044354,916.807481,864.997839
002714,2020-09-29,72.43,74.29,71.15,74.0,24499956,1798383307.61,184627439.45,277339726.88,0.04712,0.04712,960.007833,905.756899
002714,2020-09-30,74.28,75.18,73.16,74.0,18769960,1391978613.26,184627439.45,277339726.88,0.0,0.0,960.007833,905.756899
002714,2020-10-09,74.99,74.99,72.01,72.58,24727431,1797825607.19,181084588.59,272017802.39,-0.019189,-0.019189,941.586061,888.376158
002714,2020-10-12,72.97,76.26,72.54,75.83,40522372,3034647044.53,189193226.13,284198263.37,0.044778,0.044778,983.748567,928.156022
002714,2020-10-13,75.99,81.89,75.02,81.35,39259229,3077153004.62,202965435.13,304886307.86,0.072794,0.072794,1055.359962,995.720591
002714,2020-10-14,80.5,81.08,77.82,78.0,35553019,2804885878.75,194607301.04,292331063.47,-0.04118,-0.04118,1011.900148,954.716731
002714,2020-10-15,77.5,77.57,75.39,76.3,22013251,1677991921.16,190365859.87,285959745.42,-0.021795,-0.021795,989.845914,933.908802
002714,2020-10-16,76.49,76.63,74.83,75.25,14289975,1079374857.76,187746146.2,282024519.56,-0.013761,-0.013761,976.224181,921.056846
002714,2020-10-19,75.6,76.8,73.82,74.2,17528390,1320570307.27,185126432.53,278089293.71,-0.013953,-0.013953,962.602448,908.20489
002714,2020-10-20,74.5,75.12,73.34,74.9,14611152,1084726985.39,186872908.31,280712777.61,0.009434,0.009434,971.683603,916.772861
002714,2020-10-21,74.9,74.91,72.87,73.04,17401408,1277143606.15,182232272.67,273741806.1,-0.024833,-0.024833,947.553676,894.006539
002714,2020-10-22,73.1,73.35,71.02,71.24,19946026,1432381013.01,177741334.95,266995704.63,-0.024644,-0.024644,924.202134,871.974614
002714,2020-10-23,71.0,71.44,68.9,69.02,21884957,1531392217.47,172202511.77,258675512.83,-0.031162,-0.031162,895.401899,844.801907
002714,2020-10-26,69.01,71.08,67.67,70.45,14116652,984452162.57,175770312.29,264034915.66,0.020719,0.020719,913.953402,862.305047
002714,2020-10-27,70.44,71.58,70.1,71.39,13073251,929749061.49,178115579.76,267557879.75,0.013343,0.013343,926.148096,873.810608
002714,2020-10-28,71.58,72.1,70.35,70.35,14196542,1010530734.11,175520815.75,263660132.24,-0.014568,-0.014568,912.656094,861.081052
002714,2020-10-29,69.61,72.8,69.1,72.0,18075166,1285493589.89,179637508.66,269844058.58,0.023454,0.023454,934.061674,881.276983
002714,2020-10-30,71.9,72.8,70.8,70.88,14544999,1039435101.98,176843147.41,265646484.34,-0.015556,-0.015556,919.531826,867.56823
002714,2020-11-02,71.12,73.24,71.1,71.9,17461230,1260395215.1,179388012.12,269469275.17,0.014391,0.014391,932.764366,880.052987
002714,2020-11-03,72.07,72.79,71.22,71.63,13246336,952047261.06,178714371.46,268457359.95,-0.003755,-0.003755,929.261635,876.748198
002714,2020-11-04,71.4,72.4,70.5,71.15,12626154,900426762.09,177516788.07,266658399.56,-0.006701,-0.006701,923.034557,870.873018
002714,2020-11-05,71.27,72.59,71.16,71.89,13228664,950215844.18,179363062.46,269431796.83,0.010401,0.010401,932.634635,879.930587
002714,2020-11-06,72.35,72.35,69.71,70.66,17787267,1251624681.28,176294255.02,264821960.83,-0.017109,-0.017109,916.677748,864.875439
002714,2020-11-09,70.5,72.26,69.95,71.65,21999974,1576070018.19,178764270.77,268532316.63,0.014011,0.014011,929.521096,876.992997
002714,2020-11-10,71.68,71.88,70.37,70.83,14944557,1058579877.65,176718399.14,265459092.63,-0.011445,-0.011445,918.883171,866.956231
002714,2020-11-11,70.41,71.38,70.26,70.47,12315162,870277207.06,175820211.6,264109872.34,-0.005083,-0.005083,914.212863,862.549846
002714,2020-11-12,70.27,70.43,67.71,68.11,24504099,1676342338.23,169932093.26,255264983.75,-0.033489,-0.033489,883.596397,833.663545
002714,2020-11-13,68.12,70.3,67.72,70.08,18994865,1307808636.99,174847175.09,262648217.02,0.028924,0.028924,909.153362,857.776262
002714,2020-11-16,70.62,72.95,69.81,72.83,30755116,2211479388.74,181708329.94,272954760.93,0.039241,0.039241,944.829329,891.436147
002714,2020-11-17,72.57,73.58,71.8,72.35,17819052,1292413877.97,180510746.55,271155800.54,-0.006591,-0.006591,938.602251,885.560967
002714,2020-11-18,72.5,72.95,71.3,72.6,14800027,1067248647.11,181134487.89,272092759.07,0.003455,0.003455,941.845521,888.620957
002714,2020-11-19,72.89,76.27,72.2,75.19,31124380,2332128758.29,187596448.28,281799649.51,0.035675,0.035675,975.445795,920.322448
002714,2020-11-20,74.8,75.0,72.0,72.97,23960894,1753206151.13,182057625.09,273479457.71,-0.029525,-0.029525,946.64556,893.149741
002714,2020-11-23,72.7,72.72,71.08,72.0,17364958,1246510662.32,179637508.66,269844058.58,-0.013293,-0.013293,934.061674,881.276982
002714,2020-11-24,71.5,73.5,71.21,72.42,11880109,860268029.75,180685394.12,271418148.93,0.005833,0.005833,939.510367,886.417764
002714,2020-11-25,72.45,73.2,71.99,72.58,9717430,705069507.09,181084588.59,272017802.39,0.002209,0.002209,941.58606,888.376157
002714,2020-11-26,73.1,75.3,72.79,75.0,27518703,2048190089.96,187122404.85,281087561.03,0.033343,0.033343,972.980911,917.996856
002714,2020-11-27,76.38,78.99,76.38,77.18,33572336,2603226472.31,192561429.42,289257839.47,0.029067,0.029067,1001.262223,944.679965
002714,2020-11-30,78.5,78.86,77.0,77.0,26342864,2051504745.7,192112335.65,288583229.32,-0.002332,-0.002332,998.927069,942.476773
002714,2020-12-01,77.0,78.68,76.9,78.25,17416718,1359158156.69,195231042.39,293268022.0,0.016234,0.016234,1015.143417,957.776721
002714,2020-12-02,78.9,79.96,78.04,79.22,16642933,1313687203.33,197651158.83,296903421.13,0.012396,0.012396,1027.727303,969.64948
002714,2020-12-03,79.71,79.78,78.11,79.07,16656550,1315903317.52,197276914.02,296341246.0,-0.001893,-0.001893,1025.781341,967.813486
002714,2020-12-04,78.9,79.47,77.38,78.14,15471856,1208885491.73,194956596.2,292855760.25,-0.011762,-0.011762,1013.716378,956.430325
002714,2020-12-07,77.87,78.8,76.89,78.77,22916815,1783837181.33,196528424.4,295216895.76,0.008062,0.008062,1021.889418,964.141499
002714,2020-12-08,78.94,79.5,78.2,78.22,19710641,1553922120.08,195156193.43,293155586.98,-0.006982,-0.006982,1014.754225,957.409522
002714,2020-12-09,78.5,78.99,76.39,76.58,18184645,1411091598.06,191064450.18,287009138.98,-0.020967,-0.020967,993.478376,937.335991
002714,2020-12-10,76.35,76.93,75.0,75.0,16442484,1247096927.73,187122404.85,281087561.03,-0.020632,-0.020632,972.980911,917.996857
002714,2020-12-11,75.09,75.38,72.7,73.7,24273389,1790273054.66,183878949.83,276215376.63,-0.017333,-0.017333,956.115909,902.084912
002714,2020-12-14,75.0,75.49,73.27,74.85,18954333,1412908943.19,186748160.04,280525385.9,0.015604,0.015604,971.03495,916.160864
002714,2020-12-15,74.99,75.44,73.85,75.06,15140104,1133409376.88,187272102.77,281312431.07,0.002806,0.002806,973.759297,918.731255
002714,2020-12-16,75.1,75.55,73.65,74.53,13812238,1029189108.91,185949771.11,279326078.98,-0.007061,-0.007061,966.883565,912.244077
002714,2020-12-17,74.51,75.2,74.2,74.73,13745299,1027994430.57,186448764.19,280075645.81,0.002683,0.002683,969.478181,914.692069
002714,2020-12-18,75.01,75.2,73.08,73.21,15262626,1126939651.17,182656416.79,274378937.9,-0.02034,-0.02034,949.759101,896.087333
002714,2020-12-21,72.55,74.0,71.5,74.0,16823803,1229977784.82,184627439.45,277339726.88,0.010791,0.010791,960.007833,905.7569
002714,2020-12-22,73.36,73.75,71.24,71.35,19315090,1394348840.37,178015781.15,267407966.39,-0.035811,-0.035811,925.629174,873.321011
002714,2020-12-23,71.31,72.31,70.39,71.98,16161592,1150489457.84,179587609.35,269769101.9,0.00883,0.00883,933.802214,881.032185
002714,2020-12-24,71.98,75.66,71.3,75.65,29432085,2194674052.78,188744132.36,283523653.22,0.050986,0.050986,981.413413,925.952831
002714,2020-12-25,75.0,75.56,74.16,74.33,13453813,1004132474.24,185450778.03,278576512.15,-0.017449,-0.017449,964.288949,909.796086
002714,2020-12-28,74.49,77.6,74.2,77.5,27859282,2120837315.04,193359818.35,290457146.39,0.042648,0.042648,1005.413609,948.596753
002714,2020-12-29,77.51,77.78,75.75,76.45,18175775,1389055596.38,190740104.68,286521920.54,-0.013548,-0.013548,991.791876,935.744797
002714,2020-12-30,76.31,77.44,75.75,76.27,16686839,1276570112.59,190291010.91,285847310.39,-0.002354,-0.002354,989.456722,933.541604
002714,2020-12-31,75.75,78.29,75.75,77.1,17675202,1361546836.27,192361832.19,288958012.73,0.010882,0.010882,1000.224377,943.700769
