日期,开盘,收盘,最高,最低,成交量,成交额,振幅,涨跌幅,涨跌额,换手率,名称,代码,复权方式
2014-01-28,-3.7,-3.37,-3.37,-3.7,14352,49033776.0,-8.29,15.33,0.61,2.37,牧原股份,002714,前复权
2014-01-29,-3.16,-3.37,-3.16,-3.38,167086,613677568.0,-6.53,0.0,0.0,27.62,牧原股份,002714,前复权
2014-01-30,-3.43,-3.58,-3.42,-3.58,144359,461914480.0,-4.75,-6.23,-0.21,23.86,牧原股份,002714,前复权
2014-02-07,-3.61,-3.6,-3.58,-3.64,79994,243463172.0,-1.68,-0.56,-0.02,13.22,牧原股份,002714,前复权
2014-02-10,-3.59,-3.48,-3.47,-3.59,119384,380857792.0,-3.33,3.33,0.12,19.73,牧原股份,002714,前复权
2014-02-11,-3.48,-3.29,-3.29,-3.48,122427,419102576.0,-5.46,5.46,0.19,20.24,牧原股份,002714,前复权
2014-02-12,-3.22,-3.19,-3.12,-3.28,123965,463802000.0,-4.86,3.04,0.1,20.49,牧原股份,002714,前复权
2014-02-13,-3.24,-3.27,-3.2,-3.28,70488,260624944.0,-2.51,-2.51,-0.08,11.65,牧原股份,002714,前复权
2014-02-14,-3.24,-3.16,-3.15,-3.25,79267,299793952.0,-3.06,3.36,0.11,13.10,牧原股份,002714,前复权
2014-02-17,-3.14,-3.11,-3.03,-3.2,104755,408587104.0,-5.38,1.58,0.05,17.31,牧原股份,002714,前复权
2014-02-18,-3.11,-3.03,-2.97,-3.17,130490,517965296.0,-6.43,2.57,0.08,21.57,牧原股份,002714,前复权
2014-02-19,-3.07,-3.17,-3.06,-3.25,71848,274588224.0,-6.27,-4.62,-0.14,11.88,牧原股份,002714,前复权
2014-02-20,-3.17,-3.18,-3.1,-3.24,50532,192237979.0,-4.42,-0.32,-0.01,8.35,牧原股份,002714,前复权
2014-02-21,-3.21,-3.16,-3.15,-3.24,47470,178405300.0,-2.83,0.63,0.02,7.85,牧原股份,002714,前复权
2014-02-24,-3.15,-3.27,-3.15,-3.28,66176,243489841.0,-4.11,-3.48,-0.11,10.94,牧原股份,002714,前复权
2014-02-25,-3.26,-3.43,-3.21,-3.43,67153,240897201.0,-6.73,-4.89,-0.16,11.10,牧原股份,002714,前复权
2014-02-26,-3.43,-3.46,-3.42,-3.53,46972,154705497.0,-3.21,-0.87,-0.03,7.76,牧原股份,002714,前复权
2014-02-27,-3.43,-3.46,-3.36,-3.48,42620,143486151.0,-3.47,0.0,0.0,7.04,牧原股份,002714,前复权
2014-02-28,-3.49,-3.36,-3.31,-3.5,48252,164475441.0,-5.49,2.89,0.1,7.98,牧原股份,002714,前复权
2014-03-03,-3.36,-3.23,-3.21,-3.37,70556,256543623.0,-4.76,3.87,0.13,11.66,牧原股份,002714,前复权
2014-03-04,-3.26,-3.28,-3.16,-3.34,74068,271015632.0,-5.57,-1.55,-0.05,12.24,牧原股份,002714,前复权
2014-03-05,-3.29,-3.28,-3.23,-3.33,47531,172029889.0,-3.05,0.0,0.0,7.86,牧原股份,002714,前复权
2014-03-06,-3.28,-3.24,-3.21,-3.4,50566,183353307.0,-5.79,1.22,0.04,8.36,牧原股份,002714,前复权
2014-03-07,-3.27,-3.39,-3.24,-3.39,38135,135050504.0,-4.63,-4.63,-0.15,6.30,牧原股份,002714,前复权
2014-03-10,-3.42,-3.4,-3.32,-3.46,40232,136736718.0,-4.13,-0.29,-0.01,6.65,牧原股份,002714,前复权
2014-03-11,-3.4,-3.4,-3.35,-3.43,19812,67921214.0,-2.35,0.0,0.0,3.27,牧原股份,002714,前复权
2014-03-12,-3.4,-3.4,-3.38,-3.46,21494,72295184.0,-2.35,0.0,0.0,3.55,牧原股份,002714,前复权
2014-03-13,-3.41,-3.29,-3.25,-3.41,52604,188148437.0,-4.71,3.24,0.11,8.69,牧原股份,002714,前复权
2014-03-14,-3.32,-3.36,-3.28,-3.38,21420,75351929.0,-3.04,-2.13,-0.07,3.54,牧原股份,002714,前复权
2014-03-17,-3.36,-3.37,-3.36,-3.43,23541,80390897.0,-2.08,-0.3,-0.01,3.89,牧原股份,002714,前复权
2014-03-18,-3.38,-3.33,-3.31,-3.39,23944,83992175.0,-2.37,1.19,0.04,3.96,牧原股份,002714,前复权
2014-03-19,-3.35,-3.29,-3.27,-3.36,43906,157775721.0,-2.7,1.2,0.04,7.26,牧原股份,002714,前复权
2014-03-20,-3.3,-3.35,-3.29,-3.35,23330,82939185.0,-1.82,-1.82,-0.06,3.86,牧原股份,002714,前复权
2014-03-21,-3.38,-3.34,-3.33,-3.43,20152,69204007.0,-2.99,0.3,0.01,3.33,牧原股份,002714,前复权
2014-03-24,-3.36,-3.35,-3.28,-3.39,20885,73320241.0,-3.29,-0.3,-0.01,3.45,牧原股份,002714,前复权
2014-03-25,-3.37,-3.3,-3.29,-3.39,17857,62736642.0,-2.99,1.49,0.05,2.95,牧原股份,002714,前复权
2014-03-26,-3.3,-3.3,-3.26,-3.32,15833,57057998.0,-1.82,0.0,0.0,2.62,牧原股份,002714,前复权
2014-03-27,-3.3,-3.34,-3.28,-3.38,19383,68404386.0,-3.03,-1.21,-0.04,3.20,牧原股份,002714,前复权
2014-03-28,-3.33,-3.38,-3.29,-3.43,25604,89701343.0,-4.19,-1.2,-0.04,4.23,牧原股份,002714,前复权
2014-03-31,-3.58,-3.58,-3.52,-3.58,28759,89668272.0,-1.78,-5.92,-0.2,4.75,牧原股份,002714,前复权
2014-04-01,-3.66,-3.58,-3.57,-3.7,44112,133420260.0,-3.63,0.0,0.0,7.29,牧原股份,002714,前复权
2014-04-02,-3.61,-3.59,-3.57,-3.67,36143,109360894.0,-2.79,-0.28,-0.01,5.97,牧原股份,002714,前复权
2014-04-03,-3.62,-3.56,-3.5,-3.62,22403,70896746.0,-3.34,0.84,0.03,3.70,牧原股份,002714,前复权
2014-04-04,-3.57,-3.48,-3.46,-3.59,16455,52907266.0,-3.65,2.25,0.08,2.72,牧原股份,002714,前复权
2014-04-08,-3.52,-3.5,-3.46,-3.52,14063,46009331.0,-1.72,-0.57,-0.02,2.32,牧原股份,002714,前复权
2014-04-09,-3.49,-3.48,-3.46,-3.5,13724,44688733.0,-1.14,0.57,0.02,2.27,牧原股份,002714,前复权
2014-04-10,-3.47,-3.52,-3.47,-3.52,10452,33938041.0,-1.44,-1.15,-0.04,1.73,牧原股份,002714,前复权
2014-04-11,-3.54,-3.48,-3.47,-3.56,11802,37832768.0,-2.56,1.14,0.04,1.95,牧原股份,002714,前复权
2014-04-14,-3.48,-3.31,-3.29,-3.48,46084,161998724.0,-5.46,4.89,0.17,7.62,牧原股份,002714,前复权
2014-04-15,-3.32,-3.31,-3.2,-3.33,41842,151907040.0,-3.93,0.0,0.0,6.92,牧原股份,002714,前复权
2014-04-16,-3.32,-3.26,-3.19,-3.32,35170,129834420.0,-3.93,1.51,0.05,5.81,牧原股份,002714,前复权
2014-04-17,-3.29,-3.29,-3.23,-3.29,21291,77424739.0,-1.84,-0.92,-0.03,3.52,牧原股份,002714,前复权
2014-04-18,-3.29,-3.32,-3.27,-3.34,10909,38735341.0,-2.13,-0.91,-0.03,1.80,牧原股份,002714,前复权
2014-04-21,-3.35,-3.24,-3.21,-3.36,18958,69933804.0,-4.52,2.41,0.08,3.13,牧原股份,002714,前复权
2014-04-22,-3.25,-3.24,-3.23,-3.3,22988,83771848.0,-2.16,0.0,0.0,3.80,牧原股份,002714,前复权
2014-04-23,-3.24,-3.3,-3.21,-3.33,16919,61339250.0,-3.7,-1.85,-0.06,2.80,牧原股份,002714,前复权
2014-04-24,-3.3,-3.34,-3.26,-3.34,7462,26639101.0,-2.42,-1.21,-0.04,1.23,牧原股份,002714,前复权
2014-04-25,-3.35,-3.36,-3.29,-3.36,12371,43532679.0,-2.1,-0.6,-0.02,2.04,牧原股份,002714,前复权
2014-04-28,-3.39,-3.42,-3.37,-3.44,15803,53868140.0,-2.08,-1.79,-0.06,2.61,牧原股份,002714,前复权
2014-04-29,-3.42,-3.3,-3.29,-3.43,10089,35565343.0,-4.09,3.51,0.12,1.67,牧原股份,002714,前复权
2014-04-30,-3.27,-3.34,-3.27,-3.35,7215,25489787.0,-2.42,-1.21,-0.04,1.19,牧原股份,002714,前复权
2014-05-05,-3.35,-3.19,-3.13,-3.36,46412,176742899.0,-6.89,4.49,0.15,7.67,牧原股份,002714,前复权
2014-05-06,-3.23,-3.13,-3.1,-3.25,44635,171367463.0,-4.7,1.88,0.06,7.38,牧原股份,002714,前复权
2014-05-07,-3.14,-3.06,-3.0,-3.17,37468,148163233.0,-5.43,2.24,0.07,6.19,牧原股份,002714,前复权
2014-05-08,-3.07,-3.1,-3.03,-3.12,20709,81919650.0,-2.94,-1.31,-0.04,3.42,牧原股份,002714,前复权
2014-05-09,-3.12,-3.16,-3.1,-3.24,27164,102324399.0,-4.52,-1.94,-0.06,4.49,牧原股份,002714,前复权
2014-05-12,-3.17,-3.1,-3.09,-3.21,18137,69780021.0,-3.8,1.9,0.06,3.00,牧原股份,002714,前复权
2014-05-13,-3.09,-3.19,-3.07,-3.2,16915,64766795.0,-4.19,-2.9,-0.09,2.80,牧原股份,002714,前复权
2014-05-14,-3.19,-3.16,-3.14,-3.22,9545,36345724.0,-2.51,0.94,0.03,1.58,牧原股份,002714,前复权
2014-05-15,-3.19,-3.16,-3.08,-3.19,16247,63054459.0,-3.48,0.0,0.0,2.69,牧原股份,002714,前复权
2014-05-16,-3.17,-3.06,-3.05,-3.23,17190,67074345.0,-5.7,3.16,0.1,2.84,牧原股份,002714,前复权
2014-05-19,-3.08,-3.07,-3.02,-3.16,17471,68884188.0,-4.58,-0.33,-0.01,2.89,牧原股份,002714,前复权
2014-05-20,-3.02,-3.02,-2.93,-3.1,20444,82985528.0,-5.54,1.63,0.05,3.38,牧原股份,002714,前复权
2014-05-21,-3.05,-3.06,-3.03,-3.14,15001,59515989.0,-3.64,-1.32,-0.04,2.48,牧原股份,002714,前复权
2014-05-22,-3.08,-3.12,-3.03,-3.12,10968,43353644.0,-2.94,-1.96,-0.06,1.81,牧原股份,002714,前复权
2014-05-23,-3.12,-3.08,-3.07,-3.14,12857,50360921.0,-2.24,1.28,0.04,2.13,牧原股份,002714,前复权
2014-05-26,-3.1,-3.07,-3.06,-3.13,14889,58409482.0,-2.27,0.32,0.01,2.46,牧原股份,002714,前复权
2014-05-27,-3.06,-3.03,-2.94,-3.1,14143,57591575.0,-5.21,1.3,0.04,2.34,牧原股份,002714,前复权
2014-05-28,-3.05,-2.98,-2.98,-3.11,11083,44235706.0,-4.29,1.65,0.05,1.83,牧原股份,002714,前复权
2014-05-29,-3.0,-3.08,-2.99,-3.08,9396,37829966.0,-3.02,-3.36,-0.1,1.55,牧原股份,002714,前复权
2014-05-30,-3.08,-3.09,-3.02,-3.11,9855,39020986.0,-2.92,-0.32,-0.01,1.63,牧原股份,002714,前复权
2014-06-03,-3.09,-3.08,-3.07,-3.12,3933,15517643.0,-1.62,0.32,0.01,0.65,牧原股份,002714,前复权
2014-06-04,-3.07,-3.18,-3.07,-3.19,13555,51660714.0,-3.9,-3.25,-0.1,2.24,牧原股份,002714,前复权
2014-06-05,-3.2,-3.19,-3.17,-3.21,12558,47189853.0,-1.26,-0.31,-0.01,2.08,牧原股份,002714,前复权
2014-06-06,-3.19,-3.16,-3.11,-3.19,6748,25905238.0,-2.51,0.94,0.03,1.12,牧原股份,002714,前复权
2014-06-09,-3.16,-3.14,-3.11,-3.18,10532,40766132.0,-2.22,0.63,0.02,1.74,牧原股份,002714,前复权
2014-06-10,-3.13,-3.06,-3.03,-3.14,12158,48074828.0,-3.5,2.55,0.08,2.01,牧原股份,002714,前复权
2014-06-11,-3.06,-3.1,-3.06,-3.1,4509,17810492.0,-1.31,-1.31,-0.04,0.75,牧原股份,002714,前复权
2014-06-12,-3.08,-3.09,-3.05,-3.11,5257,20840113.0,-1.94,0.32,0.01,0.87,牧原股份,002714,前复权
2014-06-13,-3.09,-3.08,-3.05,-3.11,7858,31226972.0,-1.94,0.32,0.01,1.30,牧原股份,002714,前复权
2014-06-16,-3.06,-3.0,-2.97,-3.08,16234,66258684.0,-3.57,2.6,0.08,2.68,牧原股份,002714,前复权
2014-06-17,-3.01,-2.99,-2.98,-3.02,8166,33515181.0,-1.33,0.33,0.01,1.35,牧原股份,002714,前复权
2014-06-18,-3.0,-3.04,-3.0,-3.11,6658,26524578.0,-3.68,-1.67,-0.05,1.10,牧原股份,002714,前复权
2014-06-19,-3.04,-3.13,-3.04,-3.16,5696,22256273.0,-3.95,-2.96,-0.09,0.94,牧原股份,002714,前复权
2014-06-20,-3.15,-3.04,-3.03,-3.15,3556,14139842.0,-3.83,2.88,0.09,0.59,牧原股份,002714,前复权
2014-06-23,-3.04,-3.01,-2.96,-3.05,8306,34015828.0,-2.96,0.99,0.03,1.37,牧原股份,002714,前复权
2014-06-24,-3.01,-3.06,-3.0,-3.09,6292,25085912.0,-2.99,-1.66,-0.05,1.04,牧原股份,002714,前复权
2014-06-25,-3.08,-2.9,-2.9,-3.11,13859,56937904.0,-6.86,5.23,0.16,2.29,牧原股份,002714,前复权
2014-06-26,-2.94,-2.83,-2.77,-2.94,25892,112816751.0,-5.86,2.41,0.07,4.28,牧原股份,002714,前复权
2014-06-27,-2.87,-2.86,-2.81,-2.9,18636,80630001.0,-3.18,-1.06,-0.03,3.08,牧原股份,002714,前复权
2014-06-30,-2.88,-2.82,-2.81,-2.91,12530,54586418.0,-3.5,1.4,0.04,2.07,牧原股份,002714,前复权
2014-07-01,-2.82,-2.82,-2.8,-2.85,8716,38300586.0,-1.77,0.0,0.0,1.44,牧原股份,002714,前复权
2014-07-02,-2.82,-2.86,-2.82,-2.92,11472,49440969.0,-3.55,-1.42,-0.04,1.90,牧原股份,002714,前复权
2014-07-03,-2.87,-2.91,-2.87,-2.92,8772,37499464.0,-1.75,-1.75,-0.05,1.45,牧原股份,002714,前复权
2014-07-04,-2.89,-2.88,-2.84,-2.91,5498,23579420.0,-2.41,1.03,0.03,0.91,牧原股份,002714,前复权
2014-07-07,-2.89,-2.92,-2.86,-2.97,8241,34501171.0,-3.82,-1.39,-0.04,1.36,牧原股份,002714,前复权
2014-07-08,-2.93,-2.92,-2.87,-2.97,11297,47478579.0,-3.42,0.0,0.0,1.87,牧原股份,002714,前复权
2014-07-09,-2.93,-2.96,-2.9,-2.98,8400,34971796.0,-2.74,-1.37,-0.04,1.39,牧原股份,002714,前复权
2014-07-10,-2.98,-2.97,-2.94,-2.98,7331,30214657.0,-1.35,-0.34,-0.01,1.21,牧原股份,002714,前复权
2014-07-11,-2.98,-2.93,-2.92,-3.03,12915,53090593.0,-3.7,1.35,0.04,2.13,牧原股份,002714,前复权
2014-07-14,-2.92,-2.79,-2.75,-2.93,14016,61617979.0,-6.14,4.78,0.14,2.32,牧原股份,002714,前复权
2014-07-15,-2.81,-2.72,-2.64,-2.84,13835,63151398.0,-7.17,2.51,0.07,2.29,牧原股份,002714,前复权
2014-07-16,-2.74,-2.72,-2.63,-2.79,8640,39440773.0,-5.88,0.0,0.0,1.43,牧原股份,002714,前复权
2014-07-17,-2.71,-2.71,-2.7,-2.79,3098,14027826.0,-3.31,0.37,0.01,0.51,牧原股份,002714,前复权
2014-07-18,-2.75,-2.67,-2.66,-2.77,5211,24066901.0,-4.06,1.48,0.04,0.86,牧原股份,002714,前复权
2014-07-21,-2.67,-2.62,-2.61,-2.74,7428,34582743.0,-4.87,1.87,0.05,1.23,牧原股份,002714,前复权
2014-07-22,-2.67,-2.5,-2.35,-2.68,9868,49100997.0,-12.6,4.58,0.12,1.63,牧原股份,002714,前复权
2014-07-23,-2.47,-2.49,-2.37,-2.6,10491,51402465.0,-9.2,0.4,0.01,1.73,牧原股份,002714,前复权
2014-07-24,-2.47,-2.54,-2.46,-2.64,9646,47008909.0,-7.23,-2.01,-0.05,1.59,牧原股份,002714,前复权
2014-07-25,-2.54,-2.56,-2.52,-2.64,7543,35916717.0,-4.72,-0.79,-0.02,1.25,牧原股份,002714,前复权
2014-07-28,-2.56,-2.5,-2.46,-2.64,7441,36088889.0,-7.03,2.34,0.06,1.23,牧原股份,002714,前复权
2014-07-29,-2.5,-2.55,-2.5,-2.59,9679,46792640.0,-3.6,-2.0,-0.05,1.60,牧原股份,002714,前复权
2014-07-30,-2.69,-2.6,-2.57,-2.69,8800,41478842.0,-4.71,-1.96,-0.05,1.45,牧原股份,002714,前复权
2014-07-31,-2.62,-2.44,-2.37,-2.62,12615,62945796.0,-9.62,6.15,0.16,2.09,牧原股份,002714,前复权
2014-08-01,-2.44,-2.4,-2.31,-2.47,6932,35570898.0,-6.56,1.64,0.04,1.15,牧原股份,002714,前复权
2014-08-04,-2.42,-2.31,-2.25,-2.49,9853,51335788.0,-10.0,3.75,0.09,1.63,牧原股份,002714,前复权
2014-08-05,-2.34,-2.31,-2.28,-2.41,5013,26049337.0,-5.63,0.0,0.0,0.83,牧原股份,002714,前复权
2014-08-06,-2.31,-2.36,-2.31,-2.42,5669,29216698.0,-4.76,-2.16,-0.05,0.94,牧原股份,002714,前复权
2014-08-07,-2.36,-2.44,-2.34,-2.46,15917,79717769.0,-5.08,-3.39,-0.08,2.63,牧原股份,002714,前复权
2014-08-08,-2.44,-2.33,-2.29,-2.49,8172,41663725.0,-8.2,4.51,0.11,1.35,牧原股份,002714,前复权
2014-08-11,-2.35,-2.08,-2.05,-2.35,14060,76971234.0,-12.88,10.73,0.25,2.32,牧原股份,002714,前复权
2014-08-12,-2.05,-2.11,-2.05,-2.18,8180,45554479.0,-6.25,-1.44,-0.03,1.35,牧原股份,002714,前复权
2014-08-13,-2.12,-2.18,-2.07,-2.19,6656,36798006.0,-5.69,-3.32,-0.07,1.10,牧原股份,002714,前复权
2014-08-14,-2.19,-2.22,-2.14,-2.23,5496,29923368.0,-4.13,-1.83,-0.04,0.91,牧原股份,002714,前复权
2014-08-15,-2.21,-2.22,-2.18,-2.22,3919,21296208.0,-1.8,0.0,0.0,0.65,牧原股份,002714,前复权
2014-08-18,-2.22,-2.21,-2.15,-2.23,7265,39603042.0,-3.6,0.45,0.01,1.20,牧原股份,002714,前复权
2014-08-19,-2.22,-2.19,-2.14,-2.34,13920,74550112.0,-9.05,0.9,0.02,2.30,牧原股份,002714,前复权
2014-08-20,-2.21,-2.26,-2.19,-2.27,7555,40628388.0,-3.65,-3.2,-0.07,1.25,牧原股份,002714,前复权
2014-08-21,-2.27,-2.26,-2.25,-2.31,8690,45901814.0,-2.65,0.0,0.0,1.44,牧原股份,002714,前复权
2014-08-22,-2.25,-2.19,-2.19,-2.29,7541,40593884.0,-4.42,3.1,0.07,1.25,牧原股份,002714,前复权
2014-08-25,-2.18,-2.34,-2.18,-2.34,10872,57674370.0,-7.31,-6.85,-0.15,1.80,牧原股份,002714,前复权
2014-08-26,-2.33,-2.35,-2.31,-2.4,8750,45160169.0,-3.85,-0.43,-0.01,1.45,牧原股份,002714,前复权
2014-08-27,-2.35,-2.4,-2.32,-2.41,6393,32713671.0,-3.83,-2.13,-0.05,1.06,牧原股份,002714,前复权
2014-08-28,-2.4,-2.46,-2.37,-2.47,6828,34375268.0,-4.17,-2.5,-0.06,1.13,牧原股份,002714,前复权
2014-08-29,-2.46,-2.37,-2.35,-2.52,10157,51042476.0,-6.91,3.66,0.09,1.68,牧原股份,002714,前复权
2014-09-01,-2.38,-2.38,-2.38,-2.47,9854,49665157.0,-3.8,-0.42,-0.01,1.63,牧原股份,002714,前复权
2014-09-02,-2.4,-2.35,-2.35,-2.45,6019,30868887.0,-4.2,1.26,0.03,0.99,牧原股份,002714,前复权
2014-09-03,-2.35,-2.34,-2.31,-2.38,6332,33003538.0,-2.98,0.43,0.01,1.05,牧原股份,002714,前复权
2014-09-04,-2.34,-2.32,-2.31,-2.44,6988,35999453.0,-5.56,0.85,0.02,1.16,牧原股份,002714,前复权
2014-09-05,-2.38,-2.33,-2.31,-2.38,4703,24308010.0,-3.02,-0.43,-0.01,0.78,牧原股份,002714,前复权
2014-09-09,-2.35,-2.35,-2.34,-2.43,5227,26899578.0,-3.86,-0.86,-0.02,0.86,牧原股份,002714,前复权
2014-09-10,-2.38,-2.34,-2.33,-2.41,4585,23632353.0,-3.4,0.43,0.01,0.76,牧原股份,002714,前复权
2014-09-11,-2.34,-2.38,-2.33,-2.4,4880,25225599.0,-2.99,-1.71,-0.04,0.81,牧原股份,002714,前复权
2014-09-12,-2.38,-2.39,-2.36,-2.4,3926,20150427.0,-1.68,-0.42,-0.01,0.65,牧原股份,002714,前复权
2014-09-15,-2.39,-2.43,-2.38,-2.45,12001,60867578.0,-2.93,-1.67,-0.04,1.98,牧原股份,002714,前复权
2014-09-16,-2.4,-2.46,-2.4,-2.48,8807,44432145.0,-3.29,-1.23,-0.03,1.46,牧原股份,002714,前复权
2014-09-17,-2.46,-2.3,-2.28,-2.49,8711,45009087.0,-8.54,6.5,0.16,1.44,牧原股份,002714,前复权
2014-09-18,-2.28,-2.28,-2.24,-2.3,12241,64999336.0,-2.61,0.87,0.02,2.02,牧原股份,002714,前复权
2014-09-19,-2.27,-2.32,-2.27,-2.34,3462,18102303.0,-3.07,-1.75,-0.04,0.57,牧原股份,002714,前复权
2014-09-22,-2.32,-2.44,-2.32,-2.45,4847,24673263.0,-5.6,-5.17,-0.12,0.80,牧原股份,002714,前复权
2014-09-23,-2.46,-2.43,-2.39,-2.46,3853,19445913.0,-2.87,0.41,0.01,0.64,牧原股份,002714,前复权
2014-09-24,-2.42,-2.43,-2.39,-2.46,6029,30439838.0,-2.88,0.0,0.0,1.00,牧原股份,002714,前复权
2014-09-25,-2.41,-2.41,-2.4,-2.46,5380,27218507.0,-2.47,0.82,0.02,0.89,牧原股份,002714,前复权
2014-09-26,-2.41,-2.43,-2.4,-2.46,6322,31729297.0,-2.49,-0.83,-0.02,1.04,牧原股份,002714,前复权
2014-09-29,-2.42,-2.28,-2.22,-2.42,12758,66831676.0,-8.23,6.17,0.15,2.11,牧原股份,002714,前复权
2014-09-30,-2.3,-2.17,-2.14,-2.3,9931,53858087.0,-7.02,4.82,0.11,1.64,牧原股份,002714,前复权
2014-10-08,-2.17,-2.19,-2.12,-2.22,4396,24075626.0,-4.61,-0.92,-0.02,0.73,牧原股份,002714,前复权
2014-10-09,-2.17,-2.19,-2.16,-2.24,4036,21879272.0,-3.65,0.0,0.0,0.67,牧原股份,002714,前复权
2014-10-10,-2.19,-2.26,-2.19,-2.26,5527,29657070.0,-3.2,-3.2,-0.07,0.91,牧原股份,002714,前复权
2014-10-13,-2.26,-2.41,-2.26,-2.42,9936,51158727.0,-7.08,-6.64,-0.15,1.64,牧原股份,002714,前复权
2014-10-14,-2.43,-2.36,-2.34,-2.44,4692,24187541.0,-4.15,2.07,0.05,0.78,牧原股份,002714,前复权
2014-10-15,-2.36,-2.41,-2.34,-2.44,4877,24800994.0,-4.24,-2.12,-0.05,0.81,牧原股份,002714,前复权
2014-10-16,-2.44,-2.5,-2.43,-2.57,11147,55200733.0,-5.81,-3.73,-0.09,1.84,牧原股份,002714,前复权
2014-10-17,-2.51,-2.53,-2.5,-2.57,5824,28280958.0,-2.8,-1.2,-0.03,0.96,牧原股份,002714,前复权
2014-10-20,-2.53,-2.48,-2.48,-2.54,10106,49654708.0,-2.37,1.98,0.05,1.67,牧原股份,002714,前复权
2014-10-21,-2.49,-2.46,-2.43,-2.52,6597,32980210.0,-3.63,0.81,0.02,1.09,牧原股份,002714,前复权
2014-10-22,-2.46,-2.46,-2.43,-2.46,3643,18264733.0,-1.22,0.0,0.0,0.60,牧原股份,002714,前复权
2014-10-23,-2.46,-2.57,-2.46,-2.58,6269,30781957.0,-4.88,-4.47,-0.11,1.04,牧原股份,002714,前复权
2014-10-24,-2.56,-2.44,-2.44,-2.57,3993,19820628.0,-5.06,5.06,0.13,0.66,牧原股份,002714,前复权
2014-10-27,-2.46,-2.46,-2.4,-2.51,8113,40851644.0,-4.51,-0.82,-0.02,1.34,牧原股份,002714,前复权
2014-10-28,-2.45,-2.2,-2.16,-2.46,12361,65344455.0,-12.2,10.57,0.26,2.04,牧原股份,002714,前复权
2014-10-29,-2.14,-2.28,-2.14,-2.31,10927,58190172.0,-7.73,-3.64,-0.08,1.81,牧原股份,002714,前复权
2014-10-30,-2.27,-2.28,-2.26,-2.31,4869,25818112.0,-2.19,0.0,0.0,0.80,牧原股份,002714,前复权
2014-10-31,-2.29,-2.3,-2.27,-2.38,7488,39015442.0,-4.82,-0.88,-0.02,1.24,牧原股份,002714,前复权
2014-11-03,-2.32,-2.29,-2.28,-2.33,2982,15743722.0,-2.17,0.43,0.01,0.49,牧原股份,002714,前复权
2014-11-04,-2.3,-2.36,-2.28,-2.36,2742,14313532.0,-3.49,-3.06,-0.07,0.45,牧原股份,002714,前复权
2014-11-05,-2.39,-2.36,-2.36,-2.45,4563,23289587.0,-3.81,0.0,0.0,0.75,牧原股份,002714,前复权
2014-11-06,-2.38,-2.3,-2.28,-2.39,5151,26991960.0,-4.66,2.54,0.06,0.85,牧原股份,002714,前复权
2014-11-07,-2.28,-2.35,-2.28,-2.43,10861,55778235.0,-6.52,-2.17,-0.05,1.80,牧原股份,002714,前复权
2014-11-10,-2.38,-2.43,-2.38,-2.46,8363,42102703.0,-3.4,-3.4,-0.08,1.38,牧原股份,002714,前复权
2014-11-11,-2.43,-2.48,-2.42,-2.51,9461,47333347.0,-3.7,-2.06,-0.05,1.56,牧原股份,002714,前复权
2014-11-12,-2.47,-2.31,-2.3,-2.47,15833,81435087.0,-6.85,6.85,0.17,2.62,牧原股份,002714,前复权
2014-11-13,-2.32,-2.19,-2.12,-2.38,13293,72068281.0,-11.26,5.19,0.12,2.20,牧原股份,002714,前复权
2014-11-14,-2.24,-2.18,-2.16,-2.28,5612,30325032.0,-5.48,0.46,0.01,0.93,牧原股份,002714,前复权
2014-11-17,-2.16,-2.21,-2.16,-2.26,4094,21996177.0,-4.59,-1.38,-0.03,0.68,牧原股份,002714,前复权
2014-11-18,-2.22,-1.9,-1.9,-2.23,12689,73167295.0,-14.93,14.03,0.31,2.10,牧原股份,002714,前复权
2014-11-19,-1.87,-1.74,-1.58,-1.88,16519,102338882.0,-15.79,8.42,0.16,2.73,牧原股份,002714,前复权
2014-11-20,-1.76,-1.78,-1.7,-1.84,12880,79200799.0,-8.05,-2.3,-0.04,2.13,牧原股份,002714,前复权
2014-11-21,-1.78,-1.8,-1.73,-1.87,8512,52286563.0,-7.87,-1.12,-0.02,1.41,牧原股份,002714,前复权
2014-11-24,-1.79,-1.72,-1.58,-1.93,11909,75211077.0,-19.44,4.44,0.08,1.97,牧原股份,002714,前复权
2014-11-25,-1.73,-1.81,-1.73,-1.93,7023,42005358.0,-11.63,-5.23,-0.09,1.16,牧原股份,002714,前复权
2014-11-26,-1.85,-1.92,-1.84,-1.98,9877,58298040.0,-7.73,-6.08,-0.11,1.63,牧原股份,002714,前复权
2014-11-27,-1.93,-1.96,-1.93,-2.03,10906,63337518.0,-5.21,-2.08,-0.04,1.80,牧原股份,002714,前复权
2014-11-28,-1.96,-2.0,-1.96,-2.04,9594,55344243.0,-4.08,-2.04,-0.04,1.59,牧原股份,002714,前复权
2014-12-01,-2.04,-2.21,-1.98,-2.24,16535,90915209.0,-13.0,-10.5,-0.21,2.73,牧原股份,002714,前复权
2014-12-02,-2.2,-2.17,-2.11,-2.21,12873,70685110.0,-4.52,1.81,0.04,2.13,牧原股份,002714,前复权
2014-12-03,-2.11,-2.2,-2.11,-2.27,17435,94392772.0,-7.37,-1.38,-0.03,2.88,牧原股份,002714,前复权
2014-12-04,-2.2,-2.08,-1.97,-2.25,27706,152744760.0,-12.73,5.45,0.12,4.58,牧原股份,002714,前复权
2014-12-05,-2.11,-2.23,-2.11,-2.29,22380,120361882.0,-8.65,-7.21,-0.15,3.70,牧原股份,002714,前复权
2014-12-08,-2.24,-2.36,-2.19,-2.37,24076,126744045.0,-8.07,-5.83,-0.13,3.98,牧原股份,002714,前复权
2014-12-09,-2.36,-2.54,-2.36,-2.56,21751,108440013.0,-8.47,-7.63,-0.18,3.60,牧原股份,002714,前复权
2014-12-10,-2.57,-2.4,-2.37,-2.57,12915,64747691.0,-7.87,5.51,0.14,2.13,牧原股份,002714,前复权
2014-12-11,-2.39,-2.46,-2.35,-2.47,9498,47991631.0,-5.0,-2.5,-0.06,1.57,牧原股份,002714,前复权
2014-12-12,-2.45,-2.4,-2.36,-2.54,16833,84395861.0,-7.32,2.44,0.06,2.78,牧原股份,002714,前复权
2014-12-15,-2.43,-2.29,-2.25,-2.46,20423,106929270.0,-8.75,4.58,0.11,3.38,牧原股份,002714,前复权
2014-12-16,-2.29,-2.28,-2.24,-2.34,16092,85063174.0,-4.37,0.44,0.01,2.66,牧原股份,002714,前复权
2014-12-17,-2.3,-2.26,-2.15,-2.32,19232,103682975.0,-7.46,0.88,0.02,3.18,牧原股份,002714,前复权
2014-12-18,-2.28,-2.29,-2.23,-2.32,6361,33896211.0,-3.98,-1.33,-0.03,1.05,牧原股份,002714,前复权
2014-12-19,-2.3,-2.43,-2.3,-2.53,12605,63103946.0,-10.04,-6.11,-0.14,2.08,牧原股份,002714,前复权
2014-12-22,-2.45,-2.72,-2.45,-2.72,16999,78877566.0,-11.11,-11.93,-0.29,2.81,牧原股份,002714,前复权
2014-12-23,-2.73,-2.84,-2.67,-2.92,21568,94698459.0,-9.19,-4.41,-0.12,3.56,牧原股份,002714,前复权
2014-12-24,-2.84,-2.74,-2.74,-2.87,11382,50464013.0,-4.58,3.52,0.1,1.88,牧原股份,002714,前复权
2014-12-25,-2.75,-2.72,-2.66,-2.78,16099,72650237.0,-4.38,0.73,0.02,2.66,牧原股份,002714,前复权
2014-12-26,-2.73,-2.81,-2.72,-2.85,15177,67030345.0,-4.78,-3.31,-0.09,2.51,牧原股份,002714,前复权
2014-12-29,-2.88,-2.88,-2.83,-2.93,19238,82075427.0,-3.56,-2.49,-0.07,3.18,牧原股份,002714,前复权
2014-12-30,-2.9,-2.95,-2.88,-3.01,19673,81580441.0,-4.51,-2.43,-0.07,3.25,牧原股份,002714,前复权
2014-12-31,-2.97,-2.81,-2.81,-3.0,20058,86093573.0,-6.44,4.75,0.14,3.32,牧原股份,002714,前复权
2015-01-05,-2.85,-2.8,-2.77,-2.92,12472,54342547.0,-5.34,0.36,0.01,2.06,牧原股份,002714,前复权
2015-01-06,-2.82,-2.6,-2.54,-2.85,27564,129024262.0,-11.07,7.14,0.2,4.56,牧原股份,002714,前复权
2015-01-07,-2.59,-2.46,-2.45,-2.63,28575,140559420.0,-6.92,5.38,0.14,4.72,牧原股份,002714,前复权
2015-01-08,-2.46,-2.34,-2.17,-2.5,17845,93666337.0,-13.41,4.88,0.12,2.95,牧原股份,002714,前复权
2015-01-09,-2.35,-2.28,-2.2,-2.37,9814,51964629.0,-7.26,2.56,0.06,1.62,牧原股份,002714,前复权
2015-01-12,-2.34,-2.39,-2.23,-2.46,11568,60637944.0,-10.09,-4.82,-0.11,1.91,牧原股份,002714,前复权
2015-01-13,-2.39,-2.37,-2.31,-2.43,3455,17887697.0,-5.02,0.84,0.02,0.57,牧原股份,002714,前复权
2015-01-14,-2.36,-2.14,-2.14,-2.4,10015,54466359.0,-10.97,9.7,0.23,1.66,牧原股份,002714,前复权
2015-01-15,-2.14,-2.22,-2.03,-2.23,7530,41770583.0,-9.35,-3.74,-0.08,1.24,牧原股份,002714,前复权
2015-01-16,-2.23,-2.13,-2.11,-2.29,6629,36334295.0,-8.11,4.05,0.09,1.10,牧原股份,002714,前复权
2015-01-19,-2.13,-2.12,-1.98,-2.19,11410,64289070.0,-9.86,0.47,0.01,1.89,牧原股份,002714,前复权
2015-01-20,-2.11,-2.18,-2.05,-2.25,6501,35695531.0,-9.43,-2.83,-0.06,1.07,牧原股份,002714,前复权
2015-01-21,-2.18,-2.17,-2.13,-2.24,8141,44396216.0,-5.05,0.46,0.01,1.35,牧原股份,002714,前复权
2015-01-22,-2.19,-2.23,-2.17,-2.32,11763,62906580.0,-6.91,-2.76,-0.06,1.94,牧原股份,002714,前复权
2015-01-23,-2.23,-2.26,-2.23,-2.31,4979,26509378.0,-3.59,-1.35,-0.03,0.82,牧原股份,002714,前复权
2015-01-26,-2.26,-2.22,-2.21,-2.29,10257,54891073.0,-3.54,1.77,0.04,1.70,牧原股份,002714,前复权
2015-01-27,-2.22,-2.26,-2.22,-2.29,6581,35054296.0,-3.15,-1.8,-0.04,1.09,牧原股份,002714,前复权
2015-01-28,-2.27,-2.4,-2.26,-2.42,17972,93047441.0,-7.08,-6.19,-0.14,2.51,牧原股份,002714,前复权
2015-01-29,-2.44,-2.4,-2.31,-2.46,11891,61305082.0,-6.25,0.0,0.0,1.66,牧原股份,002714,前复权
2015-01-30,-2.35,-2.41,-2.35,-2.44,6303,32083652.0,-3.75,-0.42,-0.01,0.88,牧原股份,002714,前复权
2015-02-02,-2.41,-2.32,-2.3,-2.44,7392,38424400.0,-5.81,3.73,0.09,1.03,牧原股份,002714,前复权
2015-02-03,-2.32,-2.35,-2.28,-2.37,13324,69326375.0,-3.88,-1.29,-0.03,1.86,牧原股份,002714,前复权
2015-02-04,-2.35,-2.41,-2.35,-2.44,6122,31112921.0,-3.83,-2.55,-0.06,0.85,牧原股份,002714,前复权
2015-02-05,-2.41,-2.57,-2.38,-2.57,11941,58811533.0,-7.88,-6.64,-0.16,1.67,牧原股份,002714,前复权
2015-02-06,-2.57,-2.55,-2.54,-2.66,10794,51245435.0,-4.67,0.78,0.02,1.51,牧原股份,002714,前复权
2015-02-09,-2.55,-2.49,-2.47,-2.6,8852,43263567.0,-5.1,2.35,0.06,1.23,牧原股份,002714,前复权
2015-02-10,-2.52,-2.56,-2.47,-2.59,6248,30373150.0,-4.82,-2.81,-0.07,0.87,牧原股份,002714,前复权
2015-02-11,-2.55,-2.61,-2.55,-2.62,7512,35841306.0,-2.73,-1.95,-0.05,1.05,牧原股份,002714,前复权
2015-02-12,-2.58,-2.47,-2.37,-2.62,15928,79364229.0,-9.58,5.36,0.14,2.22,牧原股份,002714,前复权
2015-02-13,-2.47,-2.46,-2.44,-2.5,11908,59084616.0,-2.43,0.4,0.01,1.66,牧原股份,002714,前复权
2015-02-16,-2.46,-2.42,-2.4,-2.49,11545,58272939.0,-3.66,1.63,0.04,1.61,牧原股份,002714,前复权
2015-02-17,-2.42,-2.45,-2.39,-2.46,9345,47199451.0,-2.89,-1.24,-0.03,1.30,牧原股份,002714,前复权
2015-02-25,-2.45,-2.35,-2.34,-2.51,17035,86557908.0,-6.94,4.08,0.1,2.38,牧原股份,002714,前复权
2015-02-26,-2.35,-2.21,-2.2,-2.35,20767,111405169.0,-6.38,5.96,0.14,2.90,牧原股份,002714,前复权
2015-02-27,-2.24,-2.22,-2.19,-2.24,8778,47636163.0,-2.26,-0.45,-0.01,1.22,牧原股份,002714,前复权
2015-03-02,-2.22,-2.11,-2.06,-2.27,14667,81424173.0,-9.46,4.95,0.11,2.05,牧原股份,002714,前复权
2015-03-03,-2.11,-2.11,-1.98,-2.21,16334,92527736.0,-10.9,0.0,0.0,2.28,牧原股份,002714,前复权
2015-03-04,-2.15,-2.02,-1.97,-2.15,10142,57578012.0,-8.53,4.27,0.09,1.41,牧原股份,002714,前复权
2015-03-05,-2.02,-2.09,-2.02,-2.12,11450,64415254.0,-4.95,-3.47,-0.07,1.60,牧原股份,002714,前复权
2015-03-06,-2.17,-2.09,-2.03,-2.18,5075,28578476.0,-7.18,0.0,0.0,0.71,牧原股份,002714,前复权
2015-03-09,-2.13,-1.89,-1.85,-2.21,14330,82825275.0,-17.22,9.57,0.2,2.00,牧原股份,002714,前复权
2015-03-10,-1.93,-1.93,-1.84,-2.0,5420,31927317.0,-8.47,-2.12,-0.04,0.76,牧原股份,002714,前复权
2015-03-11,-1.92,-2.03,-1.92,-2.07,3974,22881483.0,-7.77,-5.18,-0.1,0.55,牧原股份,002714,前复权
2015-03-12,-2.07,-1.88,-1.87,-2.15,7505,43865609.0,-13.79,7.39,0.15,1.05,牧原股份,002714,前复权
2015-03-13,-1.9,-1.93,-1.77,-1.93,5003,30044636.0,-8.51,-2.66,-0.05,0.70,牧原股份,002714,前复权
2015-03-16,-1.93,-1.83,-1.76,-1.98,7287,44453032.0,-11.4,5.18,0.1,1.02,牧原股份,002714,前复权
2015-03-17,-1.83,-1.73,-1.7,-1.89,7694,47486143.0,-10.38,5.46,0.1,1.07,牧原股份,002714,前复权
2015-03-18,-1.76,-1.75,-1.69,-1.79,3850,23972402.0,-5.78,-1.16,-0.02,0.54,牧原股份,002714,前复权
2015-03-19,-1.73,-1.8,-1.73,-1.85,4165,25673830.0,-6.86,-2.86,-0.05,0.58,牧原股份,002714,前复权
2015-03-20,-1.8,-1.69,-1.59,-1.84,9477,59958575.0,-13.89,6.11,0.11,1.32,牧原股份,002714,前复权
2015-03-23,-1.7,-1.64,-1.63,-1.75,3506,22215092.0,-7.1,2.96,0.05,0.49,牧原股份,002714,前复权
2015-03-24,-1.65,-1.62,-1.61,-1.79,5075,31998977.0,-10.98,1.22,0.02,0.71,牧原股份,002714,前复权
2015-03-25,-1.64,-1.24,-1.24,-1.76,17676,118858293.0,-32.1,23.46,0.38,2.46,牧原股份,002714,前复权
2015-03-26,-1.23,-0.98,-0.89,-1.24,16319,121605273.0,-28.23,20.97,0.26,2.28,牧原股份,002714,前复权
2015-03-27,-1.03,-1.07,-0.85,-1.12,9206,69655614.0,-27.55,-9.18,-0.09,1.28,牧原股份,002714,前复权
2015-03-30,-1.1,-1.05,-1.05,-1.25,14378,104035430.0,-18.69,1.87,0.02,2.01,牧原股份,002714,前复权
2015-03-31,-1.06,-1.09,-1.0,-1.2,10130,74481355.0,-19.05,-3.81,-0.04,1.41,牧原股份,002714,前复权
2015-04-01,-1.09,-0.77,-0.75,-1.2,7926,60614853.0,-41.28,29.36,0.32,1.11,牧原股份,002714,前复权
2015-04-02,-0.78,-1.0,-0.76,-1.06,14591,111487262.0,-38.96,-29.87,-0.23,2.03,牧原股份,002714,前复权
2015-04-03,-0.99,-1.06,-0.96,-1.1,8839,65465208.0,-14.0,-6.0,-0.06,1.23,牧原股份,002714,前复权
2015-04-28,-0.63,-0.84,-0.63,-1.06,42872,330063520.0,-40.57,20.75,0.22,5.98,牧原股份,002714,前复权
2015-04-29,-0.83,-0.99,-0.83,-1.06,17813,133589855.0,-27.38,-17.86,-0.15,2.48,牧原股份,002714,前复权
2015-04-30,-1.0,-1.09,-1.0,-1.21,15693,113845397.0,-21.21,-10.1,-0.1,2.19,牧原股份,002714,前复权
2015-05-04,-1.12,-0.81,-0.78,-1.26,14207,107894337.0,-44.04,25.69,0.28,1.98,牧原股份,002714,前复权
2015-05-05,-0.79,-0.79,-0.74,-0.98,13027,100159526.0,-29.63,2.47,0.02,1.82,牧原股份,002714,前复权
2015-05-06,-0.83,-0.85,-0.77,-0.9,8788,68280979.0,-16.46,-7.59,-0.06,1.23,牧原股份,002714,前复权
2015-05-07,-0.88,-1.0,-0.88,-1.07,9023,67701163.0,-22.35,-17.65,-0.15,1.26,牧原股份,002714,前复权
2015-05-08,-1.02,-1.0,-1.0,-1.12,16031,117856988.0,-12.0,0.0,0.0,2.24,牧原股份,002714,前复权
2015-05-11,-1.01,-1.0,-1.0,-1.15,16124,118440041.0,-15.0,0.0,0.0,2.25,牧原股份,002714,前复权
2015-05-12,-1.04,-1.06,-0.94,-1.14,17717,131034518.0,-20.0,-6.0,-0.06,2.47,牧原股份,002714,前复权
2015-05-13,-1.12,-1.12,-1.04,-1.34,24657,177717774.0,-28.3,-5.66,-0.06,3.44,牧原股份,002714,前复权
2015-05-14,-1.1,-1.14,-1.09,-1.23,9955,71964750.0,-12.5,-1.79,-0.02,1.39,牧原股份,002714,前复权
2015-05-15,-1.12,-1.08,-1.04,-1.18,10897,79829795.0,-12.28,5.26,0.06,1.52,牧原股份,002714,前复权
2015-05-18,-1.09,-0.72,-0.65,-1.11,27757,218272452.0,-42.59,33.33,0.36,3.87,牧原股份,002714,前复权
2015-05-19,-0.71,-0.8,-0.64,-0.93,19323,151575809.0,-40.28,-11.11,-0.08,2.69,牧原股份,002714,前复权
2015-05-20,-0.8,-0.41,-0.36,-0.8,16520,134759444.0,-55.0,48.75,0.39,2.30,牧原股份,002714,前复权
2015-05-21,-0.36,-0.12,-0.06,-0.59,24545,206408502.0,-129.27,70.73,0.29,3.42,牧原股份,002714,前复权
2015-05-22,-0.16,-0.04,0.26,-0.2,28544,266403422.0,-383.33,66.67,0.08,3.98,牧原股份,002714,前复权
2015-05-25,-0.18,0.29,0.33,-0.32,14029,130326054.0,-1625.0,825.0,0.33,1.96,牧原股份,002714,前复权
2015-05-26,0.42,0.49,0.77,0.36,17580,177675369.0,141.38,68.97,0.2,2.45,牧原股份,002714,前复权
2015-05-27,0.49,0.55,0.98,0.23,21381,214596893.0,153.06,12.24,0.06,2.98,牧原股份,002714,前复权
2015-05-28,0.54,0.18,0.75,0.18,21976,220446835.0,103.64,-67.27,-0.37,3.06,牧原股份,002714,前复权
2015-05-29,0.23,0.05,0.25,-0.35,15654,146692614.0,333.33,-72.22,-0.13,2.18,牧原股份,002714,前复权
2015-06-01,0.05,0.4,0.4,-0.01,13145,127873266.0,820.0,700.0,0.35,1.83,牧原股份,002714,前复权
2015-06-02,0.41,0.73,0.75,0.35,14254,144744293.0,100.0,82.5,0.33,1.99,牧原股份,002714,前复权
2015-06-03,0.9,0.77,1.22,0.46,17748,188278172.0,104.11,5.48,0.04,2.48,牧原股份,002714,前复权
2015-06-04,0.68,0.26,0.81,0.16,20923,205383571.0,84.42,-66.23,-0.51,2.92,牧原股份,002714,前复权
2015-06-05,0.24,0.49,0.61,-0.01,29654,282647024.0,238.46,88.46,0.23,4.14,牧原股份,002714,前复权
2015-06-08,0.46,0.3,0.58,0.23,16787,164929416.0,71.43,-38.78,-0.19,2.34,牧原股份,002714,前复权
2015-06-09,0.31,0.27,0.44,0.07,16139,156052548.0,123.33,-10.0,-0.03,2.25,牧原股份,002714,前复权
2015-06-10,0.27,0.37,0.62,0.06,36383,180657532.0,207.41,37.04,0.1,2.54,牧原股份,002714,前复权
2015-06-11,0.33,0.34,0.39,0.11,30056,145156236.0,75.68,-8.11,-0.03,2.10,牧原股份,002714,前复权
2015-06-12,0.27,0.63,0.7,0.27,59050,299593008.0,126.47,85.29,0.29,4.12,牧原股份,002714,前复权
2015-06-15,0.69,0.38,0.72,0.35,32754,165228927.0,58.73,-39.68,-0.25,2.29,牧原股份,002714,前复权
2015-06-16,0.27,0.02,0.52,-0.2,33098,159035601.0,189.47,-94.74,-0.36,2.31,牧原股份,002714,前复权
2015-06-17,0.02,0.16,0.23,0.02,28061,131941405.0,1050.0,700.0,0.14,1.96,牧原股份,002714,前复权
2015-06-18,0.17,-0.1,0.29,-0.12,25768,120427803.0,256.25,-162.5,-0.26,1.80,牧原股份,002714,前复权
2015-06-19,-0.3,-0.14,0.11,-0.35,33323,151560908.0,-460.0,-40.0,-0.04,2.33,牧原股份,002714,前复权
2015-06-23,-0.12,0.23,0.23,-0.21,31283,145787150.0,-314.29,264.29,0.37,2.18,牧原股份,002714,前复权
2015-06-24,0.41,0.55,0.65,0.29,43736,220267445.0,156.52,139.13,0.32,3.05,牧原股份,002714,前复权
2015-06-25,0.54,1.09,1.14,0.35,70739,384480208.0,143.64,98.18,0.54,4.94,牧原股份,002714,前复权
2015-06-26,0.84,0.45,1.04,0.45,66213,340673584.0,54.13,-58.72,-0.64,4.62,牧原股份,002714,前复权
2015-06-29,0.65,0.86,1.03,0.11,114689,593822048.0,204.44,91.11,0.41,8.01,牧原股份,002714,前复权
2015-06-30,0.86,1.48,1.48,0.72,81279,455202800.0,88.37,72.09,0.62,5.67,牧原股份,002714,前复权
2015-07-01,1.61,0.92,2.17,0.8,99862,601927008.0,92.57,-37.84,-0.56,6.97,牧原股份,002714,前复权
2015-07-02,0.52,0.29,0.81,0.29,51639,259074002.0,56.52,-68.48,-0.63,3.60,牧原股份,002714,前复权
2015-07-03,-0.27,-0.27,0.23,-0.27,47856,211574759.0,172.41,-193.1,-0.56,3.34,牧原股份,002714,前复权
2015-07-06,0.24,-0.25,0.24,-0.78,108816,492775456.0,-377.78,7.41,0.02,7.60,牧原股份,002714,前复权
2015-07-07,-0.47,-0.76,-0.36,-0.76,27662,111884863.0,-160.0,-204.0,-0.51,1.93,牧原股份,002714,前复权
2015-07-08,-1.22,-1.22,-0.64,-1.22,149612,544069264.0,-76.32,-60.53,-0.46,10.44,牧原股份,002714,前复权
2015-07-09,-1.64,-0.81,-0.81,-1.64,64073,237839219.0,-68.03,33.61,0.41,4.47,牧原股份,002714,前复权
2015-07-10,-0.47,-0.35,-0.35,-0.58,6002,25678299.0,-28.4,56.79,0.46,0.42,牧原股份,002714,前复权
2015-07-13,0.15,0.15,0.15,0.15,5429,25693705.0,0.0,142.86,0.5,0.38,牧原股份,002714,前复权
2015-07-14,0.7,0.7,0.7,0.23,42424,218350258.0,313.33,366.67,0.55,2.96,牧原股份,002714,前复权
2015-07-15,0.7,0.46,1.28,0.23,43682,229900510.0,150.0,-34.29,-0.24,3.05,牧原股份,002714,前复权
2015-07-16,0.46,1.04,1.04,0.13,51569,273305616.0,197.83,126.09,0.58,3.60,牧原股份,002714,前复权
2015-07-17,1.3,1.69,1.69,0.95,69424,413911536.0,71.15,62.5,0.65,4.85,牧原股份,002714,前复权
2015-07-20,2.1,2.39,2.39,1.98,53434,354609728.0,24.26,41.42,0.7,3.73,牧原股份,002714,前复权
2015-07-21,2.56,3.17,3.17,2.38,54560,386470496.0,33.05,32.64,0.78,3.81,牧原股份,002714,前复权
2015-07-22,3.57,2.91,3.97,2.31,140309,985948704.0,52.37,-8.2,-0.26,9.79,牧原股份,002714,前复权
2015-07-23,2.56,3.02,3.09,2.39,111477,768004384.0,24.05,3.78,0.11,7.78,牧原股份,002714,前复权
2015-07-24,2.88,2.19,2.97,2.18,113590,777129952.0,26.16,-27.48,-0.83,7.93,牧原股份,002714,前复权
2015-07-27,1.92,2.33,2.94,1.89,166727,1148296464.0,47.95,6.39,0.14,11.64,牧原股份,002714,前复权
2015-07-28,1.86,2.86,2.94,1.75,122811,815317232.0,51.07,22.75,0.53,8.57,牧原股份,002714,前复权
2015-07-29,2.81,3.34,3.56,2.37,88720,622536896.0,41.61,16.78,0.48,6.19,牧原股份,002714,前复权
2015-07-30,3.15,2.73,3.92,2.68,86872,652341472.0,37.13,-18.26,-0.61,6.06,牧原股份,002714,前复权
2015-07-31,2.39,2.12,2.68,1.92,62177,409224896.0,27.84,-22.34,-0.61,4.34,牧原股份,002714,前复权
2015-08-03,1.89,2.43,2.68,1.5,93611,595211616.0,55.66,14.62,0.31,6.53,牧原股份,002714,前复权
2015-08-04,2.39,3.0,3.04,1.89,86904,586644192.0,47.33,23.46,0.57,6.07,牧原股份,002714,前复权
2015-08-05,3.03,2.45,3.03,2.35,78414,541366464.0,22.67,-18.33,-0.55,5.47,牧原股份,002714,前复权
2015-08-06,2.08,1.98,2.51,1.89,55791,359780736.0,25.31,-19.18,-0.47,3.89,牧原股份,002714,前复权
2015-08-07,2.17,2.2,2.33,2.01,61917,398858752.0,16.16,11.11,0.22,4.32,牧原股份,002714,前复权
2015-08-10,2.39,2.55,2.62,1.89,97662,636405168.0,33.18,15.91,0.35,6.82,牧原股份,002714,前复权
2015-08-11,2.55,2.26,2.7,2.21,80935,540831616.0,19.22,-11.37,-0.29,5.65,牧原股份,002714,前复权
2015-08-12,1.96,1.75,2.11,1.74,74062,461902512.0,16.37,-22.57,-0.51,5.17,牧原股份,002714,前复权
2015-08-13,1.72,1.96,2.06,1.56,60062,372322176.0,28.57,12.0,0.21,4.19,牧原股份,002714,前复权
2015-08-14,1.96,1.75,2.03,1.66,47249,289965184.0,18.88,-10.71,-0.21,3.30,牧原股份,002714,前复权
2015-08-17,1.6,2.28,2.34,1.34,95060,598061488.0,57.14,30.29,0.53,6.64,牧原股份,002714,前复权
2015-08-18,2.28,1.63,2.33,1.52,74391,467448096.0,35.53,-28.51,-0.65,5.19,牧原股份,002714,前复权
2015-08-19,1.37,1.99,2.06,1.35,68808,424375264.0,43.56,22.09,0.36,4.80,牧原股份,002714,前复权
2015-08-20,2.0,1.61,2.05,1.57,42256,258970897.0,24.12,-19.1,-0.38,2.95,牧原股份,002714,前复权
2015-08-21,1.49,0.91,1.56,0.91,76877,432371696.0,40.37,-43.48,-0.7,5.37,牧原股份,002714,前复权
2015-08-24,0.46,0.28,0.81,0.28,55402,277155600.0,58.24,-69.23,-0.63,3.87,牧原股份,002714,前复权
2015-08-25,-0.07,-0.2,0.52,-0.24,78720,359705248.0,271.43,-171.43,-0.48,5.50,牧原股份,002714,前复权
2015-08-26,-0.17,0.06,0.28,-0.18,64176,297720880.0,-230.0,130.0,0.26,4.48,牧原股份,002714,前复权
2015-08-27,0.22,0.39,0.46,-0.12,64319,308720624.0,966.67,550.0,0.33,4.49,牧原股份,002714,前复权
2015-08-28,0.48,0.73,0.78,0.27,40535,204719774.0,130.77,87.18,0.34,2.83,牧原股份,002714,前复权
2015-08-31,0.72,0.56,0.99,0.36,31208,161842317.0,86.3,-23.29,-0.17,2.18,牧原股份,002714,前复权
2015-09-01,0.52,-0.03,0.55,-0.04,30230,144650122.0,105.36,-105.36,-0.59,2.11,牧原股份,002714,前复权
2015-09-02,-0.35,-0.23,0.18,-0.36,19921,90037115.0,-1800.0,-666.67,-0.2,1.39,牧原股份,002714,前复权
2015-09-07,-0.12,-0.57,0.11,-0.74,78366,326434816.0,-369.57,-147.83,-0.34,5.47,牧原股份,002714,前复权
2015-09-08,-0.67,-0.23,-0.17,-0.71,45913,192736859.0,-94.74,59.65,0.34,3.21,牧原股份,002714,前复权
2015-09-09,-0.08,0.06,0.29,-0.18,80333,373070176.0,-204.35,126.09,0.29,5.61,牧原股份,002714,前复权
2015-09-10,-0.01,0.56,0.6,-0.11,58739,291596720.0,1183.33,833.33,0.5,4.10,牧原股份,002714,前复权
2015-09-11,0.52,0.41,0.56,0.3,40602,201096537.0,46.43,-26.79,-0.15,2.83,牧原股份,002714,前复权
2015-09-14,0.45,-0.17,0.47,-0.17,30306,141683570.0,156.1,-141.46,-0.58,2.12,牧原股份,002714,前复权
2015-09-15,-0.35,-0.27,0.0,-0.52,33529,147394935.0,-305.88,-58.82,-0.1,2.34,牧原股份,002714,前复权
2015-09-16,-0.19,0.21,0.23,-0.37,40748,182582375.0,-222.22,177.78,0.48,2.84,牧原股份,002714,前复权
2015-09-17,0.11,0.0,0.44,-0.06,35503,170224385.0,238.1,-100.0,-0.21,2.48,牧原股份,002714,前复权
2015-09-18,0.01,-0.14,0.11,-0.31,53932,239320000.0,-14534.11,0.0,-0.14,3.76,牧原股份,002714,前复权
2015-09-21,-0.26,-0.1,-0.05,-0.36,57324,251747711.0,-221.43,28.57,0.04,4.00,牧原股份,002714,前复权
2015-09-22,-0.08,-0.05,0.17,-0.24,47713,219572430.0,-410.0,50.0,0.05,3.33,牧原股份,002714,前复权
2015-09-23,-0.23,-0.24,-0.07,-0.26,30606,135843814.0,-380.0,-380.0,-0.19,2.14,牧原股份,002714,前复权
2015-09-24,-0.24,-0.21,-0.09,-0.27,25526,113410099.0,-75.0,12.5,0.03,1.78,牧原股份,002714,前复权
2015-09-25,-0.21,-0.37,-0.08,-0.42,26089,115031273.0,-161.9,-76.19,-0.16,1.82,牧原股份,002714,前复权
2015-09-28,-0.38,-0.32,-0.29,-0.57,19284,82234073.0,-75.68,13.51,0.05,1.35,牧原股份,002714,前复权
2015-09-29,-0.47,-0.13,-0.03,-0.47,61550,274658272.0,-137.5,59.38,0.19,4.30,牧原股份,002714,前复权
2015-09-30,-0.12,-0.18,-0.08,-0.31,31482,140175709.0,-176.92,-38.46,-0.05,2.20,牧原股份,002714,前复权
2015-10-08,0.07,0.34,0.34,-0.06,37342,179434291.0,-222.22,288.89,0.52,2.61,牧原股份,002714,前复权
2015-10-09,0.57,0.64,0.79,0.47,52219,269562624.0,94.12,88.24,0.3,3.65,牧原股份,002714,前复权
2015-10-12,0.81,1.24,1.24,0.78,57515,319919344.0,71.88,93.75,0.6,4.01,牧原股份,002714,前复权
2015-10-13,1.11,1.15,1.36,1.0,40060,224607512.0,29.03,-7.26,-0.09,2.80,牧原股份,002714,前复权
2015-10-14,1.19,0.93,1.45,0.91,34543,192705037.0,46.96,-19.13,-0.22,2.41,牧原股份,002714,前复权
2015-10-15,0.87,1.14,1.21,0.84,36590,202959778.0,39.78,22.58,0.21,2.55,牧原股份,002714,前复权
2015-10-16,1.22,1.04,1.22,0.82,49233,268526016.0,35.09,-8.77,-0.1,3.44,牧原股份,002714,前复权
2015-10-19,1.14,0.81,1.4,0.73,92877,507339104.0,64.42,-22.12,-0.23,6.48,牧原股份,002714,前复权
2015-10-20,0.81,0.9,0.9,0.62,56273,296153120.0,34.57,11.11,0.09,3.93,牧原股份,002714,前复权
2015-10-21,0.96,0.27,0.96,0.27,75935,383432608.0,76.67,-70.0,-0.63,5.30,牧原股份,002714,前复权
2015-10-22,0.23,0.44,0.46,0.11,57725,281594000.0,129.63,62.96,0.17,4.03,牧原股份,002714,前复权
2015-10-23,0.48,0.68,0.7,0.3,73800,373977936.0,90.91,54.55,0.24,5.15,牧原股份,002714,前复权
2015-10-26,0.68,0.48,0.76,0.4,79070,400094512.0,52.94,-29.41,-0.2,5.52,牧原股份,002714,前复权
2015-10-27,0.46,0.71,0.72,0.37,66361,337502064.0,72.92,47.92,0.23,4.63,牧原股份,002714,前复权
2015-10-28,0.7,0.53,0.88,0.52,56577,291063504.0,50.7,-25.35,-0.18,3.95,牧原股份,002714,前复权
2015-10-29,0.59,0.53,0.65,0.43,33807,170732165.0,41.51,0.0,0.0,2.36,牧原股份,002714,前复权
2015-10-30,0.48,0.46,0.58,0.35,28571,143167638.0,43.4,-13.21,-0.07,1.99,牧原股份,002714,前复权
2015-11-02,0.35,0.58,0.76,0.23,60502,310965872.0,115.22,26.09,0.12,4.22,牧原股份,002714,前复权
2015-11-03,0.58,1.0,1.18,0.58,101472,551181600.0,103.45,72.41,0.42,7.08,牧原股份,002714,前复权
2015-11-04,1.0,1.15,1.27,0.82,87010,477201040.0,45.0,15.0,0.15,6.07,牧原股份,002714,前复权
2015-11-05,1.11,0.92,1.16,0.87,65412,356142352.0,25.22,-20.0,-0.23,4.57,牧原股份,002714,前复权
2015-11-06,0.93,0.96,1.04,0.84,49877,268832384.0,21.74,4.35,0.04,3.48,牧原股份,002714,前复权
2015-11-09,0.91,0.93,0.99,0.76,83125,440947056.0,23.96,-3.13,-0.03,5.80,牧原股份,002714,前复权
2015-11-10,0.85,0.77,0.93,0.71,64818,341276736.0,23.66,-17.2,-0.16,4.52,牧原股份,002714,前复权
2015-11-11,0.78,0.8,0.81,0.63,63708,330822064.0,23.38,3.9,0.03,4.45,牧原股份,002714,前复权
2015-11-12,0.8,1.15,1.22,0.66,128503,692878432.0,70.0,43.75,0.35,8.97,牧原股份,002714,前复权
2015-11-13,1.0,0.81,1.07,0.78,85579,463458976.0,25.22,-29.57,-0.34,5.97,牧原股份,002714,前复权
2015-11-16,0.58,0.73,0.75,0.58,46428,241310323.0,20.99,-9.88,-0.08,3.24,牧原股份,002714,前复权
2015-11-17,0.81,0.7,1.05,0.69,48818,259579406.0,49.32,-4.11,-0.03,3.41,牧原股份,002714,前复权
2015-11-18,0.64,0.61,0.83,0.58,32029,166160401.0,35.71,-12.86,-0.09,2.24,牧原股份,002714,前复权
2015-11-19,0.61,0.69,0.76,0.58,25885,133779901.0,29.51,13.11,0.08,1.81,牧原股份,002714,前复权
2015-11-20,0.71,0.6,0.73,0.55,50827,259996588.0,26.09,-13.04,-0.09,3.55,牧原股份,002714,前复权
2015-11-23,0.6,0.78,0.85,0.55,67798,354275008.0,50.0,30.0,0.18,4.73,牧原股份,002714,前复权
2015-11-24,0.81,1.39,1.39,0.81,127682,724013584.0,74.36,78.21,0.61,8.91,牧原股份,002714,前复权
2015-11-25,1.53,1.71,2.04,1.41,130390,788682992.0,45.32,23.02,0.32,9.10,牧原股份,002714,前复权
2015-11-26,1.61,1.38,1.68,1.37,65776,386688880.0,18.13,-19.3,-0.33,4.59,牧原股份,002714,前复权
2015-11-27,1.34,0.72,1.34,0.71,68779,378847600.0,45.65,-47.83,-0.66,4.80,牧原股份,002714,前复权
2015-11-30,0.73,0.99,1.11,0.67,91646,492562192.0,61.11,37.5,0.27,6.40,牧原股份,002714,前复权
2015-12-01,0.93,0.78,1.04,0.47,61913,327957792.0,57.58,-21.21,-0.21,4.32,牧原股份,002714,前复权
2015-12-02,0.78,0.63,0.86,0.48,57948,298018320.0,48.72,-19.23,-0.15,4.05,牧原股份,002714,前复权
2015-12-03,0.63,0.83,0.84,0.63,36518,190751276.0,33.33,31.75,0.2,2.55,牧原股份,002714,前复权
2015-12-04,0.79,0.87,1.05,0.71,53969,289036608.0,40.96,4.82,0.04,3.77,牧原股份,002714,前复权
2015-12-07,0.81,0.82,0.91,0.75,38620,204791806.0,18.39,-5.75,-0.05,2.70,牧原股份,002714,前复权
2015-12-08,0.85,0.51,0.86,0.46,74484,378662544.0,48.78,-37.8,-0.31,5.20,牧原股份,002714,前复权
2015-12-09,0.46,0.31,0.5,0.25,62101,305420032.0,49.02,-39.22,-0.2,4.34,牧原股份,002714,前复权
2015-12-10,0.26,0.33,0.4,0.22,47389,230870549.0,58.06,6.45,0.02,3.31,牧原股份,002714,前复权
2015-12-11,0.33,0.09,0.33,-0.07,82920,386993888.0,121.21,-72.73,-0.24,5.79,牧原股份,002714,前复权
2015-12-14,-0.04,0.07,0.07,-0.13,77677,353993632.0,222.22,-22.22,-0.02,5.42,牧原股份,002714,前复权
2015-12-15,0.09,0.07,0.24,0.02,71212,335288000.0,314.29,0.0,0.0,4.97,牧原股份,002714,前复权
2015-12-16,0.18,0.38,0.4,0.15,101515,492965488.0,357.14,442.86,0.31,7.09,牧原股份,002714,前复权
2015-12-17,0.38,0.43,0.48,0.29,89925,444524416.0,50.0,13.16,0.05,6.28,牧原股份,002714,前复权
2015-12-18,0.46,0.31,0.46,0.29,61374,300535536.0,39.53,-27.91,-0.12,4.28,牧原股份,002714,前复权
2015-12-21,0.31,0.35,0.4,0.29,55053,269527568.0,35.48,12.9,0.04,3.84,牧原股份,002714,前复权
2015-12-22,0.36,0.37,0.4,0.31,41180,202198830.0,25.71,5.71,0.02,2.87,牧原股份,002714,前复权
2015-12-23,0.42,0.36,0.52,0.35,52778,262356635.0,45.95,-2.7,-0.01,3.68,牧原股份,002714,前复权
2015-12-24,0.29,0.14,0.29,-0.01,81213,379172880.0,83.33,-61.11,-0.22,5.67,牧原股份,002714,前复权
2015-12-25,0.1,0.06,0.1,-0.08,84865,391076192.0,128.57,-57.14,-0.08,5.92,牧原股份,002714,前复权
2015-12-28,0.03,0.08,0.13,-0.01,75790,352058576.0,233.33,33.33,0.02,5.29,牧原股份,002714,前复权
2015-12-29,0.02,0.03,0.06,-0.06,39953,184135322.0,150.0,-62.5,-0.05,2.79,牧原股份,002714,前复权
2015-12-30,0.06,0.09,0.11,0.01,38958,181767288.0,333.33,200.0,0.06,2.72,牧原股份,002714,前复权
2015-12-31,0.1,0.12,0.18,0.08,48014,226037401.0,111.11,33.33,0.03,3.35,牧原股份,002714,前复权
2016-01-04,0.12,-0.43,0.15,-0.43,48504,222650831.0,483.33,-458.33,-0.55,3.39,牧原股份,002714,前复权
2016-01-05,-0.35,-0.08,-0.01,-0.43,92234,410930192.0,-97.67,81.4,0.35,6.44,牧原股份,002714,前复权
2016-01-06,0.01,0.23,0.4,0.01,126716,608678400.0,-487.5,387.5,0.31,8.85,牧原股份,002714,前复权
2016-01-07,0.14,-0.04,0.21,-0.33,26851,124632867.0,234.78,-117.39,-0.27,1.87,牧原股份,002714,前复权
2016-01-08,0.23,0.49,0.49,-0.04,128715,629682624.0,-1325.0,1325.0,0.53,8.99,牧原股份,002714,前复权
2016-01-11,0.54,0.57,1.08,0.41,190677,1001764800.0,136.73,16.33,0.08,13.31,牧原股份,002714,前复权
2016-01-12,0.76,0.43,0.85,0.21,129537,653686192.0,112.28,-24.56,-0.14,9.04,牧原股份,002714,前复权
2016-01-13,0.43,-0.12,0.45,-0.15,109114,515790816.0,139.53,-127.91,-0.55,7.62,牧原股份,002714,前复权
2016-01-14,-0.35,-0.05,0.03,-0.47,82995,368679424.0,-416.67,58.33,0.07,5.79,牧原股份,002714,前复权
2016-01-15,-0.11,-0.42,-0.06,-0.58,81712,351994784.0,-1040.0,-740.0,-0.37,5.70,牧原股份,002714,前复权
2016-01-18,-0.61,-0.36,-0.31,-0.7,62323,262051030.0,-92.86,14.29,0.06,4.35,牧原股份,002714,前复权
2016-01-19,-0.37,-0.1,0.0,-0.47,72848,323766960.0,-130.56,72.22,0.26,5.09,牧原股份,002714,前复权
2016-01-20,-0.12,-0.31,-0.12,-0.4,63471,277783456.0,-280.0,-210.0,-0.21,4.43,牧原股份,002714,前复权
2016-01-21,-0.46,-0.49,-0.35,-0.62,87498,365848944.0,-87.1,-58.06,-0.18,6.11,牧原股份,002714,前复权
2016-01-22,-0.5,-0.34,-0.31,-0.56,54769,231064351.0,-51.02,30.61,0.15,3.82,牧原股份,002714,前复权
2016-01-25,-0.21,-0.21,-0.06,-0.32,65400,291181328.0,-76.47,38.24,0.13,4.57,牧原股份,002714,前复权
2016-01-26,-0.27,-0.48,-0.05,-0.5,64297,284192336.0,-214.29,-128.57,-0.27,4.49,牧原股份,002714,前复权
2016-01-27,-0.41,-0.32,-0.24,-0.76,66791,275131584.0,-108.33,33.33,0.16,4.66,牧原股份,002714,前复权
2016-01-28,-0.4,-0.59,-0.24,-0.64,40220,170127405.0,-125.0,-84.38,-0.27,2.62,牧原股份,002714,前复权
2016-01-29,-0.59,-0.52,-0.46,-0.73,39004,161029962.0,-45.76,11.86,0.07,2.54,牧原股份,002714,前复权
2016-02-01,-0.53,-0.45,-0.37,-0.59,34571,144512822.0,-42.31,13.46,0.07,2.25,牧原股份,002714,前复权
2016-02-02,-0.38,-0.19,-0.14,-0.41,47306,204657623.0,-60.0,57.78,0.26,3.08,牧原股份,002714,前复权
2016-02-03,-0.33,-0.34,-0.24,-0.45,31417,135035814.0,-110.53,-78.95,-0.15,2.05,牧原股份,002714,前复权
2016-02-04,-0.33,-0.29,-0.25,-0.35,28800,125561558.0,-29.41,14.71,0.05,1.88,牧原股份,002714,前复权
2016-02-05,-0.29,-0.42,-0.25,-0.49,31844,135577024.0,-82.76,-44.83,-0.13,2.07,牧原股份,002714,前复权
2016-02-15,-0.64,-0.32,-0.27,-0.64,26788,113159735.0,-88.1,23.81,0.1,1.74,牧原股份,002714,前复权
2016-02-16,-0.32,-0.14,0.01,-0.32,52402,235854816.0,-103.13,56.25,0.18,3.41,牧原股份,002714,前复权
2016-02-17,-0.08,-0.06,0.02,-0.17,38305,174906016.0,-135.71,57.14,0.08,2.50,牧原股份,002714,前复权
2016-02-18,0.02,-0.01,0.15,-0.05,45542,210907101.0,-333.33,83.33,0.05,2.97,牧原股份,002714,前复权
2016-02-19,-0.01,0.05,0.1,-0.06,35894,166595091.0,-1600.0,600.0,0.06,2.34,牧原股份,002714,前复权
2016-02-22,0.17,0.15,0.23,0.08,38380,181519870.0,300.0,200.0,0.1,2.50,牧原股份,002714,前复权
2016-02-23,0.12,0.26,0.29,0.12,49728,237407907.0,113.33,73.33,0.11,3.24,牧原股份,002714,前复权
2016-02-24,0.27,0.62,0.75,0.26,92017,465772176.0,188.46,138.46,0.36,5.99,牧原股份,002714,前复权
2016-02-25,0.58,0.34,0.87,0.18,121100,617165504.0,111.29,-45.16,-0.28,7.89,牧原股份,002714,前复权
2016-02-26,0.38,0.72,0.87,0.38,110446,568493152.0,144.12,111.76,0.38,7.19,牧原股份,002714,前复权
2016-02-29,0.76,0.94,1.2,0.28,126048,671754864.0,127.78,30.56,0.22,8.21,牧原股份,002714,前复权
2016-03-01,0.87,1.2,1.32,0.72,76865,429068640.0,63.83,27.66,0.26,5.01,牧原股份,002714,前复权
2016-03-02,1.11,1.15,1.49,0.91,97428,546079392.0,48.33,-4.17,-0.05,6.35,牧原股份,002714,前复权
2016-03-03,1.1,0.98,1.28,0.89,83145,457475936.0,33.91,-14.78,-0.17,5.42,牧原股份,002714,前复权
2016-03-04,0.92,1.26,1.35,0.92,112501,633799104.0,43.88,28.57,0.28,7.33,牧原股份,002714,前复权
2016-03-07,1.4,1.37,1.49,1.13,76891,439670480.0,28.57,8.73,0.11,5.01,牧原股份,002714,前复权
2016-03-08,1.38,0.98,1.38,0.86,73019,399618416.0,37.96,-28.47,-0.39,4.76,牧原股份,002714,前复权
2016-03-09,0.81,0.61,0.86,0.52,62667,323720816.0,34.69,-37.76,-0.37,4.08,牧原股份,002714,前复权
2016-03-10,0.73,0.74,0.89,0.65,61302,322006224.0,39.34,21.31,0.13,3.99,牧原股份,002714,前复权
2016-03-11,0.71,0.76,0.88,0.58,31469,166095353.0,40.54,2.7,0.02,2.05,牧原股份,002714,前复权
2016-03-14,0.8,1.07,1.1,0.77,51283,276609808.0,43.42,40.79,0.31,3.34,牧原股份,002714,前复权
2016-03-15,0.87,0.72,1.02,0.62,84825,451538720.0,37.38,-32.71,-0.35,5.53,牧原股份,002714,前复权
2016-03-16,0.76,0.6,0.8,0.48,42972,219628037.0,44.44,-16.67,-0.12,2.80,牧原股份,002714,前复权
2016-03-17,0.61,0.74,0.76,0.58,40557,210878343.0,30.0,23.33,0.14,2.64,牧原股份,002714,前复权
2016-03-18,0.8,0.94,0.96,0.76,55086,295761728.0,27.03,27.03,0.2,3.59,牧原股份,002714,前复权
2016-03-21,1.07,1.36,1.44,1.07,78500,447568496.0,39.36,44.68,0.42,5.11,牧原股份,002714,前复权
2016-03-22,1.25,1.56,1.87,1.18,83943,505538704.0,50.74,14.71,0.2,5.47,牧原股份,002714,前复权
2016-03-23,1.65,1.59,1.81,1.37,64509,386869072.0,28.21,1.92,0.03,4.20,牧原股份,002714,前复权
2016-03-24,1.46,1.71,1.98,1.45,79749,491605344.0,33.33,7.55,0.12,5.19,牧原股份,002714,前复权
2016-04-11,1.81,1.63,2.07,1.34,149653,895156032.0,42.69,-4.68,-0.08,9.75,牧原股份,002714,前复权
2016-04-12,1.52,1.2,1.53,1.07,105635,598822848.0,28.22,-26.38,-0.43,6.88,牧原股份,002714,前复权
2016-04-13,1.26,1.2,1.28,1.16,59355,335431712.0,10.0,0.0,0.0,3.87,牧原股份,002714,前复权
2016-04-14,1.26,1.14,1.26,0.94,92991,511030304.0,26.67,-5.0,-0.06,6.06,牧原股份,002714,前复权
2016-04-15,1.14,1.16,1.16,1.0,62719,346554240.0,14.04,1.75,0.02,4.09,牧原股份,002714,前复权
2016-04-18,1.15,1.32,1.37,1.09,86733,493788352.0,24.14,13.79,0.16,5.65,牧原股份,002714,前复权
2016-04-19,1.38,1.46,1.56,1.34,97454,570316304.0,16.67,10.61,0.14,6.35,牧原股份,002714,前复权
2016-04-20,1.63,0.91,1.65,0.87,161671,904147152.0,53.42,-37.67,-0.55,10.53,牧原股份,002714,前复权
2016-04-21,0.87,0.96,1.16,0.73,90414,491409008.0,47.25,5.49,0.05,5.89,牧原股份,002714,前复权
2016-04-22,0.87,0.98,1.06,0.82,59570,322754912.0,25.0,2.08,0.02,3.88,牧原股份,002714,前复权
2016-04-25,0.98,0.92,1.06,0.86,50413,273254640.0,20.41,-6.12,-0.06,3.28,牧原股份,002714,前复权
2016-04-26,0.87,0.98,0.99,0.87,37233,200768474.0,13.04,6.52,0.06,2.43,牧原股份,002714,前复权
2016-04-27,0.98,0.97,1.08,0.93,37133,202573927.0,15.31,-1.02,-0.01,2.42,牧原股份,002714,前复权
2016-04-28,0.95,0.85,0.99,0.75,49969,264815466.0,24.74,-12.37,-0.12,3.25,牧原股份,002714,前复权
2016-04-29,0.8,0.88,0.96,0.76,46643,248471331.0,23.53,3.53,0.03,3.04,牧原股份,002714,前复权
2016-05-03,0.89,1.27,1.28,0.88,85946,480018784.0,45.45,44.32,0.39,5.60,牧原股份,002714,前复权
2016-05-04,1.27,1.19,1.34,1.18,73647,416955488.0,12.6,-6.3,-0.08,4.80,牧原股份,002714,前复权
2016-05-05,1.22,1.24,1.26,1.14,47394,267424527.0,10.08,4.2,0.05,3.09,牧原股份,002714,前复权
2016-05-06,1.28,1.03,1.39,1.01,67945,381298544.0,30.65,-16.94,-0.21,4.43,牧原股份,002714,前复权
2016-05-09,0.94,0.82,0.97,0.77,40791,217405666.0,19.42,-20.39,-0.21,2.66,牧原股份,002714,前复权
2016-05-10,0.84,0.83,0.88,0.76,41094,217758461.0,14.63,1.22,0.01,2.68,牧原股份,002714,前复权
2016-05-11,0.83,1.19,1.38,0.83,137534,773281264.0,66.27,43.37,0.36,8.96,牧原股份,002714,前复权
2016-05-12,1.05,1.26,1.26,0.99,67249,372785680.0,22.69,5.88,0.07,4.38,牧原股份,002714,前复权
2016-05-13,1.28,1.27,1.38,1.19,67757,386583456.0,15.08,0.79,0.01,4.41,牧原股份,002714,前复权
2016-05-16,1.27,1.5,1.55,1.22,93689,544194848.0,25.98,18.11,0.23,6.10,牧原股份,002714,前复权
2016-05-17,1.43,1.16,1.49,1.14,94620,539548496.0,23.33,-22.67,-0.34,6.16,牧原股份,002714,前复权
2016-05-18,1.05,0.94,1.07,0.84,65291,354321872.0,19.83,-18.97,-0.22,4.25,牧原股份,002714,前复权
2016-05-19,0.95,0.98,1.06,0.9,42456,231525208.0,17.02,4.26,0.04,2.77,牧原股份,002714,前复权
2016-05-20,0.91,0.95,1.03,0.84,41437,223340294.0,19.39,-3.06,-0.03,2.70,牧原股份,002714,前复权
2016-05-23,0.95,1.05,1.05,0.92,54158,294566704.0,13.68,10.53,0.1,3.53,牧原股份,002714,前复权
2016-05-24,1.02,0.83,1.04,0.78,70305,375589376.0,24.76,-20.95,-0.22,4.58,牧原股份,002714,前复权
2016-05-25,0.86,0.74,0.89,0.7,57015,300550784.0,22.89,-10.84,-0.09,3.71,牧原股份,002714,前复权
2016-05-26,0.7,0.62,0.78,0.48,59799,304558112.0,40.54,-16.22,-0.12,3.90,牧原股份,002714,前复权
2016-05-27,0.64,0.68,0.72,0.61,37659,195640679.0,17.74,9.68,0.06,2.45,牧原股份,002714,前复权
2016-05-30,0.64,0.51,0.67,0.48,36367,183925045.0,27.94,-25.0,-0.17,2.37,牧原股份,002714,前复权
2016-05-31,0.53,0.71,0.72,0.53,79512,409628848.0,37.25,39.22,0.2,5.18,牧原股份,002714,前复权
2016-06-01,0.73,0.76,0.89,0.68,78646,415414432.0,29.58,7.04,0.05,5.12,牧原股份,002714,前复权
2016-06-02,0.77,0.72,0.8,0.64,64283,334726576.0,21.05,-5.26,-0.04,4.19,牧原股份,002714,前复权
2016-06-03,0.74,0.87,0.89,0.65,98853,523122064.0,33.33,20.83,0.15,6.44,牧原股份,002714,前复权
2016-06-06,0.9,0.82,0.92,0.76,57267,304190432.0,18.39,-5.75,-0.05,3.73,牧原股份,002714,前复权
2016-06-07,0.82,0.72,0.84,0.67,78236,408066480.0,20.73,-12.2,-0.1,5.10,牧原股份,002714,前复权
2016-06-08,0.72,0.72,0.76,0.66,49897,259670448.0,13.89,0.0,0.0,3.25,牧原股份,002714,前复权
2016-06-13,0.63,0.53,0.68,0.53,46295,236919064.0,20.83,-26.39,-0.19,3.02,牧原股份,002714,前复权
2016-06-14,0.52,0.51,0.56,0.47,39851,200554623.0,16.98,-3.77,-0.02,2.60,牧原股份,002714,前复权
2016-06-15,0.43,0.61,0.66,0.43,52444,267255550.0,45.1,19.61,0.1,3.42,牧原股份,002714,前复权
2016-06-16,0.66,0.61,0.78,0.58,74581,387431216.0,32.79,0.0,0.0,4.86,牧原股份,002714,前复权
2016-06-17,0.61,0.62,0.7,0.55,48674,249865181.0,24.59,1.64,0.01,3.17,牧原股份,002714,前复权
2016-06-20,0.66,0.6,0.68,0.53,39818,203192652.0,24.19,-3.23,-0.02,2.59,牧原股份,002714,前复权
2016-06-21,0.61,0.49,0.63,0.47,62412,316582912.0,26.67,-18.33,-0.11,4.07,牧原股份,002714,前复权
2016-06-22,0.48,0.5,0.5,0.42,50202,250860868.0,16.33,2.04,0.01,3.27,牧原股份,002714,前复权
2016-06-23,0.53,0.37,0.53,0.31,70194,346835296.0,44.0,-26.0,-0.13,4.57,牧原股份,002714,前复权
2016-06-24,0.38,0.29,0.39,0.0,78165,376206480.0,105.41,-21.62,-0.08,5.09,牧原股份,002714,前复权
2016-06-27,0.27,0.36,0.39,0.22,41490,202780136.0,58.62,24.14,0.07,2.70,牧原股份,002714,前复权
2016-06-28,0.33,0.5,0.51,0.29,66639,329722608.0,61.11,38.89,0.14,4.34,牧原股份,002714,前复权
2016-06-29,0.5,0.46,0.51,0.44,48174,240876616.0,14.0,-8.0,-0.04,3.14,牧原股份,002714,前复权
2016-06-30,0.46,0.53,0.61,0.45,60530,306519744.0,34.78,15.22,0.07,3.94,牧原股份,002714,前复权
2016-07-01,0.68,0.64,0.75,0.62,98009,508555232.0,24.53,20.75,0.11,6.38,牧原股份,002714,前复权
2016-07-04,0.7,0.76,0.8,0.64,88132,461873520.0,25.0,18.75,0.12,5.74,牧原股份,002714,前复权
2016-07-05,0.78,0.75,0.85,0.67,71940,377144928.0,23.68,-1.32,-0.01,4.69,牧原股份,002714,前复权
2016-07-06,0.75,0.77,0.79,0.65,76372,397837968.0,18.67,2.67,0.02,4.97,牧原股份,002714,前复权
2016-07-07,0.79,0.94,1.07,0.79,153858,839933728.0,36.36,22.08,0.17,10.02,牧原股份,002714,前复权
2016-07-08,0.86,0.78,1.0,0.72,148238,390700912.0,29.79,-17.02,-0.16,4.83,牧原股份,002714,前复权
2016-07-11,0.69,0.67,0.82,0.63,167141,431716224.0,24.36,-14.1,-0.11,5.44,牧原股份,002714,前复权
2016-07-12,0.67,0.76,0.79,0.61,156580,406340880.0,26.87,13.43,0.09,5.10,牧原股份,002714,前复权
2016-07-13,0.82,0.89,1.0,0.77,187278,499589744.0,30.26,17.11,0.13,6.10,牧原股份,002714,前复权
2016-07-14,0.88,0.89,0.96,0.8,115078,306056432.0,17.98,0.0,0.0,3.75,牧原股份,002714,前复权
2016-07-15,0.95,0.97,1.07,0.91,152008,410405760.0,17.98,8.99,0.08,4.95,牧原股份,002714,前复权
2016-07-18,1.09,1.23,1.35,1.09,252684,708111568.0,26.8,26.8,0.26,8.23,牧原股份,002714,前复权
2016-07-19,1.22,1.21,1.22,1.04,160846,444915904.0,14.63,-1.63,-0.02,5.24,牧原股份,002714,前复权
2016-07-20,1.21,1.24,1.29,1.1,182484,510901760.0,15.7,2.48,0.03,5.94,牧原股份,002714,前复权
2016-07-21,1.39,1.25,1.53,1.24,429258,1232207056.0,23.39,0.81,0.01,13.98,牧原股份,002714,前复权
2016-07-22,1.23,0.99,1.23,0.95,259091,708694112.0,22.4,-20.8,-0.26,8.44,牧原股份,002714,前复权
2016-07-25,0.97,1.03,1.11,0.93,147442,401200720.0,18.18,4.04,0.04,4.80,牧原股份,002714,前复权
2016-07-26,1.06,1.05,1.09,1.01,117245,319896848.0,7.77,1.94,0.02,3.82,牧原股份,002714,前复权
2016-07-27,1.06,0.75,1.08,0.65,219313,583084336.0,40.95,-28.57,-0.3,7.14,牧原股份,002714,前复权
2016-07-28,0.74,0.78,0.8,0.67,139200,362111808.0,17.33,4.0,0.03,4.53,牧原股份,002714,前复权
2016-07-29,0.84,0.97,0.99,0.75,186184,495039552.0,30.77,24.36,0.19,6.06,牧原股份,002714,前复权
2016-08-01,0.94,0.82,0.94,0.76,126379,333158704.0,18.56,-15.46,-0.15,4.12,牧原股份,002714,前复权
2016-08-02,0.83,0.84,0.87,0.79,73091,192811773.0,9.76,2.44,0.02,2.38,牧原股份,002714,前复权
2016-08-03,0.81,0.74,0.82,0.66,123540,321433760.0,19.05,-11.9,-0.1,4.02,牧原股份,002714,前复权
2016-08-04,0.75,0.74,0.78,0.72,76551,199209501.0,8.11,0.0,0.0,2.49,牧原股份,002714,前复权
2016-08-05,0.77,0.89,0.91,0.73,158274,419048976.0,24.32,20.27,0.15,5.15,牧原股份,002714,前复权
2016-08-08,0.91,0.95,1.0,0.86,142965,384062608.0,15.73,6.74,0.06,4.66,牧原股份,002714,前复权
2016-08-09,0.93,0.93,0.97,0.88,108663,290768960.0,9.47,-2.11,-0.02,3.54,牧原股份,002714,前复权
2016-08-10,0.93,0.89,0.98,0.88,108569,291234576.0,10.75,-4.3,-0.04,3.54,牧原股份,002714,前复权
2016-08-11,0.89,0.76,0.89,0.75,91380,240041884.0,15.73,-14.61,-0.13,2.98,牧原股份,002714,前复权
2016-08-12,0.77,0.79,0.83,0.73,82399,215711190.0,13.16,3.95,0.03,2.68,牧原股份,002714,前复权
2016-08-15,0.79,0.88,0.94,0.75,149177,394677904.0,24.05,11.39,0.09,4.86,牧原股份,002714,前复权
2016-08-16,0.88,0.97,1.0,0.84,183489,491178032.0,18.18,10.23,0.09,5.98,牧原股份,002714,前复权
2016-08-17,0.99,1.04,1.08,0.92,172824,470084400.0,16.49,7.22,0.07,5.63,牧原股份,002714,前复权
2016-08-18,1.02,0.98,1.03,0.95,112520,303995712.0,7.69,-5.77,-0.06,3.66,牧原股份,002714,前复权
2016-08-19,1.01,0.94,1.02,0.92,90184,242272286.0,10.2,-4.08,-0.04,2.94,牧原股份,002714,前复权
2016-08-22,0.95,0.84,0.98,0.84,87551,233037823.0,14.89,-10.64,-0.1,2.85,牧原股份,002714,前复权
2016-08-23,0.81,0.81,0.86,0.79,63786,168214846.0,8.33,-3.57,-0.03,2.08,牧原股份,002714,前复权
2016-08-24,0.83,0.82,0.87,0.79,61586,162438180.0,9.88,1.23,0.01,2.01,牧原股份,002714,前复权
2016-08-25,0.83,0.8,0.83,0.74,68425,179011288.0,10.98,-2.44,-0.02,2.23,牧原股份,002714,前复权
2016-08-26,0.84,0.81,0.84,0.79,55720,146813951.0,6.25,1.25,0.01,1.81,牧原股份,002714,前复权
2016-08-29,0.82,0.91,0.92,0.79,96889,257513179.0,16.05,12.35,0.1,3.16,牧原股份,002714,前复权
2016-08-30,0.91,0.92,0.96,0.9,95234,255554001.0,6.59,1.1,0.01,3.10,牧原股份,002714,前复权
2016-08-31,0.93,0.85,0.93,0.83,64610,171244997.0,10.87,-7.61,-0.07,2.10,牧原股份,002714,前复权
2016-09-01,0.86,0.8,0.89,0.79,49688,131185462.0,11.76,-5.88,-0.05,1.62,牧原股份,002714,前复权
2016-09-02,0.79,0.77,0.83,0.75,49426,129343859.0,10.0,-3.75,-0.03,1.61,牧原股份,002714,前复权
2016-09-05,0.79,0.76,0.82,0.76,39901,104426354.0,7.79,-1.3,-0.01,1.30,牧原股份,002714,前复权
2016-09-06,0.76,0.79,0.8,0.69,62887,163890435.0,14.47,3.95,0.03,2.05,牧原股份,002714,前复权
2016-09-07,0.8,0.76,0.81,0.75,62221,162696600.0,7.59,-3.8,-0.03,2.03,牧原股份,002714,前复权
2016-09-08,0.76,0.76,0.77,0.71,68406,177625278.0,7.89,0.0,0.0,2.23,牧原股份,002714,前复权
2016-09-09,0.74,0.71,0.75,0.71,48019,124396414.0,5.26,-6.58,-0.05,1.56,牧原股份,002714,前复权
2016-09-12,0.62,0.5,0.63,0.46,108366,272035424.0,23.94,-29.58,-0.21,3.53,牧原股份,002714,前复权
2016-09-13,0.51,0.47,0.53,0.45,46307,115163876.0,16.0,-6.0,-0.03,1.51,牧原股份,002714,前复权
2016-09-14,0.46,0.42,0.48,0.41,38699,95542352.0,14.89,-10.64,-0.05,1.26,牧原股份,002714,前复权
2016-09-19,0.43,0.59,0.61,0.43,67878,170141411.0,42.86,40.48,0.17,2.21,牧原股份,002714,前复权
2016-09-20,0.61,0.51,0.61,0.5,44674,112048970.0,18.64,-13.56,-0.08,1.45,牧原股份,002714,前复权
2016-09-21,0.51,0.49,0.55,0.48,30665,76690047.0,13.73,-3.92,-0.02,1.00,牧原股份,002714,前复权
2016-09-22,0.52,0.51,0.55,0.5,45405,113812847.0,10.2,4.08,0.02,1.48,牧原股份,002714,前复权
2016-09-23,0.53,0.45,0.53,0.44,42396,105288921.0,17.65,-11.76,-0.06,1.38,牧原股份,002714,前复权
2016-09-26,0.45,0.28,0.45,0.28,57892,140868270.0,37.78,-37.78,-0.17,1.89,牧原股份,002714,前复权
2016-09-27,0.28,0.3,0.32,0.26,32496,78255297.0,21.43,7.14,0.02,1.06,牧原股份,002714,前复权
2016-09-28,0.3,0.33,0.38,0.3,45341,110051567.0,26.67,10.0,0.03,1.48,牧原股份,002714,前复权
2016-09-29,0.34,0.33,0.35,0.31,31208,75770400.0,12.12,0.0,0.0,1.02,牧原股份,002714,前复权
2016-09-30,0.34,0.37,0.38,0.31,35303,85860401.0,21.21,12.12,0.04,1.15,牧原股份,002714,前复权
2016-10-10,0.41,0.56,0.56,0.39,72987,181821404.0,45.95,51.35,0.19,2.38,牧原股份,002714,前复权
2016-10-11,0.54,0.59,0.61,0.51,67897,171724893.0,17.86,5.36,0.03,2.21,牧原股份,002714,前复权
2016-10-12,0.58,0.51,0.58,0.47,83453,208501856.0,18.64,-13.56,-0.08,2.72,牧原股份,002714,前复权
2016-10-13,0.49,0.49,0.5,0.44,65903,163349907.0,11.76,-3.92,-0.02,2.15,牧原股份,002714,前复权
2016-10-14,0.48,0.51,0.52,0.44,60302,150034311.0,16.33,4.08,0.02,1.96,牧原股份,002714,前复权
2016-10-17,0.51,0.46,0.54,0.45,57597,143269154.0,17.65,-9.8,-0.05,1.88,牧原股份,002714,前复权
2016-10-18,0.46,0.58,0.59,0.46,89509,224865251.0,28.26,26.09,0.12,2.92,牧原股份,002714,前复权
2016-10-19,0.62,0.63,0.63,0.56,78759,199829007.0,12.07,8.62,0.05,2.57,牧原股份,002714,前复权
2016-10-20,0.62,0.56,0.62,0.54,91259,230488621.0,12.7,-11.11,-0.07,2.97,牧原股份,002714,前复权
2016-10-21,0.57,0.51,0.6,0.48,76270,191272576.0,21.43,-8.93,-0.05,2.48,牧原股份,002714,前复权
2016-10-24,0.52,0.54,0.57,0.51,65275,164293323.0,11.76,5.88,0.03,2.13,牧原股份,002714,前复权
2016-10-25,0.55,0.53,0.56,0.52,54482,136911426.0,7.41,-1.85,-0.01,1.77,牧原股份,002714,前复权
2016-10-26,0.53,0.54,0.59,0.49,81023,203852236.0,18.87,1.89,0.01,2.64,牧原股份,002714,前复权
2016-10-27,0.54,0.5,0.54,0.47,54677,136352678.0,12.96,-7.41,-0.04,1.78,牧原股份,002714,前复权
2016-10-28,0.5,0.46,0.52,0.46,47283,117730492.0,12.0,-8.0,-0.04,1.54,牧原股份,002714,前复权
2016-10-31,0.47,0.44,0.47,0.39,49704,122449368.0,17.39,-4.35,-0.02,1.62,牧原股份,002714,前复权
2016-11-01,0.42,0.47,0.49,0.42,49784,123496810.0,15.91,6.82,0.03,1.62,牧原股份,002714,前复权
2016-11-02,0.45,0.49,0.54,0.44,75865,189937770.0,21.28,4.26,0.02,2.47,牧原股份,002714,前复权
2016-11-03,0.46,0.5,0.54,0.46,80741,202023480.0,16.33,2.04,0.01,2.63,牧原股份,002714,前复权
2016-11-04,0.51,0.48,0.53,0.45,58902,146572175.0,16.0,-4.0,-0.02,1.92,牧原股份,002714,前复权
2016-11-07,0.49,0.47,0.52,0.46,48604,121087537.0,12.5,-2.08,-0.01,1.58,牧原股份,002714,前复权
2016-11-08,0.48,0.44,0.49,0.43,79838,197807093.0,12.77,-6.38,-0.03,2.60,牧原股份,002714,前复权
2016-11-09,0.43,0.35,0.47,0.32,79515,195139803.0,34.09,-20.45,-0.09,2.59,牧原股份,002714,前复权
2016-11-10,0.38,0.39,0.42,0.38,53318,130789010.0,11.43,11.43,0.04,1.74,牧原股份,002714,前复权
2016-11-11,0.39,0.48,0.49,0.37,102064,252488782.0,30.77,23.08,0.09,3.32,牧原股份,002714,前复权
2016-11-14,0.51,0.57,0.61,0.47,147094,371680352.0,29.17,18.75,0.09,4.79,牧原股份,002714,前复权
2016-11-15,0.55,0.55,0.6,0.53,69013,174267718.0,12.28,-3.51,-0.02,2.25,牧原股份,002714,前复权
2016-11-16,0.58,0.55,0.58,0.53,59700,150270548.0,9.09,0.0,0.0,1.94,牧原股份,002714,前复权
2016-11-17,0.55,0.51,0.56,0.5,39548,99071148.0,10.91,-7.27,-0.04,1.29,牧原股份,002714,前复权
2016-11-18,0.51,0.48,0.54,0.48,60697,151693236.0,11.76,-5.88,-0.03,1.98,牧原股份,002714,前复权
2016-11-21,0.5,0.49,0.54,0.48,49435,123564841.0,12.5,2.08,0.01,1.61,牧原股份,002714,前复权
2016-11-22,0.49,0.49,0.52,0.44,55332,137494930.0,16.33,0.0,0.0,1.80,牧原股份,002714,前复权
2016-11-23,0.49,0.47,0.51,0.46,45944,114319276.0,10.2,-4.08,-0.02,1.50,牧原股份,002714,前复权
2016-11-24,0.49,0.55,0.59,0.47,111440,279918624.0,25.53,17.02,0.08,3.63,牧原股份,002714,前复权
2016-11-25,0.55,0.48,0.55,0.4,82281,204345238.0,27.27,-12.73,-0.07,2.68,牧原股份,002714,前复权
2016-11-28,0.5,0.55,0.61,0.45,118751,298738720.0,33.33,14.58,0.07,3.87,牧原股份,002714,前复权
2016-11-29,0.53,0.57,0.59,0.52,111995,282893280.0,12.73,3.64,0.02,3.65,牧原股份,002714,前复权
2016-11-30,0.56,0.52,0.58,0.51,82779,208026660.0,12.28,-8.77,-0.05,2.70,牧原股份,002714,前复权
2016-12-01,0.54,0.53,0.56,0.51,62843,157824241.0,9.62,1.92,0.01,2.05,牧原股份,002714,前复权
2016-12-02,0.54,0.44,0.54,0.43,81315,201746327.0,20.75,-16.98,-0.09,2.65,牧原股份,002714,前复权
2016-12-05,0.41,0.45,0.5,0.39,53170,131984785.0,25.0,2.27,0.01,1.73,牧原股份,002714,前复权
2016-12-06,0.45,0.47,0.49,0.45,32875,81699639.0,8.89,4.44,0.02,1.07,牧原股份,002714,前复权
2016-12-07,0.48,0.52,0.53,0.46,53907,134838340.0,14.89,10.64,0.05,1.76,牧原股份,002714,前复权
2016-12-08,0.54,0.55,0.56,0.51,81265,204517700.0,9.62,5.77,0.03,2.65,牧原股份,002714,前复权
2016-12-09,0.55,0.53,0.56,0.51,74560,187213668.0,9.09,-3.64,-0.02,2.43,牧原股份,002714,前复权
2016-12-12,0.53,0.42,0.54,0.41,88739,219964252.0,24.53,-20.75,-0.11,2.89,牧原股份,002714,前复权
2016-12-13,0.44,0.47,0.49,0.37,49610,122658374.0,28.57,11.9,0.05,1.62,牧原股份,002714,前复权
2016-12-14,0.48,0.38,0.49,0.37,51926,127880486.0,25.53,-19.15,-0.09,1.69,牧原股份,002714,前复权
2016-12-15,0.34,0.38,0.43,0.33,37785,92552587.0,26.32,0.0,0.0,1.23,牧原股份,002714,前复权
2016-12-16,0.38,0.42,0.45,0.38,34348,84513666.0,18.42,10.53,0.04,1.12,牧原股份,002714,前复权
2016-12-19,0.41,0.39,0.44,0.39,41692,102538225.0,11.9,-7.14,-0.03,1.36,牧原股份,002714,前复权
2016-12-20,0.39,0.25,0.41,0.23,89587,215366534.0,46.15,-35.9,-0.14,2.92,牧原股份,002714,前复权
2016-12-21,0.26,0.3,0.4,0.26,84029,203658912.0,56.0,20.0,0.05,2.74,牧原股份,002714,前复权
2016-12-22,0.3,0.28,0.32,0.24,56721,136036995.0,26.67,-6.67,-0.02,1.85,牧原股份,002714,前复权
2016-12-23,0.27,0.24,0.29,0.23,32770,78348712.0,21.43,-14.29,-0.04,1.07,牧原股份,002714,前复权
2016-12-26,0.23,0.19,0.24,0.13,50171,118039512.0,45.83,-20.83,-0.05,1.63,牧原股份,002714,前复权
2016-12-27,0.18,0.11,0.22,0.1,65171,152887420.0,63.16,-42.11,-0.08,2.12,牧原股份,002714,前复权
2016-12-28,0.1,-0.01,0.1,-0.02,86496,198120250.0,109.09,-109.09,-0.12,2.82,牧原股份,002714,前复权
2016-12-29,-0.01,0.06,0.08,-0.06,55613,127771733.0,-1400.0,700.0,0.07,1.81,牧原股份,002714,前复权
2016-12-30,0.02,0.1,0.13,0.02,46478,108102223.0,183.33,66.67,0.04,1.51,牧原股份,002714,前复权
2017-01-03,0.07,0.11,0.22,0.07,84996,200119707.0,150.0,10.0,0.01,2.77,牧原股份,002714,前复权
2017-01-04,0.13,0.2,0.21,0.12,62944,148724941.0,81.82,81.82,0.09,2.05,牧原股份,002714,前复权
2017-01-05,0.22,0.18,0.23,0.18,47065,111638692.0,25.0,-10.0,-0.02,1.53,牧原股份,002714,前复权
2017-01-06,0.18,0.19,0.24,0.15,49138,116121579.0,50.0,5.56,0.01,1.60,牧原股份,002714,前复权
2017-01-09,0.19,0.14,0.21,0.11,29552,69496686.0,52.63,-26.32,-0.05,0.96,牧原股份,002714,前复权
2017-01-10,0.17,0.23,0.24,0.16,53903,127987948.0,57.14,64.29,0.09,1.76,牧原股份,002714,前复权
2017-01-11,0.22,0.16,0.25,0.15,45528,107668217.0,43.48,-30.43,-0.07,1.48,牧原股份,002714,前复权
2017-01-12,0.16,0.11,0.18,0.11,38480,90334135.0,43.75,-31.25,-0.05,1.25,牧原股份,002714,前复权
2017-01-13,0.17,0.07,0.19,0.06,39500,92218100.0,118.18,-36.36,-0.04,1.29,牧原股份,002714,前复权
2017-01-16,0.06,0.01,0.1,-0.07,60206,138773364.0,242.86,-85.71,-0.06,1.96,牧原股份,002714,前复权
2017-01-17,0.02,0.04,0.07,-0.03,33762,77362848.0,1000.0,300.0,0.03,1.10,牧原股份,002714,前复权
2017-01-18,0.04,0.12,0.17,0.02,55457,129468033.0,375.0,200.0,0.08,1.81,牧原股份,002714,前复权
2017-01-19,0.12,0.17,0.2,0.11,42459,100099446.0,75.0,41.67,0.05,1.38,牧原股份,002714,前复权
2017-01-20,0.18,0.24,0.25,0.18,44871,106864427.0,41.18,41.18,0.07,1.46,牧原股份,002714,前复权
2017-01-23,0.23,0.21,0.27,0.19,44656,106130487.0,33.33,-12.5,-0.03,1.45,牧原股份,002714,前复权
2017-01-24,0.23,0.31,0.34,0.2,84578,203056446.0,66.67,47.62,0.1,2.75,牧原股份,002714,前复权
2017-01-25,0.29,0.3,0.33,0.26,32689,78881119.0,22.58,-3.23,-0.01,1.06,牧原股份,002714,前复权
2017-01-26,0.32,0.26,0.34,0.26,36861,88866468.0,26.67,-13.33,-0.04,1.20,牧原股份,002714,前复权
2017-02-03,0.25,0.18,0.25,0.17,35243,83375470.0,30.77,-30.77,-0.08,1.15,牧原股份,002714,前复权
2017-02-06,0.18,0.22,0.32,0.17,49474,118185624.0,83.33,22.22,0.04,0.83,牧原股份,002714,前复权
2017-02-07,0.24,0.26,0.27,0.2,42817,102218484.0,31.82,18.18,0.04,0.72,牧原股份,002714,前复权
2017-02-08,0.26,0.23,0.26,0.2,45061,107100958.0,23.08,-11.54,-0.03,0.75,牧原股份,002714,前复权
2017-02-09,0.23,0.24,0.26,0.21,40792,97227482.0,21.74,4.35,0.01,0.68,牧原股份,002714,前复权
2017-02-10,0.24,0.29,0.32,0.23,60664,145994601.0,37.5,20.83,0.05,1.02,牧原股份,002714,前复权
2017-02-13,0.29,0.38,0.38,0.26,72775,176647514.0,41.38,31.03,0.09,1.22,牧原股份,002714,前复权
2017-02-14,0.38,0.32,0.38,0.32,45726,111065717.0,15.79,-15.79,-0.06,0.77,牧原股份,002714,前复权
2017-02-15,0.34,0.29,0.36,0.27,50389,122065586.0,28.13,-9.38,-0.03,0.84,牧原股份,002714,前复权
2017-02-16,0.27,0.33,0.34,0.27,32350,78253832.0,24.14,13.79,0.04,0.54,牧原股份,002714,前复权
2017-02-17,0.33,0.33,0.36,0.3,35121,85212819.0,18.18,0.0,0.0,0.59,牧原股份,002714,前复权
2017-02-20,0.34,0.56,0.59,0.34,137807,345454816.0,75.76,69.7,0.23,2.31,牧原股份,002714,前复权
2017-02-21,0.56,0.82,0.86,0.53,197680,517896128.0,58.93,46.43,0.26,3.31,牧原股份,002714,前复权
2017-02-22,0.84,0.82,0.85,0.71,115952,303958096.0,17.07,0.0,0.0,1.94,牧原股份,002714,前复权
2017-02-23,0.78,0.78,0.81,0.71,83918,218862654.0,12.2,-4.88,-0.04,1.41,牧原股份,002714,前复权
2017-02-24,0.79,0.83,0.94,0.75,147436,391481664.0,24.36,6.41,0.05,2.47,牧原股份,002714,前复权
2017-02-27,0.83,0.69,0.87,0.69,93011,243203233.0,21.69,-16.87,-0.14,1.56,牧原股份,002714,前复权
2017-02-28,0.74,0.76,0.81,0.67,56751,147374860.0,20.29,10.14,0.07,0.95,牧原股份,002714,前复权
2017-03-01,0.76,0.73,0.76,0.71,44252,115101803.0,6.58,-3.95,-0.03,0.74,牧原股份,002714,前复权
2017-03-02,0.73,0.74,0.79,0.69,40395,105071718.0,13.7,1.37,0.01,0.68,牧原股份,002714,前复权
2017-03-03,0.74,0.68,0.74,0.63,58380,150324124.0,14.86,-8.11,-0.06,0.98,牧原股份,002714,前复权
2017-03-06,0.67,0.76,0.78,0.67,60815,158389191.0,16.18,11.76,0.08,1.02,牧原股份,002714,前复权
2017-03-07,0.8,0.86,0.96,0.8,102726,273206528.0,21.05,13.16,0.1,1.72,牧原股份,002714,前复权
2017-03-08,0.83,0.76,0.89,0.73,70683,185145662.0,18.6,-11.63,-0.1,1.18,牧原股份,002714,前复权
2017-03-09,0.73,0.79,0.81,0.72,56558,147617853.0,11.84,3.95,0.03,0.95,牧原股份,002714,前复权
2017-03-10,0.79,0.86,0.91,0.76,76875,203788552.0,18.99,8.86,0.07,1.29,牧原股份,002714,前复权
2017-03-13,0.85,0.88,0.93,0.78,85846,228168679.0,17.44,2.33,0.02,1.44,牧原股份,002714,前复权
2017-03-14,0.87,0.83,0.89,0.79,67200,177732714.0,11.36,-5.68,-0.05,1.13,牧原股份,002714,前复权
2017-03-15,0.83,0.9,0.91,0.79,82401,219315630.0,14.46,8.43,0.07,1.38,牧原股份,002714,前复权
2017-03-16,0.89,1.01,1.04,0.89,130674,353375984.0,16.67,12.22,0.11,2.19,牧原股份,002714,前复权
2017-03-17,1.02,1.01,1.11,0.97,110104,301193120.0,13.86,0.0,0.0,1.84,牧原股份,002714,前复权
2017-03-20,0.99,1.19,1.25,0.98,108357,301522400.0,26.73,17.82,0.18,1.81,牧原股份,002714,前复权
2017-03-21,1.21,1.23,1.26,1.14,78234,219000404.0,10.08,3.36,0.04,1.31,牧原股份,002714,前复权
2017-03-22,1.23,1.36,1.42,1.19,120380,344364896.0,18.7,10.57,0.13,2.02,牧原股份,002714,前复权
2017-03-23,1.38,1.21,1.43,1.1,94019,265751970.0,24.26,-11.03,-0.15,1.57,牧原股份,002714,前复权
2017-03-24,1.21,1.18,1.29,1.11,97793,273518736.0,14.88,-2.48,-0.03,1.64,牧原股份,002714,前复权
2017-03-27,1.18,1.19,1.36,1.15,101052,285650512.0,17.8,0.85,0.01,1.69,牧原股份,002714,前复权
2017-03-28,1.19,1.15,1.27,1.11,74629,208007367.0,13.45,-3.36,-0.04,1.25,牧原股份,002714,前复权
2017-03-29,1.14,1.07,1.15,1.02,69870,191465074.0,11.3,-6.96,-0.08,1.17,牧原股份,002714,前复权
2017-03-30,1.05,1.14,1.14,1.01,76939,211521277.0,12.15,6.54,0.07,1.29,牧原股份,002714,前复权
2017-03-31,1.26,1.02,1.31,0.98,96612,265901211.0,28.95,-10.53,-0.12,1.62,牧原股份,002714,前复权
2017-04-05,1.02,1.06,1.11,0.93,79162,216283767.0,17.65,3.92,0.04,1.33,牧原股份,002714,前复权
2017-04-06,1.08,1.15,1.17,1.04,63332,174936211.0,12.26,8.49,0.09,1.06,牧原股份,002714,前复权
2017-04-07,1.16,1.09,1.17,1.07,56857,156583827.0,8.7,-5.22,-0.06,0.95,牧原股份,002714,前复权
2017-04-10,1.12,0.9,1.13,0.86,105918,285746656.0,24.77,-17.43,-0.19,1.77,牧原股份,002714,前复权
2017-04-11,0.88,0.97,0.97,0.72,115990,307271680.0,27.78,7.78,0.07,1.94,牧原股份,002714,前复权
2017-04-12,0.95,0.96,1.05,0.9,64727,175030583.0,15.46,-1.03,-0.01,1.08,牧原股份,002714,前复权
2017-04-13,0.97,0.92,1.02,0.89,35679,95629275.0,13.54,-4.17,-0.04,0.60,牧原股份,002714,前复权
2017-04-14,0.92,0.98,1.0,0.92,44239,119483021.0,8.7,6.52,0.06,0.74,牧原股份,002714,前复权
2017-04-17,0.98,0.81,0.99,0.74,75733,199683920.0,25.51,-17.35,-0.17,1.26,牧原股份,002714,前复权
2017-04-18,0.8,0.86,0.96,0.76,52523,139954482.0,24.69,6.17,0.05,0.87,牧原股份,002714,前复权
2017-04-19,0.82,0.88,0.95,0.79,57302,152807932.0,18.6,2.33,0.02,0.95,牧原股份,002714,前复权
2017-04-20,0.91,0.92,0.95,0.86,41677,111155148.0,10.23,4.55,0.04,0.69,牧原股份,002714,前复权
2017-04-21,0.94,1.08,1.12,0.92,85181,232563571.0,21.74,17.39,0.16,1.41,牧原股份,002714,前复权
2017-04-24,1.08,0.8,1.11,0.77,77367,206414831.0,31.48,-25.93,-0.28,1.28,牧原股份,002714,前复权
2017-04-25,0.81,0.85,0.89,0.79,42791,112952919.0,12.5,6.25,0.05,0.71,牧原股份,002714,前复权
2017-04-26,0.91,1.21,1.34,0.91,162454,447381344.0,50.59,42.35,0.36,2.70,牧原股份,002714,前复权
2017-04-27,1.27,1.23,1.28,1.07,78075,218030189.0,17.36,1.65,0.02,1.30,牧原股份,002714,前复权
2017-04-28,1.23,1.18,1.27,1.14,58285,163021071.0,10.57,-4.07,-0.05,0.97,牧原股份,002714,前复权
2017-05-02,1.14,1.19,1.27,1.13,65126,182496256.0,11.86,0.85,0.01,1.08,牧原股份,002714,前复权
2017-05-03,1.18,1.19,1.29,1.14,66841,187881268.0,12.61,0.0,0.0,1.11,牧原股份,002714,前复权
2017-05-04,1.14,1.21,1.23,1.09,55160,153314868.0,11.76,1.68,0.02,0.92,牧原股份,002714,前复权
2017-05-05,1.19,1.16,1.25,1.13,59933,167513792.0,9.92,-4.13,-0.05,1.00,牧原股份,002714,前复权
2017-05-08,1.09,0.57,1.09,0.55,161246,421573456.0,46.55,-50.86,-0.59,2.68,牧原股份,002714,前复权
2017-05-09,0.6,0.78,0.82,0.46,91808,234457193.0,63.16,36.84,0.21,1.52,牧原股份,002714,前复权
2017-05-10,0.74,0.58,0.78,0.54,53534,136945376.0,30.77,-25.64,-0.2,0.89,牧原股份,002714,前复权
2017-05-11,0.58,0.56,0.62,0.48,35527,89477038.0,24.14,-3.45,-0.02,0.59,牧原股份,002714,前复权
2017-05-12,0.59,0.54,0.59,0.44,49200,122974644.0,26.79,-3.57,-0.02,0.82,牧原股份,002714,前复权
2017-05-15,0.51,0.42,0.55,0.4,53998,133618644.0,27.78,-22.22,-0.12,0.90,牧原股份,002714,前复权
2017-05-16,0.41,0.42,0.42,0.25,71987,174143879.0,40.48,0.0,0.0,1.20,牧原股份,002714,前复权
2017-05-17,0.42,0.5,0.55,0.38,62962,156901333.0,40.48,19.05,0.08,1.05,牧原股份,002714,前复权
2017-05-18,0.5,0.51,0.56,0.45,35199,88162025.0,22.0,2.0,0.01,0.58,牧原股份,002714,前复权
2017-05-19,0.54,0.47,0.54,0.46,28925,72122053.0,15.69,-7.84,-0.04,0.48,牧原股份,002714,前复权
2017-05-22,0.47,0.34,0.47,0.3,48851,119287320.0,36.17,-27.66,-0.13,0.81,牧原股份,002714,前复权
2017-05-23,0.31,0.21,0.37,0.19,76875,183676814.0,52.94,-38.24,-0.13,1.28,牧原股份,002714,前复权
2017-05-24,0.2,0.08,0.2,0.01,81365,188858175.0,90.48,-61.9,-0.13,1.35,牧原股份,002714,前复权
2017-05-25,0.08,0.2,0.21,0.05,47981,112108419.0,200.0,150.0,0.12,0.80,牧原股份,002714,前复权
2017-05-26,0.14,0.29,0.33,0.14,53481,128134328.0,95.0,45.0,0.09,0.89,牧原股份,002714,前复权
2017-05-31,0.29,0.31,0.46,0.24,39139,94225773.0,75.86,6.9,0.02,0.65,牧原股份,002714,前复权
2017-06-01,0.31,0.22,0.31,0.2,29454,70194036.0,35.48,-29.03,-0.09,0.49,牧原股份,002714,前复权
2017-06-02,0.2,0.2,0.26,0.18,29215,69440750.0,36.36,-9.09,-0.02,0.49,牧原股份,002714,前复权
2017-06-05,0.22,0.31,0.33,0.2,35986,86563151.0,65.0,55.0,0.11,0.60,牧原股份,002714,前复权
2017-06-06,0.31,0.45,0.47,0.27,55078,135618430.0,64.52,45.16,0.14,0.91,牧原股份,002714,前复权
2017-06-07,0.45,0.55,0.61,0.41,61687,155644899.0,44.44,22.22,0.1,1.02,牧原股份,002714,前复权
2017-06-08,0.55,0.56,0.59,0.51,30088,75723443.0,14.55,1.82,0.01,0.50,牧原股份,002714,前复权
2017-06-09,0.55,0.64,0.7,0.55,63418,162142478.0,26.79,14.29,0.08,1.05,牧原股份,002714,前复权
2017-06-12,0.68,0.61,0.69,0.59,39034,99665543.0,15.63,-4.69,-0.03,0.65,牧原股份,002714,前复权
2017-06-13,0.63,0.68,0.7,0.63,40837,105106061.0,11.48,11.48,0.07,0.68,牧原股份,002714,前复权
2017-06-14,0.7,0.75,0.79,0.62,54586,141578508.0,25.0,10.29,0.07,0.91,牧原股份,002714,前复权
2017-06-15,0.75,0.66,0.75,0.63,56497,145612436.0,16.0,-12.0,-0.09,0.94,牧原股份,002714,前复权
2017-06-16,0.65,0.66,0.71,0.61,28646,73395817.0,15.15,0.0,0.0,0.48,牧原股份,002714,前复权
2017-06-19,0.68,0.72,0.77,0.65,33913,88043509.0,18.18,9.09,0.06,0.56,牧原股份,002714,前复权
2017-06-20,0.72,0.82,0.83,0.69,46300,121139469.0,19.44,13.89,0.1,0.77,牧原股份,002714,前复权
2017-06-21,0.84,0.81,0.94,0.79,48543,128823553.0,18.29,-1.22,-0.01,0.81,牧原股份,002714,前复权
2017-06-22,0.81,0.81,0.95,0.77,48163,128209398.0,22.22,0.0,0.0,0.80,牧原股份,002714,前复权
2017-06-23,0.81,0.83,0.93,0.78,43864,115975731.0,18.52,2.47,0.02,0.73,牧原股份,002714,前复权
2017-06-26,0.83,0.88,0.9,0.79,30956,82079035.0,13.25,6.02,0.05,0.51,牧原股份,002714,前复权
2017-06-27,0.9,0.81,0.9,0.8,37612,99473138.0,11.36,-7.95,-0.07,0.62,牧原股份,002714,前复权
2017-06-28,0.81,0.75,0.88,0.73,35324,92575524.0,18.52,-7.41,-0.06,0.59,牧原股份,002714,前复权
2017-06-29,0.75,0.83,0.88,0.75,39852,105234167.0,17.33,10.67,0.08,0.66,牧原股份,002714,前复权
2017-06-30,0.86,1.02,1.09,0.86,63729,173371214.0,27.71,22.89,0.19,1.06,牧原股份,002714,前复权
2017-07-03,1.03,0.98,1.04,0.9,74138,199818381.0,13.73,-3.92,-0.04,1.23,牧原股份,002714,前复权
2017-07-04,0.98,1.14,1.2,0.98,97883,270503712.0,22.45,16.33,0.16,1.63,牧原股份,002714,前复权
2017-07-05,1.15,1.14,1.21,1.11,56960,157886423.0,8.77,0.0,0.0,0.95,牧原股份,002714,前复权
2017-07-06,1.11,1.24,1.29,1.08,90760,255241661.0,18.42,8.77,0.1,1.51,牧原股份,002714,前复权
2017-07-07,1.25,1.34,1.37,1.23,82571,235154809.0,11.29,8.06,0.1,1.37,牧原股份,002714,前复权
2017-07-10,1.35,1.63,1.91,1.35,196472,586022928.0,41.79,21.64,0.29,3.26,牧原股份,002714,前复权
2017-07-11,1.65,1.54,1.65,1.39,109826,315629872.0,15.95,-5.52,-0.09,1.82,牧原股份,002714,前复权
2017-07-12,1.47,1.59,1.69,1.44,94643,274046816.0,16.23,3.25,0.05,1.57,牧原股份,002714,前复权
2017-07-13,1.53,1.68,1.68,1.52,72463,210735075.0,10.06,5.66,0.09,1.20,牧原股份,002714,前复权
2017-07-14,1.71,1.58,1.77,1.44,86528,251053238.0,19.64,-5.95,-0.1,1.44,牧原股份,002714,前复权
2017-07-17,1.58,1.2,1.58,1.16,109014,302696672.0,26.58,-24.05,-0.38,1.81,牧原股份,002714,前复权
2017-07-18,1.2,1.35,1.36,1.13,74599,205200367.0,19.17,12.5,0.15,1.24,牧原股份,002714,前复权
2017-07-19,1.35,1.44,1.5,1.28,81802,231094756.0,16.3,6.67,0.09,1.36,牧原股份,002714,前复权
2017-07-20,1.44,1.46,1.64,1.43,83291,239086378.0,14.58,1.39,0.02,1.38,牧原股份,002714,前复权
2017-07-21,1.47,1.53,1.55,1.47,65241,186521907.0,5.48,4.79,0.07,1.08,牧原股份,002714,前复权
2017-07-24,1.57,1.64,1.68,1.48,73063,212454269.0,13.07,7.19,0.11,1.21,牧原股份,002714,前复权
2017-07-25,1.65,1.5,1.67,1.48,68115,195618880.0,11.59,-8.54,-0.14,1.13,牧原股份,002714,前复权
2017-07-26,1.5,1.32,1.53,1.26,83698,232953320.0,18.0,-12.0,-0.18,1.39,牧原股份,002714,前复权
2017-07-27,1.36,1.32,1.36,1.26,57269,158610178.0,7.58,0.0,0.0,0.95,牧原股份,002714,前复权
2017-07-28,1.32,1.5,1.54,1.31,68726,195432317.0,17.42,13.64,0.18,1.14,牧原股份,002714,前复权
2017-07-31,1.5,1.47,1.51,1.37,71542,201749567.0,9.33,-2.0,-0.03,1.19,牧原股份,002714,前复权
2017-08-01,1.46,1.25,1.47,1.19,128059,353075920.0,19.05,-14.97,-0.22,2.13,牧原股份,002714,前复权
2017-08-02,1.25,1.31,1.34,1.22,52490,145109846.0,9.6,4.8,0.06,0.87,牧原股份,002714,前复权
2017-08-03,1.32,1.23,1.32,1.16,62537,171212413.0,12.21,-6.11,-0.08,1.04,牧原股份,002714,前复权
2017-08-04,1.24,1.37,1.39,1.19,60311,167196245.0,16.26,11.38,0.14,1.00,牧原股份,002714,前复权
2017-08-07,1.37,1.65,1.76,1.32,128756,372712464.0,32.12,20.44,0.28,2.14,牧原股份,002714,前复权
2017-08-08,1.69,2.33,2.33,1.56,288690,897510256.0,46.67,41.21,0.68,4.79,牧原股份,002714,前复权
2017-08-09,2.44,2.36,2.49,2.19,177499,568157648.0,12.88,1.29,0.03,2.95,牧原股份,002714,前复权
2017-08-10,2.28,2.2,2.31,2.02,131168,411323744.0,12.29,-6.78,-0.16,2.18,牧原股份,002714,前复权
2017-08-11,2.1,2.37,2.45,2.02,162497,519520832.0,19.55,7.73,0.17,2.70,牧原股份,002714,前复权
2017-08-14,2.31,2.5,2.51,2.12,110119,356164784.0,16.46,5.49,0.13,1.83,牧原股份,002714,前复权
2017-08-15,2.46,2.39,2.5,2.28,79049,255640716.0,8.8,-4.4,-0.11,1.31,牧原股份,002714,前复权
2017-08-16,2.33,2.31,2.44,2.19,71805,229419860.0,10.46,-3.35,-0.08,1.19,牧原股份,002714,前复权
2017-08-17,2.39,2.31,2.4,2.23,50128,160470070.0,7.36,0.0,0.0,0.83,牧原股份,002714,前复权
2017-08-18,2.26,2.24,2.38,2.16,48841,155466059.0,9.52,-3.03,-0.07,0.81,牧原股份,002714,前复权
2017-08-21,2.24,2.17,2.29,2.14,50154,157845435.0,6.7,-3.13,-0.07,0.83,牧原股份,002714,前复权
2017-08-22,2.23,2.71,2.88,2.19,139805,468114992.0,31.8,24.88,0.54,2.32,牧原股份,002714,前复权
2017-08-23,2.67,2.66,2.83,2.51,73420,246485184.0,11.81,-1.85,-0.05,1.22,牧原股份,002714,前复权
2017-08-24,2.66,3.04,3.04,2.64,110220,381626016.0,15.04,14.29,0.38,1.83,牧原股份,002714,前复权
2017-08-25,2.99,3.16,3.28,2.83,101972,360110848.0,14.8,3.95,0.12,1.69,牧原股份,002714,前复权
2017-08-28,3.04,3.72,3.91,3.02,144960,545140416.0,28.16,17.72,0.56,2.41,牧原股份,002714,前复权
2017-08-29,3.61,3.5,3.81,3.49,78640,296955616.0,8.6,-5.91,-0.22,1.31,牧原股份,002714,前复权
2017-08-30,3.53,4.35,4.36,3.53,155612,619343008.0,23.71,24.29,0.85,2.58,牧原股份,002714,前复权
2017-08-31,4.35,4.58,4.75,4.13,95571,393203264.0,14.25,5.29,0.23,1.59,牧原股份,002714,前复权
2017-09-01,4.56,4.7,4.87,4.31,113391,476855360.0,12.23,2.62,0.12,1.88,牧原股份,002714,前复权
2017-09-04,4.75,4.33,4.75,4.31,105593,435570032.0,9.36,-7.87,-0.37,1.75,牧原股份,002714,前复权
2017-09-05,4.38,4.34,4.61,4.24,69955,287835232.0,8.55,0.23,0.01,1.16,牧原股份,002714,前复权
2017-09-06,4.46,4.42,4.56,4.3,56113,230628609.0,5.99,1.84,0.08,0.93,牧原股份,002714,前复权
2017-09-07,4.35,4.17,4.43,4.13,81371,327389200.0,6.79,-5.66,-0.25,1.35,牧原股份,002714,前复权
2017-09-08,4.23,4.27,4.28,3.99,71852,286673792.0,6.95,2.4,0.1,1.19,牧原股份,002714,前复权
2017-09-11,4.15,4.21,4.57,4.13,73293,298628256.0,10.3,-1.41,-0.06,1.22,牧原股份,002714,前复权
2017-09-12,4.16,3.86,4.24,3.77,99380,386025312.0,11.16,-8.31,-0.35,1.65,牧原股份,002714,前复权
2017-09-13,3.93,3.98,4.1,3.87,51266,201142669.0,5.96,3.11,0.12,0.85,牧原股份,002714,前复权
2017-09-14,4.08,4.04,4.28,4.04,62851,249663906.0,6.03,1.51,0.06,1.04,牧原股份,002714,前复权
2017-09-15,4.03,4.02,4.14,3.84,38980,153319346.0,7.43,-0.5,-0.02,0.65,牧原股份,002714,前复权
2017-09-18,4.02,4.01,4.16,3.91,51027,200868167.0,6.22,-0.25,-0.01,0.85,牧原股份,002714,前复权
2017-09-19,4.01,3.84,4.13,3.82,60843,237170682.0,7.73,-4.24,-0.17,1.01,牧原股份,002714,前复权
2017-09-20,3.83,3.64,3.84,3.5,81711,307182608.0,8.85,-5.21,-0.2,1.36,牧原股份,002714,前复权
2017-09-21,3.68,3.67,3.73,3.56,30015,113260642.0,4.67,0.82,0.03,0.50,牧原股份,002714,前复权
2017-09-22,3.66,3.42,3.66,3.4,58533,217208871.0,7.08,-6.81,-0.25,0.97,牧原股份,002714,前复权
2017-09-25,3.39,3.52,3.7,3.26,62551,233710990.0,12.87,2.92,0.1,1.04,牧原股份,002714,前复权
2017-09-26,3.54,3.42,3.72,3.38,44363,165629054.0,9.66,-2.84,-0.1,0.74,牧原股份,002714,前复权
2017-09-27,3.47,3.46,3.58,3.36,37587,138957582.0,6.43,1.17,0.04,0.62,牧原股份,002714,前复权
2017-09-28,3.47,3.29,3.49,3.26,40273,147040417.0,6.65,-4.91,-0.17,0.67,牧原股份,002714,前复权
2017-09-29,3.35,3.48,3.49,3.32,42185,154637099.0,5.17,5.78,0.19,0.70,牧原股份,002714,前复权
2017-10-09,3.61,3.7,3.83,3.42,90253,341209056.0,11.78,6.32,0.22,1.50,牧原股份,002714,前复权
2017-10-10,3.69,4.15,4.16,3.67,92765,364755344.0,13.24,12.16,0.45,1.54,牧原股份,002714,前复权
2017-10-11,4.14,4.21,4.37,4.09,68530,275248240.0,6.75,1.45,0.06,1.14,牧原股份,002714,前复权
2017-10-12,4.25,4.09,4.25,4.02,39826,158242122.0,5.46,-2.85,-0.12,0.66,牧原股份,002714,前复权
2017-10-13,4.03,3.83,4.04,3.8,79490,307526608.0,5.87,-6.36,-0.26,1.32,牧原股份,002714,前复权
2017-10-16,3.83,3.88,4.03,3.79,68873,268086230.0,6.27,1.31,0.05,1.14,牧原股份,002714,前复权
2017-10-17,3.91,4.16,4.22,3.86,67116,266731538.0,9.28,7.22,0.28,1.11,牧原股份,002714,前复权
2017-10-18,3.93,3.84,4.02,3.7,82240,317485792.0,7.69,-7.69,-0.32,1.37,牧原股份,002714,前复权
2017-10-19,3.81,3.98,4.13,3.73,68521,269573232.0,10.42,3.65,0.14,1.14,牧原股份,002714,前复权
2017-10-20,4.0,4.09,4.17,3.86,53686,212586600.0,7.79,2.76,0.11,0.89,牧原股份,002714,前复权
2017-10-23,4.05,4.67,4.67,4.03,120362,496633840.0,15.65,14.18,0.58,2.00,牧原股份,002714,前复权
2017-10-24,4.63,4.65,4.86,4.54,65092,275039312.0,6.85,-0.43,-0.02,1.08,牧原股份,002714,前复权
2017-10-25,4.66,5.04,5.07,4.48,82589,354654752.0,12.69,8.39,0.39,1.37,牧原股份,002714,前复权
2017-10-26,4.98,4.93,5.41,4.9,89449,395970304.0,10.12,-2.18,-0.11,1.49,牧原股份,002714,前复权
2017-10-27,4.96,5.24,5.3,4.8,69202,301988528.0,10.14,6.29,0.31,1.15,牧原股份,002714,前复权
2017-10-30,5.24,5.29,5.52,5.07,78441,353009840.0,8.59,0.95,0.05,1.30,牧原股份,002714,前复权
2017-10-31,5.29,5.82,5.86,5.17,98560,456099008.0,13.04,10.02,0.53,1.64,牧原股份,002714,前复权
2017-11-01,5.8,5.73,6.27,5.55,115318,546561120.0,12.37,-1.55,-0.09,1.92,牧原股份,002714,前复权
2017-11-02,5.7,5.62,6.01,5.39,69436,321665360.0,10.82,-1.92,-0.11,1.15,牧原股份,002714,前复权
2017-11-03,5.62,5.92,5.94,5.41,74885,349531488.0,9.43,5.34,0.3,1.24,牧原股份,002714,前复权
2017-11-06,5.67,6.12,6.12,5.41,112740,526148112.0,11.99,3.38,0.2,1.87,牧原股份,002714,前复权
2017-11-07,6.1,6.07,6.26,5.94,48860,235847860.0,5.23,-0.82,-0.05,0.81,牧原股份,002714,前复权
2017-11-08,6.07,5.78,6.16,5.76,66515,315019424.0,6.59,-4.78,-0.29,1.10,牧原股份,002714,前复权
2017-11-09,5.77,5.46,5.77,5.33,74623,339182944.0,7.61,-5.54,-0.32,1.24,牧原股份,002714,前复权
2017-11-10,5.52,5.85,6.01,5.45,69250,324448112.0,10.26,7.14,0.39,1.15,牧原股份,002714,前复权
2017-11-13,5.87,5.68,6.03,5.53,73830,344688272.0,8.55,-2.91,-0.17,1.23,牧原股份,002714,前复权
2017-11-14,5.69,6.11,6.18,5.62,81496,390025888.0,9.86,7.57,0.43,1.35,牧原股份,002714,前复权
2017-11-15,6.1,5.77,6.17,5.6,62368,292906272.0,9.33,-5.56,-0.34,1.04,牧原股份,002714,前复权
2017-11-16,5.8,6.87,6.87,5.78,151142,751738768.0,18.89,19.06,1.1,2.51,牧原股份,002714,前复权
2017-11-17,6.97,7.06,7.45,6.83,155885,822838976.0,9.02,2.77,0.19,2.59,牧原股份,002714,前复权
2017-11-20,7.03,7.62,7.78,6.76,97292,523776496.0,14.45,7.93,0.56,1.62,牧原股份,002714,前复权
2017-11-21,7.69,7.62,7.92,7.42,78515,430632704.0,6.56,0.0,0.0,1.30,牧原股份,002714,前复权
2017-11-22,7.6,7.2,7.8,7.06,84124,450683120.0,9.71,-5.51,-0.42,1.40,牧原股份,002714,前复权
2017-11-23,7.32,6.71,7.32,6.5,65879,339769632.0,11.39,-6.81,-0.49,1.09,牧原股份,002714,前复权
2017-11-24,6.71,6.56,6.91,6.42,46521,234649645.0,7.3,-2.24,-0.15,0.77,牧原股份,002714,前复权
2017-11-27,6.56,6.09,6.83,6.04,80493,398714288.0,12.04,-7.16,-0.47,1.34,牧原股份,002714,前复权
2017-11-28,6.22,6.83,6.93,6.11,77056,386265840.0,13.46,12.15,0.74,1.28,牧原股份,002714,前复权
2017-11-29,6.94,6.91,7.25,6.69,61002,317492672.0,8.2,1.17,0.08,1.01,牧原股份,002714,前复权
2017-11-30,6.94,5.79,7.01,5.7,113586,548965392.0,18.96,-16.21,-1.12,1.89,牧原股份,002714,前复权
2017-12-01,5.74,5.82,6.13,5.63,68159,323751680.0,8.64,0.52,0.03,1.13,牧原股份,002714,前复权
2017-12-04,5.85,6.37,6.61,5.84,67476,330239600.0,13.23,9.45,0.55,1.12,牧原股份,002714,前复权
2017-12-05,6.41,6.32,6.7,6.15,40079,198774225.0,8.63,-0.78,-0.05,0.67,牧原股份,002714,前复权
2017-12-06,6.32,6.82,7.01,6.32,95277,485906144.0,10.92,7.91,0.5,1.58,牧原股份,002714,前复权
2017-12-07,6.74,6.6,6.76,6.41,53401,268355450.0,5.13,-3.23,-0.22,0.89,牧原股份,002714,前复权
2017-12-08,6.67,7.22,7.25,6.67,102724,535408432.0,8.79,9.39,0.62,1.71,牧原股份,002714,前复权
2017-12-11,7.23,7.41,7.52,7.12,77751,417107872.0,5.54,2.63,0.19,1.29,牧原股份,002714,前复权
2017-12-12,7.36,7.24,7.36,7.13,56989,302261200.0,3.1,-2.29,-0.17,0.95,牧原股份,002714,前复权
2017-12-13,7.2,7.27,7.48,7.14,40156,213344676.0,4.7,0.41,0.03,0.67,牧原股份,002714,前复权
2017-12-14,7.24,7.3,7.55,7.12,50918,273694032.0,5.91,0.41,0.03,0.85,牧原股份,002714,前复权
2017-12-15,7.3,7.25,7.46,7.09,42524,226664279.0,5.07,-0.68,-0.05,0.71,牧原股份,002714,前复权
2017-12-18,7.33,6.86,7.35,6.8,48973,254731750.0,7.59,-5.38,-0.39,0.81,牧原股份,002714,前复权
2017-12-19,6.86,7.04,7.1,6.67,46822,243138381.0,6.27,2.62,0.18,0.78,牧原股份,002714,前复权
2017-12-20,7.06,7.63,7.63,6.97,78336,422636000.0,9.38,8.38,0.59,1.30,牧原股份,002714,前复权
2017-12-21,7.58,7.66,7.73,7.32,56895,310142160.0,5.37,0.39,0.03,0.94,牧原股份,002714,前复权
2017-12-22,7.55,7.59,7.73,7.35,43960,238549884.0,4.96,-0.91,-0.07,0.73,牧原股份,002714,前复权
2017-12-25,7.65,7.35,7.99,7.34,71981,395155936.0,8.56,-3.16,-0.24,1.20,牧原股份,002714,前复权
2017-12-26,7.28,7.46,7.52,6.99,41973,223605440.0,7.21,1.5,0.11,0.70,牧原股份,002714,前复权
2017-12-27,7.27,7.05,7.46,6.99,49517,261156104.0,6.3,-5.5,-0.41,0.82,牧原股份,002714,前复权
2017-12-28,7.13,7.24,7.39,7.05,35982,191756136.0,4.82,2.7,0.19,0.60,牧原股份,002714,前复权
2017-12-29,7.31,7.17,7.43,6.99,36961,195173195.0,6.08,-0.97,-0.07,0.61,牧原股份,002714,前复权
2018-01-02,7.2,7.19,7.26,6.89,48142,251978568.0,5.16,0.28,0.02,0.80,牧原股份,002714,前复权
2018-01-03,7.02,7.12,7.28,7.02,53236,280479920.0,3.62,-0.97,-0.07,0.89,牧原股份,002714,前复权
2018-01-04,7.12,7.11,7.12,6.92,53244,277626080.0,2.81,-0.14,-0.01,0.89,牧原股份,002714,前复权
2018-01-05,7.11,7.4,7.59,7.02,69388,374540144.0,8.02,4.08,0.29,1.16,牧原股份,002714,前复权
2018-01-08,7.65,8.65,8.65,7.58,143312,825862256.0,14.46,16.89,1.25,2.39,牧原股份,002714,前复权
2018-01-09,8.84,8.75,8.84,8.4,100239,593389760.0,5.09,1.16,0.1,1.67,牧原股份,002714,前复权
2018-01-10,8.63,8.68,8.88,8.45,62234,366459504.0,4.91,-0.8,-0.07,1.04,牧原股份,002714,前复权
2018-01-11,8.65,8.53,8.65,8.37,41567,243626048.0,3.23,-1.73,-0.15,0.69,牧原股份,002714,前复权
2018-01-12,8.44,8.59,8.8,8.44,53561,316164160.0,4.22,0.7,0.06,0.89,牧原股份,002714,前复权
2018-01-15,8.6,8.15,8.74,8.07,62965,363979888.0,7.8,-5.12,-0.44,1.05,牧原股份,002714,前复权
2018-01-16,8.18,9.23,9.48,8.18,92237,558847696.0,15.95,13.25,1.08,1.54,牧原股份,002714,前复权
2018-01-17,9.08,9.14,9.43,8.84,67900,416835648.0,6.39,-0.98,-0.09,1.13,牧原股份,002714,前复权
2018-01-18,9.16,8.92,9.3,8.79,52256,316887296.0,5.58,-2.41,-0.22,0.87,牧原股份,002714,前复权
2018-01-19,8.85,8.82,9.12,8.46,44284,264386660.0,7.4,-1.12,-0.1,0.74,牧原股份,002714,前复权
2018-01-22,8.77,9.21,9.35,8.76,37391,230047798.0,6.69,4.42,0.39,0.62,牧原股份,002714,前复权
2018-01-23,9.16,9.35,9.51,9.16,42407,263842394.0,3.8,1.52,0.14,0.71,牧原股份,002714,前复权
2018-01-24,9.43,9.23,9.49,9.07,29589,182401027.0,4.49,-1.28,-0.12,0.49,牧原股份,002714,前复权
2018-01-25,9.19,9.14,9.44,9.11,30460,188084925.0,3.58,-0.98,-0.09,0.51,牧原股份,002714,前复权
2018-01-26,9.16,9.14,9.17,8.85,43674,264931029.0,3.5,0.0,0.0,0.73,牧原股份,002714,前复权
2018-01-29,9.15,8.91,9.26,8.81,29679,179801099.0,4.92,-2.52,-0.23,0.49,牧原股份,002714,前复权
2018-01-30,8.79,8.72,9.0,8.67,28394,169877343.0,3.7,-2.13,-0.19,0.47,牧原股份,002714,前复权
2018-01-31,8.64,8.75,8.8,8.2,58455,340377520.0,6.88,0.34,0.03,0.97,牧原股份,002714,前复权
2018-02-01,8.71,7.51,8.71,7.36,113748,630305696.0,15.43,-14.17,-1.24,1.90,牧原股份,002714,前复权
2018-02-02,7.37,7.75,7.79,6.81,69869,376541648.0,13.05,3.2,0.24,1.17,牧原股份,002714,前复权
2018-02-05,7.74,7.31,8.03,6.97,92025,492253520.0,13.68,-5.68,-0.44,1.53,牧原股份,002714,前复权
2018-02-06,6.82,6.57,7.16,6.57,67197,342585840.0,8.07,-10.12,-0.74,1.12,牧原股份,002714,前复权
2018-02-07,6.79,6.1,6.96,5.7,64271,316502352.0,19.18,-7.15,-0.47,1.07,牧原股份,002714,前复权
2018-02-08,6.06,6.54,6.78,5.95,45305,225171619.0,13.61,7.21,0.44,0.76,牧原股份,002714,前复权
2018-02-09,6.11,6.22,6.47,5.61,36897,179861267.0,13.15,-4.89,-0.32,0.62,牧原股份,002714,前复权
2018-02-12,6.5,6.74,6.86,6.18,58326,292453472.0,10.93,8.36,0.52,0.97,牧原股份,002714,前复权
2018-02-13,6.74,6.67,6.99,6.51,40856,208496099.0,7.12,-1.04,-0.07,0.68,牧原股份,002714,前复权
2018-02-14,6.55,6.81,6.97,6.5,23759,120753759.0,7.05,2.1,0.14,0.40,牧原股份,002714,前复权
2018-02-22,6.97,7.04,7.34,6.85,32700,172042350.0,7.2,3.38,0.23,0.55,牧原股份,002714,前复权
2018-02-23,7.03,7.18,7.34,6.89,41837,220275251.0,6.39,1.99,0.14,0.70,牧原股份,002714,前复权
2018-02-26,7.13,6.6,7.13,6.29,120097,602413120.0,11.7,-8.08,-0.58,2.00,牧原股份,002714,前复权
2018-02-27,6.5,6.09,6.5,5.95,90062,435958816.0,8.33,-7.73,-0.51,1.50,牧原股份,002714,前复权
2018-02-28,6.09,6.2,6.5,5.9,37491,182564391.0,9.85,1.81,0.11,0.63,牧原股份,002714,前复权
2018-03-01,6.1,6.21,6.26,5.94,31683,153575827.0,5.16,0.16,0.01,0.53,牧原股份,002714,前复权
2018-03-02,6.11,6.18,6.25,6.08,26686,129890094.0,2.74,-0.48,-0.03,0.45,牧原股份,002714,前复权
2018-03-05,6.15,5.8,6.15,5.76,48440,229976500.0,6.31,-6.15,-0.38,0.81,牧原股份,002714,前复权
2018-03-06,5.71,5.6,5.91,4.7,98092,447917936.0,20.86,-3.45,-0.2,1.64,牧原股份,002714,前复权
2018-03-07,5.59,5.98,6.0,5.57,86128,406200944.0,7.68,6.79,0.38,1.44,牧原股份,002714,前复权
2018-03-08,5.98,5.98,6.14,5.82,45326,215724964.0,5.35,0.0,0.0,0.76,牧原股份,002714,前复权
2018-03-09,6.02,6.42,6.45,5.93,67001,326800736.0,8.7,7.36,0.44,1.12,牧原股份,002714,前复权
2018-03-12,6.49,6.47,6.59,6.29,54231,269549808.0,4.67,0.78,0.05,0.90,牧原股份,002714,前复权
2018-03-13,6.4,6.59,6.79,6.29,58021,293372048.0,7.73,1.85,0.12,0.97,牧原股份,002714,前复权
2018-03-14,6.56,6.27,6.56,6.24,37085,183709265.0,4.86,-4.86,-0.32,0.62,牧原股份,002714,前复权
2018-03-15,6.19,6.26,6.45,6.15,36134,177570197.0,4.78,-0.16,-0.01,0.60,牧原股份,002714,前复权
2018-03-16,6.17,6.44,6.66,6.17,41267,206816775.0,7.83,2.88,0.18,0.69,牧原股份,002714,前复权
2018-03-19,6.59,5.88,6.59,5.86,59161,284206928.0,11.34,-8.7,-0.56,0.99,牧原股份,002714,前复权
2018-03-20,5.65,5.97,6.26,5.65,32566,154786238.0,10.37,1.53,0.09,0.54,牧原股份,002714,前复权
2018-03-21,5.96,6.01,6.22,5.91,30447,147393013.0,5.19,0.67,0.04,0.51,牧原股份,002714,前复权
2018-03-22,6.04,5.73,6.14,5.73,31945,150976434.0,6.82,-4.66,-0.28,0.53,牧原股份,002714,前复权
2018-03-23,5.68,5.8,6.33,5.52,94240,451957312.0,14.14,1.22,0.07,1.57,牧原股份,002714,前复权
2018-03-26,5.83,5.79,5.89,4.74,72052,331307600.0,19.83,-0.17,-0.01,1.20,牧原股份,002714,前复权
2018-03-27,5.85,5.78,5.93,5.59,49363,230687103.0,5.87,-0.17,-0.01,0.82,牧原股份,002714,前复权
2018-03-28,5.77,5.42,5.78,5.25,53278,242510843.0,9.17,-6.23,-0.36,0.89,牧原股份,002714,前复权
2018-03-29,5.41,5.45,5.88,5.13,38675,175096844.0,13.84,0.55,0.03,0.64,牧原股份,002714,前复权
2018-03-30,5.44,5.4,5.56,5.35,28068,127541107.0,3.85,-0.92,-0.05,0.47,牧原股份,002714,前复权
2018-04-02,5.63,5.85,5.94,5.51,64897,303282880.0,7.96,8.33,0.45,1.08,牧原股份,002714,前复权
2018-04-03,5.97,6.33,6.71,5.96,100412,497250720.0,12.82,8.21,0.48,1.67,牧原股份,002714,前复权
2018-04-04,6.51,6.43,6.54,6.15,61513,304495824.0,6.16,1.58,0.1,1.03,牧原股份,002714,前复权
2018-04-09,6.43,6.04,6.5,5.87,56197,269955424.0,9.8,-6.07,-0.39,0.94,牧原股份,002714,前复权
2018-04-10,6.03,5.8,6.03,5.57,31464,147254710.0,7.62,-3.97,-0.24,0.52,牧原股份,002714,前复权
2018-04-11,5.82,6.8,6.89,5.81,99086,491632704.0,18.62,17.24,1.0,1.65,牧原股份,002714,前复权
2018-04-12,6.7,6.78,6.96,6.47,77113,393680320.0,7.21,-0.29,-0.02,1.29,牧原股份,002714,前复权
2018-04-13,6.71,6.82,6.86,6.57,41677,213136396.0,4.28,0.59,0.04,0.70,牧原股份,002714,前复权
2018-04-16,6.74,6.74,6.86,6.53,27897,141377122.0,4.84,-1.17,-0.08,0.47,牧原股份,002714,前复权
2018-04-17,6.71,6.62,6.83,6.6,21069,106934308.0,3.41,-1.78,-0.12,0.35,牧原股份,002714,前复权
2018-04-18,6.77,6.58,6.77,6.18,23514,116989380.0,8.91,-0.6,-0.04,0.39,牧原股份,002714,前复权
2018-04-19,6.71,6.42,6.77,6.36,25654,128493692.0,6.23,-2.43,-0.16,0.43,牧原股份,002714,前复权
2018-04-20,6.39,6.27,6.53,6.25,21587,106469352.0,4.36,-2.34,-0.15,0.36,牧原股份,002714,前复权
2018-04-23,6.26,5.9,6.38,5.75,29069,138389122.0,10.05,-5.9,-0.37,0.48,牧原股份,002714,前复权
2018-04-24,5.86,6.08,6.08,5.85,25842,123084989.0,3.9,3.05,0.18,0.43,牧原股份,002714,前复权
2018-04-25,6.04,6.0,6.12,5.92,16043,76986275.0,3.29,-1.32,-0.08,0.27,牧原股份,002714,前复权
2018-04-26,5.81,5.8,6.04,5.79,17300,81725366.0,4.17,-3.33,-0.2,0.29,牧原股份,002714,前复权
2018-04-27,5.82,5.98,6.19,5.71,30256,144800641.0,8.28,3.1,0.18,0.50,牧原股份,002714,前复权
2018-05-02,5.95,5.93,6.19,5.63,19450,92327298.0,9.36,-0.84,-0.05,0.32,牧原股份,002714,前复权
2018-05-03,5.85,5.99,6.03,5.82,11158,53059576.0,3.54,1.01,0.06,0.19,牧原股份,002714,前复权
2018-05-04,6.04,6.35,6.45,5.99,29316,143784015.0,7.68,6.01,0.36,0.49,牧原股份,002714,前复权
2018-05-07,6.22,6.36,6.45,6.22,22630,112004195.0,3.62,0.16,0.01,0.38,牧原股份,002714,前复权
2018-05-08,6.36,6.42,6.6,6.28,22254,111031683.0,5.03,0.94,0.06,0.37,牧原股份,002714,前复权
2018-05-09,6.42,6.51,6.73,6.36,26955,136058129.0,5.76,1.4,0.09,0.45,牧原股份,002714,前复权
2018-05-10,6.41,6.41,6.71,6.25,26714,133424705.0,7.07,-1.54,-0.1,0.45,牧原股份,002714,前复权
2018-05-11,6.51,6.62,6.7,6.51,33103,167252937.0,2.96,3.28,0.21,0.55,牧原股份,002714,前复权
2018-05-14,6.69,6.92,7.08,6.53,55134,285140592.0,8.31,4.53,0.3,0.92,牧原股份,002714,前复权
2018-05-15,7.01,6.95,7.07,6.76,42581,220453812.0,4.48,0.43,0.03,0.71,牧原股份,002714,前复权
2018-05-16,6.95,7.0,7.1,6.74,39740,206515698.0,5.18,0.72,0.05,0.66,牧原股份,002714,前复权
2018-05-17,7.01,7.06,7.3,6.93,38906,205331994.0,5.29,0.86,0.06,0.65,牧原股份,002714,前复权
2018-05-18,7.1,7.34,7.38,7.01,45267,240629940.0,5.24,3.97,0.28,0.75,牧原股份,002714,前复权
2018-05-21,7.21,6.66,7.21,6.57,106078,546309872.0,8.72,-9.26,-0.68,1.77,牧原股份,002714,前复权
2018-05-22,6.69,7.31,7.39,6.66,61031,317852880.0,10.96,9.76,0.65,1.02,牧原股份,002714,前复权
2018-05-23,7.38,7.16,7.59,7.12,57324,307374720.0,6.43,-2.05,-0.15,0.96,牧原股份,002714,前复权
2018-05-24,7.11,7.45,7.71,7.11,44412,241146373.0,8.38,4.05,0.29,0.74,牧原股份,002714,前复权
2018-05-25,7.55,7.73,7.94,7.48,38144,211570461.0,6.17,3.76,0.28,0.64,牧原股份,002714,前复权
2018-05-28,7.89,7.55,8.08,7.28,38715,212090697.0,10.35,-2.33,-0.18,0.65,牧原股份,002714,前复权
2018-05-29,7.5,7.08,7.5,6.98,56942,300541872.0,6.89,-6.23,-0.47,0.95,牧原股份,002714,前复权
2018-05-30,7.04,7.07,7.25,6.79,32431,169437850.0,6.5,-0.14,-0.01,0.54,牧原股份,002714,前复权
2018-05-31,7.06,7.13,7.36,6.89,38749,203723607.0,6.65,0.85,0.06,0.65,牧原股份,002714,前复权
2018-06-01,7.14,6.92,7.32,6.77,23794,123460947.0,7.71,-2.95,-0.21,0.40,牧原股份,002714,前复权
2018-06-04,6.92,6.71,6.99,6.39,34647,174673710.0,8.67,-3.03,-0.21,0.58,牧原股份,002714,前复权
2018-06-05,6.63,6.92,6.94,6.63,21136,108760998.0,4.62,3.13,0.21,0.35,牧原股份,002714,前复权
2018-06-06,6.9,7.03,7.14,6.68,24634,128141324.0,6.65,1.59,0.11,0.41,牧原股份,002714,前复权
2018-06-07,6.97,6.9,6.97,6.75,21784,111944483.0,3.13,-1.85,-0.13,0.36,牧原股份,002714,前复权
2018-06-08,6.95,6.63,6.95,6.49,26315,133331818.0,6.67,-3.91,-0.27,0.44,牧原股份,002714,前复权
2018-06-11,6.61,6.55,6.63,6.39,20081,100421182.0,3.62,-1.21,-0.08,0.33,牧原股份,002714,前复权
2018-06-12,6.54,6.58,6.63,6.43,13743,68832331.0,3.05,0.46,0.03,0.23,牧原股份,002714,前复权
2018-06-13,6.52,6.61,6.87,6.51,19194,97880205.0,5.47,0.46,0.03,0.32,牧原股份,002714,前复权
2018-06-14,6.55,6.43,6.64,6.41,15547,77644851.0,3.48,-2.72,-0.18,0.26,牧原股份,002714,前复权
2018-06-15,6.46,6.22,6.59,5.99,32855,159538685.0,9.33,-3.27,-0.21,0.55,牧原股份,002714,前复权
2018-06-19,6.22,5.79,6.49,5.58,34690,163798834.0,14.63,-6.91,-0.43,0.58,牧原股份,002714,前复权
2018-06-20,5.69,5.78,5.84,5.6,19733,92126608.0,4.15,-0.17,-0.01,0.33,牧原股份,002714,前复权
2018-06-21,5.83,5.35,5.85,5.34,34224,156189395.0,8.82,-7.44,-0.43,0.57,牧原股份,002714,前复权
2018-06-22,5.35,5.36,5.4,4.84,27946,124017940.0,10.47,0.19,0.01,0.47,牧原股份,002714,前复权
2018-06-25,5.39,5.04,5.41,5.02,26587,117796183.0,7.28,-5.97,-0.32,0.44,牧原股份,002714,前复权
2018-06-26,4.87,4.75,4.98,4.65,29777,126729766.0,6.55,-5.75,-0.29,0.50,牧原股份,002714,前复权
2018-06-27,4.89,5.03,5.59,4.89,52104,231511505.0,14.74,5.89,0.28,0.87,牧原股份,002714,前复权
2018-06-28,5.05,4.96,5.4,4.8,32099,141836028.0,11.93,-1.39,-0.07,0.54,牧原股份,002714,前复权
2018-06-29,4.96,5.21,5.22,4.87,36069,157967490.0,7.06,5.04,0.25,0.60,牧原股份,002714,前复权
2018-07-02,5.22,5.16,5.33,5.08,29647,131691812.0,4.8,-0.96,-0.05,0.50,牧原股份,002714,前复权
2018-07-03,5.07,4.81,5.16,4.49,54819,127826507.0,12.98,-6.78,-0.35,0.51,牧原股份,002714,前复权
2018-07-04,4.81,4.4,4.95,4.29,53863,122187019.0,13.72,-8.52,-0.41,0.50,牧原股份,002714,前复权
2018-07-05,4.48,4.09,4.69,4.0,51909,115161239.0,15.68,-7.05,-0.31,0.48,牧原股份,002714,前复权
2018-07-06,4.22,4.2,4.32,3.97,45961,100318545.0,8.56,2.69,0.11,0.43,牧原股份,002714,前复权
2018-07-09,4.63,4.96,5.06,4.45,80840,188688050.0,14.52,18.1,0.76,0.75,牧原股份,002714,前复权
2018-07-10,4.78,5.32,5.44,4.78,80749,196666544.0,13.31,7.26,0.36,0.75,牧原股份,002714,前复权
2018-07-11,5.08,5.71,5.94,4.91,132804,335251456.0,19.36,7.33,0.39,1.24,牧原股份,002714,前复权
2018-07-12,5.71,5.64,5.87,5.5,90936,230790165.0,6.48,-1.23,-0.07,0.85,牧原股份,002714,前复权
2018-07-13,5.51,5.81,5.92,5.51,72424,185823481.0,7.27,3.01,0.17,0.67,牧原股份,002714,前复权
2018-07-16,5.79,6.19,6.2,5.74,75447,197898252.0,7.92,6.54,0.38,0.70,牧原股份,002714,前复权
2018-07-17,6.16,6.32,6.41,6.0,61996,165972166.0,6.62,2.1,0.13,0.58,牧原股份,002714,前复权
2018-07-18,6.29,6.18,6.4,6.17,38465,103230116.0,3.64,-2.22,-0.14,0.36,牧原股份,002714,前复权
2018-07-19,6.17,6.27,6.34,5.83,46928,125108201.0,8.25,1.46,0.09,0.44,牧原股份,002714,前复权
2018-07-20,6.27,6.06,6.38,5.98,43980,116981573.0,6.38,-3.35,-0.21,0.41,牧原股份,002714,前复权
2018-07-23,6.19,6.77,6.83,6.19,83658,230281440.0,10.56,11.72,0.71,0.78,牧原股份,002714,前复权
2018-07-24,6.77,6.63,6.79,6.51,62909,174580242.0,4.14,-2.07,-0.14,0.59,牧原股份,002714,前复权
2018-07-25,6.55,6.45,6.61,6.32,43280,118101518.0,4.37,-2.71,-0.18,0.40,牧原股份,002714,前复权
2018-07-26,6.5,6.48,6.59,6.34,36108,98594004.0,3.88,0.47,0.03,0.34,牧原股份,002714,前复权
2018-07-27,6.38,6.02,6.45,6.0,54270,143459655.0,6.94,-7.1,-0.46,0.51,牧原股份,002714,前复权
2018-07-30,6.13,6.0,6.29,5.94,43654,115789821.0,5.81,-0.33,-0.02,0.41,牧原股份,002714,前复权
2018-07-31,6.13,6.22,6.33,6.08,35468,94922312.0,4.17,3.67,0.22,0.33,牧原股份,002714,前复权
2018-08-01,6.22,5.88,6.34,5.85,55338,144746109.0,7.88,-5.47,-0.34,0.52,牧原股份,002714,前复权
2018-08-02,5.94,5.88,6.06,5.61,51774,133689313.0,7.65,0.0,0.0,0.48,牧原股份,002714,前复权
2018-08-03,6.0,6.42,6.76,6.0,157140,430231824.0,12.93,9.18,0.54,1.46,牧原股份,002714,前复权
2018-08-06,6.29,5.42,6.34,5.32,127142,321824112.0,15.89,-15.58,-1.0,1.18,牧原股份,002714,前复权
2018-08-07,5.28,5.42,5.61,4.87,83675,203215378.0,13.65,0.0,0.0,0.78,牧原股份,002714,前复权
2018-08-08,5.35,5.09,5.39,5.08,42841,104043440.0,5.72,-6.09,-0.33,0.40,牧原股份,002714,前复权
2018-08-09,5.08,5.24,5.4,4.92,38605,94395651.0,9.43,2.95,0.15,0.36,牧原股份,002714,前复权
2018-08-10,5.24,5.58,5.78,5.23,63929,161011940.0,10.5,6.49,0.34,0.60,牧原股份,002714,前复权
2018-08-13,5.45,5.63,5.81,5.32,43410,109756553.0,8.78,0.9,0.05,0.40,牧原股份,002714,前复权
2018-08-14,5.66,5.63,5.71,5.42,30753,77582867.0,5.15,0.0,0.0,0.29,牧原股份,002714,前复权
2018-08-15,5.58,5.53,5.71,5.47,38494,97120986.0,4.26,-1.78,-0.1,0.36,牧原股份,002714,前复权
2018-08-16,5.4,4.93,5.44,4.86,88402,213279010.0,10.49,-10.85,-0.6,0.82,牧原股份,002714,前复权
2018-08-17,4.61,4.41,5.16,4.29,110087,250416441.0,17.65,-10.55,-0.52,1.02,牧原股份,002714,前复权
2018-08-20,4.32,3.9,4.32,3.56,106649,224044202.0,17.23,-11.56,-0.51,0.99,牧原股份,002714,前复权
2018-08-21,3.98,4.29,4.33,3.98,50817,111301479.0,8.97,10.0,0.39,0.47,牧原股份,002714,前复权
2018-08-22,4.34,4.33,4.56,4.18,36526,81394368.0,8.86,0.93,0.04,0.34,牧原股份,002714,前复权
2018-08-23,4.48,4.42,4.61,4.25,50659,114166156.0,8.31,2.08,0.09,0.47,牧原股份,002714,前复权
2018-08-24,4.38,4.48,4.55,3.94,33884,75483818.0,13.8,1.36,0.06,0.32,牧原股份,002714,前复权
2018-08-27,4.53,4.66,4.86,4.26,55166,125309246.0,13.39,4.02,0.18,0.51,牧原股份,002714,前复权
2018-08-28,4.68,4.64,4.74,4.58,32384,74303057.0,3.43,-0.43,-0.02,0.30,牧原股份,002714,前复权
2018-08-29,4.63,4.68,4.76,4.59,23688,54639401.0,3.66,0.86,0.04,0.22,牧原股份,002714,前复权
2018-08-30,4.57,4.57,4.71,4.56,23636,54146674.0,3.21,-2.35,-0.11,0.22,牧原股份,002714,前复权
2018-08-31,4.49,4.64,4.65,4.45,26790,61166583.0,4.38,1.53,0.07,0.25,牧原股份,002714,前复权
2018-09-03,4.64,4.61,4.65,4.37,21691,49041691.0,6.03,-0.65,-0.03,0.20,牧原股份,002714,前复权
2018-09-04,4.6,4.49,4.6,4.33,33137,74527230.0,5.86,-2.6,-0.12,0.31,牧原股份,002714,前复权
2018-09-05,4.49,4.23,4.49,4.2,29395,65150925.0,6.46,-5.79,-0.26,0.27,牧原股份,002714,前复权
2018-09-06,4.32,4.49,4.55,4.24,40256,90607530.0,7.33,6.15,0.26,0.37,牧原股份,002714,前复权
2018-09-07,4.49,4.61,4.75,4.48,42718,98152006.0,6.01,2.67,0.12,0.40,牧原股份,002714,前复权
2018-09-10,4.68,4.84,4.89,4.55,55327,128723338.0,7.38,4.99,0.23,0.51,牧原股份,002714,前复权
2018-09-11,4.84,4.84,4.85,4.59,39835,92223770.0,5.37,0.0,0.0,0.37,牧原股份,002714,前复权
2018-09-12,4.77,4.66,4.82,4.61,34535,79912585.0,4.34,-3.72,-0.18,0.32,牧原股份,002714,前复权
2018-09-13,4.69,4.6,4.74,4.53,17206,39411921.0,4.51,-1.29,-0.06,0.16,牧原股份,002714,前复权
2018-09-14,4.59,4.63,4.69,4.53,33355,76300783.0,3.48,0.65,0.03,0.31,牧原股份,002714,前复权
2018-09-17,4.23,3.98,4.39,3.89,60386,130944679.0,10.8,-14.04,-0.65,0.56,牧原股份,002714,前复权
2018-09-18,3.89,4.16,4.22,3.89,39048,84575324.0,8.29,4.52,0.18,0.36,牧原股份,002714,前复权
2018-09-19,4.16,4.42,4.54,4.15,53610,119699112.0,9.38,6.25,0.26,0.50,牧原股份,002714,前复权
2018-09-20,4.45,4.48,4.74,4.42,39589,90197054.0,7.24,1.36,0.06,0.37,牧原股份,002714,前复权
2018-09-21,4.57,4.56,4.65,4.36,43294,98511811.0,6.47,1.79,0.08,0.40,牧原股份,002714,前复权
2018-09-25,4.55,4.87,5.05,4.43,76614,179903784.0,13.6,6.8,0.31,0.71,牧原股份,002714,前复权
2018-09-26,4.9,5.45,5.58,4.9,103838,253781314.0,13.96,11.91,0.58,0.97,牧原股份,002714,前复权
2018-09-27,5.42,5.44,5.65,5.2,66177,164264635.0,8.26,-0.18,-0.01,0.62,牧原股份,002714,前复权
2018-09-28,5.41,5.45,5.56,5.28,53688,133457694.0,5.15,0.18,0.01,0.50,牧原股份,002714,前复权
2018-10-08,5.45,5.51,5.71,5.29,66927,167656040.0,7.71,1.1,0.06,0.62,牧原股份,002714,前复权
2018-10-09,5.34,5.53,5.58,5.34,52755,131132131.0,4.36,0.36,0.02,0.49,牧原股份,002714,前复权
2018-10-10,5.54,5.68,5.79,5.5,50231,127376053.0,5.24,2.71,0.15,0.47,牧原股份,002714,前复权
2018-10-11,5.45,5.3,5.68,5.29,51854,128754386.0,6.87,-6.69,-0.38,0.48,牧原股份,002714,前复权
2018-10-12,5.29,5.71,5.74,5.19,67024,168512839.0,10.38,7.74,0.41,0.62,牧原股份,002714,前复权
2018-10-15,5.69,5.56,5.75,5.41,34265,86306638.0,5.95,-2.63,-0.15,0.32,牧原股份,002714,前复权
2018-10-16,5.56,5.33,5.64,5.23,37511,92412757.0,7.37,-4.14,-0.23,0.35,牧原股份,002714,前复权
2018-10-17,5.26,5.46,5.56,5.26,24997,62176529.0,5.63,2.44,0.13,0.23,牧原股份,002714,前复权
2018-10-18,5.37,5.11,5.46,5.08,29238,71410436.0,6.96,-6.41,-0.35,0.27,牧原股份,002714,前复权
2018-10-19,5.03,5.08,5.27,4.61,73805,175207429.0,12.92,-0.59,-0.03,0.69,牧原股份,002714,前复权
2018-10-22,5.16,5.19,5.5,5.14,70257,172600551.0,7.09,2.17,0.11,0.65,牧原股份,002714,前复权
2018-10-23,5.16,4.73,5.35,4.7,100905,239296689.0,12.52,-8.86,-0.46,0.94,牧原股份,002714,前复权
2018-10-24,4.8,4.99,5.12,4.74,82952,197499081.0,8.03,5.5,0.26,0.77,牧原股份,002714,前复权
2018-10-25,4.81,4.99,5.07,4.74,39251,92717219.0,6.61,0.0,0.0,0.37,牧原股份,002714,前复权
2018-10-26,5.01,4.83,5.07,4.8,35505,83629250.0,5.41,-3.21,-0.16,0.33,牧原股份,002714,前复权
2018-10-29,4.74,4.49,4.88,4.47,42037,95699184.0,8.49,-7.04,-0.34,0.39,牧原股份,002714,前复权
2018-10-30,4.46,4.5,4.64,4.2,38486,86154452.0,9.8,0.22,0.01,0.36,牧原股份,002714,前复权
2018-10-31,4.5,4.61,4.71,4.37,36948,84166801.0,7.56,2.44,0.11,0.34,牧原股份,002714,前复权
2018-11-01,4.76,4.4,4.76,4.32,84536,190664147.0,9.54,-4.56,-0.21,0.79,牧原股份,002714,前复权
2018-11-02,4.58,4.7,4.73,4.49,66835,152912838.0,5.45,6.82,0.3,0.62,牧原股份,002714,前复权
2018-11-05,4.7,4.9,4.91,4.58,65558,152865986.0,7.02,4.26,0.2,0.61,牧原股份,002714,前复权
2018-11-06,5.03,5.32,5.34,4.9,90767,220250264.0,8.98,8.57,0.42,0.84,牧原股份,002714,前复权
2018-11-07,5.22,5.56,5.64,5.11,80444,200719771.0,9.96,4.51,0.24,0.75,牧原股份,002714,前复权
2018-11-08,5.58,5.87,5.91,5.46,73712,189170588.0,8.09,5.58,0.31,0.69,牧原股份,002714,前复权
2018-11-09,5.75,5.69,5.91,5.58,56395,144601052.0,5.62,-3.07,-0.18,0.52,牧原股份,002714,前复权
2018-11-12,5.7,5.73,5.89,5.53,35315,90665909.0,6.33,0.7,0.04,0.33,牧原股份,002714,前复权
2018-11-13,5.65,5.77,5.86,5.62,46637,119274372.0,4.19,0.7,0.04,0.43,牧原股份,002714,前复权
2018-11-14,5.75,5.71,5.78,5.65,34293,87430236.0,2.25,-1.04,-0.06,0.32,牧原股份,002714,前复权
2018-11-15,5.75,5.79,5.88,5.69,49636,127851757.0,3.33,1.4,0.08,0.46,牧原股份,002714,前复权
2018-11-16,5.86,5.92,5.96,5.66,52523,135859316.0,5.18,2.25,0.13,0.49,牧原股份,002714,前复权
2018-11-19,5.92,5.58,5.92,5.42,83811,211213478.0,8.45,-5.74,-0.34,0.78,牧原股份,002714,前复权
2018-11-20,5.52,5.28,5.52,5.1,70602,173118166.0,7.53,-5.38,-0.3,0.66,牧原股份,002714,前复权
2018-11-21,5.1,5.5,5.56,5.08,53048,131653631.0,9.09,4.17,0.22,0.49,牧原股份,002714,前复权
2018-11-22,5.48,5.29,5.58,5.2,58523,143973140.0,6.91,-3.82,-0.21,0.54,牧原股份,002714,前复权
2018-11-23,5.25,5.21,5.48,5.09,60931,148023411.0,7.37,-1.51,-0.08,0.57,牧原股份,002714,前复权
2018-11-26,5.15,5.24,5.43,5.15,55176,135824453.0,5.37,0.58,0.03,0.51,牧原股份,002714,前复权
2018-11-27,5.34,5.2,5.39,5.04,40899,99001495.0,6.68,-0.76,-0.04,0.38,牧原股份,002714,前复权
2018-11-28,5.13,5.38,5.47,4.98,51529,126266887.0,9.42,3.46,0.18,0.48,牧原股份,002714,前复权
2018-11-29,5.38,5.78,5.95,5.38,108115,277676240.0,10.59,7.43,0.4,1.01,牧原股份,002714,前复权
2018-11-30,5.79,6.34,6.39,5.79,143424,381106576.0,10.38,9.69,0.56,1.34,牧原股份,002714,前复权
2018-12-03,6.31,6.61,6.97,6.05,127173,352515008.0,14.51,4.26,0.27,1.18,牧原股份,002714,前复权
2018-12-04,6.48,7.01,7.05,6.48,109547,310293408.0,8.62,6.05,0.4,1.02,牧原股份,002714,前复权
2018-12-05,6.88,7.64,7.85,6.79,156472,464740720.0,15.12,8.99,0.63,1.46,牧原股份,002714,前复权
2018-12-06,7.69,7.65,7.8,7.34,122664,367339728.0,6.02,0.13,0.01,1.14,牧原股份,002714,前复权
2018-12-07,7.55,7.44,7.58,7.06,97337,286277232.0,6.8,-2.75,-0.21,0.91,牧原股份,002714,前复权
2018-12-10,7.51,7.38,7.58,7.18,77978,229739206.0,5.38,-0.81,-0.06,0.73,牧原股份,002714,前复权
2018-12-11,7.43,7.07,7.45,6.89,139622,401446608.0,7.59,-4.2,-0.31,1.30,牧原股份,002714,前复权
2018-12-12,7.14,7.03,7.17,6.9,87877,251750109.0,3.82,-0.57,-0.04,0.82,牧原股份,002714,前复权
2018-12-13,7.09,7.18,7.3,6.77,150269,434174800.0,7.54,2.13,0.15,1.40,牧原股份,002714,前复权
2018-12-14,7.15,6.75,7.24,6.71,100760,285017424.0,7.38,-5.99,-0.43,0.94,牧原股份,002714,前复权
2018-12-17,6.8,6.59,6.88,6.48,94624,261826894.0,5.93,-2.37,-0.16,0.88,牧原股份,002714,前复权
2018-12-18,6.68,6.68,6.84,6.53,103149,286792736.0,4.7,1.37,0.09,0.96,牧原股份,002714,前复权
2018-12-19,6.67,6.21,6.71,6.17,111459,302023120.0,8.08,-7.04,-0.47,1.04,牧原股份,002714,前复权
2018-12-20,6.26,6.61,6.65,6.25,106413,291072656.0,6.44,6.44,0.4,0.99,牧原股份,002714,前复权
2018-12-21,6.55,6.41,6.65,6.34,70296,191922032.0,4.69,-3.03,-0.2,0.65,牧原股份,002714,前复权
2018-12-24,6.46,7.24,7.31,6.35,132384,375398912.0,14.98,12.95,0.83,1.23,牧原股份,002714,前复权
2018-12-25,7.03,7.11,7.34,7.01,108209,312813552.0,4.56,-1.8,-0.13,1.01,牧原股份,002714,前复权
2018-12-26,7.11,7.07,7.47,7.03,93729,274153248.0,6.19,-0.56,-0.04,0.87,牧原股份,002714,前复权
2018-12-27,7.26,6.91,7.26,6.81,70004,200271489.0,6.36,-2.26,-0.16,0.65,牧原股份,002714,前复权
2018-12-28,6.81,7.07,7.16,6.8,64104,183359074.0,5.21,2.32,0.16,0.60,牧原股份,002714,前复权
2019-01-02,7.05,7.18,7.39,6.81,82932,240137014.0,8.2,1.56,0.11,0.71,牧原股份,002714,前复权
2019-01-03,7.32,7.01,7.46,6.95,72692,211482833.0,7.1,-2.37,-0.17,0.62,牧原股份,002714,前复权
2019-01-04,6.95,7.51,7.71,6.94,118397,348402432.0,10.98,7.13,0.5,1.02,牧原股份,002714,前复权
2019-01-07,7.51,8.24,8.32,7.34,121909,376859392.0,13.05,9.72,0.73,1.05,牧原股份,002714,前复权
2019-01-08,8.02,8.05,8.29,7.82,105033,324769888.0,5.7,-2.31,-0.19,0.90,牧原股份,002714,前复权
2019-01-09,8.05,7.85,8.29,7.82,112249,346512880.0,5.84,-2.48,-0.2,0.97,牧原股份,002714,前复权
2019-01-10,7.89,7.61,7.89,7.58,89918,271429280.0,3.95,-3.06,-0.24,0.77,牧原股份,002714,前复权
2019-01-11,7.68,7.69,8.06,7.62,104504,319349056.0,5.78,1.05,0.08,0.90,牧原股份,002714,前复权
2019-01-14,7.72,7.72,8.18,7.71,129828,398608192.0,6.11,0.39,0.03,1.12,牧原股份,002714,前复权
2019-01-15,7.78,7.61,7.79,7.36,102653,307064560.0,5.57,-1.42,-0.11,0.88,牧原股份,002714,前复权
2019-01-16,7.59,7.53,7.85,7.45,99699,298695728.0,5.26,-1.05,-0.08,0.86,牧原股份,002714,前复权
2019-01-17,7.58,7.52,7.66,7.39,74507,222507107.0,3.59,-0.13,-0.01,0.64,牧原股份,002714,前复权
2019-01-18,7.5,8.77,8.77,7.5,204304,644653184.0,16.89,16.62,1.25,1.76,牧原股份,002714,前复权
2019-01-21,8.86,8.2,8.86,8.17,188815,603327568.0,7.87,-6.5,-0.57,1.62,牧原股份,002714,前复权
2019-01-22,8.11,8.28,8.57,7.99,95959,303169264.0,7.07,0.98,0.08,0.83,牧原股份,002714,前复权
2019-01-23,8.29,8.57,8.72,8.16,110286,355265168.0,6.76,3.5,0.29,0.95,牧原股份,002714,前复权
2019-01-24,8.52,8.68,8.77,8.44,68091,220970245.0,3.85,1.28,0.11,0.59,牧原股份,002714,前复权
2019-01-25,8.68,8.52,8.72,8.27,64574,207562571.0,5.18,-1.84,-0.16,0.56,牧原股份,002714,前复权
2019-01-28,8.6,8.55,8.71,8.25,64432,207504620.0,5.4,0.35,0.03,0.55,牧原股份,002714,前复权
2019-01-29,8.52,9.15,9.21,8.46,95757,318904464.0,8.77,7.02,0.6,0.82,牧原股份,002714,前复权
2019-01-30,9.07,8.98,9.61,8.88,96011,323763536.0,7.98,-1.86,-0.17,0.83,牧原股份,002714,前复权
2019-01-31,9.04,9.51,9.6,8.94,108466,372372384.0,7.35,5.9,0.53,0.93,牧原股份,002714,前复权
2019-02-01,9.52,9.51,9.78,9.4,70732,244937306.0,4.0,0.0,0.0,0.61,牧原股份,002714,前复权
2019-02-11,9.6,10.96,10.96,9.59,120626,447707504.0,14.41,15.25,1.45,1.04,牧原股份,002714,前复权
2019-02-12,11.17,11.21,11.33,10.87,91884,350815216.0,4.2,2.28,0.25,0.79,牧原股份,002714,前复权
2019-02-13,11.15,11.32,11.66,10.93,111604,428976400.0,6.51,0.98,0.11,0.96,牧原股份,002714,前复权
2019-02-14,11.17,11.16,11.37,10.96,91908,352535056.0,3.62,-1.41,-0.16,0.79,牧原股份,002714,前复权
2019-02-15,11.13,12.77,12.77,11.01,199243,815624880.0,15.77,14.43,1.61,1.71,牧原股份,002714,前复权
2019-02-18,12.79,13.31,14.31,12.77,185464,804390000.0,12.06,4.23,0.54,1.59,牧原股份,002714,前复权
2019-02-19,13.31,14.03,14.91,12.83,162301,723278544.0,15.63,5.41,0.72,1.40,牧原股份,002714,前复权
2019-02-20,14.15,14.21,14.93,13.42,164045,749875072.0,10.76,1.28,0.18,1.41,牧原股份,002714,前复权
2019-02-21,14.18,14.86,16.09,13.82,204642,972807648.0,15.97,4.57,0.65,1.76,牧原股份,002714,前复权
2019-02-22,14.74,14.98,15.31,14.26,137048,644581584.0,7.07,0.81,0.12,1.18,牧原股份,002714,前复权
2019-02-25,14.78,14.28,14.93,13.5,284109,1301212192.0,9.55,-4.67,-0.7,2.44,牧原股份,002714,前复权
2019-02-26,14.04,15.17,15.83,13.63,268044,1257728688.0,15.41,6.23,0.89,2.30,牧原股份,002714,前复权
2019-02-27,14.89,14.35,15.41,14.02,188930,879330896.0,9.16,-5.41,-0.82,1.62,牧原股份,002714,前复权
2019-02-28,14.11,13.81,14.94,13.44,199209,900893632.0,10.45,-3.76,-0.54,1.71,牧原股份,002714,前复权
2019-03-01,14.11,14.32,14.68,13.87,165017,755791072.0,5.87,3.69,0.51,1.42,牧原股份,002714,前复权
2019-03-04,15.53,16.25,16.25,14.9,238846,1182773392.0,9.43,13.48,1.93,2.05,牧原股份,002714,前复权
2019-03-05,17.09,17.39,18.38,16.38,261490,1397573904.0,12.31,7.02,1.14,2.25,牧原股份,002714,前复权
2019-03-06,17.21,17.39,18.03,16.71,191430,1020584688.0,7.59,0.0,0.0,1.65,牧原股份,002714,前复权
2019-03-07,17.67,16.65,17.78,16.21,204770,1066007632.0,9.03,-4.26,-0.74,1.76,牧原股份,002714,前复权
2019-03-08,16.19,17.93,18.64,15.58,240379,1291964944.0,18.38,7.69,1.28,2.07,牧原股份,002714,前复权
2019-03-11,18.9,17.97,19.35,17.13,233981,1285763744.0,12.38,0.22,0.04,2.01,牧原股份,002714,前复权
2019-03-12,17.43,18.67,19.67,17.05,331630,1858083984.0,14.58,3.9,0.7,2.85,牧原股份,002714,前复权
2019-03-13,18.52,16.47,19.08,16.36,271394,1461329840.0,14.57,-11.78,-2.2,2.33,牧原股份,002714,前复权
2019-03-14,16.25,15.9,16.26,14.95,244952,1205401808.0,7.95,-3.46,-0.57,2.11,牧原股份,002714,前复权
2019-03-15,16.84,17.25,17.46,16.27,164201,858554528.0,7.48,8.49,1.35,1.41,牧原股份,002714,前复权
2019-03-18,18.44,19.48,19.48,17.94,253395,1443780000.0,8.93,12.93,2.23,2.18,牧原股份,002714,前复权
2019-03-19,19.78,19.44,20.03,19.06,143020,832965728.0,4.98,-0.21,-0.04,1.23,牧原股份,002714,前复权
2019-03-20,19.36,18.46,19.49,17.19,221185,1221279232.0,11.83,-5.04,-0.98,1.90,牧原股份,002714,前复权
2019-03-21,18.09,18.42,18.8,17.61,158789,878690144.0,6.45,-0.22,-0.04,1.37,牧原股份,002714,前复权
2019-03-22,18.48,17.95,18.8,16.67,201739,1083606224.0,11.56,-2.55,-0.47,1.73,牧原股份,002714,前复权
2019-03-25,17.05,17.43,18.02,16.92,111066,595821888.0,6.13,-2.9,-0.52,0.95,牧原股份,002714,前复权
2019-03-26,17.93,18.14,18.99,17.75,181122,1008065584.0,7.11,4.07,0.71,1.56,牧原股份,002714,前复权
2019-03-27,17.92,18.42,18.87,17.18,180950,1000692544.0,9.32,1.54,0.28,1.56,牧原股份,002714,前复权
2019-03-28,18.2,20.13,20.75,18.12,214666,1265717136.0,14.28,9.28,1.71,1.85,牧原股份,002714,前复权
2019-03-29,20.18,21.59,22.47,20.03,197315,1243259632.0,12.12,7.25,1.46,1.70,牧原股份,002714,前复权
2019-04-01,22.3,24.25,24.25,22.28,178193,1205375024.0,9.12,12.32,2.66,1.53,牧原股份,002714,前复权
2019-04-02,24.67,23.43,25.25,22.64,181097,1237424832.0,10.76,-3.38,-0.82,1.56,牧原股份,002714,前复权
2019-04-03,22.93,23.13,23.42,22.58,118561,789297616.0,3.59,-1.28,-0.3,1.02,牧原股份,002714,前复权
2019-04-04,22.72,24.33,25.43,22.72,174538,1200349808.0,11.72,5.19,1.2,1.50,牧原股份,002714,前复权
2019-04-08,24.61,23.31,24.61,22.93,221894,1508174304.0,6.91,-4.19,-1.02,1.91,牧原股份,002714,前复权
2019-04-09,22.94,23.01,23.4,22.63,114703,764362048.0,3.3,-1.29,-0.3,0.99,牧原股份,002714,前复权
2019-04-10,22.98,22.81,23.55,22.51,101467,673574320.0,4.52,-0.87,-0.2,0.87,牧原股份,002714,前复权
2019-04-11,22.68,23.05,23.52,22.1,111321,740721328.0,6.23,1.05,0.24,0.96,牧原股份,002714,前复权
2019-04-12,23.09,23.61,24.82,22.52,142071,972258848.0,9.98,2.43,0.56,1.22,牧原股份,002714,前复权
2019-04-15,23.68,23.7,25.37,22.93,135143,944013376.0,10.33,0.38,0.09,1.16,牧原股份,002714,前复权
2019-04-16,23.3,23.23,24.26,22.09,151037,1005343376.0,9.16,-1.98,-0.47,1.30,牧原股份,002714,前复权
2019-04-17,23.27,24.09,24.74,22.97,182990,1260226896.0,7.62,3.7,0.86,1.57,牧原股份,002714,前复权
2019-04-18,23.56,23.23,24.64,23.14,132794,907749536.0,6.23,-3.57,-0.86,1.14,牧原股份,002714,前复权
2019-04-19,23.14,22.85,23.35,22.65,99202,658208608.0,3.01,-1.64,-0.38,0.85,牧原股份,002714,前复权
2019-04-22,23.02,23.44,24.09,22.98,215465,1465062848.0,4.86,2.58,0.59,1.85,牧原股份,002714,前复权
2019-04-23,23.52,23.09,24.11,22.81,184769,1254691776.0,5.55,-1.49,-0.35,1.59,牧原股份,002714,前复权
2019-04-24,23.44,23.77,24.05,22.72,190824,1298327184.0,5.76,2.94,0.68,1.64,牧原股份,002714,前复权
2019-04-25,23.9,24.97,26.27,23.65,351798,2531175760.0,11.02,5.05,1.2,3.02,牧原股份,002714,前复权
2019-04-26,24.36,22.65,24.71,22.59,271128,1831612736.0,8.49,-9.29,-2.32,2.33,牧原股份,002714,前复权
2019-04-29,22.3,20.87,22.64,20.86,157454,1000199472.0,7.86,-7.86,-1.78,1.35,牧原股份,002714,前复权
2019-04-30,20.84,21.92,22.53,20.63,182917,1174075712.0,9.1,5.03,1.05,1.57,牧原股份,002714,前复权
2019-05-06,20.62,20.24,22.2,19.78,163408,1003950064.0,11.04,-7.66,-1.68,1.40,牧原股份,002714,前复权
2019-05-07,20.98,20.62,21.59,19.12,182025,1113197584.0,12.2,1.88,0.38,1.56,牧原股份,002714,前复权
2019-05-08,20.2,19.34,20.32,18.32,216566,1248674848.0,9.7,-6.21,-1.28,1.86,牧原股份,002714,前复权
2019-05-09,19.15,19.95,20.29,19.15,141171,833207904.0,5.89,3.15,0.61,1.21,牧原股份,002714,前复权
2019-05-10,20.46,20.85,21.28,20.09,166678,1027535728.0,5.96,4.51,0.9,1.43,牧原股份,002714,前复权
2019-05-13,20.91,20.17,20.91,20.07,98778,595853072.0,4.03,-3.26,-0.68,0.85,牧原股份,002714,前复权
2019-05-14,20.2,20.07,20.77,19.63,148653,895964048.0,5.65,-0.5,-0.1,1.28,牧原股份,002714,前复权
2019-05-15,20.32,20.48,20.67,20.05,123919,748099536.0,3.09,2.04,0.41,1.07,牧原股份,002714,前复权
2019-05-16,20.62,20.88,21.33,20.54,157015,972392592.0,3.86,1.95,0.4,1.35,牧原股份,002714,前复权
2019-05-17,21.02,20.16,21.52,20.03,136970,839447984.0,7.14,-3.45,-0.72,1.18,牧原股份,002714,前复权
2019-05-20,19.98,18.38,19.98,18.11,177044,993819936.0,9.28,-8.83,-1.78,1.52,牧原股份,002714,前复权
2019-05-21,18.69,19.61,19.74,18.6,128145,739568288.0,6.2,6.69,1.23,1.10,牧原股份,002714,前复权
2019-05-22,19.45,19.45,20.35,19.21,114851,676615344.0,5.81,-0.82,-0.16,0.99,牧原股份,002714,前复权
2019-05-23,19.49,18.4,19.91,18.3,133504,754486752.0,8.28,-5.4,-1.05,1.15,牧原股份,002714,前复权
2019-05-24,18.4,17.73,18.94,17.13,200182,1086681984.0,9.84,-3.64,-0.67,1.72,牧原股份,002714,前复权
2019-05-27,18.1,19.7,19.94,17.91,232652,1337491584.0,11.45,11.11,1.97,2.00,牧原股份,002714,前复权
2019-05-28,20.19,20.8,21.03,19.79,265632,1615621120.0,6.29,5.58,1.1,2.28,牧原股份,002714,前复权
2019-05-29,20.29,19.87,20.69,19.69,255509,1527087520.0,4.81,-4.47,-0.93,2.20,牧原股份,002714,前复权
2019-05-30,20.21,20.52,21.02,19.48,213701,1288286208.0,7.75,3.27,0.65,1.84,牧原股份,002714,前复权
2019-05-31,20.57,21.61,21.74,19.7,268873,1662380992.0,9.94,5.31,1.09,2.31,牧原股份,002714,前复权
2019-06-03,22.3,22.36,23.69,21.48,271613,1786115200.0,10.23,3.47,0.75,2.34,牧原股份,002714,前复权
2019-06-04,21.97,22.03,22.93,21.13,196354,1259401728.0,8.05,-1.48,-0.33,1.69,牧原股份,002714,前复权
2019-06-05,21.55,21.04,22.01,20.91,158436,992365872.0,4.99,-4.49,-0.99,1.36,牧原股份,002714,前复权
2019-06-06,20.21,19.37,20.32,19.03,281094,1644894752.0,6.13,-7.94,-1.67,2.42,牧原股份,002714,前复权
2019-06-10,19.42,19.36,19.57,18.39,129900,746425712.0,6.09,-0.05,-0.01,1.12,牧原股份,002714,前复权
2019-06-11,19.49,20.87,20.87,19.29,162956,980141376.0,8.16,7.8,1.51,1.40,牧原股份,002714,前复权
2019-06-12,20.41,20.66,21.14,20.33,107714,658938912.0,3.88,-1.01,-0.21,0.93,牧原股份,002714,前复权
2019-06-13,21.04,21.04,21.37,20.35,116656,714589184.0,4.94,1.84,0.38,1.00,牧原股份,002714,前复权
2019-06-14,20.71,20.95,21.34,20.63,118154,731727440.0,3.37,-0.43,-0.09,1.02,牧原股份,002714,前复权
2019-06-17,21.09,20.36,22.03,20.08,146354,903192064.0,9.31,-2.82,-0.59,1.26,牧原股份,002714,前复权
2019-06-18,20.63,21.23,21.34,20.03,162226,998357536.0,6.43,4.27,0.87,1.39,牧原股份,002714,前复权
2019-06-19,22.51,21.02,22.55,20.87,198488,1262499520.0,7.91,-0.99,-0.21,1.71,牧原股份,002714,前复权
2019-06-20,21.0,20.77,21.04,20.18,176309,1069435056.0,4.09,-1.19,-0.25,1.52,牧原股份,002714,前复权
2019-06-21,20.52,19.68,20.69,19.36,240669,1422046960.0,6.4,-5.25,-1.09,2.07,牧原股份,002714,前复权
2019-06-24,19.36,20.11,20.38,18.97,146216,860285136.0,7.16,2.18,0.43,1.26,牧原股份,002714,前复权
2019-06-25,19.76,19.46,20.03,19.16,99913,582544560.0,4.33,-3.23,-0.65,0.86,牧原股份,002714,前复权
2019-06-26,19.16,19.36,19.64,18.96,80105,463827936.0,3.49,-0.51,-0.1,0.69,牧原股份,002714,前复权
2019-06-27,19.34,19.57,19.72,19.19,89358,521187920.0,2.74,1.08,0.21,0.77,牧原股份,002714,前复权
2019-06-28,19.58,19.69,19.75,19.46,55216,323775456.0,1.48,0.61,0.12,0.47,牧原股份,002714,前复权
2019-07-01,19.87,20.75,20.95,19.35,141307,849446064.0,8.13,5.38,1.06,1.21,牧原股份,002714,前复权
2019-07-02,20.78,21.63,21.8,20.62,163224,1029538288.0,5.69,4.24,0.88,1.40,牧原股份,002714,前复权
2019-07-03,21.46,20.58,21.77,20.43,151794,934923040.0,6.2,-4.85,-1.05,1.30,牧原股份,002714,前复权
2019-07-04,20.8,19.79,20.81,19.65,133528,797290832.0,5.64,-3.84,-0.79,1.14,牧原股份,002714,前复权
2019-07-05,20.0,20.66,20.9,19.82,140444,846059248.0,5.46,4.4,0.87,1.20,牧原股份,002714,前复权
2019-07-08,21.06,21.45,21.74,20.76,214453,1347519264.0,4.74,3.82,0.79,1.84,牧原股份,002714,前复权
2019-07-09,21.08,22.24,22.53,20.77,226494,1445404992.0,8.21,3.68,0.79,1.94,牧原股份,002714,前复权
2019-07-10,22.19,22.18,23.05,21.82,145659,949593120.0,5.53,-0.27,-0.06,1.25,牧原股份,002714,前复权
2019-07-11,22.32,22.39,22.72,21.83,115981,753191040.0,4.01,0.95,0.21,0.99,牧原股份,002714,前复权
2019-07-12,22.48,22.42,22.69,21.84,107000,694064192.0,3.8,0.13,0.03,0.92,牧原股份,002714,前复权
2019-07-15,22.49,23.97,24.37,22.24,176961,1191721168.0,9.5,6.91,1.55,1.52,牧原股份,002714,前复权
2019-07-16,23.92,23.72,24.33,23.58,124245,853448048.0,3.13,-1.04,-0.25,1.06,牧原股份,002714,前复权
2019-07-17,23.96,24.5,26.1,23.63,290283,2065587824.0,10.41,3.29,0.78,2.49,牧原股份,002714,前复权
2019-07-18,24.49,24.63,25.19,24.0,157756,1113617920.0,4.86,0.53,0.13,1.35,牧原股份,002714,前复权
2019-07-19,24.55,25.16,25.2,24.31,140799,998078224.0,3.61,2.15,0.53,1.21,牧原股份,002714,前复权
2019-07-22,25.02,24.7,25.85,24.2,162299,1155309936.0,6.56,-1.83,-0.46,1.39,牧原股份,002714,前复权
2019-07-23,24.42,24.54,24.98,23.97,117672,822605600.0,4.09,-0.65,-0.16,1.01,牧原股份,002714,前复权
2019-07-24,24.55,24.72,24.93,24.26,107856,759034624.0,2.73,0.73,0.18,0.92,牧原股份,002714,前复权
2019-07-25,24.57,25.14,25.22,24.46,106193,754441952.0,3.07,1.7,0.42,0.91,牧原股份,002714,前复权
2019-07-26,24.98,25.07,25.47,24.59,129529,922579280.0,3.5,-0.28,-0.07,1.11,牧原股份,002714,前复权
2019-07-29,25.06,26.95,27.03,24.58,208509,1539103392.0,9.77,7.5,1.88,1.79,牧原股份,002714,前复权
2019-07-30,26.94,27.43,27.76,26.57,151594,1164751792.0,4.42,1.78,0.48,1.30,牧原股份,002714,前复权
2019-07-31,27.24,27.2,27.87,27.05,108680,838288544.0,2.99,-0.84,-0.23,0.93,牧原股份,002714,前复权
2019-08-01,27.0,27.53,28.11,26.99,138121,1074334176.0,4.12,1.21,0.33,1.18,牧原股份,002714,前复权
2019-08-02,27.09,27.87,28.0,27.09,128123,994937728.0,3.31,1.24,0.34,1.10,牧原股份,002714,前复权
2019-08-05,28.25,27.62,28.86,27.49,175179,1382960096.0,4.92,-0.9,-0.25,1.50,牧原股份,002714,前复权
2019-08-06,26.01,26.63,27.22,25.1,207550,1551018640.0,7.68,-3.58,-0.99,1.78,牧原股份,002714,前复权
2019-08-07,26.99,26.66,27.95,26.44,140003,1068112336.0,5.67,0.11,0.03,1.20,牧原股份,002714,前复权
2019-08-08,26.94,26.81,27.34,26.39,96676,731342272.0,3.56,0.56,0.15,0.83,牧原股份,002714,前复权
2019-08-09,27.06,25.58,27.07,25.52,143525,1065066512.0,5.78,-4.59,-1.23,1.23,牧原股份,002714,前复权
2019-08-12,25.5,25.87,26.69,24.69,225207,1649100160.0,7.82,1.13,0.29,1.93,牧原股份,002714,前复权
2019-08-13,25.9,25.56,26.32,25.48,106282,778962192.0,3.25,-1.2,-0.31,0.91,牧原股份,002714,前复权
2019-08-14,25.89,25.38,25.89,25.2,133171,965203968.0,2.7,-0.7,-0.18,1.14,牧原股份,002714,前复权
2019-08-15,24.91,25.41,25.6,24.61,136452,979874064.0,3.9,0.12,0.03,1.17,牧原股份,002714,前复权
2019-08-16,25.52,26.57,27.13,25.27,171078,1276569840.0,7.32,4.57,1.16,1.47,牧原股份,002714,前复权
2019-08-19,26.76,24.99,26.9,23.41,420999,2964263824.0,13.14,-5.95,-1.58,3.61,牧原股份,002714,前复权
2019-08-20,24.42,24.61,25.09,24.15,145281,1021911120.0,3.76,-1.52,-0.38,1.24,牧原股份,002714,前复权
2019-08-21,24.59,24.5,24.84,24.42,91398,643812880.0,1.71,-0.45,-0.11,0.78,牧原股份,002714,前复权
2019-08-22,24.36,24.91,25.22,24.0,118612,838918032.0,4.98,1.67,0.41,1.02,牧原股份,002714,前复权
2019-08-23,25.05,24.35,25.05,24.21,90063,631238384.0,3.37,-2.25,-0.56,0.77,牧原股份,002714,前复权
2019-08-26,24.08,24.97,25.01,24.05,120164,843541440.0,3.94,2.55,0.62,1.03,牧原股份,002714,前复权
2019-08-27,26.11,27.92,27.96,25.78,340446,2602757808.0,8.73,11.81,2.95,2.92,牧原股份,002714,前复权
2019-08-28,28.16,28.93,29.56,27.49,233912,1872125376.0,7.41,3.62,1.01,2.00,牧原股份,002714,前复权
2019-08-29,28.98,28.76,29.57,28.37,154578,1241264704.0,4.15,-0.59,-0.17,1.32,牧原股份,002714,前复权
2019-08-30,28.76,28.79,29.67,28.21,188410,1519253088.0,5.08,0.1,0.03,1.61,牧原股份,002714,前复权
2019-09-02,28.86,28.74,29.47,28.0,173664,1387699552.0,5.11,-0.17,-0.05,1.49,牧原股份,002714,前复权
2019-09-03,29.04,29.05,29.63,28.66,135530,1095352352.0,3.38,1.08,0.31,1.16,牧原股份,002714,前复权
2019-09-04,28.63,28.69,29.33,28.43,160414,1286384048.0,3.1,-1.24,-0.36,1.37,牧原股份,002714,前复权
2019-09-05,29.05,29.63,29.88,28.42,177244,1433024288.0,5.09,3.28,0.94,1.52,牧原股份,002714,前复权
2019-09-06,29.42,26.95,29.45,26.44,350697,2724083136.0,10.16,-9.04,-2.68,3.01,牧原股份,002714,前复权
2019-09-09,27.02,25.68,27.03,25.05,373533,2731944256.0,7.35,-4.71,-1.27,3.20,牧原股份,002714,前复权
2019-09-10,25.65,25.69,26.31,25.39,164962,1208646816.0,3.58,0.04,0.01,1.41,牧原股份,002714,前复权
2019-09-11,25.17,24.34,25.6,24.34,283820,2013622320.0,4.9,-5.25,-1.35,2.43,牧原股份,002714,前复权
2019-09-12,24.42,24.55,24.63,23.76,133224,930011024.0,3.57,0.86,0.21,1.14,牧原股份,002714,前复权
2019-09-16,24.8,25.26,25.75,24.51,193556,1395161312.0,5.05,2.89,0.71,1.66,牧原股份,002714,前复权
2019-09-17,25.17,25.39,25.75,25.11,98167,710769472.0,2.53,0.51,0.13,0.84,牧原股份,002714,前复权
2019-09-18,25.39,25.3,25.49,25.06,69479,500314800.0,1.69,-0.35,-0.09,0.60,牧原股份,002714,前复权
2019-09-19,25.35,26.52,26.56,24.93,157427,1161462496.0,6.44,4.82,1.22,1.35,牧原股份,002714,前复权
2019-09-20,26.27,26.51,26.82,26.06,103302,772007808.0,2.87,-0.04,-0.01,0.89,牧原股份,002714,前复权
2019-09-23,26.32,25.46,26.43,25.39,85562,627201920.0,3.92,-3.96,-1.05,0.73,牧原股份,002714,前复权
2019-09-24,25.37,24.21,25.37,24.01,202319,1414411488.0,5.34,-4.91,-1.25,1.73,牧原股份,002714,前复权
2019-09-25,24.21,24.26,24.62,23.95,116477,811873920.0,2.77,0.21,0.05,1.00,牧原股份,002714,前复权
2019-09-26,24.26,21.33,24.53,21.33,341164,2186238256.0,13.19,-12.08,-2.93,2.92,牧原股份,002714,前复权
2019-09-27,21.7,23.58,23.83,21.7,268154,1787691552.0,9.99,10.55,2.25,2.30,牧原股份,002714,前复权
2019-09-30,23.65,24.63,25.02,23.58,160428,1129615536.0,6.11,4.45,1.05,1.37,牧原股份,002714,前复权
2019-10-08,25.94,26.59,26.73,25.05,255083,1887734112.0,6.82,7.96,1.96,2.19,牧原股份,002714,前复权
2019-10-09,26.86,26.95,27.11,26.23,171027,1293287792.0,3.31,1.35,0.36,1.47,牧原股份,002714,前复权
2019-10-10,27.2,29.47,29.83,26.99,305857,2465322080.0,10.54,9.35,2.52,2.62,牧原股份,002714,前复权
2019-10-11,29.13,29.59,30.16,28.92,198789,1639032256.0,4.21,0.41,0.12,1.70,牧原股份,002714,前复权
2019-10-14,29.59,29.95,30.1,28.67,219565,1809128704.0,4.83,1.22,0.36,1.88,牧原股份,002714,前复权
2019-10-15,29.47,30.22,30.9,29.37,149301,1243741584.0,5.11,0.9,0.27,1.28,牧原股份,002714,前复权
2019-10-16,30.1,29.61,30.22,29.47,105546,874879696.0,2.48,-2.02,-0.61,0.90,牧原股份,002714,前复权
2019-10-17,29.8,29.91,30.46,29.34,105419,875483072.0,3.78,1.01,0.3,0.90,牧原股份,002714,前复权
2019-10-18,30.01,31.69,32.26,29.68,244206,2112679472.0,8.63,5.95,1.78,2.09,牧原股份,002714,前复权
2019-10-21,32.2,32.1,33.12,31.82,254132,2263009760.0,4.1,1.29,0.41,2.18,牧原股份,002714,前复权
2019-10-22,32.2,32.74,32.95,31.29,176609,1564928672.0,5.17,1.99,0.64,1.51,牧原股份,002714,前复权
2019-10-23,32.69,32.57,33.0,32.24,113596,1017258816.0,2.32,-0.52,-0.17,0.97,牧原股份,002714,前复权
2019-10-24,32.8,33.11,33.5,32.24,156811,1415313200.0,3.87,1.66,0.54,1.34,牧原股份,002714,前复权
2019-10-25,33.66,36.92,36.92,32.87,306040,2918488464.0,12.23,11.51,3.81,2.62,牧原股份,002714,前复权
2019-10-28,36.11,36.94,38.54,35.56,281083,2795834784.0,8.07,0.05,0.02,2.41,牧原股份,002714,前复权
2019-10-29,36.99,37.46,38.54,36.44,214933,2177582464.0,5.68,1.41,0.52,1.84,牧原股份,002714,前复权
2019-10-30,37.15,37.11,38.12,35.77,160370,1596868960.0,6.27,-0.93,-0.35,1.37,牧原股份,002714,前复权
2019-10-31,37.45,36.4,37.69,35.8,151760,1494988768.0,5.09,-1.91,-0.71,1.30,牧原股份,002714,前复权
2019-11-01,35.62,34.78,35.77,33.79,273145,2582292736.0,5.44,-4.45,-1.62,2.34,牧原股份,002714,前复权
2019-11-04,34.44,35.21,35.47,34.23,197565,1876456704.0,3.57,1.24,0.43,1.69,牧原股份,002714,前复权
2019-11-05,35.21,36.65,36.65,35.14,205842,2011427408.0,4.29,4.09,1.44,1.76,牧原股份,002714,前复权
2019-11-06,36.66,34.84,36.67,33.58,280944,2659682096.0,8.43,-4.94,-1.81,2.41,牧原股份,002714,前复权
2019-11-07,34.51,35.21,36.22,34.09,170358,1636324832.0,6.11,1.06,0.37,1.46,牧原股份,002714,前复权
2019-11-08,35.21,34.1,35.53,33.93,138295,1298035360.0,4.54,-3.15,-1.11,1.19,牧原股份,002714,前复权
2019-11-11,33.75,34.46,35.45,33.67,146105,1377334800.0,5.22,1.06,0.36,1.25,牧原股份,002714,前复权
2019-11-12,34.34,35.35,35.97,34.34,164589,1577734048.0,4.73,2.58,0.89,1.41,牧原股份,002714,前复权
2019-11-13,35.34,34.56,35.93,34.21,163674,1559171824.0,4.87,-2.23,-0.79,1.40,牧原股份,002714,前复权
2019-11-14,35.01,34.91,35.12,34.0,108262,1023051536.0,3.24,1.01,0.35,0.93,牧原股份,002714,前复权
2019-11-15,34.51,33.16,34.51,32.87,185532,1696741152.0,4.7,-5.01,-1.75,1.59,牧原股份,002714,前复权
2019-11-18,32.96,33.91,34.32,31.72,201972,1843007456.0,7.84,2.26,0.75,1.73,牧原股份,002714,前复权
2019-11-19,34.26,35.21,35.29,34.1,148550,1408449552.0,3.51,3.83,1.3,1.27,牧原股份,002714,前复权
2019-11-20,35.35,33.88,35.45,33.75,154503,1455901728.0,4.83,-3.78,-1.33,1.32,牧原股份,002714,前复权
2019-11-21,33.92,34.31,34.74,33.64,108845,1018291824.0,3.25,1.27,0.43,0.93,牧原股份,002714,前复权
2019-11-22,34.59,33.67,35.08,33.1,122227,1140833776.0,5.77,-1.87,-0.64,1.05,牧原股份,002714,前复权
2019-11-25,33.71,32.5,34.0,32.19,146345,1314349744.0,5.38,-3.47,-1.17,1.25,牧原股份,002714,前复权
2019-11-26,33.02,33.25,33.36,32.39,110913,1001521888.0,2.98,2.31,0.75,0.95,牧原股份,002714,前复权
2019-11-27,33.19,32.8,33.62,32.59,82411,744093664.0,3.1,-1.35,-0.45,0.71,牧原股份,002714,前复权
2019-11-28,32.84,33.04,33.66,32.13,91495,828915888.0,4.66,0.73,0.24,0.78,牧原股份,002714,前复权
2019-11-29,33.11,31.48,33.25,31.11,200228,1745287168.0,6.48,-4.72,-1.56,1.72,牧原股份,002714,前复权
2019-12-02,32.7,32.9,33.82,32.45,192309,1744722848.0,4.35,4.51,1.42,1.65,牧原股份,002714,前复权
2019-12-03,33.11,32.81,34.24,32.49,156465,1422343088.0,5.32,-0.27,-0.09,1.34,牧原股份,002714,前复权
2019-12-04,32.79,33.08,33.16,32.11,87168,780502496.0,3.2,0.82,0.27,0.75,牧原股份,002714,前复权
2019-12-05,33.42,33.0,33.45,32.72,90449,817303840.0,2.21,-0.24,-0.08,0.78,牧原股份,002714,前复权
2019-12-06,33.25,33.31,34.38,33.13,178083,1640849168.0,3.79,0.94,0.31,1.53,牧原股份,002714,前复权
2019-12-09,33.2,32.28,33.31,31.86,195653,1734330352.0,4.35,-3.09,-1.03,1.68,牧原股份,002714,前复权
2019-12-10,31.53,30.31,31.53,29.93,315323,2669797408.0,4.96,-6.1,-1.97,2.70,牧原股份,002714,前复权
2019-12-11,30.1,29.61,30.48,29.52,168411,1394575728.0,3.17,-2.31,-0.7,1.44,牧原股份,002714,前复权
2019-12-12,30.16,29.72,30.46,29.66,137151,1141285520.0,2.7,0.37,0.11,1.18,牧原股份,002714,前复权
2019-12-13,29.63,29.99,30.26,28.58,142714,1177273296.0,5.65,0.91,0.27,1.22,牧原股份,002714,前复权
2019-12-16,30.1,29.84,30.2,29.22,140271,1153300496.0,3.27,-0.5,-0.15,1.20,牧原股份,002714,前复权
2019-12-17,29.83,30.21,30.69,29.47,184332,1546306864.0,4.09,1.24,0.37,1.58,牧原股份,002714,前复权
2019-12-18,29.94,29.43,30.39,29.42,150400,1243213920.0,3.21,-2.58,-0.78,1.29,牧原股份,002714,前复权
2019-12-19,29.42,29.32,29.69,28.95,131159,1070605264.0,2.51,-0.37,-0.11,1.12,牧原股份,002714,前复权
2019-12-20,29.26,29.95,30.09,29.08,192723,1591570176.0,3.44,2.15,0.63,1.65,牧原股份,002714,前复权
2019-12-23,30.01,28.7,30.26,28.63,177092,1439961776.0,5.44,-4.17,-1.25,1.52,牧原股份,002714,前复权
2019-12-24,28.7,28.11,29.0,27.74,146203,1151120720.0,4.39,-2.06,-0.59,1.25,牧原股份,002714,前复权
2019-12-25,28.14,27.86,28.39,27.79,91182,716467104.0,2.13,-0.89,-0.25,0.78,牧原股份,002714,前复权
2019-12-26,28.08,27.69,28.15,27.47,86517,674423408.0,2.44,-0.61,-0.17,0.74,牧原股份,002714,前复权
2019-12-27,28.12,29.87,29.96,27.88,288619,2341710944.0,7.51,7.87,2.18,2.47,牧原股份,002714,前复权
2019-12-30,30.01,30.77,30.82,29.13,248813,2080585056.0,5.66,3.01,0.9,2.13,牧原股份,002714,前复权
2019-12-31,30.81,32.32,33.04,30.8,281727,2486689584.0,7.28,5.04,1.55,2.41,牧原股份,002714,前复权
2020-01-02,32.85,33.59,34.03,32.83,212801,1952824560.0,3.71,3.93,1.27,1.82,牧原股份,002714,前复权
2020-01-03,33.83,33.16,34.37,32.46,164551,1488092256.0,5.69,-1.28,-0.43,1.41,牧原股份,002714,前复权
2020-01-06,32.66,32.98,33.38,32.62,118669,1073677072.0,2.29,-0.54,-0.18,1.02,牧原股份,002714,前复权
2020-01-07,33.04,34.42,34.92,32.98,199120,1861821184.0,5.88,4.37,1.44,1.71,牧原股份,002714,前复权
2020-01-08,34.6,34.88,35.5,33.95,201074,1910094080.0,4.5,1.34,0.46,1.72,牧原股份,002714,前复权
2020-01-09,34.84,34.3,35.17,34.09,109421,1027554624.0,3.1,-1.66,-0.58,0.94,牧原股份,002714,前复权
2020-01-10,34.26,33.16,34.27,32.89,148238,1350723264.0,4.02,-3.32,-1.14,1.27,牧原股份,002714,前复权
2020-01-13,33.11,33.41,33.92,32.74,127674,1165009488.0,3.56,0.75,0.25,1.09,牧原股份,002714,前复权
2020-01-14,33.48,33.17,33.83,32.88,97451,887727808.0,2.84,-0.72,-0.24,0.84,牧原股份,002714,前复权
2020-01-15,34.92,32.69,34.93,32.32,199919,1830498208.0,7.87,-1.45,-0.48,1.71,牧原股份,002714,前复权
2020-01-16,32.69,33.04,33.82,32.02,131397,1192272528.0,5.51,1.07,0.35,1.13,牧原股份,002714,前复权
2020-01-17,33.07,32.33,33.32,32.03,121469,1082403568.0,3.9,-2.15,-0.71,1.04,牧原股份,002714,前复权
2020-01-20,32.35,33.18,33.45,31.44,139214,1250576368.0,6.22,2.63,0.85,1.19,牧原股份,002714,前复权
2020-01-21,33.06,32.2,33.24,32.16,85335,761564928.0,3.25,-2.95,-0.98,0.73,牧原股份,002714,前复权
2020-01-22,31.94,31.17,31.94,30.04,180066,1536863712.0,5.9,-3.2,-1.03,1.54,牧原股份,002714,前复权
2020-01-23,30.26,29.33,30.91,28.9,162753,1346424656.0,6.45,-5.9,-1.84,1.39,牧原股份,002714,前复权
2020-02-03,25.9,25.94,27.18,25.9,263787,1966443008.0,4.36,-11.56,-3.39,2.26,牧原股份,002714,前复权
2020-02-04,26.54,29.03,29.03,26.53,228663,1808239552.0,9.64,11.91,3.09,1.96,牧原股份,002714,前复权
2020-02-05,29.89,29.44,30.68,29.28,196457,1628721568.0,4.82,1.41,0.41,1.68,牧原股份,002714,前复权
2020-02-06,30.72,32.88,32.88,29.51,267031,2330780768.0,11.45,11.68,3.44,2.29,牧原股份,002714,前复权
2020-02-07,32.37,33.86,34.64,31.29,258497,2375036960.0,10.19,2.98,0.98,2.22,牧原股份,002714,前复权
2020-02-10,33.87,36.7,37.7,33.87,287989,2851051152.0,11.31,8.39,2.84,2.47,牧原股份,002714,前复权
2020-02-11,36.7,37.03,38.29,36.7,204290,2055947664.0,4.33,0.9,0.33,1.75,牧原股份,002714,前复权
2020-02-12,37.03,36.29,37.32,35.94,220886,2177789568.0,3.73,-2.0,-0.74,1.89,牧原股份,002714,前复权
2020-02-13,36.48,36.26,36.87,35.43,158998,1556677456.0,3.97,-0.08,-0.03,1.36,牧原股份,002714,前复权
2020-02-14,36.95,39.55,39.77,36.95,312040,3241116784.0,7.78,9.07,3.29,2.67,牧原股份,002714,前复权
2020-02-17,39.55,39.32,40.33,38.59,208277,2193622576.0,4.4,-0.58,-0.23,1.78,牧原股份,002714,前复权
2020-02-18,38.71,39.66,39.87,38.34,149178,1570833472.0,3.89,0.86,0.34,1.28,牧原股份,002714,前复权
2020-02-19,39.97,40.31,42.04,39.97,233643,2556315296.0,5.22,1.64,0.65,2.00,牧原股份,002714,前复权
2020-02-20,41.13,40.48,41.44,39.98,181691,1968242608.0,3.62,0.42,0.17,1.56,牧原股份,002714,前复权
2020-02-21,40.39,41.42,42.4,39.72,196393,2160428576.0,6.62,2.32,0.94,1.68,牧原股份,002714,前复权
2020-02-24,40.81,41.89,42.7,40.18,214581,2376996000.0,6.08,1.13,0.47,1.84,牧原股份,002714,前复权
2020-02-25,41.27,45.42,45.85,41.11,282049,3293811328.0,11.32,8.43,3.53,2.42,牧原股份,002714,前复权
2020-02-26,45.4,43.75,46.27,43.34,268788,3180195840.0,6.45,-3.68,-1.67,2.30,牧原股份,002714,前复权
2020-02-27,43.75,44.84,46.86,42.91,330406,3938945856.0,9.03,2.49,1.09,2.83,牧原股份,002714,前复权
2020-02-28,42.96,43.96,45.94,42.96,262388,3088221328.0,6.65,-1.96,-0.88,2.25,牧原股份,002714,前复权
2020-03-02,43.54,45.43,46.9,43.52,340042,4083285648.0,7.69,3.34,1.47,2.91,牧原股份,002714,前复权
2020-03-03,46.2,45.26,46.61,45.12,229140,2767071248.0,3.28,-0.37,-0.17,1.96,牧原股份,002714,前复权
2020-03-04,44.81,46.15,47.11,44.81,236434,2886069328.0,5.08,1.97,0.89,2.03,牧原股份,002714,前复权
2020-03-05,46.69,48.21,49.63,46.22,325997,4118241248.0,7.39,4.46,2.06,2.79,牧原股份,002714,前复权
2020-03-06,47.32,48.79,51.02,47.32,359206,4640307968.0,7.67,1.2,0.58,3.08,牧原股份,002714,前复权
2020-03-09,48.79,51.1,53.8,48.25,371964,4965642496.0,11.38,4.73,2.31,3.19,牧原股份,002714,前复权
2020-03-10,51.37,49.76,52.58,47.97,316147,4108884736.0,9.02,-2.62,-1.34,2.71,牧原股份,002714,前复权
2020-03-11,49.63,48.57,51.3,47.6,285468,3694816672.0,7.44,-2.39,-1.19,2.45,牧原股份,002714,前复权
2020-03-12,47.62,46.19,48.36,45.43,265827,3248070080.0,6.03,-4.9,-2.38,2.28,牧原股份,002714,前复权
2020-03-13,43.58,46.53,47.74,43.55,237775,2865917536.0,9.07,0.74,0.34,2.04,牧原股份,002714,前复权
2020-03-16,47.2,42.91,47.23,41.58,276225,3226282432.0,12.14,-7.78,-3.62,2.37,牧原股份,002714,前复权
2020-03-17,44.0,42.92,44.73,40.63,208270,2360291104.0,9.55,0.02,0.01,1.78,牧原股份,002714,前复权
2020-03-18,43.75,44.39,47.62,43.6,317759,3828302592.0,9.37,3.42,1.47,2.72,牧原股份,002714,前复权
2020-03-19,44.43,45.49,45.85,43.12,214889,2536958896.0,6.15,2.48,1.1,1.84,牧原股份,002714,前复权
2020-03-20,46.32,44.05,46.75,43.38,215211,2534179632.0,7.41,-3.17,-1.44,1.84,牧原股份,002714,前复权
2020-03-23,41.9,41.86,43.06,41.02,211611,2360029728.0,4.63,-4.97,-2.19,1.81,牧原股份,002714,前复权
2020-03-24,43.33,43.24,43.75,42.0,191882,2187932592.0,4.18,3.3,1.38,1.64,牧原股份,002714,前复权
2020-03-25,44.76,44.75,45.43,43.79,178566,2101766032.0,3.79,3.49,1.51,1.53,牧原股份,002714,前复权
2020-03-26,44.09,44.59,45.52,43.78,138127,1638964848.0,3.89,-0.36,-0.16,1.18,牧原股份,002714,前复权
2020-03-27,44.97,43.05,45.02,42.99,160892,1860599024.0,4.55,-3.45,-1.54,1.38,牧原股份,002714,前复权
2020-03-30,42.2,43.12,43.68,42.07,100945,1148081760.0,3.74,0.16,0.07,0.87,牧原股份,002714,前复权
2020-03-31,43.54,46.36,46.52,43.21,284185,3426884560.0,7.68,7.51,3.24,2.44,牧原股份,002714,前复权
2020-04-01,46.69,45.98,47.11,45.23,189755,2308522544.0,4.06,-0.82,-0.38,1.63,牧原股份,002714,前复权
2020-04-02,46.28,45.66,46.68,44.84,149737,1794504624.0,4.0,-0.7,-0.32,1.28,牧原股份,002714,前复权
2020-04-03,45.24,46.63,47.65,45.02,171130,2108063584.0,5.76,2.12,0.97,1.47,牧原股份,002714,前复权
2020-04-07,47.49,48.92,49.09,46.27,220084,2786437536.0,6.05,4.91,2.29,1.89,牧原股份,002714,前复权
2020-04-08,48.79,46.82,49.13,46.36,228636,2852942576.0,5.66,-4.29,-2.1,1.96,牧原股份,002714,前复权
2020-04-09,46.69,47.24,47.66,45.23,158947,1940316864.0,5.19,0.9,0.42,1.36,牧原股份,002714,前复权
2020-04-10,46.95,47.07,48.26,46.59,104374,1298217760.0,3.54,-0.36,-0.17,0.89,牧原股份,002714,前复权
2020-04-13,46.61,46.9,48.06,46.22,88504,1098931840.0,3.91,-0.36,-0.17,0.76,牧原股份,002714,前复权
2020-04-14,47.48,47.35,48.38,46.87,110895,1387366448.0,3.22,0.96,0.45,0.95,牧原股份,002714,前复权
2020-04-15,47.11,46.13,47.66,46.03,129385,1585999280.0,3.44,-2.58,-1.22,1.11,牧原股份,002714,前复权
2020-04-16,45.9,45.13,46.27,44.72,129828,1552069648.0,3.36,-2.17,-1.0,1.11,牧原股份,002714,前复权
2020-04-17,45.43,47.1,47.47,45.01,176580,2170486400.0,5.45,4.37,1.97,1.51,牧原股份,002714,前复权
2020-04-20,46.91,47.16,47.64,46.48,100284,1243718768.0,2.46,0.13,0.06,0.86,牧原股份,002714,前复权
2020-04-21,47.03,46.91,47.3,46.14,99317,1221199632.0,2.46,-0.53,-0.25,0.85,牧原股份,002714,前复权
2020-04-22,46.69,48.15,48.92,46.53,207981,2625968736.0,5.09,2.64,1.24,1.78,牧原股份,002714,前复权
2020-04-23,48.21,48.8,50.34,48.21,152135,1965413856.0,4.42,1.35,0.65,1.30,牧原股份,002714,前复权
2020-04-24,49.31,48.96,49.59,48.21,96977,1246819808.0,2.83,0.33,0.16,0.70,牧原股份,002714,前复权
2020-04-27,50.04,50.98,52.39,48.98,203195,2703078736.0,6.96,4.13,2.02,1.46,牧原股份,002714,前复权
2020-04-28,51.32,51.19,51.73,49.63,157493,2091607424.0,4.12,0.41,0.21,1.13,牧原股份,002714,前复权
2020-04-29,51.02,49.17,51.18,48.88,133811,1738106208.0,4.49,-3.95,-2.02,0.96,牧原股份,002714,前复权
2020-04-30,49.38,48.54,49.48,47.79,115394,1465303216.0,3.44,-1.28,-0.63,0.83,牧原股份,002714,前复权
2020-05-06,47.48,47.03,47.93,46.61,179090,2214156624.0,2.72,-3.11,-1.51,1.29,牧原股份,002714,前复权
2020-05-07,46.97,46.97,48.11,46.69,120902,1506378224.0,3.02,-0.13,-0.06,0.87,牧原股份,002714,前复权
2020-05-08,47.08,46.82,47.24,45.94,115307,1419055568.0,2.77,-0.32,-0.15,0.83,牧原股份,002714,前复权
2020-05-11,46.27,44.0,46.4,43.68,323673,3821323520.0,5.81,-6.02,-2.82,2.33,牧原股份,002714,前复权
2020-05-12,43.54,43.76,44.51,43.46,141732,1646807008.0,2.39,-0.55,-0.24,1.02,牧原股份,002714,前复权
2020-05-13,43.8,43.46,44.0,42.84,186862,2145858640.0,2.65,-0.69,-0.3,1.34,牧原股份,002714,前复权
2020-05-14,43.37,42.42,43.37,42.13,210747,2382747392.0,2.85,-2.39,-1.04,1.52,牧原股份,002714,前复权
2020-05-15,42.83,42.91,43.32,42.24,129671,1475353504.0,2.55,1.16,0.49,0.93,牧原股份,002714,前复权
2020-05-18,43.29,45.14,45.41,43.29,269897,3201248000.0,4.94,5.2,2.23,1.94,牧原股份,002714,前复权
2020-05-19,45.43,44.13,45.8,43.58,164367,1930996128.0,4.92,-2.24,-1.01,1.18,牧原股份,002714,前复权
2020-05-20,43.75,42.62,43.75,42.23,204668,2319597280.0,3.44,-3.42,-1.51,1.47,牧原股份,002714,前复权
2020-05-21,42.96,43.16,43.74,41.99,173356,1965702576.0,4.11,1.27,0.54,1.25,牧原股份,002714,前复权
2020-05-22,43.34,43.99,45.09,42.74,168010,1964239328.0,5.44,1.92,0.83,1.21,牧原股份,002714,前复权
2020-05-25,44.54,45.25,45.96,44.54,221535,2662616608.0,3.23,2.86,1.26,1.59,牧原股份,002714,前复权
2020-05-26,45.43,44.29,45.64,43.81,125153,1467454928.0,4.04,-2.12,-0.96,0.90,牧原股份,002714,前复权
2020-05-27,44.05,43.31,44.17,42.91,104974,1210694080.0,2.84,-2.21,-0.98,0.75,牧原股份,002714,前复权
2020-05-28,43.75,43.46,44.09,42.93,95270,1099369136.0,2.68,0.35,0.15,0.68,牧原股份,002714,前复权
2020-05-29,43.05,45.51,45.6,43.05,162699,1924867456.0,5.87,4.72,2.05,1.17,牧原股份,002714,前复权
2020-06-01,45.65,45.43,46.49,44.72,130328,1558921552.0,3.89,-0.18,-0.08,0.94,牧原股份,002714,前复权
2020-06-02,45.43,46.13,47.53,45.43,142321,1743446640.0,4.62,1.54,0.7,1.02,牧原股份,002714,前复权
2020-06-03,46.79,45.55,47.32,45.23,123472,1494654784.0,4.53,-1.26,-0.58,0.89,牧原股份,002714,前复权
2020-06-04,45.67,46.43,46.43,44.61,178873,1267589200.0,4.0,1.93,0.88,0.76,牧原股份,002714,前复权
2020-06-05,46.43,44.66,46.44,44.62,235411,1643705824.0,3.92,-3.81,-1.77,1.00,牧原股份,002714,前复权
2020-06-08,45.46,44.9,45.53,44.17,154997,1079365216.0,3.05,0.54,0.24,0.66,牧原股份,002714,前复权
2020-06-09,45.05,44.82,45.59,44.46,119660,830470192.0,2.52,-0.18,-0.08,0.51,牧原股份,002714,前复权
2020-06-10,44.82,44.97,46.19,44.62,207563,1459847392.0,3.5,0.33,0.15,0.88,牧原股份,002714,前复权
2020-06-11,44.82,42.46,44.82,42.27,461351,3099406560.0,5.67,-5.58,-2.51,1.95,牧原股份,002714,前复权
2020-06-12,42.0,42.89,43.02,41.8,230019,1526725008.0,2.87,1.01,0.43,0.97,牧原股份,002714,前复权
2020-06-15,43.82,44.69,45.77,43.81,326389,2271597856.0,4.57,4.2,1.8,1.38,牧原股份,002714,前复权
2020-06-16,45.24,44.5,45.27,43.52,199689,1361480352.0,3.92,-0.43,-0.19,0.84,牧原股份,002714,前复权
2020-06-17,44.39,45.24,45.7,43.82,233893,1626630992.0,4.22,1.66,0.74,0.99,牧原股份,002714,前复权
2020-06-18,45.55,46.75,47.52,45.44,315543,2277549888.0,4.6,3.34,1.51,1.33,牧原股份,002714,前复权
2020-06-19,47.17,48.77,49.09,46.55,334287,2469929264.0,5.43,4.32,2.02,1.41,牧原股份,002714,前复权
2020-06-22,48.89,49.49,50.53,47.97,319749,2423282048.0,5.25,1.48,0.72,1.35,牧原股份,002714,前复权
2020-06-23,49.56,49.52,50.0,48.82,225601,1710135296.0,2.38,0.06,0.03,0.95,牧原股份,002714,前复权
2020-06-24,49.61,48.96,50.79,48.79,192143,1457195056.0,4.04,-1.13,-0.56,0.81,牧原股份,002714,前复权
2020-06-29,49.89,50.96,51.67,49.44,306547,2382206464.0,4.55,4.08,2.0,1.30,牧原股份,002714,前复权
2020-06-30,51.04,53.82,53.9,50.96,308768,2484088064.0,5.77,5.61,2.86,1.31,牧原股份,002714,前复权
2020-07-01,54.28,54.73,56.67,54.0,410614,3459277248.0,4.96,1.69,0.91,1.74,牧原股份,002714,前复权
2020-07-02,54.8,53.46,55.53,52.77,423178,3466827728.0,5.04,-2.32,-1.27,1.79,牧原股份,002714,前复权
2020-07-03,53.08,54.38,54.46,51.35,295046,2390776704.0,5.82,1.72,0.92,1.25,牧原股份,002714,前复权
2020-07-06,54.89,58.09,58.37,54.89,422497,3649533280.0,6.4,6.82,3.71,1.79,牧原股份,002714,前复权
2020-07-07,61.46,57.39,61.46,57.33,579385,5165059328.0,7.11,-1.21,-0.7,2.45,牧原股份,002714,前复权
2020-07-08,57.44,57.99,59.0,57.1,310740,2724988592.0,3.31,1.05,0.6,1.31,牧原股份,002714,前复权
2020-07-09,57.74,60.07,60.74,57.44,417850,3748579920.0,5.69,3.59,2.08,1.77,牧原股份,002714,前复权
2020-07-10,59.03,59.11,60.02,58.46,261778,2339290560.0,2.6,-1.6,-0.96,1.11,牧原股份,002714,前复权
2020-07-13,59.12,62.12,62.82,59.11,432900,4021332848.0,6.28,5.09,3.01,1.83,牧原股份,002714,前复权
2020-07-14,62.16,64.03,64.3,60.6,390871,3673040832.0,5.96,3.07,1.91,1.65,牧原股份,002714,前复权
2020-07-15,64.03,64.12,65.97,62.39,382303,3724187280.0,5.59,0.14,0.09,1.62,牧原股份,002714,前复权
2020-07-16,64.17,59.54,64.89,59.53,441698,4104275184.0,8.36,-7.14,-4.58,1.87,牧原股份,002714,前复权
2020-07-17,59.53,62.73,62.73,59.53,359437,3340411168.0,5.37,5.36,3.19,1.52,牧原股份,002714,前复权
2020-07-20,63.82,64.52,65.96,63.1,395521,3836873360.0,4.56,2.85,1.79,1.67,牧原股份,002714,前复权
2020-07-21,64.82,63.51,64.84,61.8,305720,2909346352.0,4.71,-1.57,-1.01,1.29,牧原股份,002714,前复权
2020-07-22,63.03,62.04,63.77,61.82,441306,4161348352.0,3.07,-2.31,-1.47,1.87,牧原股份,002714,前复权
2020-07-23,61.64,60.97,62.35,59.64,357629,3278140640.0,4.37,-1.72,-1.07,1.51,牧原股份,002714,前复权
2020-07-24,60.82,58.99,62.82,57.74,516489,4721790464.0,8.33,-3.25,-1.98,2.18,牧原股份,002714,前复权
2020-07-27,60.24,57.5,60.94,56.81,329535,2914717600.0,7.0,-2.53,-1.49,1.39,牧原股份,002714,前复权
2020-07-28,58.25,59.7,60.09,57.96,327524,2936424160.0,3.7,3.83,2.2,1.39,牧原股份,002714,前复权
2020-07-29,59.7,60.32,60.38,58.46,286141,2583462976.0,3.22,1.04,0.62,1.21,牧原股份,002714,前复权
2020-07-30,60.17,60.27,61.59,59.81,280256,2569780880.0,2.95,-0.08,-0.05,1.19,牧原股份,002714,前复权
2020-07-31,60.27,60.59,61.2,59.17,225714,2055860624.0,3.37,0.53,0.32,0.95,牧原股份,002714,前复权
2020-08-03,60.96,61.97,63.49,60.94,341597,3198467200.0,4.21,2.28,1.38,1.44,牧原股份,002714,前复权
2020-08-04,61.46,61.74,62.74,61.11,219404,2046320368.0,2.63,-0.37,-0.23,0.93,牧原股份,002714,前复权
2020-08-05,62.32,62.89,63.1,61.15,324574,3059912096.0,3.16,1.86,1.15,1.37,牧原股份,002714,前复权
2020-08-06,63.89,61.67,64.49,61.12,411973,3900370080.0,5.36,-1.94,-1.22,1.74,牧原股份,002714,前复权
2020-08-07,60.87,60.12,61.8,59.23,322754,2929792096.0,4.17,-2.51,-1.55,1.36,牧原股份,002714,前复权
2020-08-10,59.97,60.78,60.78,59.25,225944,2053132672.0,2.54,1.1,0.66,0.96,牧原股份,002714,前复权
2020-08-11,60.6,62.34,64.43,60.6,446735,4244501728.0,6.3,2.57,1.56,1.89,牧原股份,002714,前复权
2020-08-12,62.48,61.46,62.94,59.74,280455,2572281280.0,5.13,-1.41,-0.88,1.19,牧原股份,002714,前复权
2020-08-13,61.53,60.96,62.86,60.76,223447,2079365872.0,3.42,-0.81,-0.5,0.94,牧原股份,002714,前复权
2020-08-14,60.97,61.16,61.57,60.1,155882,1430110528.0,2.41,0.33,0.2,0.66,牧原股份,002714,前复权
2020-08-17,61.15,60.75,61.94,60.42,255944,2351628976.0,2.49,-0.67,-0.41,1.08,牧原股份,002714,前复权
2020-08-18,60.95,60.37,61.24,60.24,257370,2353193824.0,1.65,-0.63,-0.38,1.09,牧原股份,002714,前复权
2020-08-19,60.46,59.24,60.67,59.23,234538,2118384096.0,2.39,-1.87,-1.13,0.99,牧原股份,002714,前复权
2020-08-20,59.21,59.39,59.88,58.12,162950,1456059760.0,2.97,0.25,0.15,0.69,牧原股份,002714,前复权
2020-08-21,59.62,59.34,59.87,58.85,177746,1596048784.0,1.72,-0.08,-0.05,0.75,牧原股份,002714,前复权
2020-08-24,59.9,60.02,60.78,59.74,240932,2195528976.0,1.75,1.15,0.68,1.02,牧原股份,002714,前复权
2020-08-25,60.25,59.67,60.48,59.59,132415,1198877072.0,1.48,-0.58,-0.35,0.56,牧原股份,002714,前复权
2020-08-26,60.23,58.96,60.46,58.46,197602,1766293168.0,3.35,-1.19,-0.71,0.84,牧原股份,002714,前复权
2020-08-27,58.92,58.53,58.92,57.85,147643,1304413152.0,1.81,-0.73,-0.43,0.62,牧原股份,002714,前复权
2020-08-28,58.53,59.34,59.51,58.37,207443,1852130160.0,1.95,1.38,0.81,0.88,牧原股份,002714,前复权
2020-08-31,57.8,57.96,58.65,56.29,356557,3111943872.0,3.98,-2.33,-1.38,1.51,牧原股份,002714,前复权
2020-09-01,57.89,58.76,58.79,57.53,181385,1598337696.0,2.17,1.38,0.8,0.77,牧原股份,002714,前复权
2020-09-02,59.04,59.02,61.67,58.82,389370,3539877024.0,4.85,0.44,0.26,1.65,牧原股份,002714,前复权
2020-09-03,58.96,58.12,58.96,57.69,254188,2236557984.0,2.15,-1.52,-0.9,1.02,牧原股份,002714,前复权
2020-09-04,57.04,57.71,58.0,56.67,181562,1580941520.0,2.29,-0.71,-0.41,0.73,牧原股份,002714,前复权
2020-09-07,57.39,54.4,58.09,53.82,403602,3409856656.0,7.4,-5.74,-3.31,1.62,牧原股份,002714,前复权
2020-09-08,54.4,54.37,54.99,53.17,278062,2283468464.0,3.35,-0.06,-0.03,1.11,牧原股份,002714,前复权
2020-09-09,53.74,51.96,53.74,51.74,261780,2096835136.0,3.68,-4.43,-2.41,1.05,牧原股份,002714,前复权
2020-09-10,53.1,51.82,53.57,51.54,184061,1475235888.0,3.91,-0.27,-0.14,0.74,牧原股份,002714,前复权
2020-09-11,52.39,51.18,52.71,50.59,211025,1655431040.0,4.09,-1.24,-0.64,0.85,牧原股份,002714,前复权
2020-09-14,52.02,51.05,52.95,50.49,220759,1738437008.0,4.81,-0.25,-0.13,0.88,牧原股份,002714,前复权
2020-09-15,51.1,51.47,51.59,50.29,147572,1153294880.0,2.55,0.82,0.42,0.59,牧原股份,002714,前复权
2020-09-16,51.09,49.14,51.35,47.24,446314,3364636224.0,7.99,-4.53,-2.33,1.79,牧原股份,002714,前复权
2020-09-17,48.82,48.17,48.91,47.11,295685,2178983088.0,3.66,-1.97,-0.97,1.19,牧原股份,002714,前复权
2020-09-18,48.1,49.03,49.64,47.97,228953,1720045056.0,3.47,1.79,0.86,0.92,牧原股份,002714,前复权
2020-09-21,49.03,47.98,49.04,47.42,186439,1377837216.0,3.3,-2.14,-1.05,0.75,牧原股份,002714,前复权
2020-09-22,48.1,47.32,48.52,47.16,181431,1335641024.0,2.83,-1.38,-0.66,0.73,牧原股份,002714,前复权
2020-09-23,47.32,48.47,48.73,47.14,185797,1376558176.0,3.36,2.43,1.15,0.74,牧原股份,002714,前复权
2020-09-24,48.39,47.89,48.69,47.62,185794,1371633600.0,2.21,-1.2,-0.58,0.74,牧原股份,002714,前复权
2020-09-25,48.24,48.07,48.85,47.79,200150,1487818880.0,2.21,0.38,0.18,0.80,牧原股份,002714,前复权
2020-09-28,48.24,45.72,48.38,45.61,245191,1765242192.0,5.76,-4.89,-2.35,0.98,牧原股份,002714,前复权
2020-09-29,46.98,48.1,48.31,46.07,245000,1798383312.0,4.9,5.21,2.38,0.98,牧原股份,002714,前复权
2020-09-30,48.3,48.1,48.94,47.5,187700,1391978608.0,2.99,0.0,0.0,0.75,牧原股份,002714,前复权
2020-10-09,48.81,47.09,48.81,46.68,247274,1797825600.0,4.43,-2.1,-1.01,0.99,牧原股份,002714,前复权
2020-10-12,47.37,49.41,49.72,47.06,405224,3034647040.0,5.65,4.93,2.32,1.62,牧原股份,002714,前复权
2020-10-13,49.52,53.35,53.74,48.83,392592,3077153008.0,9.94,7.97,3.94,1.57,牧原股份,002714,前复权
2020-10-14,52.74,50.96,53.16,50.83,355530,2804885872.0,4.37,-4.48,-2.39,1.42,牧原股份,002714,前复权
2020-10-15,50.6,49.74,50.65,49.09,220133,1677991920.0,3.06,-2.39,-1.22,0.88,牧原股份,002714,前复权
2020-10-16,49.88,48.99,49.98,48.69,142900,1079374864.0,2.59,-1.51,-0.75,0.57,牧原股份,002714,前复权
2020-10-19,49.24,48.24,50.1,47.97,175284,1320570304.0,4.35,-1.53,-0.75,0.70,牧原股份,002714,前复权
2020-10-20,48.46,48.74,48.9,47.63,146112,1084726992.0,2.63,1.04,0.5,0.59,牧原股份,002714,前复权
2020-10-21,48.74,47.42,48.75,47.29,174014,1277143600.0,3.0,-2.71,-1.32,0.70,牧原股份,002714,前复权
2020-10-22,47.46,46.13,47.64,45.97,199460,1432381008.0,3.52,-2.72,-1.29,0.80,牧原股份,002714,前复权
2020-10-23,45.96,44.54,46.27,44.46,218850,1531392224.0,3.92,-3.45,-1.59,0.88,牧原股份,002714,前复权
2020-10-26,44.54,45.57,46.02,43.58,141167,984452160.0,5.48,2.31,1.03,0.57,牧原股份,002714,前复权
2020-10-27,45.56,46.24,46.37,45.32,130733,929749056.0,2.3,1.47,0.67,0.52,牧原股份,002714,前复权
2020-10-28,46.37,45.49,46.74,45.49,141965,1010530736.0,2.7,-1.62,-0.75,0.57,牧原股份,002714,前复权
2020-10-29,44.97,46.67,47.24,44.6,180752,1285493584.0,5.8,2.59,1.18,0.72,牧原股份,002714,前复权
2020-10-30,46.6,45.87,47.24,45.82,145450,1039435104.0,3.04,-1.71,-0.8,0.58,牧原股份,002714,前复权
2020-11-02,46.04,46.6,47.56,46.03,174612,1260395216.0,3.34,1.59,0.73,0.70,牧原股份,002714,前复权
2020-11-03,46.72,46.41,47.24,46.12,132463,952047264.0,2.4,-0.41,-0.19,0.53,牧原股份,002714,前复权
2020-11-04,46.24,46.07,46.96,45.6,126262,900426768.0,2.93,-0.73,-0.34,0.51,牧原股份,002714,前复权
2020-11-05,46.15,46.59,47.09,46.07,132287,950215840.0,2.21,1.13,0.52,0.53,牧原股份,002714,前复权
2020-11-06,46.92,45.72,46.92,45.04,177873,1251624688.0,4.04,-1.87,-0.87,0.71,牧原股份,002714,前复权
2020-11-09,45.6,46.42,46.86,45.21,220000,1576070016.0,3.61,1.53,0.7,0.88,牧原股份,002714,前复权
2020-11-10,46.44,45.84,46.59,45.51,149446,1058579872.0,2.33,-1.25,-0.58,0.60,牧原股份,002714,前复权
2020-11-11,45.54,45.58,46.23,45.43,123152,870277200.0,1.75,-0.57,-0.26,0.49,牧原股份,002714,前复权
2020-11-12,45.44,43.89,45.55,43.61,245041,1676342336.0,4.26,-3.71,-1.69,0.98,牧原股份,002714,前复权
2020-11-13,43.9,45.3,45.46,43.62,189949,1307808640.0,4.19,3.21,1.41,0.76,牧原股份,002714,前复权
2020-11-16,45.69,47.27,47.35,45.11,307551,2211479392.0,4.94,4.35,1.97,1.23,牧原股份,002714,前复权
2020-11-17,47.08,46.92,47.8,46.53,178191,1292413872.0,2.69,-0.74,-0.35,0.71,牧原股份,002714,前复权
2020-11-18,47.03,47.1,47.35,46.17,148000,1067248640.0,2.51,0.38,0.18,0.59,牧原股份,002714,前复权
2020-11-19,47.31,48.95,49.72,46.82,311244,2332128752.0,6.16,3.93,1.85,1.25,牧原股份,002714,前复权
2020-11-20,48.67,47.37,48.82,46.67,239609,1753206144.0,4.39,-3.23,-1.58,0.96,牧原股份,002714,前复权
2020-11-23,47.17,46.67,47.19,46.02,173650,1246510656.0,2.47,-1.48,-0.7,0.70,牧原股份,002714,前复权
2020-11-24,46.32,46.97,47.74,46.11,118801,860268032.0,3.49,0.64,0.3,0.48,牧原股份,002714,前复权
2020-11-25,46.99,47.09,47.53,46.67,97174,705069504.0,1.83,0.26,0.12,0.39,牧原股份,002714,前复权
2020-11-26,47.46,48.82,49.03,47.24,275187,2048190096.0,3.8,3.67,1.73,1.10,牧原股份,002714,前复权
2020-11-27,49.8,50.37,51.67,49.8,335723,2603226480.0,3.83,3.17,1.55,1.35,牧原股份,002714,前复权
2020-11-30,51.32,50.24,51.57,50.24,263429,2051504752.0,2.64,-0.26,-0.13,1.06,牧原股份,002714,前复权
2020-12-01,50.24,51.14,51.44,50.17,174167,1359158160.0,2.53,1.79,0.9,0.70,牧原股份,002714,前复权
2020-12-02,51.6,51.83,52.36,50.99,166429,1313687200.0,2.68,1.35,0.69,0.67,牧原股份,002714,前复权
2020-12-03,52.18,51.72,52.23,51.04,166566,1315903312.0,2.3,-0.21,-0.11,0.67,牧原股份,002714,前复权
2020-12-04,51.6,51.06,52.01,50.52,154719,1208885488.0,2.88,-1.28,-0.66,0.62,牧原股份,002714,前复权
2020-12-07,50.87,51.51,51.53,50.17,229168,1783837184.0,2.66,0.88,0.45,0.92,牧原股份,002714,前复权
2020-12-08,51.63,51.12,52.03,51.1,197106,1553922128.0,1.81,-0.76,-0.39,0.79,牧原股份,002714,前复权
2020-12-09,51.32,49.94,51.67,49.81,181846,1411091600.0,3.64,-2.31,-1.18,0.73,牧原股份,002714,前复权
2020-12-10,49.78,48.82,50.19,48.82,164425,1247096928.0,2.74,-2.24,-1.12,0.66,牧原股份,002714,前复权
2020-12-11,48.88,47.89,49.09,47.17,242734,1790273056.0,3.93,-1.9,-0.93,0.97,牧原股份,002714,前复权
2020-12-14,48.82,48.71,49.17,47.58,189543,1412908944.0,3.32,1.71,0.82,0.76,牧原股份,002714,前复权
2020-12-15,48.81,48.86,49.13,47.99,151401,1133409376.0,2.34,0.31,0.15,0.61,牧原股份,002714,前复权
2020-12-16,48.89,48.48,49.21,47.85,138122,1029189104.0,2.78,-0.78,-0.38,0.55,牧原股份,002714,前复权
2020-12-17,48.47,48.62,48.96,48.24,137453,1027994432.0,1.49,0.29,0.14,0.55,牧原股份,002714,前复权
2020-12-18,48.82,47.54,48.96,47.44,152626,1126939648.0,3.13,-2.22,-1.08,0.61,牧原股份,002714,前复权
2020-12-21,47.07,48.1,48.1,46.32,168238,1229977792.0,3.74,1.18,0.56,0.67,牧原股份,002714,前复权
2020-12-22,47.64,46.21,47.92,46.13,193151,1394348848.0,3.72,-3.93,-1.89,0.77,牧原股份,002714,前复权
2020-12-23,46.18,46.66,46.89,45.52,161616,1150489456.0,2.96,0.97,0.45,0.65,牧原股份,002714,前复权
2020-12-24,46.66,49.28,49.29,46.17,294321,2194674048.0,6.69,5.62,2.62,1.18,牧原股份,002714,前复权
2020-12-25,48.82,48.34,49.22,48.22,134538,1004132480.0,2.03,-1.91,-0.94,0.54,牧原股份,002714,前复权
2020-12-28,48.45,50.6,50.67,48.24,278593,2120837312.0,5.03,4.68,2.26,1.12,牧原股份,002714,前复权
2020-12-29,50.61,49.85,50.8,49.35,181758,1389055600.0,2.87,-1.48,-0.75,0.73,牧原股份,002714,前复权
2020-12-30,49.75,49.72,50.56,49.35,166868,1276570112.0,2.43,-0.26,-0.13,0.67,牧原股份,002714,前复权
2020-12-31,49.35,50.32,51.17,49.35,176752,1361546832.0,3.66,1.21,0.6,0.71,牧原股份,002714,前复权
2021-01-04,52.74,55.82,55.82,52.38,391494,3265083792.0,6.84,10.93,5.5,1.57,牧原股份,002714,前复权
2021-01-05,58.38,61.88,61.88,58.1,835538,7671463168.0,6.77,10.86,6.06,3.35,牧原股份,002714,前复权
2021-01-06,64.89,63.82,66.23,61.88,649267,6196567552.0,7.03,3.14,1.94,2.60,牧原股份,002714,前复权
2021-01-07,63.43,65.15,65.15,61.24,585272,5572915968.0,6.13,2.08,1.33,2.35,牧原股份,002714,前复权
2021-01-08,65.96,64.3,65.96,62.69,443459,4276198416.0,5.02,-1.3,-0.85,1.78,牧原股份,002714,前复权
2021-01-11,63.1,58.82,63.1,58.06,630297,5749836544.0,7.84,-8.52,-5.48,2.53,牧原股份,002714,前复权
2021-01-12,58.82,59.7,59.88,58.18,334420,2992054080.0,2.89,1.5,0.88,1.34,牧原股份,002714,前复权
2021-01-13,59.71,58.45,60.03,57.12,308228,2725044384.0,4.87,-2.09,-1.25,1.24,牧原股份,002714,前复权
2021-01-14,58.46,55.16,59.02,54.99,375246,3215711824.0,6.89,-5.63,-3.29,1.50,牧原股份,002714,前复权
2021-01-15,55.94,53.96,56.53,53.1,304697,2538690416.0,6.22,-2.18,-1.2,1.22,牧原股份,002714,前复权
2021-01-18,55.25,54.84,55.66,53.85,292418,2441976288.0,3.35,1.63,0.88,1.17,牧原股份,002714,前复权
2021-01-19,54.84,53.88,54.89,53.25,252104,2073120368.0,2.99,-1.75,-0.96,1.01,牧原股份,002714,前复权
2021-01-20,53.47,54.21,55.12,53.23,256973,2120246064.0,3.51,0.61,0.33,1.03,牧原股份,002714,前复权
2021-01-21,54.52,54.94,55.53,53.6,292994,2433309184.0,3.56,1.35,0.73,1.17,牧原股份,002714,前复权
2021-01-22,54.96,53.81,55.0,52.74,305162,2490266976.0,4.11,-2.06,-1.13,1.22,牧原股份,002714,前复权
2021-01-25,53.82,53.43,54.46,53.1,301266,2462760800.0,2.53,-0.71,-0.38,1.21,牧原股份,002714,前复权
2021-01-26,55.29,57.67,59.25,53.97,757332,6555884032.0,9.88,7.94,4.24,3.04,牧原股份,002714,前复权
2021-01-27,58.17,61.54,62.84,58.17,621765,5723335424.0,8.1,6.71,3.87,2.49,牧原股份,002714,前复权
2021-01-28,60.25,61.55,63.41,58.44,492019,4537761280.0,8.08,0.02,0.01,1.97,牧原股份,002714,前复权
2021-01-29,61.57,58.74,62.32,58.59,381910,3456375792.0,6.06,-4.57,-2.81,1.53,牧原股份,002714,前复权
2021-02-01,60.24,64.52,64.53,59.13,535876,5085598720.0,9.19,9.84,5.78,2.15,牧原股份,002714,前复权
2021-02-02,65.6,64.86,66.17,63.57,437305,4257433424.0,4.03,0.53,0.34,1.75,牧原股份,002714,前复权
2021-02-03,63.82,71.69,71.82,63.13,778330,8076469248.0,13.4,10.53,6.83,3.12,牧原股份,002714,前复权
2021-02-04,70.96,71.34,72.59,68.83,543600,5773836544.0,5.24,-0.49,-0.35,2.18,牧原股份,002714,前复权
2021-02-05,72.39,71.34,78.1,70.92,704325,7793055488.0,10.06,0.0,0.0,2.82,牧原股份,002714,前复权
2021-02-08,74.67,78.39,78.67,74.39,622935,7119969792.0,6.0,9.88,7.05,2.49,牧原股份,002714,前复权
2021-02-09,78.1,79.17,80.27,77.16,478517,5585156608.0,3.97,1.0,0.78,1.88,牧原股份,002714,前复权
2021-02-10,78.26,84.21,85.59,77.49,660471,8098145024.0,10.23,6.37,5.04,2.60,牧原股份,002714,前复权
2021-02-18,86.92,80.1,86.96,78.66,615948,7410242304.0,9.86,-4.88,-4.11,2.42,牧原股份,002714,前复权
2021-02-19,79.51,85.89,88.52,79.49,569273,7101409536.0,11.27,7.23,5.79,2.24,牧原股份,002714,前复权
2021-02-22,87.59,84.49,88.82,83.17,460082,5844131328.0,6.58,-1.63,-1.4,1.81,牧原股份,002714,前复权
2021-02-23,82.84,82.3,86.07,80.84,384173,4726518272.0,6.19,-2.59,-2.19,1.51,牧原股份,002714,前复权
2021-02-24,81.25,82.34,87.74,81.25,422223,5247586816.0,7.89,0.05,0.04,1.66,牧原股份,002714,前复权
2021-02-25,83.82,84.31,85.44,81.42,238087,2954840832.0,4.88,2.39,1.97,0.94,牧原股份,002714,前复权
2021-02-26,81.11,76.6,82.03,76.6,485188,5674339072.0,6.44,-9.14,-7.71,1.91,牧原股份,002714,前复权
2021-03-01,78.82,80.16,81.35,78.39,316759,3766747472.0,3.86,4.65,3.56,1.25,牧原股份,002714,前复权
2021-03-02,81.67,80.4,81.92,78.25,210393,2499910800.0,4.58,0.3,0.24,0.83,牧原股份,002714,前复权
2021-03-03,80.88,81.67,81.89,79.89,167638,2011728480.0,2.49,1.58,1.27,0.66,牧原股份,002714,前复权
2021-03-04,80.94,79.82,80.95,77.74,208990,2458719200.0,3.93,-2.27,-1.85,0.82,牧原股份,002714,前复权
2021-03-05,78.46,75.89,78.67,74.32,303139,3423859104.0,5.45,-4.92,-3.93,1.19,牧原股份,002714,前复权
2021-03-08,79.55,73.96,80.94,73.82,326342,3754161616.0,9.38,-2.54,-1.93,1.28,牧原股份,002714,前复权
2021-03-09,73.46,70.84,74.39,70.5,285811,3078431584.0,5.26,-4.22,-3.12,1.13,牧原股份,002714,前复权
2021-03-10,72.57,70.71,72.99,70.24,167223,1780734976.0,3.88,-0.18,-0.13,0.66,牧原股份,002714,前复权
2021-03-11,72.02,71.79,72.5,69.53,183857,1953731040.0,4.2,1.53,1.08,0.72,牧原股份,002714,前复权
2021-03-12,72.39,72.15,72.72,70.27,148731,1589251648.0,3.41,0.5,0.36,0.59,牧原股份,002714,前复权
2021-03-15,70.24,69.4,71.92,68.12,394967,4119334544.0,5.27,-3.81,-2.75,1.55,牧原股份,002714,前复权
2021-03-16,69.53,67.72,71.1,67.04,246847,2519319344.0,5.85,-2.42,-1.68,0.97,牧原股份,002714,前复权
2021-03-17,70.25,73.47,74.66,69.92,303530,3274064704.0,7.0,8.49,5.75,1.19,牧原股份,002714,前复权
2021-03-18,73.74,73.77,74.07,71.49,183136,1991024304.0,3.51,0.41,0.3,0.72,牧原股份,002714,前复权
2021-03-19,72.24,70.21,72.82,68.74,254182,2669362032.0,5.53,-4.83,-3.56,1.00,牧原股份,002714,前复权
2021-03-22,68.81,70.2,70.2,67.62,186013,1923827264.0,3.67,-0.01,-0.01,0.73,牧原股份,002714,前复权
2021-03-23,70.96,68.28,71.14,67.53,163697,1683634912.0,5.14,-2.74,-1.92,0.64,牧原股份,002714,前复权
2021-03-24,68.67,67.36,68.94,67.12,181564,1844269376.0,2.67,-1.35,-0.92,0.71,牧原股份,002714,前复权
2021-03-25,68.09,65.74,68.25,65.74,193150,1927499856.0,3.73,-2.4,-1.62,0.76,牧原股份,002714,前复权
2021-03-26,66.29,64.96,66.32,63.96,238732,2330688928.0,3.59,-1.19,-0.78,0.94,牧原股份,002714,前复权
2021-03-29,65.25,65.38,67.94,64.96,209434,2083271824.0,4.59,0.65,0.42,0.82,牧原股份,002714,前复权
2021-03-30,65.61,66.93,68.53,64.89,179086,1796272736.0,5.57,2.37,1.55,0.71,牧原股份,002714,前复权
2021-03-31,65.96,66.69,68.44,65.94,112207,1123312960.0,3.74,-0.36,-0.24,0.44,牧原股份,002714,前复权
2021-04-01,67.8,69.53,69.89,67.8,156675,1619142272.0,3.13,4.26,2.84,0.62,牧原股份,002714,前复权
2021-04-02,70.67,70.89,71.52,68.82,158991,1667303008.0,3.88,1.96,1.36,0.63,牧原股份,002714,前复权
2021-04-06,70.17,70.29,70.4,68.82,108792,1134200624.0,2.23,-0.85,-0.6,0.43,牧原股份,002714,前复权
2021-04-07,71.17,69.46,72.09,68.03,179994,1869355408.0,5.78,-1.18,-0.83,0.71,牧原股份,002714,前复权
2021-04-08,68.72,68.22,69.29,67.42,130014,1327064112.0,2.69,-1.79,-1.24,0.51,牧原股份,002714,前复权
2021-04-09,68.23,68.42,69.12,66.2,104891,1063096352.0,4.28,0.29,0.2,0.41,牧原股份,002714,前复权
2021-04-12,68.74,67.84,69.89,67.07,133904,1367783152.0,4.12,-0.85,-0.58,0.53,牧原股份,002714,前复权
2021-04-13,67.74,68.55,70.21,67.74,135577,1400355536.0,3.64,1.05,0.71,0.53,牧原股份,002714,前复权
2021-04-14,66.67,68.23,68.74,66.03,153408,1551300576.0,3.95,-0.47,-0.32,0.60,牧原股份,002714,前复权
2021-04-15,70.29,69.8,71.53,68.89,188209,1970207840.0,3.87,2.3,1.57,0.74,牧原股份,002714,前复权
2021-04-16,69.53,67.4,69.59,67.32,133693,1366387792.0,3.25,-3.44,-2.4,0.53,牧原股份,002714,前复权
2021-04-19,67.39,71.63,71.67,66.09,260880,2730969360.0,8.28,6.28,4.23,1.03,牧原股份,002714,前复权
2021-04-20,71.01,75.17,77.36,71.01,257357,2874961248.0,8.87,4.94,3.54,1.01,牧原股份,002714,前复权
2021-04-21,73.74,74.24,75.39,73.37,96525,1067620416.0,2.69,-1.24,-0.93,0.38,牧原股份,002714,前复权
2021-04-22,74.89,73.81,74.89,72.64,92595,1015308288.0,3.03,-0.58,-0.43,0.36,牧原股份,002714,前复权
2021-04-23,74.67,74.64,75.82,73.89,99915,1114062816.0,2.61,1.12,0.83,0.39,牧原股份,002714,前复权
2021-04-26,74.62,71.65,75.72,71.6,169044,1839414112.0,5.52,-4.01,-2.99,0.67,牧原股份,002714,前复权
2021-04-27,71.66,70.25,72.47,69.03,143185,1502767312.0,4.8,-1.95,-1.4,0.56,牧原股份,002714,前复权
2021-04-28,70.25,72.62,74.41,69.99,142170,1538269088.0,6.29,3.37,2.37,0.56,牧原股份,002714,前复权
2021-04-29,73.82,77.16,77.16,72.14,185573,2069168784.0,6.91,6.25,4.54,0.73,牧原股份,002714,前复权
2021-04-30,77.39,76.04,77.46,75.25,175061,1986064864.0,2.86,-1.45,-1.12,0.69,牧原股份,002714,前复权
2021-05-06,75.96,70.1,76.03,70.0,207175,2233684128.0,7.93,-7.81,-5.94,0.82,牧原股份,002714,前复权
2021-05-07,69.82,71.02,74.35,69.82,199829,2152069728.0,6.46,1.31,0.92,0.79,牧原股份,002714,前复权
2021-05-10,69.86,66.67,70.24,66.09,314476,3181933104.0,5.84,-6.13,-4.35,1.24,牧原股份,002714,前复权
2021-05-11,66.69,66.79,67.67,64.53,148508,1489003744.0,4.71,0.18,0.12,0.58,牧原股份,002714,前复权
2021-05-12,67.1,67.39,69.09,66.79,146259,1484233376.0,3.44,0.9,0.6,0.58,牧原股份,002714,前复权
2021-05-13,65.61,65.6,66.6,64.32,134665,1325433696.0,3.38,-2.66,-1.79,0.53,牧原股份,002714,前复权
2021-05-14,65.74,66.64,68.03,65.74,158726,1590502864.0,3.49,1.59,1.04,0.62,牧原股份,002714,前复权
2021-05-17,67.64,67.96,68.44,66.75,143323,1454134160.0,2.54,1.98,1.32,0.56,牧原股份,002714,前复权
2021-05-18,68.02,66.8,68.07,65.79,135912,1357654320.0,3.35,-1.71,-1.16,0.54,牧原股份,002714,前复权
2021-05-19,66.76,67.02,67.51,65.59,112266,1120550112.0,2.87,0.33,0.22,0.44,牧原股份,002714,前复权
2021-05-20,66.67,67.74,68.24,66.21,152811,1535544480.0,3.03,1.07,0.72,0.60,牧原股份,002714,前复权
2021-05-21,67.95,65.91,69.16,65.6,166573,1664043920.0,5.26,-2.7,-1.83,0.66,牧原股份,002714,前复权
2021-05-24,66.03,59.84,66.09,58.84,588803,5360893184.0,11.0,-9.21,-6.07,2.32,牧原股份,002714,前复权
2021-05-25,59.49,60.96,62.36,57.39,322626,2953319872.0,8.31,1.87,1.12,1.27,牧原股份,002714,前复权
2021-05-26,60.96,60.94,61.65,59.32,168077,1529290320.0,3.82,-0.03,-0.02,0.66,牧原股份,002714,前复权
2021-05-27,60.1,60.83,61.28,59.17,144493,1317765360.0,3.46,-0.18,-0.11,0.57,牧原股份,002714,前复权
2021-05-28,60.96,59.79,61.31,59.46,171450,1548467488.0,3.04,-1.71,-1.04,0.68,牧原股份,002714,前复权
2021-05-31,58.82,58.87,59.43,57.39,271995,2413420320.0,3.41,-1.54,-0.92,1.07,牧原股份,002714,前复权
2021-06-01,59.59,59.52,59.88,56.67,348055,3070285184.0,5.45,1.1,0.65,1.37,牧原股份,002714,前复权
2021-06-02,59.52,61.75,62.94,58.91,311827,2886957648.0,6.77,3.75,2.23,1.23,牧原股份,002714,前复权
2021-06-03,62.29,62.54,65.99,60.86,400189,2695589680.0,8.31,1.28,0.79,1.13,牧原股份,002714,前复权
2021-06-04,62.33,64.09,65.17,60.67,286129,1928239584.0,7.2,2.48,1.55,0.81,牧原股份,002714,前复权
2021-06-07,62.89,60.69,62.94,59.92,336146,2174098512.0,4.71,-5.31,-3.4,0.95,牧原股份,002714,前复权
2021-06-08,61.11,61.09,61.94,60.07,171026,1109647248.0,3.08,0.66,0.4,0.48,牧原股份,002714,前复权
2021-06-09,60.84,61.29,62.14,59.89,187695,1217054112.0,3.68,0.33,0.2,0.53,牧原股份,002714,前复权
2021-06-10,60.89,60.2,61.2,59.92,182391,1169610176.0,2.09,-1.78,-1.09,0.51,牧原股份,002714,前复权
2021-06-11,60.24,59.09,60.54,59.09,185543,1176190256.0,2.41,-1.84,-1.11,0.52,牧原股份,002714,前复权
2021-06-15,58.61,58.09,58.62,56.79,249645,1533728944.0,3.1,-1.69,-1.0,0.70,牧原股份,002714,前复权
2021-06-16,58.86,56.7,59.29,56.53,198647,1217329744.0,4.75,-2.39,-1.39,0.56,牧原股份,002714,前复权
2021-06-17,56.71,54.89,56.95,54.47,339387,1998064288.0,4.37,-3.19,-1.81,0.96,牧原股份,002714,前复权
2021-06-18,54.89,53.44,55.17,52.79,417978,2407088128.0,4.34,-2.64,-1.45,1.18,牧原股份,002714,前复权
2021-06-21,52.59,50.29,53.48,50.29,548806,3021313280.0,5.97,-5.89,-3.15,1.55,牧原股份,002714,前复权
2021-06-22,50.95,50.69,51.74,49.51,433880,2356680752.0,4.43,0.8,0.4,1.22,牧原股份,002714,前复权
2021-06-23,51.41,53.29,53.65,50.91,562448,3152507904.0,5.41,5.13,2.6,1.58,牧原股份,002714,前复权
2021-06-24,53.28,52.47,53.28,52.01,220148,1239190384.0,2.38,-1.54,-0.82,0.62,牧原股份,002714,前复权
2021-06-25,53.24,54.82,54.95,53.09,384870,2228111024.0,3.54,4.48,2.35,1.08,牧原股份,002714,前复权
2021-06-28,57.29,59.64,60.11,56.49,633974,3952015808.0,6.6,8.79,4.82,1.79,牧原股份,002714,前复权
2021-06-29,59.29,58.66,59.64,56.93,394270,2436671808.0,4.54,-1.64,-0.98,1.11,牧原股份,002714,前复权
2021-06-30,58.5,57.11,58.5,56.9,228034,1390107920.0,2.73,-2.64,-1.55,0.64,牧原股份,002714,前复权
2021-07-01,57.64,56.09,58.28,55.48,237174,1424035424.0,4.9,-1.79,-1.02,0.67,牧原股份,002714,前复权
2021-07-02,55.29,55.5,57.13,55.11,239458,1427295984.0,3.6,-1.05,-0.59,0.67,牧原股份,002714,前复权
2021-07-05,55.17,55.59,56.59,53.72,262307,1543350048.0,5.17,0.16,0.09,0.74,牧原股份,002714,前复权
2021-07-06,56.36,55.58,56.58,54.8,163827,968297328.0,3.2,-0.02,-0.01,0.46,牧原股份,002714,前复权
2021-07-07,55.42,54.19,56.41,53.97,227471,1325430000.0,4.39,-2.5,-1.39,0.64,牧原股份,002714,前复权
2021-07-08,54.08,53.47,54.19,53.34,196667,1128017056.0,1.57,-1.33,-0.72,0.55,牧原股份,002714,前复权
2021-07-09,53.97,52.99,54.53,52.28,248095,1409705120.0,4.21,-0.9,-0.48,0.70,牧原股份,002714,前复权
2021-07-12,52.95,53.81,54.57,51.89,290406,1660166336.0,5.06,1.55,0.82,0.82,牧原股份,002714,前复权
2021-07-13,53.82,54.18,54.77,53.28,209765,1215831296.0,2.77,0.69,0.37,0.59,牧原股份,002714,前复权
2021-07-14,53.93,52.74,54.87,52.67,233170,1334998592.0,4.06,-2.66,-1.44,0.66,牧原股份,002714,前复权
2021-07-15,55.29,53.25,55.59,52.81,401358,2322945712.0,5.27,0.97,0.51,1.13,牧原股份,002714,前复权
2021-07-16,53.29,50.64,53.41,50.29,451756,2471592048.0,5.86,-4.9,-2.61,1.27,牧原股份,002714,前复权
2021-07-19,49.97,48.05,50.04,47.59,533467,2774493296.0,4.84,-5.11,-2.59,1.50,牧原股份,002714,前复权
2021-07-20,48.1,48.79,48.86,47.6,283546,1476134640.0,2.62,1.54,0.74,0.80,牧原股份,002714,前复权
2021-07-21,48.79,46.95,49.27,46.38,490715,2510029664.0,5.92,-3.77,-1.84,1.38,牧原股份,002714,前复权
2021-07-22,47.8,47.02,48.17,46.59,331619,1685451824.0,3.37,0.15,0.07,0.93,牧原股份,002714,前复权
2021-07-23,46.79,43.7,46.89,42.3,924982,4426179072.0,9.76,-7.06,-3.32,2.61,牧原股份,002714,前复权
2021-07-26,44.06,42.38,44.46,41.9,537570,2518639680.0,5.86,-3.02,-1.32,1.51,牧原股份,002714,前复权
2021-07-27,42.94,39.12,43.14,39.09,726917,3220130592.0,9.56,-7.69,-3.26,2.05,牧原股份,002714,前复权
2021-07-28,38.78,37.2,38.79,35.3,896645,3651932320.0,8.92,-4.91,-1.92,2.53,牧原股份,002714,前复权
2021-07-29,38.41,38.0,39.25,37.37,635734,2667273824.0,5.05,2.15,0.8,1.79,牧原股份,002714,前复权
2021-07-30,38.3,38.56,39.27,37.01,552368,2330886224.0,5.95,1.47,0.56,1.56,牧原股份,002714,前复权
2021-08-02,37.54,41.09,42.75,36.74,934688,4144720208.0,15.59,6.56,2.53,2.63,牧原股份,002714,前复权
2021-08-03,41.09,40.15,42.45,39.94,650162,2894749952.0,6.11,-2.29,-0.94,1.83,牧原股份,002714,前复权
2021-08-04,39.99,39.45,40.1,38.87,533064,2299409392.0,3.06,-1.74,-0.7,1.50,牧原股份,002714,前复权
2021-08-05,38.97,38.14,39.93,38.13,441481,1875268352.0,4.56,-3.32,-1.31,1.24,牧原股份,002714,前复权
2021-08-06,38.13,38.57,39.36,37.4,449890,1897021824.0,5.14,1.13,0.43,1.27,牧原股份,002714,前复权
2021-08-09,38.97,42.8,42.8,38.96,890854,4033856128.0,9.96,10.97,4.23,2.51,牧原股份,002714,前复权
2021-08-10,43.79,44.47,44.95,41.85,1127297,5314816768.0,7.24,3.9,1.67,3.18,牧原股份,002714,前复权
2021-08-11,43.79,44.47,45.09,43.45,614446,2943781584.0,3.69,0.0,0.0,1.73,牧原股份,002714,前复权
2021-08-12,46.29,43.79,46.82,43.29,688076,3309714960.0,7.94,-1.53,-0.68,1.94,牧原股份,002714,前复权
2021-08-13,43.8,43.14,43.82,42.59,516749,2414553856.0,2.81,-1.48,-0.65,1.46,牧原股份,002714,前复权
2021-08-16,42.43,43.69,44.47,41.7,481389,2263134208.0,6.42,1.27,0.55,1.36,牧原股份,002714,前复权
2021-08-17,43.28,41.6,44.45,41.46,487065,2264815008.0,6.84,-4.78,-2.09,1.37,牧原股份,002714,前复权
2021-08-18,41.25,41.79,42.18,40.47,344048,1551135776.0,4.11,0.46,0.19,0.97,牧原股份,002714,前复权
2021-08-19,41.29,41.17,42.42,40.99,292123,1319245936.0,3.42,-1.48,-0.62,0.82,牧原股份,002714,前复权
2021-08-20,41.17,40.63,41.28,39.79,299429,1319888816.0,3.62,-1.31,-0.54,0.84,牧原股份,002714,前复权
2021-08-23,40.32,40.73,41.79,39.69,360223,1604440832.0,5.17,0.25,0.1,1.01,牧原股份,002714,前复权
2021-08-24,40.79,41.37,42.27,40.38,375721,1697545760.0,4.64,1.57,0.64,1.06,牧原股份,002714,前复权
2021-08-25,40.79,41.18,42.19,40.64,292607,1322040736.0,3.75,-0.46,-0.19,0.82,牧原股份,002714,前复权
2021-08-26,41.18,39.85,41.23,39.8,348218,1525985232.0,3.47,-3.23,-1.33,0.98,牧原股份,002714,前复权
2021-08-27,39.33,39.21,40.62,39.1,345903,1503271552.0,3.81,-1.61,-0.64,0.97,牧原股份,002714,前复权
2021-08-30,38.97,38.39,39.35,37.87,387857,1638383792.0,3.77,-2.09,-0.82,1.09,牧原股份,002714,前复权
2021-08-31,39.23,38.6,40.72,38.36,483514,2080604608.0,6.15,0.55,0.21,1.36,牧原股份,002714,前复权
2021-09-01,38.29,41.07,41.16,37.74,673423,2933913840.0,8.86,6.4,2.47,1.90,牧原股份,002714,前复权
2021-09-02,41.05,39.45,41.05,39.15,504548,2187126704.0,4.63,-3.94,-1.62,1.42,牧原股份,002714,前复权
2021-09-03,38.89,42.14,42.73,38.4,683688,3036534032.0,10.98,6.82,2.69,1.93,牧原股份,002714,前复权
2021-09-06,41.17,43.44,43.89,40.96,661914,3088912352.0,6.95,3.08,1.3,1.86,牧原股份,002714,前复权
2021-09-07,43.19,43.13,43.62,42.47,417598,1952609632.0,2.65,-0.71,-0.31,1.18,牧原股份,002714,前复权
2021-09-08,42.79,42.22,43.79,42.09,394974,1824446384.0,3.94,-2.11,-0.91,1.11,牧原股份,002714,前复权
2021-09-09,41.91,41.91,42.62,41.37,308701,1405852608.0,2.96,-0.73,-0.31,0.87,牧原股份,002714,前复权
2021-09-10,41.97,41.74,42.79,41.56,340373,1560391328.0,2.93,-0.41,-0.17,0.96,牧原股份,002714,前复权
2021-09-13,41.29,39.97,41.29,39.67,474481,2087029984.0,3.88,-4.24,-1.77,1.34,牧原股份,002714,前复权
2021-09-14,40.32,39.5,40.66,39.29,320555,1397438896.0,3.43,-1.18,-0.47,0.90,牧原股份,002714,前复权
2021-09-15,39.39,39.2,39.6,38.92,242336,1039331040.0,1.72,-0.76,-0.3,0.68,牧原股份,002714,前复权
2021-09-16,38.79,40.49,42.49,38.77,807949,3601028992.0,9.49,3.29,1.29,2.28,牧原股份,002714,前复权
2021-09-17,40.76,40.98,41.85,39.28,524842,2319775792.0,6.35,1.21,0.49,1.48,牧原股份,002714,前复权
2021-09-22,40.05,39.54,40.49,39.4,287303,1248524800.0,2.66,-3.51,-1.44,0.81,牧原股份,002714,前复权
2021-09-23,39.4,40.51,40.84,39.35,359220,1565422496.0,3.77,2.45,0.97,1.01,牧原股份,002714,前复权
2021-09-24,40.27,41.7,42.3,40.01,545169,2465868608.0,5.65,2.94,1.19,1.54,牧原股份,002714,前复权
2021-09-27,41.39,45.24,45.97,40.92,1095585,5245494272.0,12.11,8.49,3.54,3.09,牧原股份,002714,前复权
2021-09-28,44.49,44.54,44.79,43.49,568118,2714227104.0,2.87,-1.55,-0.7,1.60,牧原股份,002714,前复权
2021-09-29,43.86,47.19,48.51,43.17,973214,4840679936.0,11.99,5.95,2.65,2.74,牧原股份,002714,前复权
2021-09-30,47.18,48.19,50.29,46.95,922808,4844530432.0,7.08,2.12,1.0,2.60,牧原股份,002714,前复权
2021-10-08,48.2,50.99,52.16,46.98,884254,4798397184.0,10.75,5.81,2.8,2.49,牧原股份,002714,前复权
2021-10-11,50.99,51.46,53.62,49.12,1182550,6504043008.0,8.83,0.92,0.47,3.33,牧原股份,002714,前复权
2021-10-12,51.29,50.21,52.54,50.09,724912,3981974176.0,4.76,-2.43,-1.25,2.04,牧原股份,002714,前复权
2021-10-13,50.4,51.62,51.7,48.39,718565,3867218064.0,6.59,2.81,1.41,2.02,牧原股份,002714,前复权
2021-10-14,51.02,49.37,51.27,49.2,530826,2849352576.0,4.01,-4.36,-2.25,1.50,牧原股份,002714,前复权
2021-10-15,48.39,51.69,53.17,48.39,1040700,5765980416.0,9.68,4.7,2.32,2.93,牧原股份,002714,前复权
2021-10-18,51.44,52.3,53.62,50.59,613667,3433918928.0,5.86,1.18,0.61,1.73,牧原股份,002714,前复权
2021-10-19,52.09,55.89,57.39,52.09,1084709,6413710080.0,10.13,6.86,3.59,3.06,牧原股份,002714,前复权
2021-10-20,55.38,53.89,56.62,53.79,669629,3899659136.0,5.06,-3.58,-2.0,1.89,牧原股份,002714,前复权
2021-10-21,53.89,53.19,54.59,52.24,530407,3011228816.0,4.36,-1.3,-0.7,1.49,牧原股份,002714,前复权
2021-10-22,53.16,53.32,53.78,52.39,340155,1935193040.0,2.61,0.24,0.13,0.96,牧原股份,002714,前复权
2021-10-25,55.31,52.8,55.88,52.29,649535,3727756032.0,6.73,-0.98,-0.52,1.83,牧原股份,002714,前复权
2021-10-26,51.99,50.95,52.49,50.85,571759,3148921440.0,3.11,-3.5,-1.85,1.61,牧原股份,002714,前复权
2021-10-27,51.09,51.54,52.29,50.66,369300,2037848016.0,3.2,1.16,0.59,1.04,牧原股份,002714,前复权
2021-10-28,50.84,51.39,52.37,50.57,355406,1963002880.0,3.49,-0.29,-0.15,1.00,牧原股份,002714,前复权
2021-10-29,51.41,53.4,53.61,51.41,541178,3069949840.0,4.28,3.91,2.01,1.52,牧原股份,002714,前复权
2021-11-01,52.3,53.92,54.45,51.99,419634,2399118848.0,4.61,0.97,0.52,1.18,牧原股份,002714,前复权
2021-11-02,53.46,54.32,54.92,52.85,468629,2699944800.0,3.84,0.74,0.4,1.32,牧原股份,002714,前复权
2021-11-03,54.29,55.74,56.98,53.68,658835,3942733776.0,6.08,2.61,1.42,1.86,牧原股份,002714,前复权
2021-11-04,55.29,55.36,56.97,54.8,511100,3048269488.0,3.89,-0.68,-0.38,1.44,牧原股份,002714,前复权
2021-11-05,56.28,54.5,56.96,54.2,439294,2590659136.0,4.99,-1.55,-0.86,1.24,牧原股份,002714,前复权
2021-11-08,55.17,54.17,55.27,53.94,302453,1758990256.0,2.44,-0.61,-0.33,0.85,牧原股份,002714,前复权
2021-11-09,53.86,53.26,54.33,53.09,353165,2021663120.0,2.29,-1.68,-0.91,0.99,牧原股份,002714,前复权
2021-11-10,53.0,52.38,53.19,51.79,367589,2058638928.0,2.63,-1.65,-0.88,1.04,牧原股份,002714,前复权
2021-11-11,52.66,53.2,54.0,52.19,308354,1755228896.0,3.46,1.57,0.82,0.87,牧原股份,002714,前复权
2021-11-12,53.25,54.87,55.48,53.25,463931,2712926272.0,4.19,3.14,1.67,1.31,牧原股份,002714,前复权
2021-11-15,55.57,55.17,55.77,54.58,300671,1770968928.0,2.17,0.55,0.3,0.85,牧原股份,002714,前复权
2021-11-16,55.17,55.03,55.7,54.86,246823,1452179024.0,1.52,-0.25,-0.14,0.70,牧原股份,002714,前复权
2021-11-17,54.6,54.49,55.16,53.8,198842,1157655392.0,2.47,-0.98,-0.54,0.56,牧原股份,002714,前复权
2021-11-18,54.51,54.58,55.18,53.88,193564,1128037952.0,2.39,0.17,0.09,0.55,牧原股份,002714,前复权
2021-11-19,54.29,53.86,54.76,53.11,260133,1493956960.0,3.02,-1.32,-0.72,0.73,牧原股份,002714,前复权
2021-11-22,53.29,53.44,54.27,53.27,247704,1419764208.0,1.86,-0.78,-0.42,0.70,牧原股份,002714,前复权
2021-11-23,53.49,53.5,54.17,53.1,192235,1102714112.0,2.0,0.11,0.06,0.54,牧原股份,002714,前复权
2021-11-24,53.3,52.09,54.29,51.99,360493,2026115840.0,4.3,-2.64,-1.41,1.02,牧原股份,002714,前复权
2021-11-25,52.0,52.17,52.64,51.89,172079,963029456.0,1.44,0.15,0.08,0.48,牧原股份,002714,前复权
2021-11-26,52.37,50.94,52.38,50.65,290338,1594374784.0,3.32,-2.36,-1.23,0.82,牧原股份,002714,前复权
2021-11-29,50.29,50.79,51.29,49.84,232794,1266834656.0,2.85,-0.29,-0.15,0.66,牧原股份,002714,前复权
2021-11-30,50.74,48.69,50.74,47.89,604636,3196199984.0,5.61,-4.13,-2.1,1.70,牧原股份,002714,前复权
2021-12-01,48.49,48.15,48.72,47.73,400730,2077175904.0,2.03,-1.11,-0.54,1.13,牧原股份,002714,前复权
2021-12-02,47.79,48.53,49.36,47.48,317829,1667012320.0,3.9,0.79,0.38,0.90,牧原股份,002714,前复权
2021-12-03,48.29,49.61,49.61,48.17,280462,1483630560.0,2.97,2.23,1.08,0.79,牧原股份,002714,前复权
2021-12-06,49.39,47.9,49.39,47.79,377710,1962902752.0,3.23,-3.45,-1.71,1.06,牧原股份,002714,前复权
2021-12-07,44.79,45.26,46.47,44.63,1104774,5421641984.0,3.84,-5.51,-2.64,3.11,牧原股份,002714,前复权
2021-12-08,46.32,47.32,48.29,45.83,736109,3755682512.0,5.44,4.55,2.06,2.07,牧原股份,002714,前复权
2021-12-09,47.34,47.51,48.29,46.94,434488,2229869648.0,2.85,0.4,0.19,1.22,牧原股份,002714,前复权
2021-12-10,47.27,47.24,47.79,46.99,318535,1622748192.0,1.68,-0.57,-0.27,0.90,牧原股份,002714,前复权
2021-12-13,46.89,46.41,47.41,46.35,363820,1836082688.0,2.24,-1.76,-0.83,1.02,牧原股份,002714,前复权
2021-12-14,46.41,46.18,47.46,45.99,357588,1797468864.0,3.17,-0.5,-0.23,1.01,牧原股份,002714,前复权
2021-12-15,46.1,45.35,46.39,45.29,310533,1534883888.0,2.38,-1.8,-0.83,0.87,牧原股份,002714,前复权
2021-12-16,44.4,44.04,44.87,42.9,696338,3310518016.0,4.34,-2.89,-1.31,1.96,牧原股份,002714,前复权
2021-12-17,43.99,43.65,44.96,43.29,427058,2030418624.0,3.79,-0.89,-0.39,1.20,牧原股份,002714,前复权
2021-12-20,43.31,42.58,43.91,42.5,341397,1596516832.0,3.23,-2.45,-1.07,0.96,牧原股份,002714,前复权
2021-12-21,43.18,42.65,43.26,42.29,284491,1319986896.0,2.28,0.16,0.07,0.80,牧原股份,002714,前复权
2021-12-22,42.87,44.36,44.84,42.75,669092,3207186688.0,4.9,4.01,1.71,1.88,牧原股份,002714,前复权
2021-12-23,45.09,46.43,47.47,44.97,776364,3890942912.0,5.64,4.67,2.07,2.19,牧原股份,002714,前复权
2021-12-24,46.4,48.57,48.79,45.49,710162,3649778784.0,7.11,4.61,2.14,2.00,牧原股份,002714,前复权
2021-12-27,48.97,49.19,50.77,47.8,569676,3023905152.0,6.11,1.28,0.62,1.60,牧原股份,002714,前复权
2021-12-28,48.99,48.64,50.1,48.29,448796,2364294160.0,3.68,-1.12,-0.55,1.26,牧原股份,002714,前复权
2021-12-29,48.6,47.82,49.12,47.75,324403,1682623216.0,2.82,-1.69,-0.82,0.91,牧原股份,002714,前复权
2021-12-30,47.79,48.43,49.1,47.69,257336,1340510896.0,2.95,1.28,0.61,0.72,牧原股份,002714,前复权
2021-12-31,48.14,49.65,49.95,48.12,339025,1799412960.0,3.78,2.52,1.22,0.95,牧原股份,002714,前复权
2022-01-04,50.29,54.09,54.49,50.29,847816,4777187072.0,8.46,8.94,4.44,2.39,牧原股份,002714,前复权
2022-01-05,53.99,54.28,56.29,53.5,761535,4450352128.0,5.16,0.35,0.19,2.15,牧原股份,002714,前复权
2022-01-06,53.68,52.98,54.28,51.95,511697,2901595248.0,4.29,-2.39,-1.3,1.44,牧原股份,002714,前复权
2022-01-07,53.0,52.56,53.79,52.15,320467,1812712432.0,3.1,-0.79,-0.42,0.90,牧原股份,002714,前复权
2022-01-10,52.28,55.57,55.57,52.19,667243,3892941296.0,6.43,5.73,3.01,1.88,牧原股份,002714,前复权
2022-01-11,55.29,52.91,55.29,52.89,429420,2470584896.0,4.32,-4.79,-2.66,1.21,牧原股份,002714,前复权
2022-01-12,53.19,53.59,54.05,52.09,303189,1726501472.0,3.7,1.29,0.68,0.85,牧原股份,002714,前复权
2022-01-13,53.29,51.54,54.69,51.18,347091,1955059440.0,6.55,-3.83,-2.05,0.98,牧原股份,002714,前复权
2022-01-14,51.29,51.99,53.25,51.11,267534,1495788512.0,4.15,0.87,0.45,0.75,牧原股份,002714,前复权
2022-01-17,51.99,52.29,52.64,50.89,236056,1313478880.0,3.37,0.58,0.3,0.66,牧原股份,002714,前复权
2022-01-18,51.89,52.09,52.58,51.14,276029,1534225552.0,2.75,-0.38,-0.2,0.78,牧原股份,002714,前复权
2022-01-19,52.29,50.82,52.49,50.2,359432,1962223728.0,4.4,-2.44,-1.27,1.01,牧原股份,002714,前复权
2022-01-20,50.91,53.49,53.79,50.59,580108,3292051088.0,6.3,5.25,2.67,1.63,牧原股份,002714,前复权
2022-01-21,53.32,51.29,53.45,51.28,388442,2160356736.0,4.06,-4.11,-2.2,1.08,牧原股份,002714,前复权
2022-01-24,51.39,50.11,52.17,50.01,297632,1624669824.0,4.21,-2.3,-1.18,0.83,牧原股份,002714,前复权
2022-01-25,50.09,48.29,50.64,48.29,274048,1450962864.0,4.69,-3.63,-1.82,0.76,牧原股份,002714,前复权
2022-01-26,48.87,50.64,50.79,48.84,307548,1647567328.0,4.04,4.87,2.35,0.85,牧原股份,002714,前复权
2022-01-27,50.27,49.41,52.43,49.29,291782,1585392304.0,6.2,-2.43,-1.23,0.81,牧原股份,002714,前复权
2022-01-28,50.17,50.88,51.87,49.81,403808,2219634064.0,4.17,2.98,1.47,1.12,牧原股份,002714,前复权
2022-02-07,52.08,51.52,52.69,48.55,510321,2774930256.0,8.14,1.26,0.64,1.42,牧原股份,002714,前复权
2022-02-08,51.09,51.99,52.42,50.52,302244,1666409520.0,3.69,0.91,0.47,0.84,牧原股份,002714,前复权
2022-02-09,51.92,54.97,55.17,51.82,661891,3848760240.0,6.44,5.73,2.98,1.84,牧原股份,002714,前复权
2022-02-10,54.67,57.91,58.97,54.3,981231,6003187968.0,8.5,5.35,2.94,2.72,牧原股份,002714,前复权
2022-02-11,57.9,56.99,58.21,56.67,406737,2482279056.0,2.66,-1.59,-0.92,1.13,牧原股份,002714,前复权
2022-02-14,56.9,55.47,57.78,54.5,360844,2143374768.0,5.76,-2.67,-1.52,1.00,牧原股份,002714,前复权
2022-02-15,55.29,55.47,55.84,54.39,324281,1907799792.0,2.61,0.0,0.0,0.90,牧原股份,002714,前复权
2022-02-16,55.29,54.54,55.5,53.99,331691,1931900592.0,2.72,-1.68,-0.93,0.92,牧原股份,002714,前复权
2022-02-17,54.25,55.89,56.19,52.81,462454,2715191152.0,6.2,2.48,1.35,1.28,牧原股份,002714,前复权
2022-02-18,55.29,56.28,57.29,54.99,326366,1955799520.0,4.12,0.7,0.39,0.90,牧原股份,002714,前复权
2022-02-21,55.59,55.82,56.67,55.26,210570,1255547200.0,2.51,-0.82,-0.46,0.58,牧原股份,002714,前复权
2022-02-22,55.37,54.83,55.76,54.11,251507,1469100784.0,2.96,-1.77,-0.99,0.70,牧原股份,002714,前复权
2022-02-23,55.79,53.71,56.17,53.58,344360,1996434496.0,4.72,-2.04,-1.12,0.95,牧原股份,002714,前复权
2022-02-24,53.68,52.89,54.07,52.38,300397,1707806192.0,3.15,-1.53,-0.82,0.83,牧原股份,002714,前复权
2022-02-25,53.76,53.49,53.95,52.43,233576,1328256576.0,2.87,1.13,0.6,0.65,牧原股份,002714,前复权
2022-02-28,53.49,53.37,54.05,52.9,204543,1167474896.0,2.15,-0.22,-0.12,0.57,牧原股份,002714,前复权
2022-03-01,54.09,56.9,56.91,53.09,612228,3623517360.0,7.16,6.61,3.53,1.70,牧原股份,002714,前复权
2022-03-02,56.22,55.98,57.08,55.7,315861,1890496176.0,2.43,-1.62,-0.92,0.88,牧原股份,002714,前复权
2022-03-03,55.7,55.04,56.16,54.72,215905,1271593040.0,2.57,-1.68,-0.94,0.60,牧原股份,002714,前复权
2022-03-04,54.92,55.03,56.35,54.42,275824,1628671040.0,3.51,-0.02,-0.01,0.76,牧原股份,002714,前复权
2022-03-07,54.89,53.54,55.59,52.85,297548,1722727328.0,4.98,-2.71,-1.49,0.83,牧原股份,002714,前复权
2022-03-08,53.14,50.75,54.49,50.49,359338,2006704448.0,7.47,-5.21,-2.79,1.00,牧原股份,002714,前复权
2022-03-09,50.3,50.94,52.19,48.29,336651,1825309392.0,7.68,0.37,0.19,0.93,牧原股份,002714,前复权
2022-03-10,52.07,51.01,52.19,50.59,228771,1259354704.0,3.14,0.14,0.07,0.63,牧原股份,002714,前复权
2022-03-11,50.07,51.93,52.37,49.52,305519,1682614560.0,5.59,1.8,0.92,0.85,牧原股份,002714,前复权
2022-03-14,51.25,48.62,51.79,48.62,402314,2150561264.0,6.1,-6.37,-3.31,1.12,牧原股份,002714,前复权
2022-03-15,48.9,45.51,49.08,45.49,476180,2407673104.0,7.38,-6.4,-3.11,1.32,牧原股份,002714,前复权
2022-03-16,46.09,46.2,46.69,43.76,430860,2120012704.0,6.44,1.52,0.69,1.20,牧原股份,002714,前复权
2022-03-17,47.09,49.34,50.23,46.64,428015,2249226304.0,7.77,6.8,3.14,1.19,牧原股份,002714,前复权
2022-03-18,49.09,50.99,51.29,48.82,385531,2094789344.0,5.01,3.34,1.65,1.07,牧原股份,002714,前复权
2022-03-21,51.31,51.22,52.71,50.6,346189,1909998688.0,4.14,0.45,0.23,0.96,牧原股份,002714,前复权
2022-03-22,50.89,52.46,53.35,50.89,336707,1891928992.0,4.8,2.42,1.24,0.94,牧原股份,002714,前复权
2022-03-23,52.29,51.98,52.55,51.19,273872,1520124880.0,2.59,-0.91,-0.48,0.76,牧原股份,002714,前复权
2022-03-24,51.29,51.28,52.29,50.79,211174,1162336000.0,2.89,-1.35,-0.7,0.59,牧原股份,002714,前复权
2022-03-25,51.29,51.24,53.12,50.83,299961,1669152672.0,4.47,-0.08,-0.04,0.83,牧原股份,002714,前复权
2022-03-28,50.79,50.83,51.59,50.2,215913,1176568480.0,2.71,-0.8,-0.41,0.60,牧原股份,002714,前复权
2022-03-29,50.8,53.24,53.43,50.57,350106,1972742592.0,5.63,4.74,2.41,0.97,牧原股份,002714,前复权
2022-03-30,52.5,53.64,54.01,52.25,289526,1650019152.0,3.31,0.75,0.4,0.80,牧原股份,002714,前复权
2022-03-31,53.64,53.15,53.94,52.18,212965,1205858832.0,3.28,-0.91,-0.49,0.59,牧原股份,002714,前复权
2022-04-01,53.27,53.71,54.84,52.41,293602,1688879664.0,4.57,1.05,0.56,0.82,牧原股份,002714,前复权
2022-04-06,53.29,52.34,54.16,52.15,259595,1469875312.0,3.74,-2.55,-1.37,0.72,牧原股份,002714,前复权
2022-04-07,51.8,50.4,52.49,50.1,374859,2049575728.0,4.57,-3.71,-1.94,1.04,牧原股份,002714,前复权
2022-04-08,50.27,50.0,50.98,49.19,241348,1293103520.0,3.55,-0.79,-0.4,0.67,牧原股份,002714,前复权
2022-04-11,50.25,50.99,51.9,49.65,310591,1701926368.0,4.5,1.98,0.99,0.86,牧原股份,002714,前复权
2022-04-12,50.99,51.49,51.87,50.4,186154,1023728480.0,2.88,0.98,0.5,0.52,牧原股份,002714,前复权
2022-04-13,51.29,49.83,52.09,49.76,226134,1230419328.0,4.53,-3.22,-1.66,0.63,牧原股份,002714,前复权
2022-04-14,50.04,49.54,50.05,48.69,257379,1367662528.0,2.73,-0.58,-0.29,0.71,牧原股份,002714,前复权
2022-04-15,49.29,48.73,49.86,48.21,228022,1202558352.0,3.33,-1.64,-0.81,0.63,牧原股份,002714,前复权
2022-04-18,48.73,51.22,51.27,48.73,294502,1581426480.0,5.21,5.11,2.49,0.82,牧原股份,002714,前复权
2022-04-19,52.29,53.74,55.28,52.29,652140,3752155536.0,5.84,4.92,2.52,1.81,牧原股份,002714,前复权
2022-04-20,53.69,53.42,54.86,53.25,410130,2368972656.0,3.0,-0.6,-0.32,1.14,牧原股份,002714,前复权
2022-04-21,53.29,52.27,54.98,51.84,394993,2250961136.0,5.88,-2.15,-1.15,1.10,牧原股份,002714,前复权
2022-04-22,51.84,51.29,51.99,49.79,314234,1718421664.0,4.21,-1.87,-0.98,0.87,牧原股份,002714,前复权
2022-04-25,51.3,49.25,52.65,49.17,400848,2195986912.0,6.78,-3.98,-2.04,1.11,牧原股份,002714,前复权
2022-04-26,49.25,47.4,50.05,47.32,366179,1912140768.0,5.54,-3.76,-1.85,1.02,牧原股份,002714,前复权
2022-04-27,46.79,50.81,50.82,45.86,401253,2116810352.0,10.46,7.19,3.41,1.11,牧原股份,002714,前复权
2022-04-28,50.49,49.99,50.89,49.06,253556,1358423712.0,3.6,-1.61,-0.82,0.70,牧原股份,002714,前复权
2022-04-29,50.28,48.52,50.41,47.68,489870,2567355872.0,5.46,-2.94,-1.47,1.36,牧原股份,002714,前复权
2022-05-05,49.09,48.53,49.7,48.31,347120,1824244416.0,2.86,0.02,0.01,0.96,牧原股份,002714,前复权
2022-05-06,47.97,47.69,48.52,47.3,211991,1093410576.0,2.51,-1.73,-0.84,0.59,牧原股份,002714,前复权
2022-05-09,48.26,47.79,49.25,46.5,299002,1542193856.0,5.77,0.21,0.1,0.83,牧原股份,002714,前复权
2022-05-10,47.33,47.93,48.27,46.32,285562,1459492752.0,4.08,0.29,0.14,0.79,牧原股份,002714,前复权
2022-05-11,48.07,47.8,48.39,47.09,394825,2030833808.0,2.71,-0.27,-0.13,1.10,牧原股份,002714,前复权
2022-05-12,47.64,46.6,48.17,46.12,388893,1969381760.0,4.29,-2.51,-1.2,1.08,牧原股份,002714,前复权
2022-05-13,46.75,45.57,46.81,44.85,430275,2120447520.0,4.21,-2.21,-1.03,1.19,牧原股份,002714,前复权
2022-05-16,45.89,47.58,47.59,45.4,458392,2313361424.0,4.81,4.41,2.01,1.27,牧原股份,002714,前复权
2022-05-17,47.54,46.95,48.07,46.79,347557,1773429744.0,2.69,-1.32,-0.63,0.97,牧原股份,002714,前复权
2022-05-18,46.96,46.23,47.09,45.96,273797,1368420992.0,2.41,-1.53,-0.72,0.76,牧原股份,002714,前复权
2022-05-19,44.69,44.87,45.39,43.99,489904,2369801456.0,3.03,-2.94,-1.36,1.36,牧原股份,002714,前复权
2022-05-20,44.59,45.04,45.59,44.12,332402,1614166512.0,3.28,0.38,0.17,0.92,牧原股份,002714,前复权
2022-05-23,45.37,46.13,46.51,45.32,330388,1643132288.0,2.64,2.42,1.09,0.92,牧原股份,002714,前复权
2022-05-24,45.89,44.83,46.04,44.79,289344,1416254096.0,2.71,-2.82,-1.3,0.80,牧原股份,002714,前复权
2022-05-25,44.81,46.46,47.09,44.6,416021,2069202688.0,5.55,3.64,1.63,1.16,牧原股份,002714,前复权
2022-05-26,47.09,46.15,47.17,46.11,319193,1603702768.0,2.28,-0.67,-0.31,0.89,牧原股份,002714,前复权
2022-05-27,46.57,45.6,46.76,45.34,228286,1133398576.0,3.08,-1.19,-0.55,0.63,牧原股份,002714,前复权
2022-05-30,45.76,45.44,46.36,45.06,268900,1324493376.0,2.85,-0.35,-0.16,0.75,牧原股份,002714,前复权
2022-05-31,45.39,47.47,47.47,45.21,496303,2505634144.0,4.97,4.47,2.03,1.38,牧原股份,002714,前复权
2022-06-01,47.45,46.44,47.45,46.09,284015,1428991088.0,2.86,-2.17,-1.03,0.79,牧原股份,002714,前复权
2022-06-02,46.11,46.23,46.32,45.44,207583,1029378272.0,1.89,-0.45,-0.21,0.58,牧原股份,002714,前复权
2022-06-06,46.24,45.64,46.29,44.99,386825,1899949488.0,2.81,-1.28,-0.59,1.07,牧原股份,002714,前复权
2022-06-07,45.94,46.74,47.54,45.8,389929,1966490080.0,3.81,2.41,1.1,1.08,牧原股份,002714,前复权
2022-06-08,46.29,46.67,47.49,46.09,361678,1822355808.0,3.0,-0.15,-0.07,1.00,牧原股份,002714,前复权
2022-06-09,46.93,48.33,49.12,46.55,540860,2785637792.0,5.51,3.56,1.66,1.50,牧原股份,002714,前复权
2022-06-10,48.04,48.12,48.24,47.4,340601,1745876016.0,1.74,-0.43,-0.21,0.95,牧原股份,002714,前复权
2022-06-13,48.34,50.13,51.4,48.24,640585,3434937344.0,6.57,4.18,2.01,1.78,牧原股份,002714,前复权
2022-06-14,49.42,50.84,51.63,49.4,562441,3054409472.0,4.45,1.42,0.71,1.56,牧原股份,002714,前复权
2022-06-15,50.86,50.16,51.52,49.96,415473,2239171888.0,3.07,-1.34,-0.68,1.15,牧原股份,002714,前复权
2022-06-16,50.24,51.5,52.27,50.24,486032,2668451680.0,4.05,2.67,1.34,1.35,牧原股份,002714,前复权
2022-06-17,51.18,51.39,52.18,51.08,329027,1809433840.0,2.14,-0.21,-0.11,0.91,牧原股份,002714,前复权
2022-06-20,52.09,52.47,53.56,51.79,383839,2154158720.0,3.44,2.1,1.08,1.07,牧原股份,002714,前复权
2022-06-21,52.78,52.34,53.54,51.74,289184,1614083984.0,3.43,-0.25,-0.13,0.80,牧原股份,002714,前复权
2022-06-22,52.8,53.79,54.34,51.87,430554,2446208752.0,4.72,2.77,1.45,1.20,牧原股份,002714,前复权
2022-06-23,53.79,53.83,54.72,52.94,292074,1667812640.0,3.31,0.07,0.04,0.81,牧原股份,002714,前复权
2022-06-24,53.94,53.44,54.04,52.79,389801,2212906704.0,2.32,-0.72,-0.39,1.08,牧原股份,002714,前复权
2022-06-27,54.34,55.12,55.67,54.34,505239,2956457712.0,2.49,3.14,1.68,1.40,牧原股份,002714,前复权
2022-06-28,55.39,54.85,55.79,54.16,345862,2020690992.0,2.96,-0.49,-0.27,0.96,牧原股份,002714,前复权
2022-06-29,54.54,51.41,54.64,51.2,662236,3703387744.0,6.27,-6.27,-3.44,1.84,牧原股份,002714,前复权
2022-06-30,51.68,51.81,52.29,51.0,331103,1826602848.0,2.51,0.78,0.4,0.92,牧原股份,002714,前复权
2022-07-01,51.97,52.53,53.34,51.72,303391,1702796688.0,3.13,1.39,0.72,0.84,牧原股份,002714,前复权
2022-07-04,54.34,58.13,58.13,54.34,877927,5243725312.0,7.21,10.66,5.6,2.44,牧原股份,002714,前复权
2022-07-05,59.04,60.04,60.21,57.91,977620,6111672832.0,3.96,3.29,1.91,2.71,牧原股份,002714,前复权
2022-07-06,58.04,57.73,60.2,57.13,667242,4124803056.0,5.11,-3.85,-2.31,1.85,牧原股份,002714,前复权
2022-07-07,58.56,58.82,59.88,57.63,567430,3538172960.0,3.9,1.89,1.09,1.58,牧原股份,002714,前复权
2022-07-08,59.21,59.38,60.66,58.44,491582,3096075184.0,3.77,0.95,0.56,1.37,牧原股份,002714,前复权
2022-07-11,59.38,61.68,62.38,59.37,717248,4644440064.0,5.07,3.87,2.3,1.99,牧原股份,002714,前复权
2022-07-12,62.14,60.04,62.53,59.62,482653,3107267633.39,4.72,-2.66,-1.64,1.34,牧原股份,002714,前复权
2022-07-13,60.64,60.43,60.95,58.69,379828,2403177978.09,3.76,0.65,0.39,1.05,牧原股份,002714,前复权
2022-07-14,60.43,60.1,61.2,58.95,299921,1911317899.2,3.72,-0.55,-0.33,0.83,牧原股份,002714,前复权
2022-07-15,59.44,59.04,60.67,58.85,338790,2137031013.75,3.03,-1.76,-1.06,0.94,牧原股份,002714,前复权
2022-07-18,58.35,58.64,59.14,56.6,410532,2528715625.2,4.3,-0.68,-0.4,1.14,牧原股份,002714,前复权
2022-07-19,58.41,58.25,59.33,57.34,273549,1683994631.4,3.39,-0.67,-0.39,0.76,牧原股份,002714,前复权
2022-07-20,58.74,56.46,58.8,55.84,475229,2866669479.75,5.08,-3.07,-1.79,1.32,牧原股份,002714,前复权
2022-07-21,56.31,56.4,57.62,55.54,283417,1704205913.37,3.68,-0.11,-0.06,0.79,牧原股份,002714,前复权
2022-07-22,56.34,55.34,56.41,54.84,278495,1642872101.17,2.78,-1.88,-1.06,0.77,牧原股份,002714,前复权
2022-07-25,55.22,54.56,55.43,54.26,227535,1322371220.0,2.11,-1.41,-0.78,0.63,牧原股份,002714,前复权
2022-07-26,55.15,54.66,55.72,54.32,221757,1294042904.83,2.57,0.18,0.1,0.62,牧原股份,002714,前复权
2022-07-27,54.42,54.59,55.12,54.22,210162,1219607004.18,1.65,-0.13,-0.07,0.58,牧原股份,002714,前复权
2022-07-28,55.12,54.74,56.24,54.61,353945,2085496444.87,2.99,0.27,0.15,0.98,牧原股份,002714,前复权
2022-07-29,55.04,56.14,57.07,54.39,452056,2692317972.01,4.9,2.56,1.4,1.26,牧原股份,002714,前复权
2022-08-01,56.2,55.31,56.27,54.32,295924,1734463862.62,3.47,-1.48,-0.83,0.82,牧原股份,002714,前复权
2022-08-02,54.55,54.61,55.91,53.74,295794,1721012628.03,3.92,-1.27,-0.7,0.82,牧原股份,002714,前复权
2022-08-03,54.64,53.26,55.34,53.23,290484,1669509329.54,3.86,-2.47,-1.35,0.81,牧原股份,002714,前复权
2022-08-04,53.14,54.49,54.83,53.14,220194,1272818278.43,3.17,2.31,1.23,0.61,牧原股份,002714,前复权
2022-08-05,54.54,54.95,55.02,54.04,159511,926826757.01,1.8,0.84,0.46,0.44,牧原股份,002714,前复权
2022-08-08,55.54,54.41,56.23,54.32,220120,1288019092.75,3.48,-0.98,-0.54,0.61,牧原股份,002714,前复权
2022-08-09,54.34,52.71,54.34,52.29,375492,2113029469.71,3.77,-3.12,-1.7,1.04,牧原股份,002714,前复权
2022-08-10,52.94,52.3,53.24,51.75,227150,1266646546.69,2.83,-0.78,-0.41,0.63,牧原股份,002714,前复权
2022-08-11,52.63,52.79,52.83,52.14,199071,1115780566.84,1.32,0.94,0.49,0.55,牧原股份,002714,前复权
2022-08-12,52.84,52.29,52.87,52.06,171486,956247924.89,1.53,-0.95,-0.5,0.48,牧原股份,002714,前复权
2022-08-15,52.24,52.5,52.89,51.71,211680,1180906684.4,2.26,0.4,0.21,0.59,牧原股份,002714,前复权
2022-08-16,52.51,53.94,53.94,52.22,359574,2039868325.46,3.28,2.74,1.44,1.00,牧原股份,002714,前复权
2022-08-17,53.95,54.14,54.18,53.22,263743,1510639418.16,1.78,0.37,0.2,0.73,牧原股份,002714,前复权
2022-08-18,54.03,52.19,54.03,52.14,314491,1765819624.62,3.49,-3.6,-1.95,0.87,牧原股份,002714,前复权
2022-08-19,51.85,54.82,55.27,51.83,518953,2988962095.39,6.59,5.04,2.63,1.44,牧原股份,002714,前复权
2022-08-22,54.84,55.35,56.89,54.84,374746,2217120999.71,3.74,0.97,0.53,1.04,牧原股份,002714,前复权
2022-08-23,55.35,55.63,56.51,54.86,260998,1549319331.75,2.98,0.51,0.28,0.72,牧原股份,002714,前复权
2022-08-24,55.68,55.78,57.11,55.42,416102,2480611893.91,3.04,0.27,0.15,1.16,牧原股份,002714,前复权
2022-08-25,56.43,56.18,56.64,55.56,309300,1840389390.14,1.94,0.72,0.4,0.86,牧原股份,002714,前复权
2022-08-26,56.17,55.54,56.17,54.92,235420,1389138361.42,2.22,-1.14,-0.64,0.65,牧原股份,002714,前复权
2022-08-29,56.54,55.34,57.27,54.74,329333,1954142315.53,4.56,-0.36,-0.2,0.91,牧原股份,002714,前复权
2022-08-30,54.94,55.7,55.99,54.3,220371,1290990718.29,3.05,0.65,0.36,0.61,牧原股份,002714,前复权
2022-08-31,55.14,55.16,56.06,54.72,266399,1565717300.01,2.41,-0.97,-0.54,0.74,牧原股份,002714,前复权
2022-09-01,55.04,55.24,55.93,54.64,210264,1238463197.47,2.34,0.15,0.08,0.58,牧原股份,002714,前复权
2022-09-02,55.46,55.54,55.94,54.67,227293,1338674616.6,2.3,0.54,0.3,0.63,牧原股份,002714,前复权
2022-09-05,55.69,56.6,56.69,55.26,360572,2143565586.87,2.57,1.91,1.06,1.00,牧原股份,002714,前复权
2022-09-06,56.61,56.29,57.13,56.16,264405,1584157023.29,1.71,-0.55,-0.31,0.73,牧原股份,002714,前复权
2022-09-07,55.93,55.16,56.14,54.87,316797,1865271672.32,2.26,-2.01,-1.13,0.88,牧原股份,002714,前复权
2022-09-08,55.16,54.94,56.02,54.77,227082,1334069422.77,2.27,-0.4,-0.22,0.63,牧原股份,002714,前复权
2022-09-09,55.24,55.04,55.24,53.95,210287,1221601017.04,2.35,0.18,0.1,0.58,牧原股份,002714,前复权
2022-09-13,55.39,57.16,57.44,55.06,444271,2670775889.7,4.32,3.85,2.12,1.23,牧原股份,002714,前复权
2022-09-14,56.86,57.03,57.5,56.56,207733,1255001830.52,1.64,-0.23,-0.13,0.58,牧原股份,002714,前复权
2022-09-15,56.74,55.93,57.09,55.69,318553,1900887044.45,2.45,-1.93,-1.1,0.88,牧原股份,002714,前复权
2022-09-16,55.97,55.44,56.73,55.44,293225,1744973767.01,2.31,-0.88,-0.49,0.81,牧原股份,002714,前复权
2022-09-19,55.84,56.57,57.34,55.74,314886,1890089785.29,2.89,2.04,1.13,0.87,牧原股份,002714,前复权
2022-09-20,56.53,55.42,56.74,55.05,272701,1612227099.56,2.99,-2.03,-1.15,0.76,牧原股份,002714,前复权
2022-09-21,55.42,53.13,55.42,53.0,317053,1810067791.19,4.37,-4.13,-2.29,0.88,牧原股份,002714,前复权
2022-09-22,52.94,52.74,53.62,52.6,168248,950238389.8,1.92,-0.73,-0.39,0.47,牧原股份,002714,前复权
2022-09-23,52.7,52.34,52.84,50.82,275100,1524238711.47,3.83,-0.76,-0.4,0.76,牧原股份,002714,前复权
2022-09-26,51.75,50.39,52.54,50.34,250025,1368288616.07,4.2,-3.73,-1.95,0.69,牧原股份,002714,前复权
2022-09-27,50.54,51.47,51.53,49.94,242771,1315891135.68,3.16,2.14,1.08,0.67,牧原股份,002714,前复权
2022-09-28,51.34,51.23,52.2,51.14,197827,1089487967.81,2.06,-0.47,-0.24,0.55,牧原股份,002714,前复权
2022-09-29,51.74,50.95,52.12,50.58,169653,929720910.44,3.01,-0.55,-0.28,0.47,牧原股份,002714,前复权
2022-09-30,51.05,51.06,51.32,50.04,189709,1029883444.06,2.51,0.22,0.11,0.53,牧原股份,002714,前复权
2022-10-10,53.04,54.59,55.21,52.6,549241,3174572187.01,5.11,6.91,3.53,1.53,牧原股份,002714,前复权
2022-10-11,54.54,54.8,55.04,53.58,228343,1324130633.74,2.67,0.38,0.21,0.63,牧原股份,002714,前复权
2022-10-12,54.94,55.43,55.99,54.34,290134,1703392126.02,3.01,1.15,0.63,0.81,牧原股份,002714,前复权
2022-10-13,55.04,55.45,56.29,54.62,268691,1583575037.59,3.01,0.04,0.02,0.75,牧原股份,002714,前复权
2022-10-14,55.54,55.0,55.79,54.64,249314,1460645752.09,2.07,-0.81,-0.45,0.69,牧原股份,002714,前复权
2022-10-17,54.23,54.82,55.36,53.69,221527,1287471696.78,3.04,-0.33,-0.18,0.62,牧原股份,002714,前复权
2022-10-18,54.89,55.24,56.39,54.69,254754,1499174430.73,3.1,0.77,0.42,0.71,牧原股份,002714,前复权
2022-10-19,55.04,53.14,55.9,53.14,306925,1763419048.59,5.0,-3.8,-2.1,0.85,牧原股份,002714,前复权
2022-10-20,53.12,52.57,53.59,52.41,207200,1167179245.46,2.22,-1.07,-0.57,0.58,牧原股份,002714,前复权
2022-10-21,52.39,52.46,52.84,51.9,186239,1038930005.49,1.79,-0.21,-0.11,0.52,牧原股份,002714,前复权
2022-10-24,52.09,50.84,52.53,50.44,303325,1659891027.92,3.98,-3.09,-1.62,0.84,牧原股份,002714,前复权
2022-10-25,51.14,50.75,51.76,50.34,343137,1867769396.73,2.79,-0.18,-0.09,0.95,牧原股份,002714,前复权
2022-10-26,51.24,47.28,51.34,46.04,762785,3962371109.7,10.44,-6.84,-3.47,2.12,牧原股份,002714,前复权
2022-10-27,46.54,46.05,47.03,45.04,637681,3149841444.74,4.21,-2.6,-1.23,1.77,牧原股份,002714,前复权
2022-10-28,45.42,44.07,45.63,43.89,547551,2627159371.43,3.78,-4.3,-1.98,1.52,牧原股份,002714,前复权
2022-10-31,42.91,43.32,44.37,42.75,424859,1999342156.38,3.68,-1.7,-0.75,1.18,牧原股份,002714,前复权
2022-11-01,43.3,45.02,45.1,43.3,386873,1862319885.65,4.16,3.92,1.7,1.07,牧原股份,002714,前复权
2022-11-02,44.94,44.79,45.29,44.34,339544,1637714698.53,2.11,-0.51,-0.23,0.94,牧原股份,002714,前复权
2022-11-03,44.54,44.14,44.55,43.34,319569,1517004648.34,2.7,-1.45,-0.65,0.89,牧原股份,002714,前复权
2022-11-04,44.24,45.24,45.59,44.22,412962,1999203937.33,3.1,2.49,1.1,1.15,牧原股份,002714,前复权
2022-11-07,45.53,46.14,46.69,45.31,374572,1858784694.93,3.05,1.99,0.9,1.04,牧原股份,002714,前复权
2022-11-08,46.14,45.39,46.87,44.86,307985,1512215299.62,4.36,-1.63,-0.75,0.86,牧原股份,002714,前复权
2022-11-09,44.97,44.64,45.28,44.61,204071,985219459.96,1.48,-1.65,-0.75,0.57,牧原股份,002714,前复权
2022-11-10,44.28,44.81,45.01,44.02,228053,1092578878.75,2.22,0.38,0.17,0.63,牧原股份,002714,前复权
2022-11-11,46.04,45.2,46.23,44.75,356537,1736077913.63,3.3,0.87,0.39,0.99,牧原股份,002714,前复权
2022-11-14,45.35,44.84,45.79,44.6,334531,1628083871.55,2.63,-0.8,-0.36,0.93,牧原股份,002714,前复权
2022-11-15,44.81,45.23,45.29,44.4,325014,1570976275.42,1.98,0.87,0.39,0.90,牧原股份,002714,前复权
2022-11-16,45.42,44.89,45.47,44.77,254057,1232579862.33,1.55,-0.75,-0.34,0.71,牧原股份,002714,前复权
2022-11-17,44.69,44.67,45.5,44.3,323799,1560906381.74,2.67,-0.49,-0.22,0.90,牧原股份,002714,前复权
2022-11-18,44.67,43.74,44.85,43.69,362636,1723432544.42,2.6,-2.08,-0.93,1.01,牧原股份,002714,前复权
2022-11-21,43.32,43.66,43.71,42.77,219909,1027331978.92,2.15,-0.18,-0.08,0.61,牧原股份,002714,前复权
2022-11-22,43.66,43.33,44.03,43.18,180434,848358086.07,1.95,-0.76,-0.33,0.50,牧原股份,002714,前复权
2022-11-23,43.24,42.53,43.24,42.13,304849,1403594352.93,2.56,-1.85,-0.8,0.85,牧原股份,002714,前复权
2022-11-24,42.54,42.46,43.11,42.42,212858,982018222.27,1.62,-0.16,-0.07,0.59,牧原股份,002714,前复权
2022-11-25,42.38,43.42,43.66,42.26,267431,1246961711.46,3.3,2.26,0.96,0.74,牧原股份,002714,前复权
2022-11-28,42.99,42.74,43.12,42.15,237196,1093378379.74,2.23,-1.57,-0.68,0.66,牧原股份,002714,前复权
2022-11-29,42.63,43.49,43.5,42.63,254767,1191097027.18,2.04,1.75,0.75,0.71,牧原股份,002714,前复权
2022-11-30,43.59,44.61,45.32,43.57,428043,2058240651.8,4.02,2.58,1.12,1.19,牧原股份,002714,前复权
2022-12-01,45.13,44.62,45.24,44.37,297486,1434657900.92,1.95,0.02,0.01,0.83,牧原股份,002714,前复权
2022-12-02,44.64,45.44,45.8,44.41,386923,1880484969.12,3.12,1.84,0.82,1.07,牧原股份,002714,前复权
2022-12-05,45.84,45.78,46.29,45.44,375861,1850525404.85,1.87,0.75,0.34,1.04,牧原股份,002714,前复权
2022-12-06,46.04,46.29,46.73,45.69,330924,1644008488.06,2.27,1.11,0.51,0.92,牧原股份,002714,前复权
2022-12-07,46.31,46.49,47.73,46.12,412734,2077714985.63,3.48,0.43,0.2,1.15,牧原股份,002714,前复权
2022-12-08,46.07,45.23,46.24,45.12,378700,1856339378.91,2.41,-2.71,-1.26,1.05,牧原股份,002714,前复权
2022-12-09,45.34,45.33,45.49,44.59,287046,1390161243.96,1.99,0.22,0.1,0.80,牧原股份,002714,前复权
2022-12-12,44.54,44.66,45.24,44.39,235302,1133136189.66,1.88,-1.48,-0.67,0.65,牧原股份,002714,前复权
2022-12-13,45.37,45.62,46.17,44.92,411872,2023534851.41,2.8,2.15,0.96,1.14,牧原股份,002714,前复权
2022-12-14,45.54,45.74,46.03,45.05,226566,1111689262.97,2.15,0.26,0.12,0.63,牧原股份,002714,前复权
2022-12-15,45.76,45.07,46.21,44.94,224331,1095080726.93,2.78,-1.46,-0.67,0.62,牧原股份,002714,前复权
2022-12-16,44.86,44.89,44.97,44.32,203861,981240508.77,1.44,-0.4,-0.18,0.57,牧原股份,002714,前复权
2022-12-19,44.6,43.67,44.93,43.62,267191,1269924892.56,2.92,-2.72,-1.22,0.74,牧原股份,002714,前复权
2022-12-20,43.75,42.79,44.21,42.69,243245,1133824630.77,3.48,-2.02,-0.88,0.68,牧原股份,002714,前复权
2022-12-21,42.79,43.67,44.17,42.62,265051,1248227001.7,3.62,2.06,0.88,0.74,牧原股份,002714,前复权
2022-12-22,43.89,44.85,45.37,43.89,341756,1652799908.94,3.39,2.7,1.18,0.95,牧原股份,002714,前复权
2022-12-23,44.89,44.43,45.1,44.27,157353,755063184.83,1.85,-0.94,-0.42,0.44,牧原股份,002714,前复权
2022-12-26,44.9,45.01,45.52,44.69,199166,967469531.0,1.87,1.31,0.58,0.55,牧原股份,002714,前复权
2022-12-27,45.01,45.6,45.86,44.9,236313,1156746616.29,2.13,1.31,0.59,0.66,牧原股份,002714,前复权
2022-12-28,45.35,45.35,45.78,45.22,168812,825730750.85,1.23,-0.55,-0.25,0.47,牧原股份,002714,前复权
2022-12-29,45.24,44.74,45.34,44.59,158135,763574908.78,1.65,-1.35,-0.61,0.44,牧原股份,002714,前复权
2022-12-30,44.73,45.29,45.44,44.73,151464,736335237.73,1.59,1.23,0.55,0.42,牧原股份,002714,前复权
2023-01-03,44.78,43.98,44.89,43.29,368212,1739904923.3,3.53,-2.89,-1.31,1.02,牧原股份,002714,前复权
2023-01-04,43.94,44.0,44.18,43.39,179014,848422016.54,1.8,0.05,0.02,0.50,牧原股份,002714,前复权
2023-01-05,44.29,44.25,44.41,43.44,343076,1621977890.3,2.2,0.57,0.25,0.95,牧原股份,002714,前复权
2023-01-06,44.1,44.03,44.63,43.72,217644,1035632435.92,2.06,-0.5,-0.22,0.60,牧原股份,002714,前复权
2023-01-09,44.13,45.23,45.63,43.64,410358,1976032476.73,4.52,2.73,1.2,1.14,牧原股份,002714,前复权
2023-01-10,45.14,44.83,45.36,44.34,247948,1194358617.03,2.26,-0.88,-0.4,0.69,牧原股份,002714,前复权
2023-01-11,44.93,44.98,45.32,44.38,228628,1105722830.27,2.1,0.33,0.15,0.63,牧原股份,002714,前复权
2023-01-12,45.04,44.79,45.4,44.69,197696,958459360.3,1.58,-0.42,-0.19,0.55,牧原股份,002714,前复权
2023-01-13,44.86,45.94,46.38,44.74,424871,2097498541.27,3.66,2.57,1.15,1.18,牧原股份,002714,前复权
2023-01-16,46.34,46.54,46.8,45.65,353316,1759614924.48,2.5,1.31,0.6,0.98,牧原股份,002714,前复权
2023-01-17,46.59,45.97,46.71,45.63,264261,1306857634.55,2.32,-1.22,-0.57,0.73,牧原股份,002714,前复权
2023-01-18,45.96,45.09,45.96,45.03,235841,1150359651.75,2.02,-1.91,-0.88,0.65,牧原股份,002714,前复权
2023-01-19,45.09,44.53,45.09,44.2,276709,1325506019.56,1.97,-1.24,-0.56,0.77,牧原股份,002714,前复权
2023-01-20,44.72,44.64,44.89,44.46,196194,944057140.93,0.97,0.25,0.11,0.54,牧原股份,002714,前复权
2023-01-30,44.84,44.69,45.41,44.35,447145,2164689034.44,2.37,0.11,0.05,1.24,牧原股份,002714,前复权
2023-01-31,45.77,46.48,47.93,45.77,772880,3876705220.25,4.83,4.01,1.79,2.14,牧原股份,002714,前复权
2023-02-01,46.55,47.04,47.42,46.55,394576,1989280742.28,1.87,1.2,0.56,1.09,牧原股份,002714,前复权
2023-02-02,47.19,47.05,47.34,46.34,309063,1553770161.12,2.13,0.02,0.01,0.86,牧原股份,002714,前复权
2023-02-03,46.85,46.66,47.83,46.54,391896,1975343006.23,2.74,-0.83,-0.39,1.09,牧原股份,002714,前复权
2023-02-06,46.14,46.84,46.84,45.75,294213,1465945850.24,2.34,0.39,0.18,0.82,牧原股份,002714,前复权
2023-02-07,46.89,46.19,47.22,46.04,289552,1445271104.53,2.52,-1.39,-0.65,0.80,牧原股份,002714,前复权
2023-02-08,46.19,45.8,46.33,45.77,160862,794922853.73,1.21,-0.84,-0.39,0.45,牧原股份,002714,前复权
2023-02-09,45.8,45.95,46.1,45.62,189226,932621243.06,1.05,0.33,0.15,0.52,牧原股份,002714,前复权
2023-02-10,45.91,45.61,46.26,45.44,239781,1180710183.78,1.78,-0.74,-0.34,0.66,牧原股份,002714,前复权
2023-02-13,45.93,45.73,46.16,45.32,286579,1407812478.62,1.84,0.26,0.12,0.79,牧原股份,002714,前复权
2023-02-14,46.03,46.16,46.69,45.74,337426,1674430095.39,2.08,0.94,0.43,0.93,牧原股份,002714,前复权
2023-02-15,45.98,45.13,46.03,44.99,357675,1742950855.85,2.25,-2.23,-1.03,0.99,牧原股份,002714,前复权
2023-02-16,45.09,44.61,45.56,44.18,326027,1579586809.46,3.06,-1.15,-0.52,0.90,牧原股份,002714,前复权
2023-02-17,44.64,44.47,44.86,44.44,193970,932364255.4,0.94,-0.31,-0.14,0.54,牧原股份,002714,前复权
2023-02-20,44.72,45.3,45.37,44.22,274200,1324062597.29,2.59,1.87,0.83,0.76,牧原股份,002714,前复权
2023-02-21,45.24,45.95,46.37,44.97,358010,1762818691.11,3.09,1.43,0.65,0.99,牧原股份,002714,前复权
2023-02-22,45.94,47.44,47.78,45.91,764869,3861109359.56,4.07,3.24,1.49,2.12,牧原股份,002714,前复权
2023-02-23,47.42,46.93,47.99,46.72,339532,1720357427.68,2.68,-1.08,-0.51,0.94,牧原股份,002714,前复权
2023-02-24,46.93,46.33,47.04,46.21,217166,1085180046.74,1.77,-1.28,-0.6,0.60,牧原股份,002714,前复权
2023-02-27,46.54,45.85,46.85,45.7,216791,1072481251.15,2.48,-1.04,-0.48,0.60,牧原股份,002714,前复权
2023-02-28,46.05,46.08,46.24,45.74,236012,1167575861.61,1.09,0.5,0.23,0.65,牧原股份,002714,前复权
2023-03-01,46.09,46.72,46.75,45.99,269837,1346738024.89,1.65,1.39,0.64,0.75,牧原股份,002714,前复权
2023-03-02,46.65,46.47,46.75,46.29,161063,804443046.76,0.98,-0.54,-0.25,0.45,牧原股份,002714,前复权
2023-03-03,46.47,46.3,46.64,45.9,198184,983978274.27,1.59,-0.37,-0.17,0.55,牧原股份,002714,前复权
2023-03-06,45.98,46.13,46.42,45.76,212620,1052849581.92,1.43,-0.37,-0.17,0.59,牧原股份,002714,前复权
2023-03-07,46.03,44.97,46.05,44.92,272716,1332198716.04,2.45,-2.51,-1.16,0.76,牧原股份,002714,前复权
2023-03-08,44.9,44.58,44.91,44.3,218985,1051172739.59,1.36,-0.87,-0.39,0.61,牧原股份,002714,前复权
2023-03-09,44.84,44.41,44.98,44.24,235268,1128302706.3,1.66,-0.38,-0.17,0.65,牧原股份,002714,前复权
2023-03-10,44.35,43.5,44.35,43.4,283473,1335207458.71,2.14,-2.05,-0.91,0.79,牧原股份,002714,前复权
2023-03-13,43.35,44.46,44.64,43.26,256871,1217812522.45,3.17,2.21,0.96,0.71,牧原股份,002714,前复权
2023-03-14,44.53,46.94,47.02,44.53,920000,4601017405.49,5.6,5.58,2.48,2.55,牧原股份,002714,前复权
2023-03-15,47.04,46.94,47.92,46.69,483225,2446643228.42,2.62,0.0,0.0,1.34,牧原股份,002714,前复权
2023-03-16,46.94,45.07,46.94,45.05,349724,1718823824.53,4.03,-3.98,-1.87,0.97,牧原股份,002714,前复权
2023-03-17,45.58,44.5,45.67,44.22,422646,2031057958.66,3.22,-1.26,-0.57,1.17,牧原股份,002714,前复权
2023-03-20,44.5,43.8,44.59,43.66,325271,1540070582.73,2.09,-1.57,-0.7,0.90,牧原股份,002714,前复权
2023-03-21,43.81,44.09,44.16,43.63,234623,1111165705.33,1.21,0.66,0.29,0.65,牧原股份,002714,前复权
2023-03-22,44.24,44.05,44.5,43.84,206222,982051686.19,1.5,-0.09,-0.04,0.57,牧原股份,002714,前复权
2023-03-23,43.79,44.01,44.26,43.72,212061,1004470799.71,1.23,-0.09,-0.04,0.59,牧原股份,002714,前复权
2023-03-24,44.09,44.03,44.36,43.78,184802,877839391.04,1.32,0.05,0.02,0.51,牧原股份,002714,前复权
2023-03-27,44.02,45.03,45.1,43.72,370387,1780136054.31,3.13,2.27,1.0,1.02,牧原股份,002714,前复权
2023-03-28,44.92,44.98,45.49,44.58,243012,1179003503.22,2.02,-0.11,-0.05,0.67,牧原股份,002714,前复权
2023-03-29,45.04,44.21,45.18,44.1,203539,973135204.22,2.4,-1.71,-0.77,0.56,牧原股份,002714,前复权
2023-03-30,44.24,44.66,44.89,44.04,198388,951801629.47,1.92,1.02,0.45,0.55,牧原股份,002714,前复权
2023-03-31,46.25,45.54,46.91,45.29,620922,3080036476.18,3.63,1.97,0.88,1.71,牧原股份,002714,前复权
2023-04-03,45.25,46.42,47.04,45.04,529704,2648090154.32,4.39,1.93,0.88,1.46,牧原股份,002714,前复权
2023-04-04,46.42,47.2,48.14,46.34,617794,3135317382.07,3.88,1.68,0.78,1.70,牧原股份,002714,前复权
2023-04-06,46.93,46.72,48.2,46.32,381087,1927450147.16,3.98,-1.02,-0.48,1.05,牧原股份,002714,前复权
2023-04-07,46.54,45.97,46.99,45.92,229775,1143071315.19,2.29,-1.61,-0.75,0.63,牧原股份,002714,前复权
2023-04-10,45.97,45.92,46.48,45.58,206940,1022723427.96,1.96,-0.11,-0.05,0.57,牧原股份,002714,前复权
2023-04-11,45.99,45.64,46.1,45.37,247553,1216407329.34,1.59,-0.61,-0.28,0.68,牧原股份,002714,前复权
2023-04-12,45.69,45.18,45.8,44.93,236095,1148632252.9,1.91,-1.01,-0.46,0.65,牧原股份,002714,前复权
2023-04-13,45.0,44.99,45.38,44.77,188000,911922843.42,1.35,-0.42,-0.19,0.52,牧原股份,002714,前复权
2023-04-14,45.21,44.8,45.24,44.54,207180,999398399.72,1.56,-0.42,-0.19,0.57,牧原股份,002714,前复权
2023-04-17,44.81,45.22,45.22,44.56,245184,1187010277.81,1.47,0.94,0.42,0.67,牧原股份,002714,前复权
2023-04-18,45.21,45.02,45.44,44.82,248742,1207303185.55,1.37,-0.44,-0.2,0.68,牧原股份,002714,前复权
2023-04-19,45.01,44.8,45.34,44.62,292742,1413906520.49,1.6,-0.49,-0.22,0.81,牧原股份,002714,前复权
2023-04-20,44.8,44.74,45.08,44.3,223477,1075138936.57,1.74,-0.13,-0.06,0.61,牧原股份,002714,前复权
2023-04-21,44.84,44.31,44.93,44.25,225718,1081877385.91,1.52,-0.96,-0.43,0.62,牧原股份,002714,前复权
2023-04-24,44.31,43.86,44.42,43.55,251182,1189467646.33,1.96,-1.02,-0.45,0.69,牧原股份,002714,前复权
2023-04-25,43.74,44.28,44.28,43.64,190942,905230639.92,1.46,0.96,0.42,0.53,牧原股份,002714,前复权
2023-04-26,44.23,44.04,44.36,43.84,160889,763869577.4,1.17,-0.54,-0.24,0.44,牧原股份,002714,前复权
2023-04-27,43.99,44.21,44.22,43.67,145722,689883241.62,1.25,0.39,0.17,0.40,牧原股份,002714,前复权
2023-04-28,45.04,44.41,45.14,44.15,225879,1082816538.78,2.24,0.45,0.2,0.62,牧原股份,002714,前复权
2023-05-04,44.27,43.63,44.27,43.51,233578,1101432998.27,1.71,-1.76,-0.78,0.64,牧原股份,002714,前复权
2023-05-05,43.59,43.69,43.79,42.78,263551,1232078261.75,2.31,0.14,0.06,0.72,牧原股份,002714,前复权
2023-05-08,43.64,43.14,43.64,43.1,193843,905362949.98,1.24,-1.26,-0.55,0.53,牧原股份,002714,前复权
2023-05-09,43.12,43.45,43.72,42.74,175138,817930480.08,2.27,0.72,0.31,0.48,牧原股份,002714,前复权
2023-05-10,43.44,43.04,43.44,42.8,119830,557239506.59,1.47,-0.94,-0.41,0.33,牧原股份,002714,前复权
2023-05-11,43.03,43.39,43.44,42.84,100892,470939743.83,1.39,0.81,0.35,0.28,牧原股份,002714,前复权
2023-05-12,43.34,43.25,43.79,43.16,113861,533771708.16,1.45,-0.32,-0.14,0.31,牧原股份,002714,前复权
2023-05-15,43.06,42.73,43.14,42.37,214474,989121016.18,1.78,-1.2,-0.52,0.59,牧原股份,002714,前复权
2023-05-16,42.74,42.59,42.99,42.55,116954,540155364.06,1.03,-0.33,-0.14,0.32,牧原股份,002714,前复权
2023-05-17,42.54,42.33,42.74,42.33,144757,664296910.18,0.96,-0.61,-0.26,0.40,牧原股份,002714,前复权
2023-05-18,42.33,39.53,42.39,39.43,659114,2899042388.34,6.99,-6.61,-2.8,1.81,牧原股份,002714,前复权
2023-05-19,39.0,39.27,39.37,38.44,302595,1284130666.94,2.35,-0.66,-0.26,0.83,牧原股份,002714,前复权
2023-05-22,39.18,39.58,39.67,38.99,213066,912800787.21,1.73,0.79,0.31,0.59,牧原股份,002714,前复权
2023-05-23,39.66,39.53,39.84,39.42,200175,862745475.55,1.06,-0.13,-0.05,0.55,牧原股份,002714,前复权
2023-05-24,39.46,39.72,39.96,38.86,179762,772033419.17,2.78,0.48,0.19,0.49,牧原股份,002714,前复权
2023-05-25,39.53,39.38,39.72,39.05,130609,558791459.52,1.69,-0.86,-0.34,0.36,牧原股份,002714,前复权
2023-05-26,39.49,39.36,39.51,39.05,85385,364521951.12,1.17,-0.05,-0.02,0.23,牧原股份,002714,前复权
2023-05-29,39.29,38.28,39.54,37.54,302647,1261823845.59,5.08,-2.74,-1.08,0.83,牧原股份,002714,前复权
2023-05-30,38.28,38.34,38.69,37.61,164273,681259135.74,2.82,0.16,0.06,0.45,牧原股份,002714,前复权
2023-05-31,38.2,36.59,38.2,35.86,497167,1999867665.7,6.1,-4.56,-1.75,1.37,牧原股份,002714,前复权
2023-06-01,36.37,36.9,37.63,36.15,309981,1253344560.41,4.04,0.85,0.31,0.85,牧原股份,002714,前复权
2023-06-02,36.9,37.3,37.53,36.86,162928,662844887.77,1.82,1.08,0.4,0.45,牧原股份,002714,前复权
2023-06-05,37.34,36.92,37.4,36.45,156138,628020756.75,2.55,-1.02,-0.38,0.43,牧原股份,002714,前复权
2023-06-06,36.91,36.78,37.2,36.64,134691,543875866.44,1.52,-0.38,-0.14,0.37,牧原股份,002714,前复权
2023-06-07,36.87,36.51,36.98,36.44,118547,475226281.91,1.47,-0.73,-0.27,0.33,牧原股份,002714,前复权
2023-06-08,36.46,37.25,37.74,36.28,288909,1175496800.85,4.0,2.03,0.74,0.79,牧原股份,002714,前复权
2023-06-09,37.23,37.33,37.45,36.67,203026,824627610.07,2.09,0.21,0.08,0.56,牧原股份,002714,前复权
2023-06-12,37.29,37.33,37.64,37.01,136326,556037232.48,1.69,0.0,0.0,0.37,牧原股份,002714,前复权
2023-06-13,37.25,37.3,37.79,37.14,126671,516979339.43,1.74,-0.08,-0.03,0.35,牧原股份,002714,前复权
2023-06-14,37.3,37.21,37.59,37.14,113527,463412411.19,1.21,-0.24,-0.09,0.31,牧原股份,002714,前复权
2023-06-15,37.23,37.79,37.81,37.22,204855,840471102.23,1.59,1.56,0.58,0.56,牧原股份,002714,前复权
2023-06-16,37.84,38.97,39.11,37.84,306795,1294556621.06,3.36,3.12,1.18,0.84,牧原股份,002714,前复权
2023-06-19,38.88,38.97,39.86,38.6,259078,1106523455.93,3.23,0.0,0.0,0.71,牧原股份,002714,前复权
2023-06-20,38.84,39.09,39.42,38.72,157250,670192214.24,1.8,0.31,0.12,0.43,牧原股份,002714,前复权
2023-06-21,38.84,38.69,39.34,38.55,126872,537551132.24,2.02,-1.02,-0.4,0.35,牧原股份,002714,前复权
2023-06-26,38.68,38.87,39.11,38.21,179256,754717459.66,2.33,0.47,0.18,0.49,牧原股份,002714,前复权
2023-06-27,38.75,38.9,39.06,38.27,145845,615578197.22,2.03,0.08,0.03,0.40,牧原股份,002714,前复权
2023-06-28,38.76,38.69,39.04,38.34,120522,507488428.45,1.8,-0.54,-0.21,0.33,牧原股份,002714,前复权
2023-06-29,38.54,38.54,39.53,38.28,205761,873375649.21,3.23,-0.39,-0.15,0.57,牧原股份,002714,前复权
2023-06-30,38.44,38.69,38.98,38.24,129551,546733119.34,1.92,0.39,0.15,0.36,牧原股份,002714,前复权
2023-07-03,38.84,38.63,39.08,38.47,150204,633291869.69,1.58,-0.16,-0.06,0.41,牧原股份,002714,前复权
2023-07-04,38.77,38.82,39.34,38.14,195478,822578452.93,3.11,0.49,0.19,0.54,牧原股份,002714,前复权
2023-07-05,38.74,37.63,38.74,37.5,236489,976663719.64,3.19,-3.07,-1.19,0.65,牧原股份,002714,前复权
2023-07-06,37.42,37.72,38.2,37.25,189411,780415771.16,2.52,0.24,0.09,0.52,牧原股份,002714,前复权
2023-07-07,37.51,38.22,38.61,37.32,222721,925127317.85,3.42,1.33,0.5,0.61,牧原股份,002714,前复权
2023-07-10,38.23,38.54,38.83,38.21,159742,670723181.92,1.62,0.84,0.32,0.44,牧原股份,002714,前复权
2023-07-11,38.75,38.58,38.76,38.36,116735,490712586.73,1.04,0.1,0.04,0.32,牧原股份,002714,前复权
2023-07-12,38.54,38.78,38.92,38.26,165669,698681993.98,1.71,0.52,0.2,0.46,牧原股份,002714,前复权
2023-07-13,39.03,39.13,39.22,38.74,131342,548517302.97,1.24,0.9,0.35,0.36,牧原股份,002714,前复权
2023-07-14,39.12,38.86,39.28,38.77,113458,472672376.82,1.3,-0.69,-0.27,0.31,牧原股份,002714,前复权
2023-07-17,38.86,40.17,40.72,38.69,288114,1229954470.73,5.22,3.37,1.31,0.79,牧原股份,002714,前复权
2023-07-18,39.96,39.81,40.33,39.65,174981,747373356.72,1.69,-0.9,-0.36,0.48,牧原股份,002714,前复权
2023-07-19,39.61,39.72,40.21,39.47,111794,475306884.24,1.86,-0.23,-0.09,0.31,牧原股份,002714,前复权
2023-07-20,39.71,39.68,40.02,39.62,110516,470165752.64,1.01,-0.1,-0.04,0.30,牧原股份,002714,前复权
2023-07-21,39.69,40.29,40.61,39.68,177798,763960736.41,2.34,1.54,0.61,0.49,牧原股份,002714,前复权
2023-07-24,40.39,40.01,40.95,39.82,189491,813406988.11,2.8,-0.69,-0.28,0.52,牧原股份,002714,前复权
2023-07-25,40.27,39.97,40.36,39.47,190085,807887275.51,2.22,-0.1,-0.04,0.52,牧原股份,002714,前复权
2023-07-26,39.97,40.3,40.37,39.87,122930,527775866.52,1.25,0.83,0.33,0.34,牧原股份,002714,前复权
2023-07-27,40.39,40.77,41.03,40.35,204263,888101563.18,1.69,1.17,0.47,0.56,牧原股份,002714,前复权
2023-07-28,40.75,40.81,40.94,40.41,176679,767559086.79,1.3,0.1,0.04,0.49,牧原股份,002714,前复权
2023-07-31,41.16,41.72,41.77,40.87,380828,1678587166.03,2.21,2.23,0.91,1.05,牧原股份,002714,前复权
2023-08-01,41.27,41.15,41.67,40.97,242735,1066739346.36,1.68,-1.37,-0.57,0.67,牧原股份,002714,前复权
2023-08-02,41.16,40.3,41.26,40.27,210794,914079569.52,2.41,-2.07,-0.85,0.58,牧原股份,002714,前复权
2023-08-03,40.29,40.53,40.72,40.25,128907,557258170.52,1.17,0.57,0.23,0.35,牧原股份,002714,前复权
2023-08-04,40.82,40.58,40.87,40.36,146053,632604589.06,1.26,0.12,0.05,0.40,牧原股份,002714,前复权
2023-08-07,40.87,40.81,41.17,40.66,176984,771789713.36,1.26,0.57,0.23,0.49,牧原股份,002714,前复权
2023-08-08,40.72,40.12,40.73,39.97,182451,783514451.09,1.86,-1.69,-0.69,0.50,牧原股份,002714,前复权
2023-08-09,39.84,39.96,40.19,39.8,100203,427555854.51,0.97,-0.4,-0.16,0.28,牧原股份,002714,前复权
2023-08-10,39.82,40.58,40.64,39.78,149599,644649655.05,2.15,1.55,0.62,0.41,牧原股份,002714,前复权
2023-08-11,40.45,39.43,40.45,39.4,150895,642487157.59,2.59,-2.83,-1.15,0.41,牧原股份,002714,前复权
2023-08-14,38.98,39.2,39.27,38.56,134396,559279357.34,1.8,-0.58,-0.23,0.37,牧原股份,002714,前复权
2023-08-15,39.15,39.03,39.25,38.71,91303,380879128.08,1.38,-0.43,-0.17,0.25,牧原股份,002714,前复权
2023-08-16,38.77,38.49,39.07,38.45,99325,411200456.11,1.59,-1.38,-0.54,0.27,牧原股份,002714,前复权
2023-08-17,38.27,38.84,38.87,37.99,115865,476304828.59,2.29,0.91,0.35,0.32,牧原股份,002714,前复权
2023-08-18,38.85,38.28,38.96,38.27,81478,336454921.82,1.78,-1.44,-0.56,0.22,牧原股份,002714,前复权
2023-08-21,38.28,37.35,38.3,37.35,140729,568763345.42,2.48,-2.43,-0.93,0.39,牧原股份,002714,前复权
2023-08-22,37.47,37.35,37.74,36.93,128793,515852216.48,2.17,0.0,0.0,0.35,牧原股份,002714,前复权
2023-08-23,37.35,37.04,37.56,37.02,109969,439482678.11,1.45,-0.83,-0.31,0.30,牧原股份,002714,前复权
2023-08-24,37.14,37.45,37.62,36.37,145332,579814848.27,3.37,1.11,0.41,0.40,牧原股份,002714,前复权
2023-08-25,37.47,38.06,38.84,37.47,213717,874579395.24,3.66,1.63,0.61,0.59,牧原股份,002714,前复权
2023-08-28,39.67,38.14,39.96,37.87,230375,955652154.42,5.49,0.21,0.08,0.63,牧原股份,002714,前复权
2023-08-29,38.1,38.41,38.62,37.68,144301,592152905.81,2.46,0.71,0.27,0.40,牧原股份,002714,前复权
2023-08-30,38.41,38.02,38.66,38.02,121139,495331847.81,1.67,-1.02,-0.39,0.33,牧原股份,002714,前复权
2023-08-31,38.07,37.85,38.24,37.79,85377,347473528.63,1.18,-0.45,-0.17,0.23,牧原股份,002714,前复权
2023-09-01,38.07,38.15,38.2,37.83,75962,309761089.98,0.98,0.79,0.3,0.21,牧原股份,002714,前复权
2023-09-04,38.22,38.22,38.25,37.7,148975,607207643.54,1.44,0.18,0.07,0.41,牧原股份,002714,前复权
2023-09-05,38.07,38.04,38.15,37.85,77918,317170170.29,0.78,-0.47,-0.18,0.21,牧原股份,002714,前复权
2023-09-06,38.04,37.94,38.14,37.83,78100,317849022.35,0.81,-0.26,-0.1,0.21,牧原股份,002714,前复权
2023-09-07,37.93,37.53,38.17,37.52,111840,453548995.72,1.71,-1.08,-0.41,0.31,牧原股份,002714,前复权
2023-09-08,37.32,37.37,37.46,37.09,74588,298675922.39,0.99,-0.43,-0.16,0.21,牧原股份,002714,前复权
2023-09-11,37.37,37.91,37.94,37.37,109601,443241889.62,1.53,1.45,0.54,0.30,牧原股份,002714,前复权
2023-09-12,37.95,38.41,38.77,37.82,191569,788650660.76,2.51,1.32,0.5,0.53,牧原股份,002714,前复权
2023-09-13,38.42,38.24,38.57,38.11,87171,357443386.62,1.2,-0.44,-0.17,0.24,牧原股份,002714,前复权
2023-09-14,38.47,38.01,38.5,37.79,75130,306461813.6,1.86,-0.6,-0.23,0.21,牧原股份,002714,前复权
2023-09-15,37.97,37.75,38.3,37.62,90259,366570544.51,1.79,-0.68,-0.26,0.25,牧原股份,002714,前复权
2023-09-18,37.78,37.79,37.93,37.48,104079,421105261.48,1.19,0.11,0.04,0.29,牧原股份,002714,前复权
2023-09-19,37.8,37.71,38.03,37.51,84231,340451655.52,1.38,-0.21,-0.08,0.23,牧原股份,002714,前复权
2023-09-20,37.85,37.69,38.12,37.58,132324,537144623.68,1.43,-0.05,-0.02,0.36,牧原股份,002714,前复权
2023-09-21,37.67,36.77,37.74,36.77,156933,626279451.93,2.57,-2.44,-0.92,0.43,牧原股份,002714,前复权
2023-09-22,36.77,37.08,37.14,36.43,145358,575692010.89,1.93,0.84,0.31,0.40,牧原股份,002714,前复权
2023-09-25,37.24,37.08,37.24,36.82,95646,380137805.7,1.13,0.0,0.0,0.26,牧原股份,002714,前复权
2023-09-26,36.96,36.99,37.1,36.84,67606,268520758.96,0.7,-0.24,-0.09,0.19,牧原股份,002714,前复权
2023-09-27,36.98,36.97,37.15,36.73,98161,389967288.26,1.14,-0.05,-0.02,0.27,牧原股份,002714,前复权
2023-09-28,36.97,35.16,37.07,35.16,466482,1794295857.67,5.17,-4.9,-1.81,1.28,牧原股份,002714,前复权
2023-10-09,34.8,32.27,34.8,31.76,648934,2291823206.63,8.65,-8.22,-2.89,1.78,牧原股份,002714,前复权
2023-10-10,32.27,33.3,33.67,32.27,372721,1337476557.83,4.34,3.19,1.03,1.03,牧原股份,002714,前复权
2023-10-11,33.37,32.92,33.86,32.8,198269,712217568.5,3.18,-1.14,-0.38,0.55,牧原股份,002714,前复权
2023-10-12,33.26,33.31,33.53,32.79,185357,665487644.78,2.25,1.18,0.39,0.51,牧原股份,002714,前复权
2023-10-13,33.1,33.28,33.63,32.97,145169,521720527.49,1.98,-0.09,-0.03,0.40,牧原股份,002714,前复权
2023-10-16,33.29,32.94,33.5,32.88,139517,501092056.97,1.86,-1.02,-0.34,0.38,牧原股份,002714,前复权
2023-10-17,32.93,33.06,33.12,32.73,93628,334051484.58,1.18,0.36,0.12,0.26,牧原股份,002714,前复权
2023-10-18,33.07,32.49,33.11,32.35,168820,597210953.66,2.3,-1.72,-0.57,0.46,牧原股份,002714,前复权
2023-10-19,32.35,29.42,32.35,28.97,893488,2928723748.47,10.4,-9.45,-3.07,2.46,牧原股份,002714,前复权
2023-10-20,29.27,28.91,30.01,28.71,418618,1334193466.19,4.42,-1.73,-0.51,1.15,牧原股份,002714,前复权
2023-10-23,28.78,28.91,29.36,28.44,298281,941615065.72,3.18,0.0,0.0,0.82,牧原股份,002714,前复权
2023-10-24,28.93,29.02,29.37,28.77,271241,862101356.23,2.08,0.38,0.11,0.75,牧原股份,002714,前复权
2023-10-25,30.02,30.98,31.12,29.8,547345,1821885518.37,4.55,6.75,1.96,1.51,牧原股份,002714,前复权
2023-10-26,30.98,31.61,32.15,30.67,457857,1564327724.11,4.78,2.03,0.63,1.26,牧原股份,002714,前复权
2023-10-27,31.62,33.42,33.57,31.3,504781,1787098280.45,7.18,5.73,1.81,1.39,牧原股份,002714,前复权
2023-10-30,33.27,35.08,35.12,33.12,461815,1715773401.2,5.98,4.97,1.66,1.27,牧原股份,002714,前复权
2023-10-31,35.16,35.03,35.22,34.27,294891,1106400188.88,2.71,-0.14,-0.05,0.81,牧原股份,002714,前复权
2023-11-01,34.82,35.13,35.63,34.68,236262,896278803.63,2.71,0.29,0.1,0.65,牧原股份,002714,前复权
2023-11-02,35.52,35.07,36.03,35.02,222678,850528357.75,2.88,-0.17,-0.06,0.61,牧原股份,002714,前复权
2023-11-03,35.07,35.48,35.66,34.65,293619,1112124200.5,2.88,1.17,0.41,0.81,牧原股份,002714,前复权
2023-11-06,35.48,34.77,35.48,34.07,313789,1174189950.3,3.97,-2.0,-0.71,0.86,牧原股份,002714,前复权
2023-11-07,34.61,34.58,34.95,34.27,201399,751503523.08,1.96,-0.55,-0.19,0.55,牧原股份,002714,前复权
2023-11-08,34.54,34.34,34.7,34.07,158592,587108851.47,1.82,-0.69,-0.24,0.44,牧原股份,002714,前复权
2023-11-09,34.33,34.49,34.87,34.09,137186,511006125.31,2.27,0.44,0.15,0.38,牧原股份,002714,前复权
2023-11-10,34.47,34.68,34.88,34.19,158521,591448265.59,2.0,0.55,0.19,0.44,牧原股份,002714,前复权
2023-11-13,34.79,34.73,34.82,33.97,187005,694592653.64,2.45,0.14,0.05,0.51,牧原股份,002714,前复权
2023-11-14,34.72,34.74,35.13,34.52,125848,472377917.96,1.76,0.03,0.01,0.35,牧原股份,002714,前复权
2023-11-15,34.74,34.73,35.06,34.47,125771,470962852.98,1.7,-0.03,-0.01,0.35,牧原股份,002714,前复权
2023-11-16,34.73,34.39,34.91,34.37,95291,355200888.99,1.55,-0.98,-0.34,0.26,牧原股份,002714,前复权
2023-11-17,34.28,34.22,34.52,34.09,105340,389345766.97,1.25,-0.49,-0.17,0.29,牧原股份,002714,前复权
2023-11-20,34.23,35.39,35.59,34.23,319002,1209444450.98,3.97,3.42,1.17,0.88,牧原股份,002714,前复权
2023-11-21,35.43,35.55,36.1,35.29,254375,977282820.76,2.29,0.45,0.16,0.70,牧原股份,002714,前复权
2023-11-22,35.26,35.82,36.37,35.26,239304,925495650.69,3.12,0.76,0.27,0.66,牧原股份,002714,前复权
2023-11-23,35.87,35.76,36.12,35.47,140346,540158390.1,1.81,-0.17,-0.06,0.39,牧原股份,002714,前复权
2023-11-24,35.72,36.21,36.45,35.52,235836,916672506.72,2.6,1.26,0.45,0.65,牧原股份,002714,前复权
2023-11-27,36.27,36.68,37.05,36.2,288061,1133251672.82,2.35,1.3,0.47,0.79,牧原股份,002714,前复权
2023-11-28,36.66,36.05,36.67,35.83,183994,714378001.52,2.29,-1.72,-0.63,0.51,牧原股份,002714,前复权
2023-11-29,35.68,36.1,36.39,35.68,165074,637897510.14,1.97,0.14,0.05,0.45,牧原股份,002714,前复权
2023-11-30,36.27,36.35,36.45,36.03,128274,499689992.44,1.16,0.69,0.25,0.35,牧原股份,002714,前复权
2023-12-01,36.35,35.85,36.35,35.78,131052,507957227.32,1.57,-1.38,-0.5,0.36,牧原股份,002714,前复权
2023-12-04,35.77,37.18,37.62,35.35,408827,1619906788.05,6.33,3.71,1.33,1.12,牧原股份,002714,前复权
2023-12-05,37.48,36.57,37.82,36.54,253365,1011816989.14,3.44,-1.64,-0.61,0.70,牧原股份,002714,前复权
2023-12-06,36.45,37.9,38.26,36.27,368321,1476674882.84,5.44,3.64,1.33,1.01,牧原股份,002714,前复权
2023-12-07,37.7,38.15,38.33,37.39,278474,1133177959.44,2.48,0.66,0.25,0.77,牧原股份,002714,前复权
2023-12-08,38.17,37.37,38.39,37.32,211967,856676740.81,2.8,-2.04,-0.78,0.58,牧原股份,002714,前复权
2023-12-11,37.17,38.01,38.17,36.78,181325,731473458.11,3.72,1.71,0.64,0.50,牧原股份,002714,前复权
2023-12-12,38.01,37.74,38.15,37.27,114768,463273620.41,2.32,-0.71,-0.27,0.32,牧原股份,002714,前复权
2023-12-13,37.71,37.26,37.86,37.16,147864,593065009.83,1.85,-1.27,-0.48,0.41,牧原股份,002714,前复权
2023-12-14,37.55,36.74,37.66,35.48,292129,1146260522.04,5.85,-1.4,-0.52,0.80,牧原股份,002714,前复权
2023-12-15,36.82,36.66,36.95,36.17,153032,602627019.95,2.12,-0.22,-0.08,0.42,牧原股份,002714,前复权
2023-12-18,36.57,37.24,37.6,36.38,170170,678575835.38,3.33,1.58,0.58,0.47,牧原股份,002714,前复权
2023-12-19,37.07,37.08,37.34,36.63,96826,385008046.06,1.91,-0.43,-0.16,0.27,牧原股份,002714,前复权
2023-12-20,37.09,36.47,37.23,36.3,128424,506355061.09,2.51,-1.65,-0.61,0.35,牧原股份,002714,前复权
2023-12-21,36.28,36.78,36.95,35.69,168394,658559071.24,3.45,0.85,0.31,0.46,牧原股份,002714,前复权
2023-12-22,36.77,37.18,37.56,36.55,159041,635230652.67,2.75,1.09,0.4,0.44,牧原股份,002714,前复权
2023-12-25,37.17,36.95,37.32,36.28,122518,483200071.95,2.8,-0.62,-0.23,0.34,牧原股份,002714,前复权
2023-12-26,36.79,36.73,37.07,36.57,92347,365287368.81,1.35,-0.6,-0.22,0.25,牧原股份,002714,前复权
2023-12-27,36.77,38.25,38.26,36.77,316470,1280698494.97,4.06,4.14,1.52,0.87,牧原股份,002714,前复权
2023-12-28,38.24,38.05,38.35,37.79,180779,738088220.24,1.46,-0.52,-0.2,0.50,牧原股份,002714,前复权
2023-12-29,38.07,38.45,38.93,37.87,210171,862967865.72,2.79,1.05,0.4,0.58,牧原股份,002714,前复权
2024-01-02,38.45,38.77,39.13,38.17,173243,718078086.45,2.5,0.83,0.32,0.48,牧原股份,002714,前复权
2024-01-03,38.77,38.34,39.32,38.04,151424,623769724.8,3.3,-1.11,-0.43,0.42,牧原股份,002714,前复权
2024-01-04,38.17,38.23,38.46,37.91,131036,536174340.59,1.43,-0.29,-0.11,0.36,牧原股份,002714,前复权
2024-01-05,38.27,37.71,38.27,37.47,161091,654743944.65,2.09,-1.36,-0.52,0.44,牧原股份,002714,前复权
2024-01-08,37.67,36.34,37.91,36.34,253565,1002625253.25,4.16,-3.63,-1.37,0.70,牧原股份,002714,前复权
2024-01-09,36.33,35.92,36.44,35.87,174491,678445630.25,1.57,-1.16,-0.42,0.48,牧原股份,002714,前复权
2024-01-10,35.9,34.0,36.11,32.52,600640,2200945357.6,9.99,-5.35,-1.92,1.65,牧原股份,002714,前复权
2024-01-11,33.76,34.19,35.23,33.76,385069,1442995015.55,4.32,0.56,0.19,1.06,牧原股份,002714,前复权
2024-01-12,34.03,34.98,35.38,33.62,239388,900464879.24,5.15,2.31,0.79,0.66,牧原股份,002714,前复权
2024-01-15,34.79,34.3,35.39,34.22,187483,698017609.22,3.34,-1.94,-0.68,0.52,牧原股份,002714,前复权
2024-01-16,34.12,34.84,35.06,34.12,203958,765154165.0,2.74,1.57,0.54,0.56,牧原股份,002714,前复权
2024-01-17,34.72,34.01,35.42,33.99,190787,708228641.89,4.1,-2.38,-0.83,0.52,牧原股份,002714,前复权
2024-01-18,33.92,34.39,34.56,32.96,255484,927214912.12,4.7,1.12,0.38,0.70,牧原股份,002714,前复权
2024-01-19,34.37,34.0,34.66,33.77,161373,593825959.21,2.59,-1.13,-0.39,0.44,牧原股份,002714,前复权
2024-01-22,34.05,33.13,34.17,32.77,222519,808007969.7,4.12,-2.56,-0.87,0.61,牧原股份,002714,前复权
2024-01-23,33.03,33.1,33.37,32.68,167030,596971343.3,2.08,-0.09,-0.03,0.46,牧原股份,002714,前复权
2024-01-24,33.5,33.14,33.57,32.14,198216,702929532.13,4.32,0.12,0.04,0.55,牧原股份,002714,前复权
2024-01-25,33.3,33.3,33.41,32.76,181987,653519331.49,1.96,0.48,0.16,0.50,牧原股份,002714,前复权
2024-01-26,32.98,32.97,33.3,32.07,253904,900326953.93,3.69,-0.99,-0.33,0.70,牧原股份,002714,前复权
2024-01-29,32.97,33.24,33.87,32.87,220665,798617171.17,3.03,0.82,0.27,0.61,牧原股份,002714,前复权
2024-01-30,33.17,32.89,33.77,32.81,180579,648318560.15,2.89,-1.05,-0.35,0.50,牧原股份,002714,前复权
2024-01-31,32.42,32.52,32.92,31.85,209741,739091624.49,3.25,-1.12,-0.37,0.58,牧原股份,002714,前复权
2024-02-01,32.42,32.49,32.97,32.09,203632,717214844.5,2.71,-0.09,-0.03,0.56,牧原股份,002714,前复权
2024-02-02,32.37,32.61,33.47,31.78,300539,1068436284.16,5.2,0.37,0.12,0.83,牧原股份,002714,前复权
2024-02-05,32.27,32.97,33.27,31.51,307160,1083524600.19,5.4,1.1,0.36,0.84,牧原股份,002714,前复权
2024-02-06,32.77,34.28,34.37,32.57,288957,1055019957.71,5.46,3.97,1.31,0.79,牧原股份,002714,前复权
2024-02-07,34.27,34.75,34.77,33.67,270079,1001099849.49,3.21,1.37,0.47,0.74,牧原股份,002714,前复权
2024-02-08,34.55,35.08,35.28,34.39,217016,814496335.39,2.56,0.95,0.33,0.60,牧原股份,002714,前复权
2024-02-19,35.17,34.67,35.38,34.08,222473,829516170.22,3.71,-1.17,-0.41,0.61,牧原股份,002714,前复权
2024-02-20,34.54,35.57,35.67,34.19,185897,704443036.03,4.27,2.6,0.9,0.51,牧原股份,002714,前复权
2024-02-21,35.54,35.72,36.07,35.27,177628,685364228.55,2.25,0.42,0.15,0.49,牧原股份,002714,前复权
2024-02-22,35.6,35.73,35.88,35.4,103595,397821537.68,1.34,0.03,0.01,0.28,牧原股份,002714,前复权
2024-02-23,35.82,35.65,35.92,35.34,115949,443613465.49,1.62,-0.22,-0.08,0.32,牧原股份,002714,前复权
2024-02-26,35.42,35.39,35.77,35.1,144879,553050840.99,1.88,-0.73,-0.26,0.40,牧原股份,002714,前复权
2024-02-27,35.25,36.13,36.53,35.21,167450,649955221.07,3.73,2.09,0.74,0.46,牧原股份,002714,前复权
2024-02-28,36.25,35.52,36.25,35.49,168124,647835620.57,2.1,-1.69,-0.61,0.46,牧原股份,002714,前复权
2024-02-29,35.51,35.76,35.93,35.43,150841,579465605.55,1.41,0.68,0.24,0.41,牧原股份,002714,前复权
2024-03-01,35.77,35.44,35.77,34.86,237382,900418053.91,2.54,-0.89,-0.32,0.65,牧原股份,002714,前复权
2024-03-04,35.44,34.98,35.44,34.79,215723,814624558.38,1.83,-1.3,-0.46,0.59,牧原股份,002714,前复权
2024-03-05,34.77,36.27,36.37,34.77,317524,1229855474.99,4.57,3.69,1.29,0.87,牧原股份,002714,前复权
2024-03-06,36.12,36.45,36.53,35.88,156614,609588626.54,1.79,0.5,0.18,0.43,牧原股份,002714,前复权
2024-03-07,36.55,36.72,37.11,36.27,238832,941393459.38,2.3,0.74,0.27,0.66,牧原股份,002714,前复权
2024-03-08,36.42,36.37,36.7,36.08,132078,515839492.73,1.69,-0.95,-0.35,0.36,牧原股份,002714,前复权
2024-03-11,36.36,37.27,37.37,36.32,200615,797740135.0,2.89,2.47,0.9,0.55,牧原股份,002714,前复权
2024-03-12,37.23,37.37,37.42,36.67,185392,737866797.25,2.01,0.27,0.1,0.51,牧原股份,002714,前复权
2024-03-13,37.27,36.28,37.41,36.23,208149,819320863.05,3.16,-2.92,-1.09,0.57,牧原股份,002714,前复权
2024-03-14,36.25,35.71,36.49,35.68,141584,547694202.55,2.23,-1.57,-0.57,0.39,牧原股份,002714,前复权
2024-03-15,35.71,35.67,36.02,35.46,126477,485484381.91,1.57,-0.11,-0.04,0.35,牧原股份,002714,前复权
2024-03-18,35.76,35.83,35.96,34.92,225725,863090732.98,2.92,0.45,0.16,0.62,牧原股份,002714,前复权
2024-03-19,36.09,37.75,38.0,35.99,503682,2014471176.94,5.61,5.36,1.92,1.39,牧原股份,002714,前复权
2024-03-20,37.46,38.31,38.98,37.32,331403,1357864977.56,4.4,1.48,0.56,0.91,牧原股份,002714,前复权
2024-03-21,38.31,39.97,40.24,38.3,488546,2074715552.75,5.06,4.33,1.66,1.34,牧原股份,002714,前复权
2024-03-22,39.98,39.52,40.16,38.92,342586,1444459463.54,3.1,-1.13,-0.45,0.94,牧原股份,002714,前复权
2024-03-25,39.52,39.44,39.77,39.13,222455,939790335.09,1.62,-0.2,-0.08,0.61,牧原股份,002714,前复权
2024-03-26,39.49,39.42,40.43,39.21,264851,1124849252.04,3.09,-0.05,-0.02,0.72,牧原股份,002714,前复权
2024-03-27,39.34,39.54,40.25,39.07,296741,1258894823.12,2.99,0.3,0.12,0.81,牧原股份,002714,前复权
2024-03-28,39.42,39.32,39.94,39.07,251707,1061315440.1,2.2,-0.56,-0.22,0.69,牧原股份,002714,前复权
2024-03-29,39.32,40.42,40.42,39.05,311546,1333095091.56,3.48,2.8,1.1,0.85,牧原股份,002714,前复权
2024-04-01,40.41,41.91,42.11,40.31,395879,1754186246.72,4.45,3.69,1.49,1.08,牧原股份,002714,前复权
2024-04-02,41.77,41.6,41.98,40.91,239535,1061611861.94,2.55,-0.74,-0.31,0.65,牧原股份,002714,前复权
2024-04-03,41.37,42.53,42.85,41.37,316459,1430505256.34,3.56,2.24,0.93,0.86,牧原股份,002714,前复权
2024-04-08,42.27,42.16,42.65,41.75,293214,1317545233.21,2.12,-0.87,-0.37,0.80,牧原股份,002714,前复权
2024-04-09,41.98,41.64,42.05,41.17,250117,1107042176.21,2.09,-1.23,-0.52,0.68,牧原股份,002714,前复权
2024-04-10,41.64,41.26,42.15,41.02,200503,887332562.47,2.71,-0.91,-0.38,0.55,牧原股份,002714,前复权
2024-04-11,40.87,40.41,41.21,40.24,303191,1312340188.99,2.35,-2.06,-0.85,0.83,牧原股份,002714,前复权
2024-04-12,40.4,39.45,40.68,39.27,330417,1407340339.89,3.49,-2.38,-0.96,0.90,牧原股份,002714,前复权
2024-04-15,39.19,39.75,40.24,39.19,239968,1020663204.49,2.66,0.76,0.3,0.66,牧原股份,002714,前复权
2024-04-16,39.46,40.09,40.82,39.45,255623,1097933941.62,3.45,0.86,0.34,0.70,牧原股份,002714,前复权
2024-04-17,40.1,40.31,40.77,39.7,203480,872570288.05,2.67,0.55,0.22,0.56,牧原股份,002714,前复权
2024-04-18,40.15,40.85,41.36,39.72,237200,1034570670.96,4.07,1.34,0.54,0.65,牧原股份,002714,前复权
2024-04-19,40.85,40.75,41.21,40.19,172691,750213156.26,2.5,-0.24,-0.1,0.47,牧原股份,002714,前复权
2024-04-22,40.87,42.43,43.12,40.79,386577,1742882573.33,5.72,4.12,1.68,1.06,牧原股份,002714,前复权
2024-04-23,42.43,42.26,42.85,42.12,220672,996170428.45,1.72,-0.4,-0.17,0.60,牧原股份,002714,前复权
2024-04-24,42.45,41.47,42.45,41.12,207511,917554271.52,3.15,-1.87,-0.79,0.57,牧原股份,002714,前复权
2024-04-25,41.2,41.57,41.77,40.87,167814,739692338.01,2.17,0.24,0.1,0.46,牧原股份,002714,前复权
2024-04-26,41.56,41.71,42.23,41.33,200028,890013956.96,2.17,0.34,0.14,0.55,牧原股份,002714,前复权
2024-04-29,41.39,40.89,41.67,40.89,250587,1101244413.87,1.87,-1.97,-0.82,0.68,牧原股份,002714,前复权
2024-04-30,40.77,40.89,41.72,40.7,177770,781065760.91,2.49,0.0,0.0,0.49,牧原股份,002714,前复权
2024-05-06,41.67,41.47,41.76,40.62,226546,998003889.14,2.79,1.42,0.58,0.62,牧原股份,002714,前复权
2024-05-07,41.67,42.38,42.67,41.3,328366,1474936371.11,3.3,2.19,0.91,0.90,牧原股份,002714,前复权
2024-05-08,42.3,44.1,44.43,41.87,538807,2499336135.68,6.04,4.06,1.72,1.47,牧原股份,002714,前复权
2024-05-09,43.97,44.22,44.36,43.65,275390,1289352668.53,1.61,0.27,0.12,0.75,牧原股份,002714,前复权
2024-05-10,44.11,44.56,45.16,43.93,280516,1325043081.07,2.78,0.77,0.34,0.77,牧原股份,002714,前复权
2024-05-13,43.57,44.95,45.21,43.34,446242,2113438899.3,4.2,0.88,0.39,1.22,牧原股份,002714,前复权
2024-05-14,44.72,44.95,45.65,44.39,315647,1504976955.99,2.8,0.0,0.0,0.86,牧原股份,002714,前复权
2024-05-15,44.95,43.95,45.46,43.9,236176,1110519618.98,3.47,-2.22,-1.0,0.65,牧原股份,002714,前复权
2024-05-16,44.27,44.1,44.44,43.62,148056,693905779.48,1.87,0.34,0.15,0.40,牧原股份,002714,前复权
2024-05-17,44.1,44.96,45.01,44.03,268055,1271496228.05,2.22,1.95,0.86,0.73,牧原股份,002714,前复权
2024-05-20,44.95,46.62,47.11,44.87,406619,1998791681.15,4.98,3.69,1.66,1.11,牧原股份,002714,前复权
2024-05-21,46.45,46.39,47.34,46.06,238893,1177831783.05,2.75,-0.49,-0.23,0.65,牧原股份,002714,前复权
2024-05-22,46.7,45.83,46.92,45.27,278368,1349178459.06,3.56,-1.21,-0.56,0.76,牧原股份,002714,前复权
2024-05-23,45.94,44.92,46.26,44.67,234006,1122599834.62,3.47,-1.99,-0.91,0.64,牧原股份,002714,前复权
2024-05-24,44.95,45.32,46.27,44.67,314505,1518430211.45,3.56,0.89,0.4,0.86,牧原股份,002714,前复权
2024-05-27,45.49,45.73,45.86,44.49,217822,1047115343.01,3.02,0.9,0.41,0.60,牧原股份,002714,前复权
2024-05-28,45.77,45.23,46.56,44.77,209009,1004546667.93,3.91,-1.09,-0.5,0.57,牧原股份,002714,前复权
2024-05-29,45.07,45.27,45.85,44.79,162246,780012316.11,2.34,0.09,0.04,0.44,牧原股份,002714,前复权
2024-05-30,45.53,44.68,45.74,44.17,260769,1235730416.52,3.47,-1.3,-0.59,0.71,牧原股份,002714,前复权
2024-05-31,44.61,44.42,44.82,43.97,203097,956424527.35,1.9,-0.58,-0.26,0.55,牧原股份,002714,前复权
2024-06-03,44.34,45.62,45.95,44.34,313725,1509635788.42,3.62,2.7,1.2,0.86,牧原股份,002714,前复权
2024-06-04,45.69,46.01,46.12,44.98,233724,1131646156.42,2.5,0.85,0.39,0.64,牧原股份,002714,前复权
2024-06-05,45.99,45.47,46.18,45.17,154408,745394602.02,2.2,-1.17,-0.54,0.42,牧原股份,002714,前复权
2024-06-06,45.32,44.88,45.32,44.43,263336,1253197265.09,1.96,-1.3,-0.59,0.72,牧原股份,002714,前复权
2024-06-07,45.19,45.14,45.57,44.62,206730,987569015.89,2.12,0.58,0.26,0.56,牧原股份,002714,前复权
2024-06-11,45.07,44.37,45.53,43.78,240893,1133994257.81,3.88,-1.71,-0.77,0.66,牧原股份,002714,前复权
2024-06-12,44.37,44.07,44.86,43.88,156103,732579842.04,2.21,-0.68,-0.3,0.43,牧原股份,002714,前复权
2024-06-13,43.78,41.75,43.8,41.22,616459,2769327696.03,5.85,-5.26,-2.32,1.68,牧原股份,002714,前复权
2024-06-14,41.67,42.3,42.43,40.79,433961,1927073596.26,3.93,1.32,0.55,1.19,牧原股份,002714,前复权
2024-06-17,42.3,42.43,42.62,41.68,167831,754494074.18,2.22,0.31,0.13,0.46,牧原股份,002714,前复权
2024-06-18,42.83,41.9,43.15,41.45,235766,1053207285.26,4.01,-1.25,-0.53,0.64,牧原股份,002714,前复权
2024-06-19,41.77,41.45,41.89,41.32,148721,657789976.5,1.36,-1.07,-0.45,0.41,牧原股份,002714,前复权
2024-06-20,41.39,41.72,42.22,40.98,171691,762992991.67,2.99,0.65,0.27,0.47,牧原股份,002714,前复权
2024-06-21,41.72,41.18,42.27,41.17,337951,1501546044.21,2.64,-1.29,-0.54,0.92,牧原股份,002714,前复权
2024-06-24,41.04,40.92,41.4,40.06,299112,1301435938.57,3.25,-0.63,-0.26,0.78,牧原股份,002714,前复权
2024-06-25,40.93,40.78,41.49,40.59,144999,634045039.63,2.2,-0.34,-0.14,0.38,牧原股份,002714,前复权
2024-06-26,40.63,40.47,40.78,39.7,205873,881714193.87,2.65,-0.76,-0.31,0.54,牧原股份,002714,前复权
2024-06-27,40.17,40.47,40.73,40.03,149241,644257533.32,1.73,0.0,0.0,0.39,牧原股份,002714,前复权
2024-06-28,40.27,40.87,41.45,40.12,204989,893488226.38,3.29,0.99,0.4,0.54,牧原股份,002714,前复权
2024-07-01,41.17,42.26,42.54,41.17,234806,1052696891.86,3.35,3.4,1.39,0.62,牧原股份,002714,前复权
2024-07-02,42.25,41.61,42.57,41.42,152691,679993964.88,2.72,-1.54,-0.65,0.40,牧原股份,002714,前复权
2024-07-03,41.42,41.39,42.02,41.05,113944,502292793.99,2.33,-0.53,-0.22,0.30,牧原股份,002714,前复权
2024-07-04,41.39,41.1,41.67,40.49,161746,706552871.12,2.85,-0.7,-0.29,0.42,牧原股份,002714,前复权
2024-07-05,41.02,41.09,41.26,40.07,154652,671560724.01,2.9,-0.02,-0.01,0.41,牧原股份,002714,前复权
2024-07-08,41.15,41.31,42.08,41.08,162927,721560380.66,2.43,0.54,0.22,0.43,牧原股份,002714,前复权
2024-07-09,41.07,40.06,41.2,39.6,297269,1274481051.86,3.87,-3.03,-1.25,0.78,牧原股份,002714,前复权
2024-07-10,40.06,40.96,41.27,39.66,260222,1131624747.81,4.02,2.25,0.9,0.68,牧原股份,002714,前复权
2024-07-11,41.58,41.38,41.84,41.07,218493,965398485.37,1.88,1.03,0.42,0.57,牧原股份,002714,前复权
2024-07-12,41.37,40.31,42.02,40.17,272659,1188125392.05,4.47,-2.59,-1.07,0.72,牧原股份,002714,前复权
2024-07-15,40.92,41.94,42.31,40.57,346220,1536651440.72,4.32,4.04,1.63,0.91,牧原股份,002714,前复权
2024-07-16,41.77,42.57,43.47,41.67,333592,1515304765.65,4.29,1.5,0.63,0.88,牧原股份,002714,前复权
2024-07-17,42.27,42.86,43.1,41.9,216018,981932591.2,2.82,0.68,0.29,0.57,牧原股份,002714,前复权
2024-07-18,42.67,42.85,43.06,42.29,165977,754271757.73,1.8,-0.02,-0.01,0.44,牧原股份,002714,前复权
2024-07-19,42.67,43.15,43.3,42.07,200284,913089938.21,2.87,0.7,0.3,0.53,牧原股份,002714,前复权
2024-07-22,43.19,42.35,43.3,41.97,251193,1132144964.63,3.08,-1.85,-0.8,0.66,牧原股份,002714,前复权
2024-07-23,42.42,41.05,42.76,40.97,189654,841531594.06,4.23,-3.07,-1.3,0.50,牧原股份,002714,前复权
2024-07-24,41.02,40.73,41.47,40.4,188207,818260106.18,2.61,-0.78,-0.32,0.49,牧原股份,002714,前复权
2024-07-25,40.57,40.57,40.73,40.15,153943,664815807.53,1.42,-0.39,-0.16,0.40,牧原股份,002714,前复权
2024-07-26,40.57,40.31,40.84,39.72,208662,896104679.51,2.76,-0.64,-0.26,0.55,牧原股份,002714,前复权
2024-07-29,40.31,39.45,40.56,38.97,223631,943261628.55,3.94,-2.13,-0.86,0.59,牧原股份,002714,前复权
2024-07-30,39.37,40.25,40.41,39.03,168880,719938662.98,3.5,2.03,0.8,0.44,牧原股份,002714,前复权
2024-07-31,40.22,40.99,41.11,39.65,199192,862339997.24,3.63,1.84,0.74,0.52,牧原股份,002714,前复权
2024-08-01,40.97,40.71,41.69,40.55,152191,665318735.85,2.78,-0.68,-0.28,0.40,牧原股份,002714,前复权
2024-08-02,40.56,41.48,42.12,40.39,220408,975217342.28,4.25,1.89,0.77,0.58,牧原股份,002714,前复权
2024-08-05,41.95,42.02,42.84,41.64,320853,1444544758.41,2.89,1.3,0.54,0.84,牧原股份,002714,前复权
2024-08-06,42.23,41.96,42.35,41.34,212492,946876976.83,2.4,-0.14,-0.06,0.56,牧原股份,002714,前复权
2024-08-07,41.87,40.64,41.96,40.61,193345,844439929.71,3.22,-3.15,-1.32,0.51,牧原股份,002714,前复权
2024-08-08,40.61,41.02,41.34,40.58,144972,634292007.8,1.87,0.94,0.38,0.38,牧原股份,002714,前复权
2024-08-09,41.03,40.57,41.24,40.53,125064,544344128.56,1.73,-1.1,-0.45,0.33,牧原股份,002714,前复权
2024-08-12,40.9,41.66,42.1,40.56,294613,1307489228.81,3.8,2.69,1.09,0.77,牧原股份,002714,前复权
2024-08-13,41.61,41.67,42.47,41.24,174017,775587686.09,2.95,0.02,0.01,0.46,牧原股份,002714,前复权
2024-08-14,41.67,41.27,41.7,40.78,133539,586110873.19,2.21,-0.96,-0.4,0.35,牧原股份,002714,前复权
2024-08-15,41.26,41.03,41.82,40.7,196754,866405528.55,2.71,-0.58,-0.24,0.52,牧原股份,002714,前复权
2024-08-16,40.78,40.23,40.87,40.03,180585,776052876.18,2.05,-1.95,-0.8,0.47,牧原股份,002714,前复权
2024-08-19,39.82,39.26,40.12,39.07,260876,1099299957.11,2.61,-2.41,-0.97,0.68,牧原股份,002714,前复权
2024-08-20,39.17,38.09,39.22,37.74,280823,1152448842.41,3.77,-2.98,-1.17,0.74,牧原股份,002714,前复权
2024-08-21,37.8,36.69,37.87,36.52,395484,1571554018.34,3.54,-3.68,-1.4,1.04,牧原股份,002714,前复权
2024-08-22,36.48,36.57,36.68,35.7,285348,1110087608.32,2.67,-0.33,-0.12,0.75,牧原股份,002714,前复权
2024-08-23,36.47,35.83,36.82,35.71,230516,895419151.68,3.04,-2.02,-0.74,0.60,牧原股份,002714,前复权
2024-08-26,35.78,35.94,36.35,35.45,204595,790131838.84,2.51,0.31,0.11,0.54,牧原股份,002714,前复权
2024-08-27,35.77,34.83,35.9,34.64,256984,969655998.06,3.51,-3.09,-1.11,0.67,牧原股份,002714,前复权
2024-08-28,34.67,35.27,35.33,34.38,204182,769674582.13,2.73,1.26,0.44,0.54,牧原股份,002714,前复权
2024-08-29,35.22,35.03,35.46,34.79,168662,638695591.03,1.9,-0.68,-0.24,0.44,牧原股份,002714,前复权
2024-08-30,34.92,35.83,36.27,34.58,369957,1422783054.98,4.82,2.28,0.8,0.97,牧原股份,002714,前复权
2024-09-02,35.77,35.72,36.24,35.49,228963,882674122.13,2.09,-0.31,-0.11,0.60,牧原股份,002714,前复权
2024-09-03,35.49,36.49,36.77,35.48,205381,802987723.34,3.61,2.16,0.77,0.54,牧原股份,002714,前复权
2024-09-04,36.32,35.37,36.63,35.32,187402,722466621.09,3.59,-3.07,-1.12,0.49,牧原股份,002714,前复权
2024-09-05,35.57,35.36,35.73,34.97,151181,574743848.45,2.15,-0.03,-0.01,0.40,牧原股份,002714,前复权
2024-09-06,35.48,35.37,35.9,35.32,131197,503277519.34,1.64,0.03,0.01,0.34,牧原股份,002714,前复权
2024-09-09,35.06,35.85,36.02,34.69,194226,742946016.15,3.76,1.36,0.48,0.51,牧原股份,002714,前复权
2024-09-10,35.84,35.79,36.38,35.38,158360,611744318.96,2.79,-0.17,-0.06,0.42,牧原股份,002714,前复权
2024-09-11,35.66,35.74,36.12,35.1,113560,436641149.48,2.85,-0.14,-0.05,0.30,牧原股份,002714,前复权
2024-09-12,35.76,34.75,35.89,34.74,209510,792511850.74,3.22,-2.77,-0.99,0.55,牧原股份,002714,前复权
2024-09-13,34.45,34.68,35.1,34.12,158406,593363526.64,2.82,-0.2,-0.07,0.42,牧原股份,002714,前复权
2024-09-18,34.64,33.43,34.77,33.27,260195,947796703.02,4.33,-3.6,-1.25,0.68,牧原股份,002714,前复权
2024-09-19,33.57,33.84,34.56,33.15,288631,1057947879.07,4.22,1.23,0.41,0.76,牧原股份,002714,前复权
2024-09-20,33.79,33.2,33.79,32.29,380083,1356978718.99,4.43,-1.89,-0.64,1.00,牧原股份,002714,前复权
2024-09-23,32.67,32.9,33.56,32.42,178987,641402519.73,3.43,-0.9,-0.3,0.47,牧原股份,002714,前复权
2024-09-24,33.51,35.64,35.67,33.32,397211,1480779103.43,7.14,8.33,2.74,1.04,牧原股份,002714,前复权
2024-09-25,36.28,35.65,36.64,35.58,303195,1177980133.63,2.97,0.03,0.01,0.80,牧原股份,002714,前复权
2024-09-26,35.76,37.21,37.24,35.49,388818,1526597622.42,4.91,4.38,1.56,1.02,牧原股份,002714,前复权
2024-09-27,39.27,40.43,41.07,39.27,666735,2851506285.58,4.84,8.65,3.22,1.75,牧原股份,002714,前复权
2024-09-30,41.37,43.58,44.2,41.06,944005,4275593467.31,7.77,7.79,3.15,2.48,牧原股份,002714,前复权
2024-10-08,48.05,42.37,48.05,40.49,1541556,7195262700.54,17.35,-2.78,-1.21,4.05,牧原股份,002714,前复权
2024-10-09,41.77,39.26,41.77,39.1,783250,3372269925.83,6.3,-7.34,-3.11,2.06,牧原股份,002714,前复权
2024-10-10,41.67,40.76,42.71,40.64,1074933,4780888627.55,5.27,3.82,1.5,2.82,牧原股份,002714,前复权
2024-10-11,40.75,39.55,40.75,39.11,397289,1689715822.4,4.02,-2.97,-1.21,1.04,牧原股份,002714,前复权
2024-10-14,39.67,40.56,40.83,39.42,422951,1819548471.26,3.57,2.55,1.01,1.11,牧原股份,002714,前复权
2024-10-15,40.47,39.33,40.84,39.28,361135,1541808473.51,3.85,-3.03,-1.23,0.95,牧原股份,002714,前复权
2024-10-16,39.02,39.07,39.62,38.5,289934,1212380324.79,2.85,-0.66,-0.26,0.76,牧原股份,002714,前复权
2024-10-17,39.2,38.51,39.55,38.5,239298,999569806.65,2.69,-1.43,-0.56,0.63,牧原股份,002714,前复权
2024-10-18,38.37,39.46,40.23,38.08,471894,1966180089.8,5.58,2.47,0.95,1.24,牧原股份,002714,前复权
2024-10-21,41.33,40.49,41.33,39.99,580054,2506888594.4,3.4,2.61,1.03,1.52,牧原股份,002714,前复权
2024-10-22,40.27,41.25,41.52,40.08,428226,1864905135.35,3.56,1.88,0.76,1.12,牧原股份,002714,前复权
2024-10-23,41.63,41.05,41.66,40.59,411129,1795820818.17,2.59,-0.48,-0.2,1.08,牧原股份,002714,前复权
2024-10-24,40.78,40.44,41.27,40.31,220571,957917918.0,2.34,-1.49,-0.61,0.58,牧原股份,002714,前复权
2024-10-25,40.37,40.37,41.21,40.28,367629,1595891750.9,2.3,-0.17,-0.07,0.96,牧原股份,002714,前复权
2024-10-28,40.3,40.8,40.95,39.87,420153,1813376261.95,2.68,1.07,0.43,1.10,牧原股份,002714,前复权
2024-10-29,40.81,40.34,40.86,39.93,356489,1534390567.76,2.28,-1.13,-0.46,0.94,牧原股份,002714,前复权
2024-10-30,40.92,41.17,41.83,40.15,720559,3141849992.72,4.16,2.06,0.83,1.89,牧原股份,002714,前复权
2024-10-31,41.2,40.91,41.42,40.69,490933,2144887530.23,1.77,-0.63,-0.26,1.29,牧原股份,002714,前复权
2024-11-01,40.91,41.27,42.06,40.81,542342,2399444227.77,3.06,0.88,0.36,1.42,牧原股份,002714,前复权
2024-11-04,41.33,41.35,41.49,40.62,329808,1446881826.08,2.11,0.19,0.08,0.87,牧原股份,002714,前复权
2024-11-05,41.27,41.78,41.8,40.96,534521,2357083442.33,2.03,1.04,0.43,1.40,牧原股份,002714,前复权
2024-11-06,41.57,41.82,42.21,41.27,570540,2532908686.4,2.25,0.1,0.04,1.50,牧原股份,002714,前复权
2024-11-07,41.64,43.15,43.15,41.49,676081,3067913125.81,3.97,3.18,1.33,1.77,牧原股份,002714,前复权
2024-11-08,43.38,42.16,43.57,42.1,605627,2739624297.83,3.41,-2.29,-0.99,1.59,牧原股份,002714,前复权
2024-11-11,41.41,41.89,41.95,41.23,431320,1912907221.84,1.71,-0.64,-0.27,1.13,牧原股份,002714,前复权
2024-11-12,41.87,41.57,42.65,41.37,457429,2048183396.14,3.06,-0.76,-0.32,1.20,牧原股份,002714,前复权
2024-11-13,41.33,41.43,41.64,40.82,335296,1474363028.67,1.97,-0.34,-0.14,0.88,牧原股份,002714,前复权
2024-11-14,41.18,40.38,41.61,40.32,338887,1480018979.3,3.11,-2.53,-1.05,0.89,牧原股份,002714,前复权
2024-11-15,40.27,39.41,40.67,39.35,305964,1305804962.56,3.27,-2.4,-0.97,0.80,牧原股份,002714,前复权
2024-11-18,39.39,39.22,40.06,39.09,314673,1328872001.7,2.46,-0.48,-0.19,0.83,牧原股份,002714,前复权
2024-11-19,39.29,39.28,39.74,38.52,253278,1058506301.76,3.11,0.15,0.06,0.66,牧原股份,002714,前复权
2024-11-20,39.06,39.3,39.39,38.89,197566,827662266.0,1.27,0.05,0.02,0.52,牧原股份,002714,前复权
2024-11-21,39.27,39.63,39.72,39.18,222088,937949936.59,1.37,0.84,0.33,0.58,牧原股份,002714,前复权
2024-11-22,39.55,38.23,39.62,38.18,274145,1139088808.25,3.63,-3.53,-1.4,0.72,牧原股份,002714,前复权
2024-11-25,38.12,37.79,38.57,37.56,242333,988638808.6,2.64,-1.15,-0.44,0.64,牧原股份,002714,前复权
2024-11-26,37.85,37.93,38.33,37.7,175947,715765189.19,1.67,0.37,0.14,0.46,牧原股份,002714,前复权
2024-11-27,37.77,38.26,38.26,37.56,166228,676742523.78,1.85,0.87,0.33,0.44,牧原股份,002714,前复权
2024-11-28,38.27,37.77,38.27,37.68,190802,775266368.54,1.54,-1.28,-0.49,0.50,牧原股份,002714,前复权
2024-11-29,37.88,38.0,38.19,37.57,241175,980649147.88,1.64,0.61,0.23,0.63,牧原股份,002714,前复权
2024-12-02,37.87,38.23,38.43,37.52,265667,1085091695.16,2.39,0.61,0.23,0.70,牧原股份,002714,前复权
2024-12-03,38.12,38.2,38.87,37.99,295039,1211283230.8,2.3,-0.08,-0.03,0.77,牧原股份,002714,前复权
2024-12-04,37.99,37.63,38.09,37.48,248340,1005463140.85,1.6,-1.49,-0.57,0.65,牧原股份,002714,前复权
2024-12-05,37.37,37.71,37.81,37.11,256290,1029836372.88,1.86,0.21,0.08,0.67,牧原股份,002714,前复权
2024-12-06,37.55,37.68,38.02,37.55,234349,949272873.71,1.25,-0.08,-0.03,0.61,牧原股份,002714,前复权
2024-12-09,37.6,36.82,37.61,36.65,347684,1382780852.86,2.55,-2.28,-0.86,0.91,牧原股份,002714,前复权
2024-12-10,37.89,37.02,38.35,37.01,472453,1907810343.07,3.64,0.54,0.2,1.24,牧原股份,002714,前复权
2024-12-11,37.04,37.84,38.02,36.99,329407,1331620278.74,2.78,2.22,0.82,0.86,牧原股份,002714,前复权
2024-12-12,37.92,38.58,38.65,37.63,349125,1430502136.23,2.7,1.96,0.74,0.92,牧原股份,002714,前复权
2024-12-13,38.33,37.61,38.36,37.61,323576,1312778876.22,1.94,-2.51,-0.97,0.85,牧原股份,002714,前复权
2024-12-16,37.62,37.2,37.79,36.99,239781,959076763.31,2.13,-1.09,-0.41,0.63,牧原股份,002714,前复权
2024-12-17,37.2,37.09,37.52,36.95,203083,811088626.75,1.53,-0.3,-0.11,0.53,牧原股份,002714,前复权
2024-12-18,37.17,36.77,37.29,36.67,230190,911370047.89,1.67,-0.86,-0.32,0.60,牧原股份,002714,前复权
2024-12-19,36.48,36.8,36.93,36.13,233546,916371565.85,2.18,0.08,0.03,0.61,牧原股份,002714,前复权
2024-12-20,36.77,36.2,37.09,36.2,348964,1374477757.97,2.42,-1.63,-0.6,0.92,牧原股份,002714,前复权
2024-12-23,36.21,36.34,36.65,36.02,255691,998583618.44,1.74,0.39,0.14,0.67,牧原股份,002714,前复权
2024-12-24,36.35,36.6,37.05,36.15,271368,1068466600.44,2.48,0.72,0.26,0.71,牧原股份,002714,前复权
2024-12-25,36.83,36.34,36.87,36.19,199184,778688732.54,1.86,-0.71,-0.26,0.52,牧原股份,002714,前复权
2024-12-26,36.35,36.19,36.56,36.11,211448,824079614.48,1.24,-0.41,-0.15,0.55,牧原股份,002714,前复权
2024-12-27,36.2,36.63,37.02,35.78,310053,1214610715.93,3.43,1.22,0.44,0.81,牧原股份,002714,前复权
2024-12-30,36.77,36.77,36.98,36.18,313228,1211430206.65,2.18,0.38,0.14,0.82,牧原股份,002714,前复权
2024-12-31,36.62,36.54,37.35,36.53,277980,1077820759.79,2.23,-0.63,-0.23,0.73,牧原股份,002714,前复权
2025-01-02,36.56,35.69,36.9,35.52,297099,1133209447.59,3.78,-2.33,-0.85,0.78,牧原股份,002714,前复权
2025-01-03,35.78,35.42,36.18,35.3,244181,919700249.7,2.47,-0.76,-0.27,0.64,牧原股份,002714,前复权
2025-01-06,35.64,35.59,36.01,35.38,238427,895302752.08,1.78,0.48,0.17,0.63,牧原股份,002714,前复权
2025-01-07,35.65,35.78,36.13,35.3,212102,799239248.71,2.33,0.53,0.19,0.56,牧原股份,002714,前复权
2025-01-08,35.62,35.35,35.98,35.21,240281,899959632.41,2.15,-1.2,-0.43,0.63,牧原股份,002714,前复权
2025-01-09,35.9,35.4,36.27,35.14,489345,1834910494.23,3.2,0.14,0.05,1.28,牧原股份,002714,前复权
2025-01-10,35.23,34.3,35.28,34.25,408265,1494123541.55,2.91,-3.11,-1.1,1.07,牧原股份,002714,前复权
2025-01-13,33.91,34.35,34.8,33.82,252381,914789614.81,2.86,0.15,0.05,0.66,牧原股份,002714,前复权
2025-01-14,34.38,35.14,35.15,34.15,343423,1259618929.8,2.91,2.3,0.79,0.90,牧原股份,002714,前复权
2025-01-15,34.96,34.47,35.05,34.3,317320,1156462608.72,2.13,-1.91,-0.67,0.83,牧原股份,002714,前复权
2025-01-16,34.51,34.53,35.15,34.24,347114,1269580785.81,2.64,0.17,0.06,0.91,牧原股份,002714,前复权
2025-01-17,34.52,34.79,35.0,34.25,273964,1003481730.25,2.17,0.75,0.26,0.72,牧原股份,002714,前复权
2025-01-20,35.0,35.33,35.6,34.82,364180,1351625621.94,2.24,1.55,0.54,0.96,牧原股份,002714,前复权
2025-01-21,35.5,35.0,35.51,34.81,221953,819623151.04,1.98,-0.93,-0.33,0.58,牧原股份,002714,前复权
2025-01-22,34.92,34.62,34.92,34.41,213410,779868037.7,1.46,-1.09,-0.38,0.56,牧原股份,002714,前复权
2025-01-23,34.95,34.91,35.24,34.78,270185,998096811.73,1.33,0.84,0.29,0.71,牧原股份,002714,前复权
2025-01-24,34.82,34.98,35.09,34.66,204650,753329005.27,1.23,0.2,0.07,0.54,牧原股份,002714,前复权
2025-01-27,35.02,35.31,35.78,35.02,268043,1001340493.55,2.17,0.94,0.33,0.70,牧原股份,002714,前复权
2025-02-05,35.45,34.92,35.53,34.81,232847,859393163.17,2.04,-1.1,-0.39,0.61,牧原股份,002714,前复权
2025-02-06,34.93,34.9,34.96,34.42,271945,995917817.35,1.55,-0.06,-0.02,0.71,牧原股份,002714,前复权
2025-02-07,34.76,34.92,35.23,34.45,433108,1591357172.56,2.23,0.06,0.02,1.14,牧原股份,002714,前复权
2025-02-10,34.82,34.68,34.9,34.53,328526,1200884268.8,1.06,-0.69,-0.24,0.86,牧原股份,002714,前复权
2025-02-11,34.69,34.34,34.85,34.28,313600,1140191301.05,1.64,-0.98,-0.34,0.82,牧原股份,002714,前复权
2025-02-12,34.2,34.41,34.42,33.93,346108,1246572014.78,1.43,0.2,0.07,0.91,牧原股份,002714,前复权
2025-02-13,34.31,36.31,36.55,34.25,1087729,4098649186.15,6.68,5.52,1.9,2.85,牧原股份,002714,前复权
2025-02-14,35.9,35.81,36.18,35.51,489139,1845601272.09,1.85,-1.38,-0.5,1.28,牧原股份,002714,前复权
2025-02-17,35.78,35.96,36.19,35.33,415642,1563059457.87,2.4,0.42,0.15,1.09,牧原股份,002714,前复权
2025-02-18,36.0,35.27,36.16,35.2,361634,1359734479.42,2.67,-1.92,-0.69,0.95,牧原股份,002714,前复权
2025-02-19,35.21,35.5,35.59,34.91,436714,1621780540.29,1.93,0.65,0.23,1.15,牧原股份,002714,前复权
2025-02-20,35.48,35.02,35.48,35.0,304871,1129984559.26,1.35,-1.35,-0.48,0.80,牧原股份,002714,前复权
2025-02-21,35.1,35.1,36.16,34.98,520216,1940455376.07,3.37,0.23,0.08,1.37,牧原股份,002714,前复权
2025-02-24,35.47,35.3,35.94,35.13,534925,2000143785.09,2.31,0.57,0.2,1.40,牧原股份,002714,前复权
2025-02-25,35.12,34.69,35.12,34.61,336330,1233074277.43,1.44,-1.73,-0.61,0.88,牧原股份,002714,前复权
2025-02-26,34.7,34.93,34.95,34.48,292514,1069654401.94,1.35,0.69,0.24,0.77,牧原股份,002714,前复权
2025-02-27,34.9,34.61,34.99,34.37,340966,1244872035.91,1.77,-0.92,-0.32,0.89,牧原股份,002714,前复权
2025-02-28,34.57,34.39,35.18,34.3,427853,1567322314.46,2.54,-0.64,-0.22,1.12,牧原股份,002714,前复权
2025-03-03,34.39,34.77,35.17,34.21,431883,1586158717.82,2.79,1.1,0.38,1.13,牧原股份,002714,前复权
2025-03-04,34.78,35.17,35.41,34.38,365465,1341874738.89,2.96,1.15,0.4,0.96,牧原股份,002714,前复权
2025-03-05,35.2,34.68,35.26,34.62,286757,1052043572.25,1.82,-1.39,-0.49,0.75,牧原股份,002714,前复权
2025-03-06,34.8,34.95,35.05,34.5,317559,1167139353.13,1.59,0.78,0.27,0.83,牧原股份,002714,前复权
2025-03-07,34.85,35.0,35.36,34.72,377782,1395578820.56,1.83,0.14,0.05,0.99,牧原股份,002714,前复权
2025-03-10,35.6,35.41,35.69,35.06,485542,1810704828.85,1.8,1.17,0.41,1.27,牧原股份,002714,前复权
2025-03-11,35.01,36.2,36.23,34.96,697370,2637006243.87,3.59,2.23,0.79,1.83,牧原股份,002714,前复权
2025-03-12,36.21,36.07,36.28,35.88,380513,1445912639.49,1.1,-0.36,-0.13,1.00,牧原股份,002714,前复权
2025-03-13,36.05,36.13,36.31,35.96,335989,1277747803.81,0.97,0.17,0.06,0.88,牧原股份,002714,前复权
2025-03-14,36.29,36.6,36.77,36.15,489494,1880506020.95,1.72,1.3,0.47,1.28,牧原股份,002714,前复权
2025-03-17,36.93,37.31,37.67,36.77,532194,2087564857.88,2.46,1.94,0.71,1.40,牧原股份,002714,前复权
2025-03-18,37.29,36.73,37.29,36.6,421433,1629191862.02,1.85,-1.55,-0.58,1.11,牧原股份,002714,前复权
2025-03-19,36.7,36.84,36.85,36.38,308693,1189734353.58,1.28,0.3,0.11,0.81,牧原股份,002714,前复权
2025-03-20,37.2,36.36,37.2,36.35,425599,1638821168.35,2.31,-1.3,-0.48,1.12,牧原股份,002714,前复权
2025-03-21,36.36,36.68,37.35,35.82,542622,2082103680.81,4.21,0.88,0.32,1.42,牧原股份,002714,前复权
2025-03-24,36.3,36.35,36.48,35.66,305369,1165570218.97,2.24,-0.9,-0.33,0.80,牧原股份,002714,前复权
2025-03-25,36.39,36.7,36.7,36.07,304882,1168050003.83,1.73,0.96,0.35,0.80,牧原股份,002714,前复权
2025-03-26,36.72,38.07,38.3,36.6,937084,3714046976.67,4.63,3.73,1.37,2.46,牧原股份,002714,前复权
2025-03-27,38.04,37.89,38.23,37.81,354833,1414412250.83,1.1,-0.47,-0.18,0.93,牧原股份,002714,前复权
2025-03-28,37.89,37.74,37.9,37.49,278249,1100633024.68,1.08,-0.4,-0.15,0.73,牧原股份,002714,前复权
2025-03-31,37.56,36.83,38.01,36.76,351708,1375551578.6,3.31,-2.41,-0.91,0.92,牧原股份,002714,前复权
2025-04-01,36.81,36.88,37.53,36.76,307321,1197449941.0,2.09,0.14,0.05,0.81,牧原股份,002714,前复权
2025-04-02,36.9,37.14,37.28,36.9,263667,1028632600.07,1.03,0.7,0.26,0.69,牧原股份,002714,前复权
2025-04-03,36.8,37.59,37.77,36.8,368220,1450500682.48,2.61,1.21,0.45,0.97,牧原股份,002714,前复权
2025-04-07,36.95,36.88,38.29,35.63,1074454,4187117663.28,7.08,-1.89,-0.71,2.82,牧原股份,002714,前复权
2025-04-08,36.88,39.45,40.1,36.01,1348126,5416628552.65,11.09,6.97,2.57,3.54,牧原股份,002714,前复权
2025-04-09,40.05,40.3,41.6,38.68,1409823,5960158637.07,7.4,2.15,0.85,3.70,牧原股份,002714,前复权
2025-04-10,39.1,40.04,40.38,38.75,942115,3938993853.11,4.04,-0.65,-0.26,2.47,牧原股份,002714,前复权
2025-04-11,39.92,39.03,39.96,38.68,608119,2494837428.64,3.2,-2.52,-1.01,1.60,牧原股份,002714,前复权
2025-04-14,39.03,38.84,39.3,38.78,433216,1768657633.34,1.33,-0.49,-0.19,1.14,牧原股份,002714,前复权
2025-04-15,38.76,38.71,38.79,38.33,349633,1414608507.43,1.18,-0.33,-0.13,0.92,牧原股份,002714,前复权
2025-04-16,38.4,38.9,39.1,38.0,495179,2002334542.12,2.84,0.49,0.19,1.30,牧原股份,002714,前复权
2025-04-17,38.6,38.87,38.93,38.32,306165,1241778021.21,1.57,-0.08,-0.03,0.80,牧原股份,002714,前复权
2025-04-18,38.66,38.47,38.78,38.28,212710,859017723.75,1.29,-1.03,-0.4,0.56,牧原股份,002714,前复权
2025-04-21,38.37,38.6,38.63,38.17,201729,813943881.57,1.2,0.34,0.13,0.53,牧原股份,002714,前复权
2025-04-22,38.53,38.54,38.93,38.36,238519,966192587.25,1.48,-0.16,-0.06,0.63,牧原股份,002714,前复权
2025-04-23,38.58,38.47,38.58,37.8,412568,1650090976.45,2.02,-0.18,-0.07,1.08,牧原股份,002714,前复权
2025-04-24,38.3,38.62,39.3,38.3,345624,1407003245.33,2.6,0.39,0.15,0.91,牧原股份,002714,前复权
2025-04-25,38.9,38.13,39.18,38.11,297947,1204558954.15,2.77,-1.27,-0.49,0.78,牧原股份,002714,前复权
2025-04-28,38.13,37.83,38.27,37.8,227241,907193098.32,1.23,-0.79,-0.3,0.60,牧原股份,002714,前复权
2025-04-29,37.8,37.6,37.8,37.4,239264,943735089.84,1.06,-0.61,-0.23,0.63,牧原股份,002714,前复权
2025-04-30,37.59,37.77,37.86,37.49,225813,893800463.91,0.98,0.45,0.17,0.59,牧原股份,002714,前复权
2025-05-06,37.78,37.82,38.0,37.61,262067,1041261868.97,1.03,0.13,0.05,0.69,牧原股份,002714,前复权
2025-05-07,38.03,37.83,38.07,37.68,252396,1003775558.5,1.03,0.03,0.01,0.66,牧原股份,002714,前复权
2025-05-08,37.88,37.8,38.25,37.72,274526,1093765800.9,1.4,-0.08,-0.03,0.72,牧原股份,002714,前复权
2025-05-09,37.8,37.52,37.92,37.48,209725,828681743.79,1.16,-0.74,-0.28,0.55,牧原股份,002714,前复权
2025-05-12,37.55,37.34,37.56,37.14,256659,1006720340.73,1.12,-0.48,-0.18,0.67,牧原股份,002714,前复权
2025-05-13,37.4,37.44,37.54,37.19,223140,875757561.27,0.94,0.27,0.1,0.59,牧原股份,002714,前复权
2025-05-14,37.44,38.07,38.11,37.25,347492,1378563275.54,2.3,1.68,0.63,0.91,牧原股份,002714,前复权
2025-05-15,37.85,37.84,38.14,37.79,230421,918609124.69,0.92,-0.6,-0.23,0.60,牧原股份,002714,前复权
2025-05-16,37.8,37.35,37.9,37.25,212405,835021311.98,1.72,-1.29,-0.49,0.56,牧原股份,002714,前复权
2025-05-19,37.25,37.33,37.5,37.19,156601,614820948.35,0.83,-0.05,-0.02,0.41,牧原股份,002714,前复权
2025-05-20,37.33,37.65,37.84,37.19,198280,782429542.62,1.74,0.86,0.32,0.52,牧原股份,002714,前复权
2025-05-21,37.65,38.09,38.43,37.61,337540,1350649283.67,2.18,1.17,0.44,0.89,牧原股份,002714,前复权
2025-05-22,38.11,37.96,38.2,37.72,146449,583231826.67,1.26,-0.34,-0.13,0.38,牧原股份,002714,前复权
2025-05-23,37.9,37.61,38.27,37.6,193293,769595776.92,1.77,-0.92,-0.35,0.51,牧原股份,002714,前复权
2025-05-26,37.6,37.48,37.76,37.26,173509,683323958.07,1.33,-0.35,-0.13,0.46,牧原股份,002714,前复权
2025-05-27,37.4,36.89,37.72,36.89,199881,782201654.06,2.21,-1.57,-0.59,0.52,牧原股份,002714,前复权
2025-05-28,36.87,36.5,37.04,36.46,197064,760865626.25,1.57,-1.06,-0.39,0.52,牧原股份,002714,前复权
2025-05-29,36.44,36.76,36.8,36.26,195881,753319699.61,1.48,0.71,0.26,0.51,牧原股份,002714,前复权
2025-05-30,36.94,38.54,38.76,36.89,824287,3304627602.45,5.09,4.84,1.78,2.16,牧原股份,002714,前复权
2025-06-03,38.16,39.64,39.88,38.13,636801,2623707151.77,4.54,2.85,1.1,1.67,牧原股份,002714,前复权
2025-06-04,39.51,39.85,39.86,38.98,472246,1953060783.3,2.22,0.53,0.21,1.24,牧原股份,002714,前复权
2025-06-05,39.7,38.9,39.84,38.82,272886,1120815343.75,2.56,-2.38,-0.95,0.72,牧原股份,002714,前复权
2025-06-06,39.1,39.24,39.54,38.8,272272,1120598837.79,1.9,0.87,0.34,0.71,牧原股份,002714,前复权
2025-06-09,39.24,40.93,41.07,39.08,622321,2647502375.52,5.07,4.31,1.69,1.63,牧原股份,002714,前复权
2025-06-10,40.9,40.45,41.15,40.14,295213,1253632494.38,2.47,-1.17,-0.48,0.77,牧原股份,002714,前复权
2025-06-11,40.58,42.48,42.68,40.45,760392,3346929345.88,5.51,5.02,2.03,2.00,牧原股份,002714,前复权
2025-06-12,42.1,41.88,42.37,41.64,296077,1296650496.35,1.72,-1.41,-0.6,0.78,牧原股份,002714,前复权
2025-06-13,41.72,41.88,42.2,41.25,376504,1638899733.03,2.27,0.0,0.0,0.99,牧原股份,002714,前复权
2025-06-16,41.71,41.06,41.71,41.01,337008,1454401356.74,1.67,-1.96,-0.82,0.88,牧原股份,002714,前复权
2025-06-17,41.1,41.14,41.52,40.93,178077,768350585.56,1.44,0.19,0.08,0.47,牧原股份,002714,前复权
2025-06-18,41.08,40.59,41.37,40.54,193772,826645431.76,2.02,-1.34,-0.55,0.51,牧原股份,002714,前复权
2025-06-19,40.69,40.4,41.0,40.05,205697,871201087.79,2.34,-0.47,-0.19,0.54,牧原股份,002714,前复权
2025-06-20,40.49,39.93,40.8,39.93,282520,1196303105.42,2.15,-1.16,-0.47,0.74,牧原股份,002714,前复权
2025-06-23,40.11,39.78,40.93,39.6,236264,986917256.31,3.33,-0.38,-0.15,0.62,牧原股份,002714,前复权
2025-06-24,39.95,39.92,40.32,39.38,249770,1045018165.54,2.36,0.35,0.14,0.66,牧原股份,002714,前复权
2025-06-25,39.89,40.13,40.19,39.46,282526,1178629931.93,1.83,0.53,0.21,0.74,牧原股份,002714,前复权
2025-06-26,40.21,40.46,40.9,40.03,269036,1124225625.95,2.17,0.82,0.33,0.71,牧原股份,002714,前复权
2025-06-27,40.45,40.33,40.74,40.17,176834,739571321.29,1.41,-0.32,-0.13,0.46,牧原股份,002714,前复权
2025-06-30,40.47,40.67,40.87,40.24,203273,851060321.95,1.56,0.84,0.34,0.53,牧原股份,002714,前复权
2025-07-01,40.68,40.65,40.96,40.32,185094,776784111.53,1.57,-0.05,-0.02,0.49,牧原股份,002714,前复权
2025-07-02,40.66,41.23,41.29,40.56,327669,1385865143.88,1.8,1.43,0.58,0.86,牧原股份,002714,前复权
2025-07-03,41.47,42.04,42.24,41.06,410012,1768292764.69,2.86,1.96,0.81,1.08,牧原股份,002714,前复权
2025-07-04,41.84,42.39,42.51,41.63,331842,1445047077.62,2.09,0.83,0.35,0.87,牧原股份,002714,前复权
2025-07-07,42.26,42.1,42.51,41.92,202080,880343021.51,1.39,-0.68,-0.29,0.53,牧原股份,002714,前复权
2025-07-08,42.11,42.33,42.5,41.65,319986,1388832867.86,2.02,0.55,0.23,0.84,牧原股份,002714,前复权
2025-07-09,42.31,43.76,44.26,42.29,687988,3097354095.86,4.65,3.38,1.43,1.81,牧原股份,002714,前复权
2025-07-10,44.66,43.97,44.68,43.36,604000,2735934115.85,3.02,0.48,0.21,1.59,牧原股份,002714,前复权
2025-07-11,44.52,44.35,45.52,44.14,496021,2284530079.84,3.14,0.86,0.38,1.30,牧原股份,002714,前复权
2025-07-14,44.36,44.17,44.61,43.91,340337,1551127282.51,1.58,-0.41,-0.18,0.89,牧原股份,002714,前复权
2025-07-15,44.29,43.55,44.42,43.36,378131,1705195662.81,2.4,-1.4,-0.62,0.99,牧原股份,002714,前复权
2025-07-16,43.44,43.8,43.84,43.14,274436,1230783565.28,1.61,0.57,0.25,0.72,牧原股份,002714,前复权
2025-07-17,43.8,43.94,44.88,43.8,241657,1099343102.29,2.47,0.32,0.14,0.63,牧原股份,002714,前复权
2025-07-18,43.99,44.7,45.17,43.89,335233,1543184128.15,2.91,1.73,0.76,0.88,牧原股份,002714,前复权
2025-07-21,44.83,45.99,46.16,44.79,526338,2469501783.01,3.06,2.89,1.29,1.38,牧原股份,002714,前复权
2025-07-22,45.94,47.08,47.15,45.68,499762,2392338405.83,3.2,2.37,1.09,1.31,牧原股份,002714,前复权
2025-07-23,48.24,47.75,48.74,47.37,808088,3978845458.37,2.91,1.42,0.67,2.12,牧原股份,002714,前复权
2025-07-24,47.16,46.93,47.23,46.58,449092,2164956560.88,1.36,-1.72,-0.82,1.18,牧原股份,002714,前复权
2025-07-25,46.99,47.24,47.86,46.95,403598,1963176553.25,1.94,0.66,0.31,1.06,牧原股份,002714,前复权
2025-07-28,47.06,47.0,47.66,46.71,352143,1705176993.88,2.01,-0.51,-0.24,0.92,牧原股份,002714,前复权
2025-07-29,46.76,45.94,46.98,45.76,436220,2068463634.64,2.6,-2.26,-1.06,1.14,牧原股份,002714,前复权
2025-07-30,45.94,45.93,46.96,45.55,417541,1983188376.18,3.07,-0.02,-0.01,1.10,牧原股份,002714,前复权
2025-07-31,45.44,45.02,45.65,44.76,395410,1839261779.63,1.94,-1.98,-0.91,1.04,牧原股份,002714,前复权
2025-08-01,45.07,44.47,45.25,44.36,298470,1376368369.05,1.98,-1.22,-0.55,0.78,牧原股份,002714,前复权
2025-08-04,44.46,44.57,44.83,44.3,226824,1041612800.55,1.19,0.22,0.1,0.60,牧原股份,002714,前复权
2025-08-05,44.85,44.92,45.11,44.54,265787,1229395510.47,1.28,0.79,0.35,0.70,牧原股份,002714,前复权
2025-08-06,44.9,45.43,45.76,44.76,311995,1455030339.55,2.23,1.14,0.51,0.82,牧原股份,002714,前复权
2025-08-07,45.44,45.33,46.03,44.99,213225,995846638.56,2.29,-0.22,-0.1,0.56,牧原股份,002714,前复权
2025-08-08,45.55,45.61,46.05,45.26,258517,1214658754.36,1.74,0.62,0.28,0.68,牧原股份,002714,前复权
2025-08-11,45.88,45.41,45.88,44.96,265524,1240327590.78,2.02,-0.44,-0.2,0.70,牧原股份,002714,前复权
2025-08-12,45.41,45.68,45.91,45.36,234410,1102111390.95,1.21,0.59,0.27,0.62,牧原股份,002714,前复权
2025-08-13,45.73,45.55,46.04,44.86,323760,1510311102.43,2.58,-0.28,-0.13,0.85,牧原股份,002714,前复权
2025-08-14,45.37,45.13,45.92,45.08,264906,1240066360.5,1.84,-0.92,-0.42,0.70,牧原股份,002714,前复权
2025-08-15,44.93,44.73,45.19,44.42,399077,1839459948.25,1.71,-0.89,-0.4,1.05,牧原股份,002714,前复权
2025-08-18,44.73,44.99,44.99,44.37,386580,1779679123.58,1.39,0.58,0.26,1.01,牧原股份,002714,前复权
2025-08-19,45.04,45.37,46.04,45.02,383484,1798218096.91,2.27,0.84,0.38,1.01,牧原股份,002714,前复权
2025-08-20,45.56,46.16,46.32,44.9,409712,1930273582.78,3.13,1.74,0.79,1.08,牧原股份,002714,前复权
2025-08-21,48.29,48.87,50.42,47.02,1151209,5763666205.42,7.37,5.87,2.71,3.02,牧原股份,002714,前复权
2025-08-22,49.14,49.01,49.4,48.24,569572,2852098769.38,2.37,0.29,0.14,1.49,牧原股份,002714,前复权
2025-08-25,49.03,50.04,50.11,48.76,602646,3062052407.09,2.75,2.1,1.03,1.58,牧原股份,002714,前复权
2025-08-26,49.95,53.72,54.89,49.57,1143279,6213958331.98,10.63,7.35,3.68,3.00,牧原股份,002714,前复权
2025-08-27,53.36,53.16,54.65,53.08,657697,3620935996.45,2.92,-1.04,-0.56,1.73,牧原股份,002714,前复权
2025-08-28,52.96,53.16,53.46,52.16,570731,3088030914.31,2.45,0.0,0.0,1.50,牧原股份,002714,前复权
2025-08-29,53.16,53.62,54.16,52.96,408050,2239599637.24,2.26,0.87,0.46,1.07,牧原股份,002714,前复权
2025-09-01,53.89,53.46,54.14,52.64,405047,2212184540.95,2.8,-0.3,-0.16,1.06,牧原股份,002714,前复权
2025-09-02,53.21,53.41,55.11,53.16,565159,3136069948.52,3.65,-0.09,-0.05,1.48,牧原股份,002714,前复权
2025-09-03,53.41,52.5,54.51,52.26,358671,1944934808.84,4.21,-1.7,-0.91,0.94,牧原股份,002714,前复权
2025-09-04,52.51,51.49,52.8,50.71,482179,2549417717.13,3.98,-1.92,-1.01,1.27,牧原股份,002714,前复权
2025-09-05,51.55,52.36,52.36,50.68,323013,1711214212.98,3.26,1.69,0.87,0.85,牧原股份,002714,前复权
2025-09-08,53.16,54.31,54.96,53.16,573410,3188024926.22,3.44,3.72,1.95,1.50,牧原股份,002714,前复权
2025-09-09,54.3,53.24,54.53,52.79,450244,2476388792.72,3.2,-1.97,-1.07,1.18,牧原股份,002714,前复权
2025-09-10,52.86,53.06,53.62,51.78,342542,1851947132.28,3.46,-0.34,-0.18,0.90,牧原股份,002714,前复权
2025-09-11,53.61,56.11,57.15,53.59,932018,5359035949.84,6.71,5.75,3.05,2.45,牧原股份,002714,前复权
2025-09-12,56.06,56.2,57.12,55.76,562952,3250664548.59,2.42,0.16,0.09,1.48,牧原股份,002714,前复权
2025-09-15,56.16,57.43,58.34,55.79,698123,4100408986.31,4.54,2.19,1.23,1.83,牧原股份,002714,前复权
2025-09-16,57.46,56.01,57.52,54.98,630677,3609801694.99,4.42,-2.47,-1.42,1.66,牧原股份,002714,前复权
2025-09-17,56.02,54.85,56.24,54.27,547029,3075589379.42,3.52,-2.07,-1.16,1.44,牧原股份,002714,前复权
2025-09-18,54.86,53.41,55.16,52.91,500844,2771898584.38,4.1,-2.63,-1.44,1.31,牧原股份,002714,前复权
2025-09-19,52.96,53.04,53.61,52.39,440787,2392336910.28,2.28,-0.69,-0.37,1.16,牧原股份,002714,前复权
2025-09-22,52.5,52.22,52.5,51.21,418086,2219200340.78,2.43,-1.55,-0.82,1.10,牧原股份,002714,前复权
2025-09-23,51.76,51.88,52.91,51.38,392446,2090627899.98,2.93,-0.65,-0.34,1.03,牧原股份,002714,前复权
2025-09-24,51.76,52.62,52.91,51.47,370089,1981926989.44,2.78,1.43,0.74,0.97,牧原股份,002714,前复权
2025-09-25,52.63,51.5,52.86,51.04,410274,2170047496.87,3.46,-2.13,-1.12,1.08,牧原股份,002714,前复权
2025-09-26,51.39,51.13,51.91,50.96,350139,1850912040.37,1.84,-0.72,-0.37,0.92,牧原股份,002714,前复权
2025-09-29,50.46,51.66,51.81,49.73,495055,2577664659.89,4.07,1.04,0.53,1.30,牧原股份,002714,前复权
2025-09-30,51.54,51.66,52.0,50.62,395904,2088295989.81,2.67,0.0,0.0,1.04,牧原股份,002714,前复权
2025-10-09,50.6,51.51,51.56,49.26,626962,3247997689.89,4.45,-0.29,-0.15,1.65,牧原股份,002714,前复权
2025-10-10,51.43,51.88,52.75,51.0,549873,2929512306.54,3.4,0.72,0.37,1.44,牧原股份,002714,前复权
2025-10-13,50.93,51.76,52.84,50.93,515176,2732369415.06,3.68,-0.23,-0.12,1.35,牧原股份,002714,前复权
2025-10-14,51.86,52.36,53.06,51.54,589718,3168934287.66,2.94,1.16,0.6,1.55,牧原股份,002714,前复权
2025-10-15,52.27,51.93,52.66,51.19,351685,1871493154.69,2.81,-0.82,-0.43,0.92,牧原股份,002714,前复权
2025-10-16,52.26,50.91,52.27,50.91,317185,1647098961.66,2.62,-1.96,-1.02,0.83,牧原股份,002714,前复权
2025-10-17,50.68,50.2,51.06,49.96,321614,1635658058.94,2.16,-1.39,-0.71,0.84,牧原股份,002714,前复权
2025-10-20,50.18,49.06,50.38,48.8,394602,1968849043.56,3.15,-2.27,-1.14,1.04,牧原股份,002714,前复权
2025-10-21,49.06,49.04,49.6,48.76,306277,1517816850.24,1.71,-0.04,-0.02,0.80,牧原股份,002714,前复权
2025-10-22,49.04,48.28,49.36,48.05,364519,1785669848.97,2.67,-1.55,-0.76,0.96,牧原股份,002714,前复权
2025-10-23,48.34,48.29,48.7,47.76,214656,1044344009.96,1.95,0.02,0.01,0.56,牧原股份,002714,前复权
2025-10-24,48.6,48.44,49.22,48.03,295283,1444493490.65,2.46,0.31,0.15,0.77,牧原股份,002714,前复权
2025-10-27,48.46,49.83,50.17,48.18,449220,2240376937.96,4.11,2.87,1.39,1.18,牧原股份,002714,前复权
2025-10-28,49.82,50.0,50.56,49.58,272673,1376841720.53,1.97,0.34,0.17,0.72,牧原股份,002714,前复权
2025-10-29,49.71,49.98,50.49,49.67,216619,1091607698.15,1.64,-0.04,-0.02,0.57,牧原股份,002714,前复权
2025-10-30,50.08,49.26,50.13,48.99,296752,1478651026.57,2.28,-1.44,-0.72,0.78,牧原股份,002714,前复权
2025-10-31,49.6,49.88,51.26,49.6,441998,2245630883.04,3.37,1.26,0.62,1.16,牧原股份,002714,前复权
2025-11-03,49.93,50.77,51.52,49.93,493454,2527457058.12,3.19,1.78,0.89,1.29,牧原股份,002714,前复权
2025-11-04,50.58,49.08,50.69,48.93,420114,2096385080.04,3.47,-3.33,-1.69,1.10,牧原股份,002714,前复权
2025-11-05,48.63,49.01,49.46,48.35,241378,1192756478.9,2.26,-0.14,-0.07,0.63,牧原股份,002714,前复权
2025-11-06,48.79,48.83,49.58,48.55,294385,1455791667.92,2.1,-0.37,-0.18,0.77,牧原股份,002714,前复权
2025-11-07,48.89,49.29,49.87,48.72,285542,1422908494.11,2.36,0.94,0.46,0.75,牧原股份,002714,前复权
2025-11-10,49.95,51.25,51.38,49.09,549803,2808041634.73,4.65,3.98,1.96,1.44,牧原股份,002714,前复权
2025-11-11,51.23,50.16,51.23,50.04,373404,1897813606.92,2.32,-2.13,-1.09,0.98,牧原股份,002714,前复权
2025-11-12,49.99,49.72,50.42,49.46,244907,1232610039.43,1.91,-0.88,-0.44,0.64,牧原股份,002714,前复权
2025-11-13,49.68,50.15,50.26,49.23,285445,1431070011.25,2.07,0.86,0.43,0.75,牧原股份,002714,前复权
2025-11-14,49.76,49.45,50.31,49.45,248787,1248191035.47,1.71,-1.4,-0.7,0.65,牧原股份,002714,前复权
2025-11-17,49.18,48.04,49.23,47.21,445175,2152111373.34,4.08,-2.85,-1.41,1.17,牧原股份,002714,前复权
2025-11-18,47.58,48.18,48.53,47.54,219460,1067274666.49,2.06,0.29,0.14,0.58,牧原股份,002714,前复权
2025-11-19,48.18,48.03,48.3,47.65,158781,768695743.31,1.35,-0.31,-0.15,0.42,牧原股份,002714,前复权
2025-11-20,48.03,47.8,48.48,47.69,169987,823539141.12,1.64,-0.48,-0.23,0.45,牧原股份,002714,前复权
2025-11-21,47.58,47.47,48.55,47.42,303234,1463907260.29,2.36,-0.69,-0.33,0.80,牧原股份,002714,前复权
2025-11-24,48.92,49.04,50.39,48.55,488485,2429511913.97,3.88,3.31,1.57,1.28,牧原股份,002714,前复权
2025-11-25,48.79,49.41,50.18,48.29,433284,2166308782.43,3.85,0.75,0.37,1.14,牧原股份,002714,前复权
2025-11-26,49.58,49.18,50.46,49.1,248389,1242430794.14,2.75,-0.47,-0.23,0.65,牧原股份,002714,前复权
2025-11-27,49.29,49.48,50.08,48.78,229943,1149734028.52,2.64,0.61,0.3,0.60,牧原股份,002714,前复权
2025-11-28,49.59,50.33,50.38,49.36,280425,1416516101.31,2.06,1.72,0.85,0.74,牧原股份,002714,前复权
2025-12-01,50.54,49.28,50.56,48.95,370881,1847549212.71,3.2,-2.09,-1.05,0.97,牧原股份,002714,前复权
2025-12-02,49.13,48.71,49.4,48.64,175829,868342705.55,1.54,-1.16,-0.57,0.46,牧原股份,002714,前复权
2025-12-03,48.58,48.38,48.87,48.22,191421,936243093.47,1.33,-0.68,-0.33,0.50,牧原股份,002714,前复权
2025-12-04,48.28,48.54,48.92,48.28,150394,738538742.54,1.32,0.33,0.16,0.39,牧原股份,002714,前复权
2025-12-05,48.45,48.41,48.87,48.2,176871,864592480.33,1.38,-0.27,-0.13,0.46,牧原股份,002714,前复权
2025-12-08,48.35,47.96,48.46,47.68,271164,1310126882.41,1.61,-0.93,-0.45,0.71,牧原股份,002714,前复权
2025-12-09,48.06,47.58,48.69,47.46,273028,1317115433.01,2.56,-0.79,-0.38,0.72,牧原股份,002714,前复权
2025-12-10,47.38,47.57,47.65,46.93,191695,916715188.24,1.51,-0.02,-0.01,0.50,牧原股份,002714,前复权
2025-12-11,47.46,46.92,47.48,46.46,350349,1656692088.84,2.14,-1.37,-0.65,0.92,牧原股份,002714,前复权
2025-12-12,46.93,48.36,48.54,46.7,425846,2058970904.65,3.92,3.07,1.44,1.12,牧原股份,002714,前复权
2025-12-15,48.33,48.83,49.48,48.2,294710,1457974720.33,2.65,0.97,0.47,0.77,牧原股份,002714,前复权
2025-12-16,48.84,48.64,49.17,48.34,171098,839063704.79,1.7,-0.39,-0.19,0.45,牧原股份,002714,前复权
2025-12-17,49.33,49.17,49.46,47.88,272643,1342167426.83,3.25,1.09,0.53,0.72,牧原股份,002714,前复权
2025-12-18,48.76,49.06,49.72,48.57,225069,1117033287.88,2.34,-0.22,-0.11,0.59,牧原股份,002714,前复权
2025-12-19,48.98,48.77,49.78,48.63,361311,1798701209.97,2.34,-0.59,-0.29,0.95,牧原股份,002714,前复权
2025-12-22,49.08,49.17,49.44,48.3,359889,1771196021.97,2.34,0.82,0.4,0.94,牧原股份,002714,前复权
2025-12-23,49.13,48.92,49.38,48.8,197150,975466909.28,1.18,-0.51,-0.25,0.52,牧原股份,002714,前复权
2025-12-24,48.75,47.7,48.85,47.18,421073,2024096242.97,3.41,-2.49,-1.22,1.11,牧原股份,002714,前复权
2025-12-25,47.48,47.53,47.69,47.3,240532,1151219273.95,0.82,-0.36,-0.17,0.63,牧原股份,002714,前复权
2025-12-26,47.38,47.53,47.66,47.17,231959,1109880959.15,1.03,0.0,0.0,0.61,牧原股份,002714,前复权
2025-12-29,47.68,49.48,50.17,47.68,671662,3339037738.66,5.24,4.1,1.95,1.76,牧原股份,002714,前复权
2025-12-30,49.58,50.47,50.93,49.51,460309,2340281645.15,2.87,2.0,0.99,1.21,牧原股份,002714,前复权
2025-12-31,50.08,50.16,50.35,49.6,266630,1342276139.2,1.49,-0.61,-0.31,0.70,牧原股份,002714,前复权
2026-01-05,50.18,49.68,50.3,49.36,299385,1499133589.69,1.87,-0.96,-0.48,0.79,牧原股份,002714,前复权
2026-01-06,49.41,50.96,51.03,49.07,435762,2207428595.23,3.95,2.58,1.28,1.14,牧原股份,002714,前复权
2026-01-07,50.77,50.38,51.43,50.26,358484,1835579416.08,2.3,-1.14,-0.58,0.94,牧原股份,002714,前复权
2026-01-08,50.86,49.74,50.9,49.64,259239,1308244520.15,2.5,-1.27,-0.64,0.68,牧原股份,002714,前复权
2026-01-09,49.68,49.34,50.1,49.16,345817,1724805909.09,1.89,-0.8,-0.4,0.91,牧原股份,002714,前复权
2026-01-12,49.34,48.93,49.37,48.38,357575,1760330349.17,2.01,-0.83,-0.41,0.94,牧原股份,002714,前复权
2026-01-13,49.03,47.76,49.1,47.68,498964,2432129615.71,2.9,-2.39,-1.17,1.31,牧原股份,002714,前复权
2026-01-14,47.77,47.98,48.27,47.48,427831,2066927661.32,1.65,0.46,0.22,1.12,牧原股份,002714,前复权
2026-01-15,48.06,47.88,48.31,47.76,358997,1738850786.91,1.15,-0.21,-0.1,0.94,牧原股份,002714,前复权
2026-01-16,47.89,46.91,47.99,46.7,575982,2742952274.37,2.69,-2.03,-0.97,1.51,牧原股份,002714,前复权
2026-01-19,46.91,46.76,47.34,46.58,374027,1770150064.85,1.62,-0.32,-0.15,0.98,牧原股份,002714,前复权
2026-01-20,46.81,46.42,46.99,46.33,396774,1864526967.65,1.41,-0.73,-0.34,1.04,牧原股份,002714,前复权
2026-01-21,46.46,45.85,46.54,45.7,455891,2120707871.43,1.81,-1.23,-0.57,1.20,牧原股份,002714,前复权
2026-01-22,45.81,45.2,46.13,45.07,503434,2303499733.76,2.31,-1.42,-0.65,1.32,牧原股份,002714,前复权
2026-01-23,45.2,45.59,45.59,45.03,443816,2029289756.92,1.24,0.86,0.39,1.17,牧原股份,002714,前复权
2026-01-26,45.58,46.09,46.46,45.1,591430,2736721028.19,2.98,1.1,0.5,1.55,牧原股份,002714,前复权
2026-01-27,46.09,44.61,46.1,44.58,583399,2644550477.66,3.3,-3.21,-1.48,1.53,牧原股份,002714,前复权
2026-01-28,44.46,44.72,44.91,43.78,616034,2751040146.5,2.53,0.25,0.11,1.62,牧原股份,002714,前复权
2026-01-29,44.43,45.91,45.94,44.23,617845,2824031663.04,3.82,2.66,1.19,1.62,牧原股份,002714,前复权
2026-01-30,45.68,45.58,47.37,45.46,913336,4288734117.37,4.16,-0.72,-0.33,2.40,牧原股份,002714,前复权
2026-02-02,45.61,44.68,45.91,44.49,579386,2638164852.83,3.12,-1.97,-0.9,1.52,牧原股份,002714,前复权
2026-02-03,44.59,45.26,45.29,44.23,374354,1691231855.54,2.37,1.3,0.58,0.98,牧原股份,002714,前复权
2026-02-04,45.33,46.44,46.54,45.06,538401,2503880762.86,3.27,2.61,1.18,1.41,牧原股份,002714,前复权
2026-02-05,46.42,46.31,47.07,45.98,415359,1951278348.54,2.35,-0.28,-0.13,1.09,牧原股份,002714,前复权
2026-02-06,45.67,45.99,46.63,45.63,359020,1666070820.42,2.16,-0.69,-0.32,0.94,牧原股份,002714,前复权
2026-02-09,45.74,46.23,46.87,45.66,334720,1561810510.15,2.63,0.52,0.24,0.88,牧原股份,002714,前复权
2026-02-10,46.04,45.5,46.52,45.41,297338,1369389166.73,2.4,-1.58,-0.73,0.78,牧原股份,002714,前复权
2026-02-11,45.46,45.61,45.75,44.93,286099,1308787202.05,1.8,0.24,0.11,0.75,牧原股份,002714,前复权
2026-02-12,45.39,44.82,45.66,44.75,276391,1254800555.99,2.0,-1.73,-0.79,0.73,牧原股份,002714,前复权
2026-02-13,44.82,44.93,45.66,44.6,298934,1361870914.03,2.37,0.25,0.11,0.78,牧原股份,002714,前复权
2026-02-24,45.09,44.14,45.44,43.98,391376,1752206260.67,3.25,-1.76,-0.79,1.03,牧原股份,002714,前复权
2026-02-25,44.09,44.37,44.67,43.99,283592,1270976854.47,1.54,0.52,0.23,0.74,牧原股份,002714,前复权
2026-02-26,44.61,44.71,45.56,44.49,388725,1767240332.68,2.41,0.77,0.34,1.02,牧原股份,002714,前复权
2026-02-27,44.73,46.48,46.64,44.73,718470,3345129695.52,4.27,3.96,1.77,1.89,牧原股份,002714,前复权
2026-03-02,46.08,46.39,47.72,46.0,513369,2419022911.19,3.7,-0.19,-0.09,1.35,牧原股份,002714,前复权
2026-03-03,46.28,46.11,47.08,46.04,449678,2109667382.46,2.24,-0.6,-0.28,1.18,牧原股份,002714,前复权
2026-03-04,46.27,46.71,46.81,45.84,547247,2558352927.95,2.1,1.3,0.6,1.44,牧原股份,002714,前复权
2026-03-05,46.71,46.38,46.76,45.76,323513,1509164199.63,2.14,-0.71,-0.33,0.85,牧原股份,002714,前复权
2026-03-06,46.25,48.92,49.11,46.13,909997,4424914815.77,6.43,5.48,2.54,2.39,牧原股份,002714,前复权
2026-03-09,49.18,48.99,50.34,48.79,838243,4184045761.47,3.17,0.14,0.07,2.20,牧原股份,002714,前复权
2026-03-10,48.46,47.91,49.13,47.77,492950,2399023648.81,2.78,-2.2,-1.08,1.29,牧原股份,002714,前复权
2026-03-11,47.92,48.89,49.36,47.8,475502,2332330031.11,3.26,2.05,0.98,1.25,牧原股份,002714,前复权
2026-03-12,49.08,50.17,50.26,48.58,629146,3153533829.01,3.44,2.62,1.28,1.65,牧原股份,002714,前复权
2026-03-13,50.08,49.37,50.33,49.15,376326,1883566594.96,2.35,-1.59,-0.8,0.99,牧原股份,002714,前复权
2026-03-16,49.61,49.32,50.38,49.22,385143,1928526880.39,2.35,-0.1,-0.05,1.01,牧原股份,002714,前复权
2026-03-17,49.09,49.82,51.06,48.78,520464,2640848091.09,4.62,1.01,0.5,1.37,牧原股份,002714,前复权
2026-03-18,49.76,49.27,50.3,49.01,314884,1568005948.98,2.59,-1.1,-0.55,0.83,牧原股份,002714,前复权
2026-03-19,49.09,48.38,49.37,48.14,353957,1732381114.59,2.5,-1.81,-0.89,0.93,牧原股份,002714,前复权
2026-03-20,48.51,49.03,49.48,48.2,472356,2319646293.22,2.65,1.34,0.65,1.24,牧原股份,002714,前复权
2026-03-23,48.08,44.78,48.15,44.34,926626,4257260911.17,7.77,-8.67,-4.25,2.43,牧原股份,002714,前复权
2026-03-24,44.78,43.08,45.08,41.88,993382,4293925172.71,7.15,-3.8,-1.7,2.61,牧原股份,002714,前复权
2026-03-25,42.7,44.1,44.46,42.6,458321,2030698093.74,4.32,2.37,1.02,1.20,牧原股份,002714,前复权
2026-03-26,43.91,43.58,44.38,43.48,312479,1381424058.68,2.04,-1.18,-0.52,0.82,牧原股份,002714,前复权
2026-03-27,43.31,44.78,45.07,43.14,354994,1597741544.15,4.43,2.75,1.2,0.93,牧原股份,002714,前复权
2026-03-30,44.36,42.81,44.38,42.6,533007,2327743199.12,3.97,-4.4,-1.97,1.40,牧原股份,002714,前复权
2026-03-31,42.71,41.29,42.93,40.81,657970,2762797197.47,4.95,-3.55,-1.52,1.73,牧原股份,002714,前复权
2026-04-01,41.53,41.78,41.93,40.99,376857,1581985410.54,2.28,1.19,0.49,0.99,牧原股份,002714,前复权
2026-04-02,41.79,43.23,44.06,41.74,577035,2522510218.25,5.55,3.47,1.45,1.52,牧原股份,002714,前复权
2026-04-03,43.01,42.48,43.08,42.28,264134,1135984174.03,1.85,-1.73,-0.75,0.70,牧原股份,002714,前复权
2026-04-07,42.5,43.03,44.44,41.98,477109,2085471368.34,5.79,1.29,0.55,1.26,牧原股份,002714,前复权
2026-04-08,43.28,43.92,44.23,42.8,411184,1820012102.42,3.32,2.07,0.89,1.08,牧原股份,002714,前复权
2026-04-09,43.51,43.38,43.68,43.08,231744,1014010531.22,1.37,-1.23,-0.54,0.61,牧原股份,002714,前复权
2026-04-10,43.41,42.59,43.58,42.42,440105,1901612898.34,2.67,-1.82,-0.79,1.16,牧原股份,002714,前复权
2026-04-13,42.58,43.75,44.08,42.23,510632,2243900798.78,4.34,2.72,1.16,1.34,牧原股份,002714,前复权
2026-04-14,43.76,45.36,45.68,43.38,696446,3155202286.79,5.26,3.68,1.61,1.83,牧原股份,002714,前复权
2026-04-15,45.34,45.63,45.96,44.78,501892,2299952495.46,2.6,0.6,0.27,1.32,牧原股份,002714,前复权
2026-04-16,45.68,46.02,46.25,45.38,349934,1620125505.93,1.91,0.85,0.39,0.92,牧原股份,002714,前复权
2026-04-17,45.74,45.11,45.81,44.92,389982,1781876797.73,1.93,-1.98,-0.91,1.03,牧原股份,002714,前复权
2026-04-20,45.52,44.9,45.8,44.78,337323,1536158922.39,2.26,-0.47,-0.21,0.89,牧原股份,002714,前复权
2026-04-21,44.92,45.06,45.74,44.71,311665,1419849016.24,2.29,0.36,0.16,0.82,牧原股份,002714,前复权
2026-04-22,45.04,44.3,46.03,44.02,549529,2486938574.13,4.46,-1.69,-0.76,1.45,牧原股份,002714,前复权
2026-04-23,43.98,43.07,44.22,42.79,482465,2108010386.28,3.23,-2.78,-1.23,1.27,牧原股份,002714,前复权
2026-04-24,43.06,42.72,43.08,42.46,303929,1309660150.92,1.44,-0.81,-0.35,0.80,牧原股份,002714,前复权
2026-04-27,42.59,41.84,42.63,41.76,409435,1738238731.38,2.04,-2.06,-0.88,1.08,牧原股份,002714,前复权
2026-04-28,41.85,42.88,43.07,41.7,454680,1945343139.02,3.27,2.49,1.04,1.20,牧原股份,002714,前复权
2026-04-29,43.02,44.2,44.97,42.97,694967,3083446084.09,4.66,3.08,1.32,1.83,牧原股份,002714,前复权
2026-04-30,43.58,44.28,44.96,43.39,433249,1941286550.75,3.55,0.18,0.08,1.14,牧原股份,002714,前复权
2026-05-06,43.97,44.22,44.33,43.58,481143,2138951833.7,1.69,-0.14,-0.06,1.27,牧原股份,002714,前复权
2026-05-07,44.06,43.65,44.19,43.29,409198,1800751141.65,2.04,-1.29,-0.57,1.08,牧原股份,002714,前复权
2026-05-08,43.83,43.09,44.15,42.99,317240,1388550833.57,2.66,-1.28,-0.56,0.83,牧原股份,002714,前复权
2026-05-11,43.43,43.9,44.68,42.78,643788,2855891073.71,4.41,1.88,0.81,1.69,牧原股份,002714,前复权
2026-05-12,43.88,42.51,43.89,42.39,545877,2359383385.54,3.42,-3.17,-1.39,1.44,牧原股份,002714,前复权
2026-05-13,42.37,41.96,42.66,41.88,388947,1650881392.06,1.83,-1.29,-0.55,1.02,牧原股份,002714,前复权
2026-05-14,42.08,42.21,43.15,42.04,589978,2537283732.23,2.65,0.6,0.25,1.55,牧原股份,002714,前复权
2026-05-15,42.25,42.08,42.71,41.28,451388,1918878881.02,3.39,-0.31,-0.13,1.19,牧原股份,002714,前复权
2026-05-18,41.88,40.01,41.91,39.81,744066,3042249201.65,4.99,-4.92,-2.07,1.96,牧原股份,002714,前复权
2026-05-19,40.46,39.88,40.63,39.16,436406,1750732475.74,3.67,-0.32,-0.13,1.15,牧原股份,002714,前复权
2026-05-20,39.57,39.12,39.94,39.02,367081,1455908726.05,2.31,-1.91,-0.76,0.97,牧原股份,002714,前复权
2026-05-21,39.35,39.07,40.24,38.98,385355,1543834118.14,3.22,-0.13,-0.05,1.01,牧原股份,002714,前复权
2026-05-22,39.38,38.42,39.52,38.23,452702,1760360511.3,3.3,-1.66,-0.65,1.19,牧原股份,002714,前复权
2026-05-25,38.38,38.02,38.86,37.66,380326,1465207629.17,3.12,-1.04,-0.4,1.00,牧原股份,002714,前复权
2026-05-26,38.01,38.29,38.44,37.67,359237,1383912707.54,2.03,0.71,0.27,0.95,牧原股份,002714,前复权
2026-05-27,38.21,37.76,38.25,37.5,410502,1550980157.03,1.96,-1.38,-0.53,1.08,牧原股份,002714,前复权
2026-05-28,37.59,37.05,37.73,36.75,413558,1535015509.22,2.6,-1.88,-0.71,1.09,牧原股份,002714,前复权
2026-05-29,37.06,38.07,38.58,36.75,555510,2101920832.93,4.94,2.75,1.02,1.46,牧原股份,002714,前复权
2026-06-01,37.99,37.82,38.34,37.25,387114,1468599370.28,2.86,-0.66,-0.25,1.02,牧原股份,002714,前复权
2026-06-02,37.82,36.76,37.94,36.6,543703,2005555194.65,3.54,-2.8,-1.06,1.43,牧原股份,002714,前复权
2026-06-03,36.76,36.2,36.82,35.8,538827,1945233137.54,2.77,-1.52,-0.56,1.42,牧原股份,002714,前复权
2026-06-04,36.19,35.13,36.65,35.06,575119,2040942298.57,4.39,-2.96,-1.07,1.51,牧原股份,002714,前复权
2026-06-05,35.13,35.06,35.63,34.85,391703,1378272676.66,2.22,-0.2,-0.07,1.03,牧原股份,002714,前复权
2026-06-08,34.83,34.15,35.57,33.85,488860,1684875084.6,4.91,-2.6,-0.91,1.29,牧原股份,002714,前复权
2026-06-09,34.16,34.23,34.35,33.78,323075,1099908976.46,1.67,0.23,0.08,0.85,牧原股份,002714,前复权
2026-06-10,33.95,34.43,34.91,33.88,381830,1315533160.07,3.01,0.58,0.2,1.00,牧原股份,002714,前复权
2026-06-11,34.44,34.16,34.67,33.88,363985,1241341590.4,2.29,-0.78,-0.27,0.96,牧原股份,002714,前复权
2026-06-12,34.22,34.86,35.15,33.75,600765,2079726298.91,4.1,2.05,0.7,1.58,牧原股份,002714,前复权
2026-06-15,35.0,35.28,35.63,34.61,455041,1599396709.56,2.93,1.2,0.42,1.20,牧原股份,002714,前复权
2026-06-16,35.06,35.05,35.27,34.72,353606,1236118075.19,1.56,-0.65,-0.23,0.93,牧原股份,002714,前复权
2026-06-17,34.95,34.66,35.0,34.19,384011,1323382954.06,2.31,-1.11,-0.39,1.01,牧原股份,002714,前复权
2026-06-18,34.76,33.63,34.93,33.52,623145,2112886716.0,4.07,-2.97,-1.03,1.64,牧原股份,002714,前复权
2026-06-22,33.46,33.95,34.19,32.99,541482,1813195398.56,3.57,0.95,0.32,1.42,牧原股份,002714,前复权
2026-06-23,34.18,33.02,35.04,33.0,658904,2245306330.07,6.01,-2.74,-0.93,1.73,牧原股份,002714,前复权
2026-06-24,33.04,32.53,33.2,32.35,389128,1267957877.57,2.57,-1.48,-0.49,1.02,牧原股份,002714,前复权
2026-06-25,32.2,32.36,32.78,31.81,441740,1424526200.8,2.98,-0.52,-0.17,1.16,牧原股份,002714,前复权
2026-06-26,33.03,33.56,34.6,32.38,1048548,3521695469.38,6.86,3.71,1.2,2.76,牧原股份,002714,前复权
2026-06-29,33.6,35.99,36.14,33.11,1393660,4901253243.96,9.03,7.24,2.43,3.67,牧原股份,002714,前复权
2026-06-30,35.35,34.99,35.93,34.7,816863,2866062789.42,3.42,-2.78,-1.0,2.49,牧原股份,002714,前复权
2026-07-01,35.0,36.98,38.12,34.52,1186982,4362567549.69,10.29,5.69,1.99,3.62,牧原股份,002714,前复权
2026-07-02,36.64,37.35,37.95,36.4,970327,3598769211.98,4.19,1.0,0.37,2.96,牧原股份,002714,前复权
2026-07-03,37.25,36.9,38.06,36.28,743518,2745517090.22,4.77,-1.2,-0.45,2.27,牧原股份,002714,前复权
2026-07-06,37.5,38.68,38.99,37.31,1008463,3871001913.66,4.55,4.82,1.78,3.07,牧原股份,002714,前复权
2026-07-07,38.5,38.49,38.94,37.74,839641,3212247242.08,3.1,-0.49,-0.19,2.56,牧原股份,002714,前复权
2026-07-08,38.0,36.8,38.34,36.79,722925,2696040364.74,4.03,-4.39,-1.69,2.20,牧原股份,002714,前复权
2026-07-09,36.95,37.11,37.6,36.4,630356,2332711966.21,3.26,0.84,0.31,1.92,牧原股份,002714,前复权
2026-07-10,36.74,38.14,38.46,36.01,862208,3244878733.77,6.6,2.78,1.03,2.63,牧原股份,002714,前复权
2026-07-13,37.45,38.55,39.19,37.35,841823,3232658943.22,4.82,1.07,0.41,2.57,牧原股份,002714,前复权
2026-07-14,38.3,38.08,38.36,37.52,553136,2099443273.77,2.18,-1.22,-0.47,1.69,牧原股份,002714,前复权
2026-07-15,37.71,39.65,40.1,37.68,845419,3336653065.89,6.36,4.12,1.57,2.58,牧原股份,002714,前复权
2026-07-16,39.87,40.9,41.27,39.67,979148,3982545709.42,4.04,3.15,1.25,2.98,牧原股份,002714,前复权
2026-07-17,40.91,39.83,41.55,39.21,910829,3663562356.45,5.72,-2.62,-1.07,2.78,牧原股份,002714,前复权
2026-07-20,39.28,40.61,40.84,38.42,832818,3327300579.53,6.08,1.96,0.78,2.54,牧原股份,002714,前复权
2026-07-21,40.02,39.42,40.87,39.13,765844,3047510903.65,4.28,-2.93,-1.19,2.33,牧原股份,002714,前复权
2026-07-22,39.0,39.44,40.05,38.61,647223,2541628881.39,3.65,0.05,0.02,1.97,牧原股份,002714,前复权
2026-07-23,38.96,39.7,40.16,38.47,611602,2404952623.8,4.28,0.66,0.26,1.86,牧原股份,002714,前复权
2026-07-24,39.48,38.68,40.0,38.61,408040,1591325672.68,3.5,-2.57,-1.02,1.24,牧原股份,002714,前复权
2026-07-27,38.67,39.33,39.5,38.51,372637,1458049237.72,2.56,1.68,0.65,1.14,牧原股份,002714,前复权
2026-07-28,39.1,39.3,39.54,38.86,408220,1601009661.75,1.73,-0.08,-0.03,1.24,牧原股份,002714,前复权
2026-07-29,39.3,38.88,39.85,38.61,536829,2095392794.02,3.16,-1.07,-0.42,1.64,牧原股份,002714,前复权
2026-07-30,38.78,39.92,40.3,38.56,793583,3151523635.29,4.48,2.67,1.04,2.42,牧原股份,002714,前复权
2026-07-31,39.0,39.26,39.33,38.75,678989,2650970132.46,1.45,-1.65,-0.66,2.07,牧原股份,002714,前复权
2026-08-03,39.2,38.93,39.9,38.83,566758,2229993487.67,2.73,-0.84,-0.33,1.73,牧原股份,002714,前复权
2026-08-04,38.9,38.02,38.92,37.88,648053,2469789850.65,2.67,-2.34,-0.91,1.98,牧原股份,002714,前复权
2026-08-05,37.64,38.36,38.67,37.63,508767,1944391155.12,2.74,0.89,0.34,1.55,牧原股份,002714,前复权
2026-08-06,38.4,38.37,38.6,37.8,411074,1568114930.84,2.09,0.03,0.01,1.25,牧原股份,002714,前复权
2026-08-07,38.2,38.47,38.9,37.92,470812,1813133948.35,2.55,0.26,0.1,1.44,牧原股份,002714,前复权
2026-08-10,38.84,40.24,40.3,38.8,909878,3633100540.97,3.9,4.6,1.77,2.77,牧原股份,002714,前复权
2026-08-11,40.26,40.11,40.79,40.0,498983,2011139630.95,1.96,-0.32,-0.13,1.52,牧原股份,002714,前复权
2026-08-12,40.0,39.93,40.44,39.82,370197,1481939710.63,1.55,-0.45,-0.18,1.13,牧原股份,002714,前复权
2026-08-13,39.95,40.15,40.36,39.57,385346,1541256969.53,1.98,0.55,0.22,1.17,牧原股份,002714,前复权
2026-08-14,40.0,39.29,40.1,39.03,441048,1738833070.43,2.67,-2.14,-0.86,1.34,牧原股份,002714,前复权
2026-08-17,39.6,39.29,40.04,38.91,449775,1768487492.54,2.88,0.0,0.0,1.37,牧原股份,002714,前复权
2026-08-18,39.35,39.93,40.14,39.29,594923,2370625773.49,2.16,1.63,0.64,1.81,牧原股份,002714,前复权
2026-08-19,40.12,38.84,40.18,38.8,504629,1979553465.24,3.46,-2.73,-1.09,1.54,牧原股份,002714,前复权
2026-08-20,38.83,39.82,39.9,38.77,509422,2008250038.99,2.91,2.52,0.98,1.55,牧原股份,002714,前复权
2026-08-21,39.56,39.07,39.92,39.03,368900,1449569574.84,2.24,-1.88,-0.75,1.12,牧原股份,002714,前复权
2026-08-24,38.82,38.83,38.94,38.2,403706,1556472045.09,1.89,-0.61,-0.24,1.23,牧原股份,002714,前复权
2026-08-25,38.76,39.93,39.98,38.62,535318,2122281657.04,3.5,2.83,1.1,1.63,牧原股份,002714,前复权
2026-08-26,39.62,39.99,40.35,39.58,324501,1299169116.94,1.93,0.15,0.06,0.99,牧原股份,002714,前复权
2026-08-27,39.71,40.8,40.97,39.61,471490,1905668223.65,3.4,2.03,0.81,1.44,牧原股份,002714,前复权
2026-08-28,40.77,41.68,41.85,40.21,530763,2178936350.54,4.02,2.16,0.88,1.62,牧原股份,002714,前复权
2026-08-31,41.94,42.31,42.65,41.91,633480,2680925359.93,1.78,1.51,0.63,1.93,牧原股份,002714,前复权
2026-09-01,42.09,42.4,42.78,42.06,440755,1873617290.76,1.7,0.21,0.09,1.34,牧原股份,002714,前复权
2026-09-02,42.3,42.03,42.61,41.95,303217,1279399074.17,1.56,-0.87,-0.37,0.92,牧原股份,002714,前复权
2026-09-03,41.98,42.08,42.3,41.71,267871,1124682646.62,1.4,0.12,0.05,0.82,牧原股份,002714,前复权
2026-09-04,42.1,43.97,44.39,41.86,767895,3351156402.46,6.01,4.49,1.89,2.34,牧原股份,002714,前复权
2026-09-07,43.84,43.91,44.05,43.41,450249,1971522143.2,1.46,-0.14,-0.06,1.37,牧原股份,002714,前复权
2026-09-08,43.79,43.23,43.88,43.1,389317,1688595293.39,1.78,-1.55,-0.68,1.19,牧原股份,002714,前复权
2026-09-09,43.1,43.25,43.36,42.87,285243,1231218871.45,1.13,0.05,0.02,0.87,牧原股份,002714,前复权
2026-09-10,43.18,42.22,43.46,42.09,401372,1704248119.04,3.17,-2.38,-1.03,1.22,牧原股份,002714,前复权
2026-09-11,42.01,42.18,42.46,41.85,308883,1302413319.98,1.44,-0.09,-0.04,0.94,牧原股份,002714,前复权
2026-09-14,42.2,42.59,42.94,42.06,358799,1523314640.38,2.09,0.97,0.41,1.09,牧原股份,002714,前复权
2026-09-15,42.56,42.37,43.35,42.22,403694,1728799392.84,2.65,-0.52,-0.22,1.23,牧原股份,002714,前复权
2026-09-16,41.99,41.08,42.35,40.84,489559,2021314209.04,3.56,-3.04,-1.29,1.49,牧原股份,002714,前复权
2026-09-17,41.0,41.28,41.54,40.64,306257,1259805167.85,2.19,0.49,0.2,0.93,牧原股份,002714,前复权
2026-09-18,40.98,41.35,41.66,40.95,405275,1677602359.29,1.72,0.17,0.07,1.24,牧原股份,002714,前复权
2026-09-21,41.38,42.38,42.43,41.04,283000,1189180798.62,3.36,2.49,1.03,0.86,牧原股份,002714,前复权
2026-09-22,42.23,41.86,42.29,41.67,248780,1043267615.39,1.46,-1.23,-0.52,0.76,牧原股份,002714,前复权
2026-09-23,41.81,41.4,42.0,41.33,198799,825293873.0,1.6,-1.1,-0.46,0.61,牧原股份,002714,前复权
2026-09-24,41.3,40.48,41.34,40.42,272006,1106455753.63,2.22,-2.22,-0.92,0.83,牧原股份,002714,前复权
2026-09-28,40.38,41.71,41.95,40.24,465671,1922902763.74,4.22,3.04,1.23,1.42,牧原股份,002714,前复权
2026-09-29,41.68,42.29,42.41,41.48,312968,1315904849.5,2.23,1.39,0.58,0.95,牧原股份,002714,前复权
2026-09-30,42.2,42.45,42.78,42.03,231652,981447687.96,1.77,0.38,0.16,0.71,牧原股份,002714,前复权
