TradingDate,Symbol,ShortName,OpenPrice,ClosePrice,HighPrice,LowPrice,Volume,Amount,StateCode,AvgPrice,ChangeRatio,TotalShare,CirculatedShare,TurnoverRate1,MarketValue,CirculatedMarketValue
2014-01-28,002714,牧原股份,28.88,34.66,34.66,28.88,1435207,49033777.0,0,34.165,0.43997,242000000,60500000,0.00593,8387720000.0,2096930000.0
2014-01-29,002714,牧原股份,38.13,34.53,38.13,34.41,16708634,613677565.0,0,36.728,-0.00375,242000000,60500000,0.06904,8356260000.0,2089065000.0
2014-01-30,002714,牧原股份,33.65,31.08,33.8,31.08,14435939,461914476.0,0,31.998,-0.09991,242000000,60500000,0.05965,7521360000.0,1880340000.0
2014-01-31,002714,牧原股份,31.08,31.08,31.08,31.08,0,0.0,2,,0.0,242000000,60500000,0.0,7521360000.0,1880340000.0
2014-02-03,002714,牧原股份,31.08,31.08,31.08,31.08,0,0.0,2,,0.0,242000000,60500000,0.0,7521360000.0,1880340000.0
2014-02-04,002714,牧原股份,31.08,31.08,31.08,31.08,0,0.0,2,,0.0,242000000,60500000,0.0,7521360000.0,1880340000.0
2014-02-05,002714,牧原股份,31.08,31.08,31.08,31.08,0,0.0,2,,0.0,242000000,60500000,0.0,7521360000.0,1880340000.0
2014-02-06,002714,牧原股份,31.08,31.08,31.08,31.08,0,0.0,2,,0.0,242000000,60500000,0.0,7521360000.0,1880340000.0
2014-02-07,002714,牧原股份,30.4,30.62,31.0,29.9,7999440,243463173.0,0,30.435,-0.0148,242000000,60500000,0.03306,7410040000.0,1852510000.0
2014-02-10,002714,牧原股份,30.86,32.69,32.8,30.82,11938419,380857791.0,0,31.902,0.0676,242000000,60500000,0.04933,7910980000.0,1977745000.0
2014-02-11,002714,牧原股份,32.7,35.96,35.96,32.63,12242693,419102582.0,0,34.233,0.10003,242000000,60500000,0.05059,8702320000.0,2175580000.0
2014-02-12,002714,牧原股份,37.12,37.71,38.95,36.15,12396532,463801993.0,0,37.414,0.04867,242000000,60500000,0.05123,9125820000.0,2281455000.0
2014-02-13,002714,牧原股份,36.81,36.35,37.55,36.21,7048831,260624945.0,0,36.974,-0.03606,242000000,60500000,0.02913,8796700000.0,2199175000.0
2014-02-14,002714,牧原股份,36.87,38.27,38.44,36.7,7926708,299793950.0,0,37.821,0.05282,242000000,60500000,0.03275,9261340000.0,2315335000.0
2014-02-17,002714,牧原股份,38.52,38.98,40.49,37.59,10475485,408587100.0,0,39.004,0.01855,242000000,60500000,0.04329,9433160000.0,2358290000.0
2014-02-18,002714,牧原股份,39.03,40.4,41.39,37.96,13048952,517965299.0,0,39.694,0.03643,242000000,60500000,0.05392,9776800000.0,2444200000.0
2014-02-19,002714,牧原股份,39.7,37.99,39.85,36.7,7184848,274588228.0,0,38.218,-0.05965,242000000,60500000,0.02969,9193580000.0,2298395000.0
2014-02-20,002714,牧原股份,38.0,37.89,39.2,36.77,5053235,192237979.0,0,38.043,-0.00263,242000000,60500000,0.02088,9169380000.0,2292345000.0
2014-02-21,002714,牧原股份,37.3,38.18,38.38,36.87,4746990,178405300.0,0,37.583,0.00765,242000000,60500000,0.01962,9239560000.0,2309890000.0
2014-02-24,002714,牧原股份,38.3,36.3,38.3,36.1,6617640,243489842.0,0,36.794,-0.04924,242000000,60500000,0.02735,8784600000.0,2196150000.0
2014-02-25,002714,牧原股份,36.4,33.65,37.4,33.51,6715335,240897201.0,0,35.873,-0.073,242000000,60500000,0.02775,8143300000.0,2035825000.0
2014-02-26,002714,牧原股份,33.59,33.0,33.79,31.9,4697245,154705498.0,0,32.935,-0.01932,242000000,60500000,0.01941,7986000000.0,1996500000.0
2014-02-27,002714,牧原股份,33.5,33.0,34.8,32.7,4261976,143486152.0,0,33.667,0.0,242000000,60500000,0.01761,7986000000.0,1996500000.0
2014-02-28,002714,牧原股份,32.6,34.85,35.56,32.3,4825173,164475441.0,0,34.087,0.05606,242000000,60500000,0.01994,8433700000.0,2108425000.0
2014-03-03,002714,牧原股份,34.75,37.0,37.39,34.62,7055570,256543623.0,0,36.36,0.06169,242000000,60500000,0.02916,8954000000.0,2238500000.0
2014-03-04,002714,牧原股份,36.5,36.18,38.27,35.08,7406828,271015625.0,0,36.59,-0.02216,242000000,60500000,0.03061,8755560000.0,2188890000.0
2014-03-05,002714,牧原股份,36.01,36.18,37.0,35.28,4753071,172029889.0,0,36.193,0.0,242000000,60500000,0.01964,8755560000.0,2188890000.0
2014-03-06,002714,牧原股份,36.16,36.81,37.42,34.0,5056604,183353307.0,0,36.26,0.01741,242000000,60500000,0.0209,8908020000.0,2227005000.0
2014-03-07,002714,牧原股份,36.33,34.29,36.82,34.28,3813498,135050504.0,0,35.414,-0.06846,242000000,60500000,0.01576,8298180000.0,2074545000.0
2014-03-10,002714,牧原股份,33.69,34.11,35.39,33.03,4023197,136736719.0,0,33.987,-0.00525,242000000,60500000,0.01662,8254620000.0,2063655000.0
2014-03-11,002714,牧原股份,34.0,34.14,34.91,33.55,1981199,67921214.0,0,34.283,0.00088,242000000,60500000,0.00819,8261880000.0,2065470000.0
2014-03-12,002714,牧原股份,34.13,34.0,34.35,33.08,2149405,72295184.0,0,33.635,-0.0041,242000000,60500000,0.00888,8228000000.0,2057000000.0
2014-03-13,002714,牧原股份,33.98,35.99,36.7,33.9,5260436,188148438.0,0,35.767,0.05853,242000000,60500000,0.02174,8709580000.0,2177395000.0
2014-03-14,002714,牧原股份,35.5,34.78,36.1,34.51,2142040,75351930.0,0,35.178,-0.03362,242000000,60500000,0.00885,8416760000.0,2104190000.0
2014-03-17,002714,牧原股份,34.78,34.52,34.79,33.6,2354147,80390897.0,0,34.149,-0.00748,242000000,60500000,0.00973,8353840000.0,2088460000.0
2014-03-18,002714,牧原股份,34.4,35.25,35.54,34.18,2394427,83992176.0,0,35.078,0.02115,242000000,60500000,0.00989,8530500000.0,2132625000.0
2014-03-19,002714,牧原股份,34.99,36.0,36.31,34.8,4390580,157775721.0,0,35.935,0.02128,242000000,60500000,0.01814,8712000000.0,2178000000.0
2014-03-20,002714,牧原股份,35.72,34.94,35.97,34.94,2333029,82939186.0,0,35.55,-0.02944,242000000,60500000,0.00964,8455480000.0,2113870000.0
2014-03-21,002714,牧原股份,34.49,35.04,35.28,33.61,2015225,69204008.0,0,34.341,0.00286,242000000,60500000,0.00833,8479680000.0,2119920000.0
2014-03-24,002714,牧原股份,34.81,35.0,36.17,34.2,2088537,73320241.0,0,35.106,-0.00114,242000000,60500000,0.00863,8470000000.0,2117500000.0
2014-03-25,002714,牧原股份,34.6,35.88,35.93,34.23,1785656,62736643.0,0,35.134,0.02514,242000000,60500000,0.00738,8682960000.0,2170740000.0
2014-03-26,002714,牧原股份,35.84,35.86,36.49,35.52,1583335,57057999.0,0,36.037,-0.00056,242000000,60500000,0.00654,8678120000.0,2169530000.0
2014-03-27,002714,牧原股份,35.88,35.05,36.1,34.48,1938306,68404386.0,0,35.291,-0.02259,242000000,60500000,0.00801,8482100000.0,2120525000.0
2014-03-28,002714,牧原股份,35.2,34.51,35.98,33.51,2560396,89701344.0,0,35.034,-0.01541,242000000,60500000,0.01058,8351420000.0,2087855000.0
2014-03-31,002714,牧原股份,31.06,31.06,32.02,31.06,2875891,89668272.0,0,31.179,-0.09997,242000000,60500000,0.01188,7516520000.0,1879130000.0
2014-04-01,002714,牧原股份,29.6,31.0,31.21,29.02,4411230,133420260.0,0,30.246,-0.00193,242000000,60500000,0.01823,7502000000.0,1875500000.0
2014-04-02,002714,牧原股份,30.49,30.84,31.19,29.53,3614272,109360895.0,0,30.258,-0.00516,242000000,60500000,0.01494,7463280000.0,1865820000.0
2014-04-03,002714,牧原股份,30.29,31.32,32.33,30.29,2240332,70896747.0,0,31.646,0.01556,242000000,60500000,0.00926,7579440000.0,1894860000.0
2014-04-04,002714,牧原股份,31.17,32.65,32.98,30.85,1645525,52907266.0,0,32.152,0.04246,242000000,60500000,0.0068,7901300000.0,1975325000.0
2014-04-07,002714,牧原股份,32.65,32.65,32.65,32.65,0,0.0,2,,0.0,242000000,60500000,0.0,7901300000.0,1975325000.0
2014-04-08,002714,牧原股份,32.08,32.45,32.98,31.99,1406324,46009331.0,0,32.716,-0.00613,242000000,60500000,0.00581,7852900000.0,1963225000.0
2014-04-09,002714,牧原股份,32.5,32.78,33.0,32.31,1372405,44688734.0,0,32.562,0.01017,242000000,60500000,0.00567,7932760000.0,1983190000.0
2014-04-10,002714,牧原股份,32.8,31.98,32.8,31.98,1045189,33938042.0,0,32.471,-0.02441,242000000,60500000,0.00432,7739160000.0,1934790000.0
2014-04-11,002714,牧原股份,31.76,32.69,32.81,31.42,1180237,37832769.0,0,32.055,0.0222,242000000,60500000,0.00488,7910980000.0,1977745000.0
2014-04-14,002714,牧原股份,32.68,35.59,35.96,32.67,4608390,161998724.0,0,35.153,0.08871,242000000,60500000,0.01904,8612780000.0,2153195000.0
2014-04-15,002714,牧原股份,35.48,35.58,37.55,35.35,4184193,151907040.0,0,36.305,-0.00028,242000000,60500000,0.01729,8610360000.0,2152590000.0
2014-04-16,002714,牧原股份,35.5,36.5,37.6,35.5,3516983,129834421.0,0,36.916,0.02586,242000000,60500000,0.01453,8833000000.0,2208250000.0
2014-04-17,002714,牧原股份,36.01,36.0,37.03,35.89,2129146,77424740.0,0,36.364,-0.0137,242000000,60500000,0.0088,8712000000.0,2178000000.0
2014-04-18,002714,牧原股份,36.03,35.52,36.39,35.1,1090947,38735342.0,0,35.506,-0.01333,242000000,60500000,0.00451,8595840000.0,2148960000.0
2014-04-21,002714,牧原股份,35.0,36.78,37.4,34.81,1895848,69933805.0,0,36.888,0.03547,242000000,60500000,0.00783,8900760000.0,2225190000.0
2014-04-22,002714,牧原股份,36.7,36.88,37.0,35.8,2298762,83771849.0,0,36.442,0.00272,242000000,60500000,0.0095,8924960000.0,2231240000.0
2014-04-23,002714,牧原股份,36.9,35.79,37.35,35.35,1691882,61339251.0,0,36.255,-0.02956,242000000,60500000,0.00699,8661180000.0,2165295000.0
2014-04-24,002714,牧原股份,35.79,35.16,36.48,35.11,746176,26639102.0,0,35.701,-0.0176,242000000,60500000,0.00308,8508720000.0,2127180000.0
2014-04-25,002714,牧原股份,34.9,34.8,35.93,34.8,1237125,43532680.0,0,35.189,-0.01024,242000000,60500000,0.00511,8421600000.0,2105400000.0
2014-04-28,002714,牧原股份,34.19,33.8,34.66,33.42,1580329,53868140.0,0,34.087,-0.02874,242000000,60500000,0.00653,8179600000.0,2044900000.0
2014-04-29,002714,牧原股份,33.8,35.73,35.96,33.6,1008858,35565344.0,0,35.253,0.0571,242000000,60500000,0.00417,8646660000.0,2161665000.0
2014-04-30,002714,牧原股份,36.3,35.19,36.3,34.97,721487,25489787.0,0,35.33,-0.01511,242000000,60500000,0.00298,8515980000.0,2128995000.0
2014-05-01,002714,牧原股份,35.19,35.19,35.19,35.19,0,0.0,2,,0.0,242000000,60500000,0.0,8515980000.0,2128995000.0
2014-05-02,002714,牧原股份,35.19,35.19,35.19,35.19,0,0.0,2,,0.0,242000000,60500000,0.0,8515980000.0,2128995000.0
2014-05-05,002714,牧原股份,34.95,37.71,38.71,34.81,4641181,176742900.0,0,38.081,0.07161,242000000,60500000,0.01918,9125820000.0,2281455000.0
2014-05-06,002714,牧原股份,36.91,38.7,39.3,36.7,4463451,171367464.0,0,38.393,0.02625,242000000,60500000,0.01844,9365400000.0,2341350000.0
2014-05-07,002714,牧原股份,38.55,39.92,40.98,38.03,3746823,148163233.0,0,39.544,0.03152,242000000,60500000,0.01548,9660640000.0,2415160000.0
2014-05-08,002714,牧原股份,39.8,39.21,40.5,38.81,2070864,81919650.0,0,39.558,-0.01779,242000000,60500000,0.00856,9488820000.0,2372205000.0
2014-05-09,002714,牧原股份,38.89,38.19,39.21,36.89,2716362,102324400.0,0,37.67,-0.02601,242000000,60500000,0.01122,9241980000.0,2310495000.0
2014-05-12,002714,牧原股份,37.95,39.25,39.47,37.27,1813659,69780021.0,0,38.475,0.02776,242000000,60500000,0.00749,9498500000.0,2374625000.0
2014-05-13,002714,牧原股份,39.35,37.75,39.76,37.56,1691459,64766795.0,0,38.29,-0.03822,242000000,60500000,0.00699,9135500000.0,2283875000.0
2014-05-14,002714,牧原股份,37.6,38.22,38.46,37.18,954461,36345725.0,0,38.08,0.01245,242000000,60500000,0.00394,9249240000.0,2312310000.0
2014-05-15,002714,牧原股份,37.65,38.14,39.6,37.61,1624736,63054459.0,0,38.809,-0.00209,242000000,60500000,0.00671,9229880000.0,2307470000.0
2014-05-16,002714,牧原股份,38.0,39.85,40.12,37.06,1718957,67074345.0,0,39.02,0.04483,242000000,60500000,0.0071,9643700000.0,2410925000.0
2014-05-19,002714,牧原股份,39.64,39.7,40.63,38.18,1747118,68884189.0,0,39.427,-0.00376,242000000,60500000,0.00722,9607400000.0,2401850000.0
2014-05-20,002714,牧原股份,40.6,40.55,42.2,39.3,2044382,82985529.0,0,40.592,0.02141,242000000,60500000,0.00845,9813100000.0,2453275000.0
2014-05-21,002714,牧原股份,40.0,39.87,40.5,38.5,1500112,59515990.0,0,39.674,-0.01677,242000000,60500000,0.0062,9648540000.0,2412135000.0
2014-05-22,002714,牧原股份,39.6,38.86,40.5,38.81,1096787,43353644.0,0,39.528,-0.02533,242000000,60500000,0.00453,9404120000.0,2351030000.0
2014-05-23,002714,牧原股份,38.88,39.65,39.67,38.51,1285708,50360922.0,0,39.17,0.02033,242000000,60500000,0.00531,9595300000.0,2398825000.0
2014-05-26,002714,牧原股份,39.23,39.79,39.98,38.63,1488902,58409483.0,0,39.23,0.00353,242000000,60500000,0.00615,9629180000.0,2407295000.0
2014-05-27,002714,牧原股份,39.93,40.45,41.9,39.29,1414294,57591575.0,0,40.721,0.01659,242000000,60500000,0.00584,9788900000.0,2447225000.0
2014-05-28,002714,牧原股份,40.04,41.3,41.3,39.0,1108287,44235706.0,0,39.914,0.02101,242000000,60500000,0.00458,9994600000.0,2498650000.0
2014-05-29,002714,牧原股份,40.91,39.61,41.17,39.58,939649,37829967.0,0,40.26,-0.04092,242000000,60500000,0.00388,9585620000.0,2396405000.0
2014-05-30,002714,牧原股份,39.58,39.31,40.56,39.1,985488,39020987.0,0,39.596,-0.00757,242000000,60500000,0.00407,9513020000.0,2378255000.0
2014-06-02,002714,牧原股份,39.31,39.31,39.31,39.31,0,0.0,2,,0.0,242000000,60500000,0.0,9513020000.0,2378255000.0
2014-06-03,002714,牧原股份,39.35,39.55,39.7,38.82,393308,15517643.0,0,39.454,0.00611,242000000,60500000,0.00163,9571100000.0,2392775000.0
2014-06-04,002714,牧原股份,39.67,37.87,39.68,37.71,1355454,51660714.0,0,38.113,-0.04248,242000000,60500000,0.0056,9164540000.0,2291135000.0
2014-06-05,002714,牧原股份,37.52,37.73,37.96,37.31,1255787,47189853.0,0,37.578,-0.0037,242000000,60500000,0.00519,9130660000.0,2282665000.0
2014-06-06,002714,牧原股份,37.66,38.18,39.0,37.66,674812,25905239.0,0,38.389,0.01193,242000000,60500000,0.00279,9239560000.0,2309890000.0
2014-06-09,002714,牧原股份,38.18,38.5,39.06,37.8,1053230,40766132.0,0,38.706,0.00838,242000000,60500000,0.00435,9317000000.0,2329250000.0
2014-06-10,002714,牧原股份,38.78,39.9,40.41,38.53,1215755,48074829.0,0,39.543,0.03636,242000000,60500000,0.00502,9655800000.0,2413950000.0
2014-06-11,002714,牧原股份,39.88,39.3,39.98,39.21,450901,17810493.0,0,39.5,-0.01504,242000000,60500000,0.00186,9510600000.0,2377650000.0
2014-06-12,002714,牧原股份,39.48,39.4,40.02,39.12,525658,20840113.0,0,39.646,0.00254,242000000,60500000,0.00217,9534800000.0,2383700000.0
2014-06-13,002714,牧原股份,39.36,39.58,40.1,39.13,785752,31226973.0,0,39.742,0.00457,242000000,60500000,0.00325,9578360000.0,2394590000.0
2014-06-16,002714,牧原股份,39.98,40.98,41.5,39.61,1623407,66258685.0,0,40.815,0.03537,242000000,60500000,0.00671,9917160000.0,2479290000.0
2014-06-17,002714,牧原股份,40.81,41.11,41.35,40.55,816596,33515181.0,0,41.043,0.00317,242000000,60500000,0.00337,9948620000.0,2487155000.0
2014-06-18,002714,牧原股份,40.88,40.21,40.98,39.1,665828,26524579.0,0,39.837,-0.02189,242000000,60500000,0.00275,9730820000.0,2432705000.0
2014-06-19,002714,牧原股份,40.2,38.69,40.2,38.2,569568,22256274.0,0,39.076,-0.0378,242000000,60500000,0.00235,9362980000.0,2340745000.0
2014-06-20,002714,牧原股份,38.37,40.26,40.39,38.37,355580,14139842.0,0,39.766,0.04058,242000000,60500000,0.00147,9742920000.0,2435730000.0
2014-06-23,002714,牧原股份,40.26,40.75,41.7,40.0,830598,34015829.0,0,40.953,0.01217,242000000,60500000,0.00343,9861500000.0,2465375000.0
2014-06-24,002714,牧原股份,40.75,39.9,40.93,39.38,629185,25085913.0,0,39.87,-0.02086,242000000,60500000,0.0026,9655800000.0,2413950000.0
2014-06-25,002714,牧原股份,39.62,42.58,42.58,39.05,1385870,56937905.0,0,41.085,0.06717,242000000,60500000,0.00573,10304360000.0,2576090000.0
2014-06-26,002714,牧原股份,42.0,43.81,44.8,42.0,2589207,112816752.0,0,43.572,0.02889,242000000,60500000,0.0107,10602020000.0,2650505000.0
2014-06-27,002714,牧原股份,43.17,43.28,44.2,42.65,1863607,80630002.0,0,43.266,-0.0121,242000000,60500000,0.0077,10473760000.0,2618440000.0
2014-06-30,002714,牧原股份,42.98,44.05,44.2,42.5,1253014,54586419.0,0,43.564,0.01779,242000000,60500000,0.00518,10660100000.0,2665025000.0
2014-07-01,002714,牧原股份,44.08,44.04,44.39,43.58,871620,38300586.0,0,43.942,-0.00023,242000000,60500000,0.0036,10657680000.0,2664420000.0
2014-07-02,002714,牧原股份,44.0,43.4,44.0,42.3,1147161,49440969.0,0,43.099,-0.01453,242000000,60500000,0.00474,10502800000.0,2625700000.0
2014-07-03,002714,牧原股份,43.2,42.52,43.2,42.3,877179,37499464.0,0,42.75,-0.02028,242000000,60500000,0.00362,10289840000.0,2572460000.0
2014-07-04,002714,牧原股份,42.755,42.987,43.711,42.514,549838,23579420.0,0,43.121,0.01089,242000000,60500000,0.00227,10345500000.0,2586375000.0
2014-07-07,002714,牧原股份,42.816,42.232,43.389,41.478,824086,34501171.0,0,42.098,-0.01756,242000000,60500000,0.00341,10164000000.0,2541000000.0
2014-07-08,002714,牧原股份,42.142,42.232,43.117,41.529,1129702,47478580.0,0,42.261,0.0,242000000,60500000,0.00467,10164000000.0,2541000000.0
2014-07-09,002714,牧原股份,42.162,41.669,42.675,41.227,840030,34971796.0,0,41.862,-0.01333,242000000,60500000,0.00347,10028480000.0,2507120000.0
2014-07-10,002714,牧原股份,41.277,41.428,41.911,41.277,733130,30214658.0,0,41.441,-0.00578,242000000,60500000,0.00303,9970400000.0,2492600000.0
2014-07-11,002714,牧原股份,41.327,42.182,42.222,40.433,1291498,53090593.0,0,41.335,0.0182,242000000,60500000,0.00534,10151900000.0,2537975000.0
2014-07-14,002714,牧原股份,42.232,44.485,45.229,42.202,1401595,61617980.0,0,44.206,0.0546,242000000,60500000,0.00579,10706080000.0,2676520000.0
2014-07-15,002714,牧原股份,44.243,45.802,47.139,43.751,1383524,63151399.0,0,45.898,0.02961,242000000,60500000,0.00572,11023100000.0,2755775000.0
2014-07-16,002714,牧原股份,45.46,45.752,47.361,44.505,864009,39440773.0,0,45.902,-0.00109,242000000,60500000,0.00357,11011000000.0,2752750000.0
2014-07-17,002714,牧原股份,45.983,45.852,46.154,44.605,309834,14027826.0,0,45.526,0.00219,242000000,60500000,0.00128,11035200000.0,2758800000.0
2014-07-18,002714,牧原股份,45.249,46.657,46.828,44.847,521135,24066901.0,0,46.438,0.01756,242000000,60500000,0.00215,11228800000.0,2807200000.0
2014-07-21,002714,牧原股份,46.657,47.461,47.723,45.329,742846,34582744.0,0,46.812,0.01723,242000000,60500000,0.00307,11422400000.0,2855600000.0
2014-07-22,002714,牧原股份,46.586,49.563,52.067,46.385,986760,49100998.0,0,50.035,0.04429,242000000,60500000,0.00408,11928180000.0,2982045000.0
2014-07-23,002714,牧原股份,49.975,49.734,51.835,47.773,1049136,51402466.0,0,49.266,0.00345,242000000,60500000,0.00434,11969320000.0,2992330000.0
2014-07-24,002714,牧原股份,49.975,48.768,50.186,47.129,964642,47008910.0,0,49.002,-0.01942,242000000,60500000,0.00399,11737000000.0,2934250000.0
2014-07-25,002714,牧原股份,48.869,48.567,49.271,47.109,754277,35916717.0,0,47.881,-0.00412,242000000,60500000,0.00312,11688600000.0,2922150000.0
2014-07-28,002714,牧原股份,48.467,49.512,50.277,47.129,744105,36088890.0,0,48.768,0.01946,242000000,60500000,0.00307,11916080000.0,2979020000.0
2014-07-29,002714,牧原股份,49.472,48.668,49.492,48.024,967866,46792640.0,0,48.614,-0.01705,242000000,60500000,0.004,11712800000.0,2928200000.0
2014-07-30,002714,牧原股份,46.275,47.813,48.266,46.275,879999,41478843.0,0,47.396,-0.01757,242000000,60500000,0.00364,11507100000.0,2876775000.0
2014-07-31,002714,牧原股份,47.522,50.528,51.755,47.391,1261501,62945796.0,0,50.174,0.05678,242000000,60500000,0.00521,12160500000.0,3040125000.0
2014-08-01,002714,牧原股份,50.508,51.242,52.791,50.076,693210,35570899.0,0,51.597,0.01413,242000000,60500000,0.00286,12332320000.0,3083080000.0
2014-08-04,002714,牧原股份,50.981,52.791,53.776,49.784,985325,51335788.0,0,52.388,0.03023,242000000,60500000,0.00407,12705000000.0,3176250000.0
2014-08-05,002714,牧原股份,52.338,52.821,53.273,51.111,501349,26049337.0,0,52.246,0.00057,242000000,60500000,0.00207,12712260000.0,3178065000.0
2014-08-06,002714,牧原股份,52.831,51.986,52.871,51.001,566873,29216698.0,0,51.825,-0.01581,242000000,60500000,0.00234,12511400000.0,3127850000.0
2014-08-07,002714,牧原股份,51.986,50.578,52.278,50.156,1591699,79717769.0,0,50.36,-0.02708,242000000,60500000,0.00658,12172600000.0,3043150000.0
2014-08-08,002714,牧原股份,50.528,52.519,53.092,49.774,817174,41663726.0,0,51.267,0.03838,242000000,60500000,0.00338,12639660000.0,3159915000.0
2014-08-11,002714,牧原股份,52.187,56.712,57.275,52.167,1406012,76971234.0,0,55.047,0.07984,242000000,60500000,0.00581,13648800000.0,3412200000.0
2014-08-12,002714,牧原股份,57.215,56.31,57.356,55.103,817969,45554480.0,0,56.0,-0.00709,242000000,60500000,0.00338,13552000000.0,3388000000.0
2014-08-13,002714,牧原股份,56.109,55.123,56.933,54.922,665558,36798007.0,0,55.595,-0.02108,242000000,60500000,0.00275,13266440000.0,3316610000.0
2014-08-14,002714,牧原股份,54.852,54.42,55.666,54.208,549572,29923368.0,0,54.749,-0.01275,242000000,60500000,0.00227,13097040000.0,3274260000.0
2014-08-15,002714,牧原股份,54.46,54.42,55.053,54.309,391924,21296209.0,0,54.639,0.0,242000000,60500000,0.00162,13097040000.0,3274260000.0
2014-08-18,002714,牧原股份,54.45,54.5,55.606,54.148,726548,39603043.0,0,54.811,0.00147,242000000,60500000,0.003,13116400000.0,3279100000.0
2014-08-19,002714,牧原股份,54.299,54.902,55.707,52.348,1392029,74550113.0,0,53.851,0.00738,242000000,60500000,0.00575,13213200000.0,3303300000.0
2014-08-20,002714,牧原股份,54.51,53.696,54.862,53.515,755548,40628388.0,0,54.071,-0.02197,242000000,60500000,0.00312,12922800000.0,3230700000.0
2014-08-21,002714,牧原股份,53.515,53.696,53.796,52.791,869028,45901815.0,0,53.112,0.0,242000000,60500000,0.00359,12922800000.0,3230700000.0
2014-08-22,002714,牧原股份,53.796,54.902,54.952,53.092,754126,40593884.0,0,54.127,0.02246,242000000,60500000,0.00312,13213200000.0,3303300000.0
2014-08-25,002714,牧原股份,55.103,52.298,55.103,52.288,1087185,57674371.0,0,53.343,-0.04743,242000000,60500000,0.00449,12586420000.0,3146605000.0
2014-08-26,002714,牧原股份,52.408,52.207,52.891,51.282,875013,45160170.0,0,51.897,-0.00174,242000000,60500000,0.00362,12564640000.0,3141160000.0
2014-08-27,002714,牧原股份,52.207,51.202,52.72,51.071,639279,32713671.0,0,51.456,-0.01925,242000000,60500000,0.00264,12322640000.0,3080660000.0
2014-08-28,002714,牧原股份,51.292,50.287,51.785,50.136,682785,34375269.0,0,50.625,-0.01787,242000000,60500000,0.00282,12102420000.0,3025605000.0
2014-08-29,002714,牧原股份,50.176,51.835,52.127,49.171,1015722,51042476.0,0,50.53,0.03078,242000000,60500000,0.0042,12475100000.0,3118775000.0
2014-09-01,002714,牧原股份,51.584,51.684,51.684,50.035,985405,49665158.0,0,50.68,-0.00291,242000000,60500000,0.00407,12438800000.0,3109700000.0
2014-09-02,002714,牧原股份,51.272,52.077,52.187,50.478,601866,30868887.0,0,51.573,0.0076,242000000,60500000,0.00249,12533180000.0,3133295000.0
2014-09-03,002714,牧原股份,52.056,52.288,52.891,51.584,633249,33003538.0,0,52.406,0.00405,242000000,60500000,0.00262,12584000000.0,3146000000.0
2014-09-04,002714,牧原股份,52.288,52.64,52.74,50.629,698825,35999454.0,0,51.799,0.00673,242000000,60500000,0.00289,12668700000.0,3167175000.0
2014-09-05,002714,牧原股份,51.644,52.459,52.891,51.564,470345,24308011.0,0,51.967,-0.00344,242000000,60500000,0.00194,12625140000.0,3156285000.0
2014-09-08,002714,牧原股份,52.459,52.459,52.459,52.459,0,0.0,2,,0.0,242000000,60500000,0.0,12625140000.0,3156285000.0
2014-09-09,002714,牧原股份,52.077,52.187,52.358,50.82,522732,26899579.0,0,51.745,-0.00519,242000000,60500000,0.00216,12559800000.0,3139950000.0
2014-09-10,002714,牧原股份,51.584,52.288,52.489,51.091,458549,23632353.0,0,51.822,0.00194,242000000,60500000,0.00189,12584000000.0,3146000000.0
2014-09-11,002714,牧原股份,52.268,51.584,52.509,51.302,488046,25225599.0,0,51.973,-0.01346,242000000,60500000,0.00202,12414600000.0,3103650000.0
2014-09-12,002714,牧原股份,51.584,51.423,51.976,51.282,392591,20150428.0,0,51.611,-0.00312,242000000,60500000,0.00162,12375880000.0,3093970000.0
2014-09-15,002714,牧原股份,51.443,50.779,51.534,50.458,1200084,60867579.0,0,51.0,-0.01252,242000000,60500000,0.00496,12221000000.0,3055250000.0
2014-09-16,002714,牧原股份,51.182,50.176,51.282,49.925,880693,44432146.0,0,50.73,-0.01187,242000000,60500000,0.00364,12075800000.0,3018950000.0
2014-09-17,002714,牧原股份,50.176,52.982,53.273,49.683,871116,45009087.0,0,51.954,0.05592,242000000,60500000,0.0036,12750980000.0,3187745000.0
2014-09-18,002714,牧原股份,53.354,53.283,54.088,52.992,1224122,64999336.0,0,53.393,0.00568,242000000,60500000,0.00506,12823580000.0,3205895000.0
2014-09-19,002714,牧原股份,53.565,52.569,53.565,52.358,346180,18102303.0,0,52.581,-0.0134,242000000,60500000,0.00143,12651760000.0,3162940000.0
2014-09-22,002714,牧原股份,52.569,50.659,52.569,50.428,484711,24673263.0,0,51.185,-0.03633,242000000,60500000,0.002,12191960000.0,3047990000.0
2014-09-23,002714,牧原股份,50.156,50.679,51.524,50.156,385283,19445914.0,0,50.751,0.00039,242000000,60500000,0.00159,12196800000.0,3049200000.0
2014-09-24,002714,牧原股份,50.84,50.81,51.383,50.307,602941,30439838.0,0,50.765,0.00258,242000000,60500000,0.00249,12228260000.0,3057065000.0
2014-09-25,002714,牧原股份,51.031,51.071,51.292,50.317,538022,27218507.0,0,50.87,0.00514,242000000,60500000,0.00222,12291180000.0,3072795000.0
2014-09-26,002714,牧原股份,51.152,50.8,51.232,50.236,632215,31729297.0,0,50.466,-0.00531,242000000,60500000,0.00261,12225840000.0,3056460000.0
2014-09-29,002714,牧原股份,50.981,53.394,54.299,50.981,1275826,66831676.0,0,52.673,0.05106,242000000,60500000,0.00527,12850200000.0,3212550000.0
2014-09-30,002714,牧原股份,52.992,55.274,55.807,52.992,993134,53858088.0,0,54.53,0.03521,242000000,60500000,0.0041,13302740000.0,3325685000.0
2014-10-01,002714,牧原股份,55.274,55.274,55.274,55.274,0,0.0,2,,0.0,242000000,60500000,0.0,13302740000.0,3325685000.0
2014-10-02,002714,牧原股份,55.274,55.274,55.274,55.274,0,0.0,2,,0.0,242000000,60500000,0.0,13302740000.0,3325685000.0
2014-10-03,002714,牧原股份,55.274,55.274,55.274,55.274,0,0.0,2,,0.0,242000000,60500000,0.0,13302740000.0,3325685000.0
2014-10-06,002714,牧原股份,55.274,55.274,55.274,55.274,0,0.0,2,,0.0,242000000,60500000,0.0,13302740000.0,3325685000.0
2014-10-07,002714,牧原股份,55.274,55.274,55.274,55.274,0,0.0,2,,0.0,242000000,60500000,0.0,13302740000.0,3325685000.0
2014-10-08,002714,牧原股份,55.204,54.802,56.169,54.359,439564,24075626.0,0,55.075,-0.00854,242000000,60500000,0.00182,13189000000.0,3297250000.0
2014-10-09,002714,牧原股份,55.204,54.892,55.485,53.977,403596,21879272.0,0,54.511,0.00164,242000000,60500000,0.00167,13210780000.0,3302695000.0
2014-10-10,002714,牧原股份,54.862,53.716,54.862,53.595,552715,29657071.0,0,53.954,-0.02142,242000000,60500000,0.00228,12927640000.0,3231910000.0
2014-10-13,002714,牧原股份,53.696,51.081,53.696,50.88,993613,51158727.0,0,51.773,-0.04905,242000000,60500000,0.00411,12293600000.0,3073400000.0
2014-10-14,002714,牧原股份,50.779,51.896,52.278,50.588,469239,24187541.0,0,51.831,0.01596,242000000,60500000,0.00194,12489620000.0,3122405000.0
2014-10-15,002714,牧原股份,51.875,51.051,52.237,50.548,487718,24800994.0,0,51.132,-0.01628,242000000,60500000,0.00202,12286340000.0,3071585000.0
2014-10-16,002714,牧原股份,50.578,49.512,50.779,48.336,1114700,55200734.0,0,49.795,-0.03015,242000000,60500000,0.00461,11916080000.0,2979020000.0
2014-10-17,002714,牧原股份,49.362,48.97,49.573,48.366,582378,28280959.0,0,48.83,-0.01095,242000000,60500000,0.00241,11785400000.0,2946350000.0
2014-10-20,002714,牧原股份,49.06,49.874,49.874,48.778,1010551,49654708.0,0,49.408,0.01846,242000000,60500000,0.00418,12003200000.0,3000800000.0
2014-10-21,002714,牧原股份,49.774,50.226,50.669,49.181,659705,32980210.0,0,50.269,0.00706,242000000,60500000,0.00273,12087900000.0,3021975000.0
2014-10-22,002714,牧原股份,50.226,50.277,50.769,50.216,364255,18264733.0,0,50.42,0.00102,242000000,60500000,0.00151,12100000000.0,3025000000.0
2014-10-23,002714,牧原股份,50.277,48.416,50.297,48.165,626875,30781957.0,0,49.376,-0.03701,242000000,60500000,0.00259,11652300000.0,2913075000.0
2014-10-24,002714,牧原股份,48.457,50.558,50.659,48.416,399306,19820628.0,0,49.913,0.04424,242000000,60500000,0.00165,12167760000.0,3041940000.0
2014-10-27,002714,牧原股份,50.277,50.317,51.282,49.352,811340,40851645.0,0,50.63,-0.00477,242000000,60500000,0.00335,12109680000.0,3027420000.0
2014-10-28,002714,牧原股份,50.377,54.781,55.345,50.317,1236068,65344455.0,0,53.158,0.08872,242000000,60500000,0.00511,13184160000.0,3296040000.0
2014-10-29,002714,牧原股份,55.797,53.293,55.797,52.801,1092725,58190173.0,0,53.547,-0.02716,242000000,60500000,0.00452,12826000000.0,3206500000.0
2014-10-30,002714,牧原股份,53.545,53.364,53.645,52.901,486926,25818112.0,0,53.316,0.00133,242000000,60500000,0.00201,12842940000.0,3210735000.0
2014-10-31,002714,牧原股份,53.183,53.062,53.545,51.564,748830,39015442.0,0,52.39,-0.00566,242000000,60500000,0.00309,12770340000.0,3192585000.0
2014-11-03,002714,牧原股份,52.589,53.102,53.293,52.459,298202,15743722.0,0,53.087,0.00075,242000000,60500000,0.00123,12780020000.0,3195005000.0
2014-11-04,002714,牧原股份,52.992,51.986,53.253,51.906,274164,14313532.0,0,52.497,-0.02102,242000000,60500000,0.00113,12511400000.0,3127850000.0
2014-11-05,002714,牧原股份,51.483,51.966,52.016,50.377,456268,23289588.0,0,51.326,-0.00038,242000000,60500000,0.00189,12506560000.0,3126640000.0
2014-11-06,002714,牧原股份,51.674,52.911,53.394,51.524,515072,26991961.0,0,52.694,0.01818,242000000,60500000,0.00213,12734040000.0,3183510000.0
2014-11-07,002714,牧原股份,53.253,52.177,53.253,50.83,1086140,55778236.0,0,51.639,-0.01387,242000000,60500000,0.00449,12557380000.0,3139345000.0
2014-11-10,002714,牧原股份,51.684,50.709,51.684,50.277,836339,42102704.0,0,50.621,-0.02814,242000000,60500000,0.00346,12204060000.0,3051015000.0
2014-11-11,002714,牧原股份,50.679,49.864,50.96,49.382,946054,47333347.0,0,50.309,-0.01666,242000000,60500000,0.00391,12000780000.0,3000195000.0
2014-11-12,002714,牧原股份,50.066,52.871,53.042,50.066,1583282,81435087.0,0,51.719,0.0603,242000000,60500000,0.00654,12724360000.0,3181090000.0
2014-11-13,002714,牧原股份,52.64,54.832,56.109,51.684,1329299,72068281.0,0,54.515,0.03709,242000000,60500000,0.00549,13196260000.0,3299065000.0
2014-11-14,002714,牧原股份,54.078,55.083,55.415,53.303,561159,30325032.0,0,54.339,0.00458,242000000,60500000,0.00232,13256760000.0,3314190000.0
2014-11-17,002714,牧原股份,55.375,54.51,55.485,53.615,409365,21996178.0,0,54.029,-0.0104,242000000,60500000,0.00169,13118820000.0,3279705000.0
2014-11-18,002714,牧原股份,54.409,59.96,59.96,54.128,1268864,73167295.0,0,57.983,0.09998,242000000,60500000,0.00524,14430460000.0,3607615000.0
2014-11-19,002714,牧原股份,60.352,62.655,65.36,60.231,1651897,102338883.0,0,62.295,0.04495,242000000,60500000,0.00683,15079020000.0,3769755000.0
2014-11-20,002714,牧原股份,62.323,62.001,63.308,60.915,1288005,79200800.0,0,61.831,-0.01044,242000000,60500000,0.00532,14921720000.0,3730430000.0
2014-11-21,002714,牧原股份,61.941,61.639,62.826,60.342,851207,52286563.0,0,61.766,-0.00584,242000000,60500000,0.00352,14834600000.0,3708650000.0
2014-11-24,002714,牧原股份,61.84,62.956,65.33,59.327,1190936,75211078.0,0,63.502,0.02137,242000000,60500000,0.00492,15151620000.0,3787905000.0
2014-11-25,002714,牧原股份,62.856,61.418,62.856,59.327,702298,42005358.0,0,60.142,-0.02443,242000000,60500000,0.0029,14781360000.0,3695340000.0
2014-11-26,002714,牧原股份,60.734,59.457,60.845,58.532,987737,58298041.0,0,59.349,-0.03193,242000000,60500000,0.00408,14309460000.0,3577365000.0
2014-11-27,002714,牧原股份,59.337,58.824,59.337,57.698,1090634,63337518.0,0,58.395,-0.01065,242000000,60500000,0.00451,14157000000.0,3539250000.0
2014-11-28,002714,牧原股份,58.784,58.12,58.784,57.466,959363,55344243.0,0,58.008,-0.01197,242000000,60500000,0.00396,13987600000.0,3496900000.0
2014-12-01,002714,牧原股份,57.456,54.6,58.462,54.037,1653489,90915209.0,0,55.288,-0.06056,242000000,60500000,0.00683,13140600000.0,3285150000.0
2014-12-02,002714,牧原股份,54.792,55.164,56.28,54.55,1287316,70685111.0,0,55.213,0.01033,242000000,60500000,0.00532,13276120000.0,3319030000.0
2014-12-03,002714,牧原股份,56.189,54.631,56.199,53.504,1743541,94392772.0,0,54.439,-0.00966,242000000,60500000,0.0072,13147860000.0,3286965000.0
2014-12-04,002714,牧原股份,54.651,56.702,58.653,53.917,2770562,152744760.0,0,55.436,0.03791,242000000,60500000,0.01145,13646380000.0,3411595000.0
2014-12-05,002714,牧原股份,56.27,54.198,56.27,53.142,2238008,120361883.0,0,54.079,-0.04416,242000000,60500000,0.00925,13043800000.0,3260950000.0
2014-12-08,002714,牧原股份,54.068,51.886,54.902,51.745,2407551,126744046.0,0,52.935,-0.04266,242000000,60500000,0.00995,12487200000.0,3121800000.0
2014-12-09,002714,牧原股份,51.916,48.768,51.916,48.567,2175133,108440014.0,0,50.13,-0.06009,242000000,60500000,0.00899,11737000000.0,2934250000.0
2014-12-10,002714,牧原股份,48.266,51.312,51.835,48.266,1291476,64747692.0,0,50.412,0.05217,242000000,60500000,0.00534,12349260000.0,3087315000.0
2014-12-11,002714,牧原股份,51.443,50.297,52.157,49.975,949820,47991631.0,0,50.807,-0.01978,242000000,60500000,0.00392,12104840000.0,3026210000.0
2014-12-12,002714,牧原股份,50.428,51.272,51.976,48.859,1683268,84395861.0,0,50.415,0.01938,242000000,60500000,0.00696,12339580000.0,3084895000.0
2014-12-15,002714,牧原股份,50.689,53.142,53.806,50.297,2042302,106929270.0,0,52.647,0.03647,242000000,60500000,0.00844,12789700000.0,3197425000.0
2014-12-16,002714,牧原股份,53.092,53.293,53.997,52.288,1609216,85063175.0,0,53.153,0.00284,242000000,60500000,0.00665,12826000000.0,3206500000.0
2014-12-17,002714,牧原股份,53.042,53.726,55.495,52.67,1923227,103682976.0,0,54.209,0.00812,242000000,60500000,0.00795,12930060000.0,3232515000.0
2014-12-18,002714,牧原股份,53.344,53.082,54.198,52.67,636090,33896212.0,0,53.583,-0.01199,242000000,60500000,0.00263,12775180000.0,3193795000.0
2014-12-19,002714,牧原股份,53.042,50.779,53.042,49.04,1260467,63103947.0,0,50.341,-0.04339,242000000,60500000,0.00521,12221000000.0,3055250000.0
2014-12-22,002714,牧原股份,50.327,45.702,50.327,45.702,1699898,78877566.0,0,46.658,-0.09998,242000000,60500000,0.00702,10998900000.0,2749725000.0
2014-12-23,002714,牧原股份,45.551,43.6,46.556,42.232,2156782,94698460.0,0,44.15,-0.04599,242000000,60500000,0.00891,10493120000.0,2623280000.0
2014-12-24,002714,牧原股份,43.741,45.45,45.45,43.238,1138229,50464014.0,0,44.581,0.04243,242000000,60500000,0.0047,10938400000.0,2734600000.0
2014-12-25,002714,牧原股份,45.249,45.752,46.717,44.646,1609852,72650238.0,0,45.379,0.00664,242000000,60500000,0.00665,11011000000.0,2752750000.0
2014-12-26,002714,牧原股份,45.641,44.254,45.732,43.54,1517732,67030346.0,0,44.409,-0.03274,242000000,60500000,0.00627,10650420000.0,2662605000.0
2014-12-29,002714,牧原股份,42.977,43.017,43.882,42.092,1923816,82075428.0,0,42.899,-0.02795,242000000,60500000,0.00795,10352760000.0,2588190000.0
2014-12-30,002714,牧原股份,42.735,41.73,43.077,40.724,1967348,81580442.0,0,41.696,-0.02992,242000000,60500000,0.00813,10043000000.0,2510750000.0
2014-12-31,002714,牧原股份,41.438,44.243,44.243,41.006,2005788,86093573.0,0,43.161,0.06022,242000000,60500000,0.00829,10648000000.0,2662000000.0
2015-01-01,002714,牧原股份,44.243,44.243,44.243,44.243,0,0.0,2,,0.0,242000000,60500000,0.0,10648000000.0,2662000000.0
2015-01-02,002714,牧原股份,44.243,44.243,44.243,44.243,0,0.0,2,,0.0,242000000,60500000,0.0,10648000000.0,2662000000.0
2015-01-05,002714,牧原股份,43.449,44.344,44.897,42.333,1247162,54342547.0,0,43.814,0.00228,242000000,60500000,0.00515,10672200000.0,2668050000.0
2015-01-06,002714,牧原股份,44.032,47.904,48.778,43.59,2756398,129024262.0,0,47.068,0.08028,242000000,60500000,0.01139,11528880000.0,2882220000.0
2015-01-07,002714,牧原股份,47.944,50.297,50.478,47.32,2857547,140559421.0,0,49.461,0.04995,242000000,60500000,0.01181,12104840000.0,3026210000.0
2015-01-08,002714,牧原股份,50.176,52.288,55.284,49.462,1784482,93666338.0,0,52.779,0.03958,242000000,60500000,0.00737,12584000000.0,3146000000.0
2015-01-09,002714,牧原股份,52.117,53.303,54.792,51.845,981433,51964629.0,0,53.241,0.01941,242000000,60500000,0.00406,12828420000.0,3207105000.0
2015-01-12,002714,牧原股份,52.328,51.483,54.269,50.277,1156823,60637944.0,0,52.708,-0.03414,242000000,60500000,0.00478,12390400000.0,3097600000.0
2015-01-13,002714,牧原股份,51.483,51.795,52.791,50.79,345496,17887698.0,0,52.061,0.00606,242000000,60500000,0.00143,12465420000.0,3116355000.0
2015-01-14,002714,牧原股份,51.926,55.757,55.817,51.282,1001541,54466359.0,0,54.684,0.07649,242000000,60500000,0.00414,13418900000.0,3354725000.0
2015-01-15,002714,牧原股份,55.676,54.319,57.718,54.128,752974,41770584.0,0,55.781,-0.02579,242000000,60500000,0.00311,13072840000.0,3268210000.0
2015-01-16,002714,牧原股份,54.198,55.958,56.31,53.173,662887,36334295.0,0,55.115,0.03017,242000000,60500000,0.00274,13467300000.0,3366825000.0
2015-01-19,002714,牧原股份,55.878,56.069,58.562,54.842,1141019,64289070.0,0,56.656,0.00198,242000000,60500000,0.00471,13493920000.0,3373480000.0
2015-01-20,002714,牧原股份,56.3,55.033,57.235,53.806,650086,35695532.0,0,55.213,-0.01848,242000000,60500000,0.00269,13244660000.0,3311165000.0
2015-01-21,002714,牧原股份,55.033,55.314,55.857,54.027,814065,44396217.0,0,54.838,0.00511,242000000,60500000,0.00336,13312420000.0,3328105000.0
2015-01-22,002714,牧原股份,54.852,54.249,55.154,52.61,1176346,62906581.0,0,53.772,-0.01925,242000000,60500000,0.00486,13055900000.0,3263975000.0
2015-01-23,002714,牧原股份,54.188,53.685,54.188,52.891,497932,26509379.0,0,53.534,-0.0104,242000000,60500000,0.00206,12920380000.0,3230095000.0
2015-01-26,002714,牧原股份,53.685,54.409,54.5,53.092,1025731,54891074.0,0,53.81,0.01349,242000000,60500000,0.00424,13094620000.0,3273655000.0
2015-01-27,002714,牧原股份,54.379,53.706,54.42,53.092,658114,35054296.0,0,53.56,-0.01292,242000000,60500000,0.00272,12925220000.0,3231305000.0
2015-01-28,002714,牧原股份,53.434,51.242,53.675,50.88,1797193,93047442.0,0,52.061,-0.04588,242000000,71711502,0.00743,12332320000.0,3654418141.92
2015-01-29,002714,牧原股份,50.578,51.282,52.851,50.287,1189061,61305083.0,0,51.843,0.00078,242000000,71711502,0.00491,12342000000.0,3657286602.0
2015-01-30,002714,牧原股份,52.087,51.071,52.087,50.609,630302,32083652.0,0,51.184,-0.00411,242000000,71711502,0.0026,12291180000.0,3642227186.58
2015-02-02,002714,牧原股份,51.091,52.67,52.992,50.538,739245,38424400.0,0,52.266,0.03131,242000000,71711502,0.00305,12675960000.0,3756248474.76
2015-02-03,002714,牧原股份,52.67,52.107,53.293,51.785,1332428,69326375.0,0,52.318,-0.01069,242000000,71711502,0.00551,12540440000.0,3716090033.64
2015-02-04,002714,牧原股份,52.097,51.071,52.107,50.629,612196,31112921.0,0,51.103,-0.01988,242000000,71711502,0.00253,12291180000.0,3642227186.58
2015-02-05,002714,牧原股份,51.071,48.366,51.664,48.266,1194050,58811533.0,0,49.527,-0.05297,242000000,71711502,0.00493,11640200000.0,3449323246.2
2015-02-06,002714,牧原股份,48.366,48.758,48.819,46.757,1079421,51245435.0,0,47.738,0.0081,242000000,71711502,0.00446,11734580000.0,3477290731.98
2015-02-09,002714,牧原股份,48.758,49.643,49.975,47.863,885230,43263567.0,0,49.143,0.01815,242000000,71711502,0.00366,11947540000.0,3540396853.74
2015-02-10,002714,牧原股份,49.281,48.477,50.076,47.934,624839,30373151.0,0,48.879,-0.02349,242000000,71711502,0.00258,11666820000.0,3457211511.42
2015-02-11,002714,牧原股份,48.648,47.562,48.758,47.471,751181,35841307.0,0,47.977,-0.01887,242000000,71711502,0.0031,11446600000.0,3391954044.6
2015-02-12,002714,牧原股份,48.246,50.076,51.775,47.441,1592780,79364230.0,0,50.103,0.05286,242000000,71711502,0.00658,12051600000.0,3571232799.6
2015-02-13,002714,牧原股份,50.045,50.206,50.598,49.573,1190802,59084617.0,0,49.892,0.0026,242000000,71711502,0.00492,12083060000.0,3580555294.86
2015-02-16,002714,牧原股份,50.166,50.96,51.182,49.794,1154538,58272939.0,0,50.752,0.01502,242000000,71711502,0.00477,12264560000.0,3634338921.36
2015-02-17,002714,牧原股份,50.96,50.417,51.383,50.277,934526,47199452.0,0,50.786,-0.01066,242000000,71711502,0.00386,12133880000.0,3595614710.28
2015-02-18,002714,牧原股份,50.417,50.417,50.417,50.417,0,0.0,2,,0.0,242000000,71711502,0.0,12133880000.0,3595614710.28
2015-02-19,002714,牧原股份,50.417,50.417,50.417,50.417,0,0.0,2,,0.0,242000000,71711502,0.0,12133880000.0,3595614710.28
2015-02-20,002714,牧原股份,50.417,50.417,50.417,50.417,0,0.0,2,,0.0,242000000,71711502,0.0,12133880000.0,3595614710.28
2015-02-23,002714,牧原股份,50.417,50.417,50.417,50.417,0,0.0,2,,0.0,242000000,71711502,0.0,12133880000.0,3595614710.28
2015-02-24,002714,牧原股份,50.417,50.417,50.417,50.417,0,0.0,2,,0.0,242000000,71711502,0.0,12133880000.0,3595614710.28
2015-02-25,002714,牧原股份,50.478,52.187,52.278,49.291,1703514,86557909.0,0,51.092,0.03511,242000000,71711502,0.00704,12559800000.0,3721826953.8
2015-02-26,002714,牧原股份,52.197,54.53,54.781,52.197,2076744,111405169.0,0,53.941,0.0449,242000000,71711502,0.00858,13123660000.0,3888914753.46
2015-02-27,002714,牧原股份,54.098,54.319,54.902,54.098,877786,47636164.0,0,54.569,-0.00387,242000000,71711502,0.00363,13072840000.0,3873855338.04
2015-03-02,002714,牧原股份,54.319,56.27,57.094,53.494,1466734,81424174.0,0,55.821,0.03592,242000000,71711502,0.00606,13542320000.0,4012975651.92
2015-03-03,002714,牧原股份,56.27,56.34,58.512,54.48,1633425,92527737.0,0,56.959,0.00124,242000000,71711502,0.00675,13559260000.0,4017995457.06
2015-03-04,002714,牧原股份,55.556,57.868,58.673,55.556,1014169,57578012.0,0,57.088,0.02712,242000000,71711502,0.00419,13927100000.0,4126996940.1
2015-03-05,002714,牧原股份,57.818,56.531,57.818,56.139,1145011,64415254.0,0,56.568,-0.0231,242000000,71711502,0.00473,13605240000.0,4031620642.44
2015-03-06,002714,牧原股份,55.304,56.662,57.667,55.013,507542,28578477.0,0,56.62,0.00232,242000000,71711502,0.0021,13636700000.0,4040943137.7
2015-03-09,002714,牧原股份,55.867,60.02,60.714,54.5,1432983,82825276.0,0,58.119,0.05926,242000000,71711502,0.00592,14444980000.0,4280459554.38
2015-03-10,002714,牧原股份,59.447,59.327,60.835,58.22,541968,31927318.0,0,59.236,-0.01155,242000000,71711502,0.00224,14278000000.0,4230978618.0
2015-03-11,002714,牧原股份,59.528,57.698,59.528,56.984,397421,22881483.0,0,57.894,-0.02746,242000000,71711502,0.00164,13885960000.0,4114805984.76
2015-03-12,002714,牧原股份,57.024,60.282,60.412,55.576,750486,43865609.0,0,58.773,0.04478,242000000,71711502,0.0031,14507900000.0,4299104544.9
2015-03-13,002714,牧原股份,59.829,59.347,62.142,59.327,500266,30044637.0,0,60.389,-0.01551,242000000,71711502,0.00207,14282840000.0,4232412848.04
2015-03-16,002714,牧原股份,59.357,61.036,62.343,58.442,728723,44453032.0,0,61.339,0.02846,242000000,71711502,0.00301,14689400000.0,4352888171.4
2015-03-17,002714,牧原股份,61.116,62.826,63.298,60.131,769422,47486144.0,0,62.059,0.02933,242000000,71711502,0.00318,15120160000.0,4480534644.96
2015-03-18,002714,牧原股份,62.343,62.504,63.55,61.79,385048,23972403.0,0,62.603,-0.00513,242000000,71711502,0.00159,15042720000.0,4457586964.32
2015-03-19,002714,牧原股份,62.796,61.609,62.846,60.825,416469,25673830.0,0,61.987,-0.01432,242000000,71711502,0.00172,14827340000.0,4393763727.54
2015-03-20,002714,牧原股份,61.599,63.499,65.209,60.945,947719,59958575.0,0,63.616,0.03068,242000000,71711502,0.00392,15282300000.0,4528581351.3
2015-03-23,002714,牧原股份,63.379,64.344,64.585,62.544,350613,22215092.0,0,63.712,0.01331,242000000,71711502,0.00145,15485580000.0,4588819012.98
2015-03-24,002714,牧原股份,64.254,64.756,64.857,61.84,507455,31998978.0,0,63.407,0.0064,242000000,71711502,0.0021,15584800000.0,4618220728.8
2015-03-25,002714,牧原股份,64.354,71.232,71.232,62.343,1767587,118858293.0,0,67.615,0.10001,242000000,71711502,0.0073,17143280000.0,5080042801.68
2015-03-26,002714,牧原股份,71.393,75.666,77.305,71.182,1631873,121605273.0,0,74.931,0.06225,242000000,71711502,0.00674,18210500000.0,5396290525.5
2015-03-27,002714,牧原股份,74.912,74.229,77.929,73.404,920599,69655615.0,0,76.082,-0.01899,242000000,71711502,0.0038,17864440000.0,5293743077.64
2015-03-30,002714,牧原股份,73.716,74.46,74.46,71.001,1437845,104035430.0,0,72.755,0.00311,242000000,71711502,0.00594,17920100000.0,5310236723.1
2015-03-31,002714,牧原股份,74.41,73.907,75.405,71.896,1012961,74481356.0,0,73.935,-0.00743,242000000,71711502,0.00419,17787000000.0,5270795397.0
2015-04-01,002714,牧原股份,73.907,79.357,79.638,71.996,792584,60614854.0,0,76.901,0.07374,242000000,71711502,0.00328,19098640000.0,5659471737.84
2015-04-02,002714,牧原股份,79.196,75.415,79.528,74.41,1459106,111487262.0,0,76.831,-0.04967,242000000,71711502,0.00603,18150000000.0,5378362650.0
2015-04-03,002714,牧原股份,75.485,74.299,76.018,73.706,883890,65465208.0,0,74.475,-0.0148,242000000,71711502,0.00365,17881380000.0,5298762882.78
2015-04-06,002714,牧原股份,74.299,74.299,74.299,74.299,0,0.0,2,,0.0,242000000,71711502,0.0,17881380000.0,5298762882.78
2015-04-07,002714,牧原股份,74.299,74.299,74.299,74.299,0,0.0,1,,0.0,242000000,71711502,0.0,17881380000.0,5298762882.78
2015-04-08,002714,牧原股份,74.299,74.299,74.299,74.299,0,0.0,1,,0.0,242000000,71711502,0.0,17881380000.0,5298762882.78
2015-04-09,002714,牧原股份,74.299,74.299,74.299,74.299,0,0.0,1,,0.0,242000000,71711502,0.0,17881380000.0,5298762882.78
2015-04-10,002714,牧原股份,74.299,74.299,74.299,74.299,0,0.0,1,,0.0,242000000,71711502,0.0,17881380000.0,5298762882.78
2015-04-13,002714,牧原股份,74.299,74.299,74.299,74.299,0,0.0,1,,0.0,242000000,71711502,0.0,17881380000.0,5298762882.78
2015-04-14,002714,牧原股份,74.299,74.299,74.299,74.299,0,0.0,1,,0.0,242000000,71711502,0.0,17881380000.0,5298762882.78
2015-04-15,002714,牧原股份,74.299,74.299,74.299,74.299,0,0.0,1,,0.0,242000000,71711502,0.0,17881380000.0,5298762882.78
2015-04-16,002714,牧原股份,74.299,74.299,74.299,74.299,0,0.0,1,,0.0,242000000,71711502,0.0,17881380000.0,5298762882.78
2015-04-17,002714,牧原股份,74.299,74.299,74.299,74.299,0,0.0,1,,0.0,242000000,71711502,0.0,17881380000.0,5298762882.78
2015-04-20,002714,牧原股份,74.299,74.299,74.299,74.299,0,0.0,1,,0.0,242000000,71711502,0.0,17881380000.0,5298762882.78
2015-04-21,002714,牧原股份,74.299,74.299,74.299,74.299,0,0.0,1,,0.0,242000000,71711502,0.0,17881380000.0,5298762882.78
2015-04-22,002714,牧原股份,74.299,74.299,74.299,74.299,0,0.0,1,,0.0,242000000,71711502,0.0,17881380000.0,5298762882.78
2015-04-23,002714,牧原股份,74.299,74.299,74.299,74.299,0,0.0,1,,0.0,242000000,71711502,0.0,17881380000.0,5298762882.78
2015-04-24,002714,牧原股份,74.299,74.299,74.299,74.299,0,0.0,1,,0.0,242000000,71711502,0.0,17881380000.0,5298762882.78
2015-04-27,002714,牧原股份,74.299,74.299,74.299,74.299,0,0.0,1,,0.0,242000000,71711502,0.0,17881380000.0,5298762882.78
2015-04-28,002714,牧原股份,81.73,78.16,81.73,74.41,4287198,330063515.0,0,77.414,0.05197,242000000,71711502,0.01772,18810660000.0,5574135050.46
2015-04-29,002714,牧原股份,78.281,75.566,78.281,74.41,1781327,133589856.0,0,75.41,-0.03319,242000000,71711502,0.00736,18186300000.0,5389119375.3
2015-04-30,002714,牧原股份,75.465,73.907,75.465,71.815,1569312,113845398.0,0,72.946,-0.02195,242000000,71711502,0.00648,17787000000.0,5270795397.0
2015-05-01,002714,牧原股份,73.907,73.907,73.907,73.907,0,0.0,2,,0.0,242000000,71711502,0.0,17787000000.0,5270795397.0
2015-05-04,002714,牧原股份,73.303,78.582,79.136,70.89,1420666,107894338.0,0,76.366,0.06326,242000000,71711502,0.00587,18912300000.0,5604253881.3
2015-05-05,002714,牧原股份,78.934,78.934,79.92,75.717,1302725,100159526.0,0,77.31,0.00448,242000000,71711502,0.00538,18997000000.0,5629352907.0
2015-05-06,002714,牧原股份,78.261,77.939,79.437,77.074,878807,68280980.0,0,78.127,-0.01261,242000000,71711502,0.00363,18757420000.0,5558358520.02
2015-05-07,002714,牧原股份,77.426,75.375,77.426,74.249,902301,67701164.0,0,75.447,-0.0329,242000000,71711502,0.00373,18140320000.0,5375494189.92
2015-05-08,002714,牧原股份,75.113,75.415,75.415,73.253,1603054,117856988.0,0,73.927,0.00053,242000000,71711502,0.00662,18150000000.0,5378362650.0
2015-05-11,002714,牧原股份,75.154,75.395,75.395,72.881,1612433,118440041.0,0,73.86,-0.00027,242000000,71711502,0.00666,18145160000.0,5376928419.96
2015-05-12,002714,牧原股份,74.721,74.42,76.411,72.951,1771733,131034519.0,0,74.367,-0.01293,242000000,71711502,0.00732,17910420000.0,5307368263.02
2015-05-13,002714,牧原股份,73.384,73.404,74.721,69.583,2465741,177717774.0,0,72.474,-0.01365,242000000,71711502,0.01019,17666000000.0,5234939646.0
2015-05-14,002714,牧原股份,73.706,73.012,73.826,71.343,995510,71964751.0,0,72.689,-0.00534,242000000,71711502,0.00411,17571620000.0,5206972160.22
2015-05-15,002714,牧原股份,73.283,74.007,74.661,72.348,1089714,79829796.0,0,73.663,0.01363,242000000,71711502,0.0045,17811200000.0,5277966547.2
2015-05-18,002714,牧原股份,73.907,80.242,81.408,73.434,2775732,218272452.0,0,79.071,0.08425,242000000,71711502,0.01147,19311600000.0,5722577859.6
2015-05-19,002714,牧原股份,80.312,78.914,81.649,76.622,1932313,151575809.0,0,78.877,-0.01655,242000000,71711502,0.00798,18992160000.0,5627918676.96
2015-05-20,002714,牧原股份,78.914,85.631,86.476,78.834,1652023,134759444.0,0,82.023,0.08512,242000000,71711502,0.00683,20608720000.0,6106951510.32
2015-05-21,002714,牧原股份,86.476,90.498,91.504,82.454,2454503,206408502.0,0,84.559,0.05684,242000000,71711502,0.01014,21780000000.0,6454035180.0
2015-05-22,002714,牧原股份,89.895,91.926,97.135,89.09,2854364,266403422.0,0,93.848,0.01578,242000000,71711502,0.01179,22123640000.0,6555865512.84
2015-05-25,002714,牧原股份,89.543,97.557,98.221,87.15,1402883,130326055.0,0,93.413,0.06126,242000000,71711502,0.0058,23478840000.0,6957449924.04
2015-05-26,002714,牧原股份,99.85,101.006,105.853,98.844,1758037,177675369.0,0,101.624,0.03535,242000000,71711502,0.00726,24308900000.0,7203420375.9
2015-05-27,002714,牧原股份,101.116,102.062,109.493,96.531,2138093,214596893.0,0,100.923,0.01045,242000000,71711502,0.00884,24563000000.0,7278717453.0
2015-05-28,002714,牧原股份,101.851,95.757,105.551,95.757,2197587,220446836.0,0,100.868,-0.06178,242000000,71711502,0.00908,23045660000.0,6829086335.46
2015-05-29,002714,牧原股份,96.531,93.535,96.923,86.587,1565376,146692614.0,0,94.23,-0.0232,242000000,71711502,0.00647,22510840000.0,6670603916.04
2015-06-01,002714,牧原股份,93.515,99.548,99.548,92.429,1314458,127873267.0,0,97.82,0.06429,242000000,71711502,0.00543,23958000000.0,7099438698.0
2015-06-02,002714,牧原股份,99.638,105.189,105.581,98.643,1425446,144744294.0,0,102.105,0.05667,242000000,71711502,0.00589,25315620000.0,7501740224.22
2015-06-03,002714,牧原股份,108.185,105.893,113.605,100.584,1774765,188278173.0,0,106.673,0.00669,242000000,71625702,0.00733,25485020000.0,7542902677.62
2015-06-04,002714,牧原股份,104.374,97.034,106.566,95.305,2092252,205383572.0,0,98.707,-0.08366,242000000,71625702,0.00865,23353000000.0,6911880243.0
2015-06-05,002714,牧原股份,96.783,101.106,103.067,92.509,2965384,282647030.0,0,95.842,0.04196,242000000,71625702,0.01225,24333100000.0,7201964336.1
2015-06-08,002714,牧原股份,100.513,97.838,102.554,96.531,1678742,164929417.0,0,98.79,-0.03232,242000000,71625702,0.00694,23546600000.0,6969180804.6
2015-06-09,002714,牧原股份,97.889,97.336,100.191,93.826,1613925,156052549.0,0,97.226,-0.00513,242000000,71625702,0.00667,23425600000.0,6933367953.6
2015-06-10,002714,牧原股份,97.337,99.047,103.233,93.574,3638324,180657533.0,0,99.921,0.01757,484000000,143251404,0.00752,23822480000.0,7050834104.88
2015-06-11,002714,牧原股份,98.262,98.403,99.389,94.6,3005571,145156236.0,0,97.188,-0.0065,484000000,143251404,0.00621,23667600000.0,7004993655.6
2015-06-12,002714,牧原股份,97.196,103.515,104.742,97.196,5905029,299593002.0,0,102.096,0.05195,484000000,143251404,0.0122,24896960000.0,7368852221.76
2015-06-15,002714,牧原股份,104.521,99.087,105.004,98.604,3275370,165228927.0,0,101.514,-0.04278,484000000,143251404,0.00677,23832160000.0,7053699132.96
2015-06-16,002714,牧原股份,97.256,92.95,101.623,89.187,3309845,159035602.0,0,96.691,-0.06194,484000000,143251404,0.00684,22355960000.0,6616782350.76
2015-06-17,002714,牧原股份,92.95,95.385,96.532,92.93,2806073,131941405.0,0,94.62,0.0262,484000000,143251404,0.0058,22941600000.0,6790116549.6
2015-06-18,002714,牧原股份,95.485,90.877,97.598,90.555,2576764,120427804.0,0,94.049,-0.04726,484000000,143251404,0.00532,21857440000.0,6469233404.64
2015-06-19,002714,牧原股份,87.396,90.213,94.58,86.611,3332297,151560908.0,0,91.525,-0.00731,484000000,143251404,0.00688,21697720000.0,6421960441.32
2015-06-22,002714,牧原股份,90.213,90.213,90.213,90.213,0,0.0,2,,0.0,484000000,143251404,0.0,21697720000.0,6421960441.32
2015-06-23,002714,牧原股份,90.555,96.572,96.572,88.945,3128325,145787151.0,0,93.779,0.07049,484000000,143251404,0.00646,23227160000.0,6874634877.96
2015-06-24,002714,牧原股份,99.611,102.025,103.837,97.598,4373647,220267446.0,0,101.345,0.05647,484000000,143251404,0.00904,24538800000.0,7262846182.8
2015-06-25,002714,牧原股份,101.985,111.483,112.228,98.604,7073875,384480213.0,0,109.374,0.0927,484000000,143251404,0.01462,26813600000.0,7936127781.6
2015-06-26,002714,牧原股份,107.056,100.335,110.618,100.335,6621332,340673579.0,0,103.537,-0.1,484000000,143251404,0.01368,24132240000.0,7142515003.44
2015-06-29,002714,牧原股份,103.857,107.459,110.377,94.499,11468943,593822053.0,0,104.193,0.071,484000000,143251404,0.0237,25845600000.0,7649624973.6
2015-06-30,002714,牧原股份,107.459,118.205,118.205,105.024,8127939,455202800.0,0,112.701,0.1,484000000,143251404,0.01679,28430160000.0,8414587470.96
2015-07-01,002714,牧原股份,120.338,108.485,130.017,106.392,9986222,601927011.0,0,121.296,-0.08223,484000000,143251404,0.02063,26092440000.0,7722683189.64
2015-07-02,002714,牧原股份,101.522,97.639,106.634,97.639,5163903,259074003.0,0,100.959,-0.09998,484000000,143251404,0.01067,23483680000.0,6950558122.08
2015-07-03,002714,牧原股份,87.939,87.879,96.592,87.879,4785565,211574759.0,0,88.967,-0.09996,484000000,143251404,0.00989,21136280000.0,6255788812.68
2015-07-06,002714,牧原股份,96.673,88.342,96.673,79.085,10881619,492775449.0,0,91.129,0.00527,484000000,143251404,0.02248,21247600000.0,6288736635.6
2015-07-07,002714,牧原股份,84.518,79.507,86.369,79.507,2766222,111884863.0,0,81.393,-0.10001,484000000,143251404,0.00572,19122840000.0,5659862972.04
2015-07-08,002714,牧原股份,71.559,71.559,81.58,71.559,14961195,544069263.0,0,73.179,-0.09997,484000000,143251404,0.03091,17211040000.0,5094019926.24
2015-07-09,002714,牧原股份,64.395,78.723,78.723,64.395,6407277,237839220.0,0,74.698,0.10011,484000000,143251404,0.01324,18934080000.0,5603994924.48
2015-07-10,002714,牧原股份,84.558,86.591,86.591,82.606,600203,25678299.0,0,86.094,0.09995,484000000,143251404,0.00124,20826520000.0,6164107914.12
2015-07-13,002714,牧原股份,95.244,95.244,95.244,95.244,542863,25693706.0,0,95.244,0.09993,484000000,143251404,0.00112,22907720000.0,6780088951.32
2015-07-14,002714,牧原股份,104.641,104.762,104.762,96.632,4242375,218350259.0,0,103.573,0.09993,484000000,143251404,0.00877,25197040000.0,7457668092.24
2015-07-15,002714,牧原股份,104.742,100.556,114.703,96.592,4368214,229900510.0,0,105.909,-0.04015,484000000,143251404,0.00903,24185480000.0,7158272657.88
2015-07-16,002714,牧原股份,100.556,110.618,110.618,94.821,5156899,273305618.0,0,106.65,0.10006,484000000,143251404,0.01065,26605480000.0,7874529677.88
2015-07-17,002714,牧原股份,115.025,121.686,121.686,109.069,6942380,413911537.0,0,119.977,0.10006,484000000,143251404,0.01434,29267480000.0,8662412399.88
2015-07-20,002714,牧原股份,128.79,133.861,133.861,126.777,5343414,354609728.0,0,133.547,0.10005,484000000,143251404,0.01104,32195680000.0,9529083394.08
2015-07-21,002714,牧原股份,136.839,147.243,147.243,133.72,5455994,386470493.0,0,142.542,0.09997,484000000,143251404,0.01127,35414280000.0,10481705230.68
2015-07-22,002714,牧原股份,154.246,142.876,160.987,132.512,14030927,985948711.0,0,141.407,-0.02966,484000000,143251404,0.02899,34364000000.0,10170849684.0
2015-07-23,002714,牧原股份,136.839,144.647,145.894,133.82,11147694,768004391.0,0,138.638,0.0124,484000000,143251404,0.02303,34789920000.0,10296910919.52
2015-07-24,002714,牧原股份,142.272,130.299,143.862,130.178,11358983,777129947.0,0,137.674,-0.09919,484000000,143251404,0.02347,31339000000.0,9275528409.0
2015-07-27,002714,牧原股份,125.771,132.814,143.339,125.167,16672676,1148296466.0,0,138.596,0.0193,484000000,143251404,0.03445,31944000000.0,9454592664.0
2015-07-28,002714,牧原股份,124.765,141.97,143.278,122.752,12281057,815317236.0,0,133.595,0.06894,484000000,143251404,0.02537,34146200000.0,10106386552.2
2015-07-29,002714,牧原股份,141.085,150.241,154.004,133.418,8871982,622536902.0,0,141.204,0.05826,484000000,143251404,0.01833,36135440000.0,10695149822.64
2015-07-30,002714,牧原股份,146.901,139.636,160.142,138.851,8687202,652341476.0,0,151.11,-0.07059,484000000,143251404,0.01795,33584760000.0,9940214923.56
2015-07-31,002714,牧原股份,133.84,129.111,138.851,125.771,6217745,409224891.0,0,132.444,-0.07537,484000000,143251404,0.01285,31053440000.0,9191010080.64
2015-08-03,002714,牧原股份,125.167,134.585,138.851,118.527,9361115,595211623.0,0,127.95,0.0424,484000000,143251404,0.01934,32369920000.0,9580653899.52
2015-08-04,002714,牧原股份,133.82,144.264,145.089,125.288,8690395,586644194.0,0,135.843,0.07192,484000000,143251404,0.01796,34697960000.0,10269693152.76
2015-08-05,002714,牧原股份,144.888,134.806,144.888,133.176,7841356,541366463.0,0,138.932,-0.06556,484000000,143251404,0.0162,32423160000.0,9596411553.96
2015-08-06,002714,牧原股份,128.548,126.817,135.813,125.147,5579069,359780741.0,0,129.772,-0.05926,484000000,143251404,0.01153,30501680000.0,9027703480.08
2015-08-07,002714,牧原股份,130.118,130.5,132.814,127.28,6191742,398858752.0,0,129.631,0.02904,484000000,143251404,0.01279,31387400000.0,9289853549.4
2015-08-10,002714,牧原股份,133.78,136.597,137.825,125.288,9766193,636405166.0,0,131.132,0.04672,484000000,143251404,0.02018,32853920000.0,9723905303.52
2015-08-11,002714,牧原股份,136.638,131.667,139.254,130.802,8093533,540831622.0,0,134.47,-0.03609,484000000,143251404,0.01672,31668120000.0,9372939363.72
2015-08-12,002714,牧原股份,126.415,122.873,128.991,122.692,7406203,461902516.0,0,125.503,-0.06679,484000000,143251404,0.0153,29553040000.0,8746930728.24
2015-08-13,002714,牧原股份,122.189,126.375,128.085,119.553,6006214,372322171.0,0,124.743,0.0285,484000000,143251404,0.01241,30395200000.0,8996188171.2
2015-08-14,002714,牧原股份,126.495,122.773,127.582,121.243,4724898,289965185.0,0,123.497,-0.0285,484000000,143251404,0.00976,29528840000.0,8739768158.04
2015-08-17,002714,牧原股份,120.217,132.009,132.915,115.729,9505981,598061481.0,0,126.604,0.07523,484000000,143251404,0.01964,31750400000.0,9397292102.4
2015-08-18,002714,牧原股份,131.949,120.78,132.814,118.808,7439056,467448098.0,0,126.449,-0.08506,484000000,143251404,0.01537,29049680000.0,8597949268.08
2015-08-19,002714,牧原股份,116.313,126.878,128.146,115.911,6880828,424375271.0,0,124.111,0.05049,484000000,143251404,0.01422,30516200000.0,9032001022.2
2015-08-20,002714,牧原股份,127.079,120.318,127.944,119.633,4225606,258970897.0,0,123.328,-0.0517,484000000,143251404,0.00873,28938360000.0,8565001445.16
2015-08-21,002714,牧原股份,118.325,108.284,119.533,108.284,7687730,432371702.0,0,113.178,-0.10002,484000000,143251404,0.01588,26044040000.0,7708358049.24
2015-08-24,002714,牧原股份,100.617,97.457,106.553,97.457,5540227,277155597.0,0,100.669,-0.09999,484000000,143251404,0.01145,23440120000.0,6937665495.72
2015-08-25,002714,牧原股份,91.42,89.146,101.623,88.543,7872031,359705242.0,0,91.952,-0.08528,484000000,143251404,0.01626,21441200000.0,6346037197.2
2015-08-26,002714,牧原股份,89.75,93.574,97.377,89.549,6417582,297720884.0,0,93.354,0.04967,484000000,143251404,0.01326,22506000000.0,6661190286.0
2015-08-27,002714,牧原股份,96.371,99.309,100.577,90.555,6431863,308720617.0,0,96.59,0.06129,484000000,143251404,0.01329,23885400000.0,7069456787.4
2015-08-28,002714,牧原股份,100.818,105.205,106.131,97.196,4053519,204719774.0,0,101.631,0.05937,484000000,143251404,0.00838,25303520000.0,7489183401.12
2015-08-31,002714,牧原股份,105.044,102.227,109.672,98.806,3120833,161842317.0,0,104.358,-0.02831,484000000,143251404,0.00645,24587200000.0,7277171323.2
2015-09-01,002714,牧原股份,101.623,92.024,102.025,92.004,3023040,144650123.0,0,96.288,-0.09981,484000000,143251404,0.00625,22133320000.0,6550886704.92
2015-09-02,002714,牧原股份,86.53,88.643,95.787,86.329,1992064,90037116.0,0,90.954,-0.03674,484000000,143251404,0.00412,21320200000.0,6310224346.2
2015-09-03,002714,牧原股份,88.643,88.643,88.643,88.643,0,0.0,2,,0.0,484000000,143251404,0.0,21320200000.0,6310224346.2
2015-09-04,002714,牧原股份,88.643,88.643,88.643,88.643,0,0.0,2,,0.0,484000000,143251404,0.0,21320200000.0,6310224346.2
2015-09-07,002714,牧原股份,90.555,82.808,94.58,79.789,7836578,326434810.0,0,83.824,-0.06583,484000000,143251404,0.01619,19916600000.0,5894795274.6
2015-09-08,002714,牧原股份,81.117,88.664,89.69,80.332,4591297,192736859.0,0,84.476,0.07072,484000000,143251404,0.00949,21325040000.0,6311656860.24
2015-09-09,002714,牧原股份,91.159,93.574,97.538,89.549,8033266,373070172.0,0,93.455,0.05538,484000000,143251404,0.0166,22506000000.0,6661190286.0
2015-09-10,002714,牧原股份,92.366,102.347,102.931,90.756,5873891,291596725.0,0,99.898,0.09375,484000000,143251404,0.01214,24616240000.0,7285766407.44
2015-09-11,002714,牧原股份,101.623,99.611,102.227,97.84,4060189,201096537.0,0,99.669,-0.02673,484000000,143251404,0.00839,23958000000.0,7090944498.0
2015-09-14,002714,牧原股份,100.416,89.65,100.657,89.65,3030562,141683570.0,0,94.081,-0.1,484000000,143251404,0.00626,21562200000.0,6381850048.2
2015-09-15,002714,牧原股份,86.631,87.899,92.567,83.733,3352857,147394936.0,0,88.464,-0.01953,484000000,143251404,0.00693,21141120000.0,6257221326.72
2015-09-16,002714,牧原股份,89.348,96.21,96.612,86.309,4074801,182582376.0,0,90.169,0.09455,484000000,143251404,0.00842,23140040000.0,6848849625.24
2015-09-17,002714,牧原股份,94.58,92.567,100.134,91.561,3550270,170224386.0,0,96.485,-0.03787,484000000,143251404,0.00734,22264000000.0,6589564584.0
2015-09-18,002714,牧原股份,92.869,90.213,94.58,87.335,5393239,239320000.0,0,89.295,-0.02543,484000000,143251404,0.01114,21697720000.0,6421960441.32
2015-09-21,002714,牧原股份,88.181,90.958,91.742,86.49,5732418,251747711.0,0,88.374,0.00826,484000000,143251404,0.01184,21876800000.0,6474963460.8
2015-09-22,002714,牧原股份,91.159,91.763,95.505,88.563,4771326,219572430.0,0,92.606,0.00885,484000000,143251404,0.00986,22070400000.0,6532264022.4
2015-09-23,002714,牧原股份,88.603,88.503,91.38,88.16,3060630,135843814.0,0,89.316,-0.03553,484000000,143251404,0.00632,21286320000.0,6300196747.92
2015-09-24,002714,牧原股份,88.563,88.945,91.018,87.999,2552600,113410099.0,0,89.406,0.00499,484000000,143251404,0.00527,21392800000.0,6331712056.8
2015-09-25,002714,牧原股份,89.046,86.249,91.159,85.424,2608876,115031273.0,0,88.728,-0.03031,484000000,143251404,0.00539,20744240000.0,6139755175.44
2015-09-28,002714,牧原股份,86.128,87.114,87.537,82.727,1928393,82234073.0,0,85.814,0.01003,484000000,143251404,0.00398,20952360000.0,6201353279.16
2015-09-29,002714,牧原股份,84.518,90.354,92.165,84.518,6154963,274658271.0,0,89.798,0.03719,484000000,143251404,0.01272,21731600000.0,6431988039.6
2015-09-30,002714,牧原股份,90.575,89.549,91.259,87.235,3148209,140175709.0,0,89.601,-0.00891,484000000,143251404,0.0065,21538000000.0,6374687478.0
2015-10-01,002714,牧原股份,89.549,89.549,89.549,89.549,0,0.0,2,,0.0,484000000,143251404,0.0,21538000000.0,6374687478.0
2015-10-02,002714,牧原股份,89.549,89.549,89.549,89.549,0,0.0,2,,0.0,484000000,143251404,0.0,21538000000.0,6374687478.0
2015-10-05,002714,牧原股份,89.549,89.549,89.549,89.549,0,0.0,2,,0.0,484000000,143251404,0.0,21538000000.0,6374687478.0
2015-10-06,002714,牧原股份,89.549,89.549,89.549,89.549,0,0.0,2,,0.0,484000000,143251404,0.0,21538000000.0,6374687478.0
2015-10-07,002714,牧原股份,89.549,89.549,89.549,89.549,0,0.0,2,,0.0,484000000,143251404,0.0,21538000000.0,6374687478.0
2015-10-08,002714,牧原股份,93.896,98.504,98.504,91.561,3734232,179434291.0,0,96.695,0.1,484000000,143251404,0.00772,23691800000.0,7012156225.8
2015-10-09,002714,牧原股份,102.529,103.676,106.312,100.637,5221925,269562619.0,0,103.879,0.05251,484000000,143251404,0.01079,24935680000.0,7380312334.08
2015-10-12,002714,牧原股份,106.654,114.039,114.039,106.05,5751504,319919336.0,0,111.934,0.09996,484000000,143251404,0.01188,27428280000.0,8118057064.68
2015-10-13,002714,牧原股份,111.685,112.49,116.072,109.793,4005974,224607513.0,0,112.828,-0.01358,484000000,143251404,0.00828,27055600000.0,8007753483.6
2015-10-14,002714,牧原股份,113.073,108.666,117.702,108.284,3454301,192705038.0,0,112.262,-0.03399,484000000,143251404,0.00714,26136000000.0,7735575816.0
2015-10-15,002714,牧原股份,107.559,112.228,113.536,107.016,3658968,202959778.0,0,111.622,0.03278,484000000,143251404,0.00756,26992680000.0,7989130801.08
2015-10-16,002714,牧原股份,113.697,110.618,113.697,106.694,4923287,268526018.0,0,109.757,-0.01435,484000000,143251404,0.01017,26605480000.0,7874529677.88
2015-10-19,002714,牧原股份,112.308,106.553,116.715,105.185,9287742,507339107.0,0,109.924,-0.03675,484000000,143251404,0.01919,25627800000.0,7585161841.8
2015-10-20,002714,牧原股份,106.654,108.103,108.103,103.233,5627262,296153122.0,0,105.905,0.01455,484000000,143251404,0.01163,26000480000.0,7695465422.88
2015-10-21,002714,牧原股份,109.23,97.296,109.23,97.296,7593510,383432601.0,0,101.613,-0.09997,484000000,143251404,0.01569,23401400000.0,6926205383.4
2015-10-22,002714,牧原股份,96.572,100.194,100.617,94.6,5772460,281593993.0,0,98.166,0.02979,484000000,143251404,0.01193,24098360000.0,7132487405.16
2015-10-23,002714,牧原股份,100.919,104.299,104.641,97.759,7380018,373977929.0,0,101.973,0.04097,484000000,143251404,0.01525,25085720000.0,7424720269.32
2015-10-26,002714,牧原股份,104.319,100.878,105.648,99.51,7907040,400094515.0,0,101.824,-0.0328,484000000,143251404,0.01634,24262920000.0,7181192882.52
2015-10-27,002714,牧原股份,100.496,104.883,105.024,99.007,6636104,337502069.0,0,102.343,0.0397,484000000,143251404,0.01371,25226080000.0,7466263176.48
2015-10-28,002714,牧原股份,104.621,101.784,107.761,101.623,5657653,291063511.0,0,103.527,-0.02955,484000000,143251404,0.01169,24480720000.0,7245656014.32
2015-10-29,002714,牧原股份,102.83,101.824,103.796,100.013,3380690,170732165.0,0,101.627,0.00039,484000000,143251404,0.00698,24490400000.0,7248521042.4
2015-10-30,002714,牧原股份,100.858,100.516,102.609,98.665,2857088,143167639.0,0,100.838,-0.01285,484000000,143251404,0.0059,24175800000.0,7155407629.8
2015-11-02,002714,牧原股份,98.604,102.629,105.648,96.612,6050220,310965875.0,0,103.428,0.02102,484000000,143251404,0.0125,24684000000.0,7305821604.0
2015-11-03,002714,牧原股份,102.629,109.833,112.892,102.629,10147207,551181598.0,0,109.308,0.07019,484000000,143251404,0.02097,26416720000.0,7818661630.32
2015-11-04,002714,牧原股份,109.853,112.51,114.502,106.815,8700954,477201041.0,0,110.367,0.02437,484000000,143251404,0.01798,27060440000.0,8009185997.64
2015-11-05,002714,牧原股份,111.685,108.566,112.691,107.66,6541152,356142358.0,0,109.564,-0.03505,484000000,143251404,0.01351,26111800000.0,7728413245.8
2015-11-06,002714,牧原股份,108.666,109.23,110.558,107.137,4987661,268832386.0,0,108.463,0.00612,484000000,143251404,0.01031,26271520000.0,7775686209.12
2015-11-09,002714,牧原股份,108.284,108.666,109.672,105.668,8312528,440947058.0,0,106.746,-0.00516,484000000,143251404,0.01717,26136000000.0,7735575816.0
2015-11-10,002714,牧原股份,107.237,105.869,108.606,104.863,6481844,341276739.0,0,105.952,-0.02574,484000000,143251404,0.01339,25463240000.0,7536456364.44
2015-11-11,002714,牧原股份,106.09,106.372,106.533,103.535,6370828,330822060.0,0,104.497,0.00475,484000000,143251404,0.01316,25584240000.0,7572269215.44
2015-11-12,002714,牧原股份,106.453,112.49,113.657,103.998,12850319,692878428.0,0,108.503,0.05752,484000000,143251404,0.02655,27055600000.0,8007753483.6
2015-11-13,002714,牧原股份,109.773,106.614,111.081,106.01,8557936,463458974.0,0,108.978,-0.05224,484000000,143251404,0.01768,25642320000.0,7589459383.92
2015-11-16,002714,牧原股份,102.649,105.245,105.547,102.649,4642849,241310323.0,0,104.591,-0.01284,484000000,143251404,0.00959,25313200000.0,7492048429.2
2015-11-17,002714,牧原股份,106.654,104.641,110.678,104.48,4881777,259579407.0,0,107.002,-0.00574,484000000,143251404,0.01009,25168000000.0,7449073008.0
2015-11-18,002714,牧原股份,103.635,103.072,106.956,102.649,3202868,166160402.0,0,104.398,-0.01499,484000000,143251404,0.00662,24790480000.0,7337336912.88
2015-11-19,002714,牧原股份,103.052,104.46,105.648,102.669,2588511,133779902.0,0,104.002,0.01347,484000000,143251404,0.00535,25124440000.0,7436180381.64
2015-11-20,002714,牧原股份,104.943,102.951,105.245,102.025,5082668,259996588.0,0,102.939,-0.01445,484000000,143251404,0.0105,24761440000.0,7328741828.64
2015-11-23,002714,牧原股份,102.951,105.99,107.258,102.025,6779834,354275006.0,0,105.153,0.02952,484000000,143251404,0.01401,25492280000.0,7545051448.68
2015-11-24,002714,牧原股份,106.654,116.595,116.595,106.654,12768182,724013589.0,0,114.11,0.10006,484000000,143251404,0.02638,28042960000.0,8299986347.76
2015-11-25,002714,牧原股份,118.929,122.169,127.743,116.917,13039041,788682989.0,0,121.718,0.04781,484000000,143251404,0.02694,29383640000.0,8696792736.84
2015-11-26,002714,牧原股份,120.338,116.494,121.646,116.212,6577617,386688878.0,0,118.303,-0.04645,484000000,143251404,0.01359,28018760000.0,8292823777.56
2015-11-27,002714,牧原股份,115.709,104.963,115.709,104.843,6877893,378847598.0,0,110.843,-0.09898,484000000,143251404,0.01421,25245440000.0,7471993232.64
2015-11-30,002714,牧原股份,105.145,109.672,111.685,104.179,9164555,492562188.0,0,108.155,0.04486,484000000,143251404,0.01894,26378000000.0,7807201518.0
2015-12-01,002714,牧原股份,108.606,106.151,110.517,100.637,6191291,327957799.0,0,106.595,-0.0321,484000000,143251404,0.01279,25531000000.0,7556511561.0
2015-12-02,002714,牧原股份,106.05,103.454,107.398,100.818,5794833,298018324.0,0,103.49,-0.02541,484000000,143251404,0.01197,24882440000.0,7364554679.64
2015-12-03,002714,牧原股份,103.535,106.956,107.056,103.535,3651818,190751277.0,0,105.114,0.03385,484000000,143251404,0.00755,25724600000.0,7613812122.6
2015-12-04,002714,牧原股份,106.251,107.6,110.678,104.863,5396898,289036604.0,0,107.773,0.00602,484000000,143251404,0.01115,25879480000.0,7659652571.88
2015-12-07,002714,牧原股份,106.654,106.674,108.244,105.547,3861996,204791806.0,0,106.708,-0.00861,484000000,143251404,0.00798,25656840000.0,7593756926.04
2015-12-08,002714,牧原股份,107.258,101.361,107.418,100.617,7448391,378662551.0,0,102.303,-0.04981,484000000,143251404,0.01539,24379080000.0,7215573219.48
2015-12-09,002714,牧原股份,100.597,97.9,101.221,96.995,6210105,305420037.0,0,98.969,-0.03415,484000000,143251404,0.01283,23546600000.0,6969180804.6
2015-12-10,002714,牧原股份,97.095,98.323,99.43,96.492,4738933,230870550.0,0,98.037,0.00432,484000000,143251404,0.00979,23648240000.0,6999263599.44
2015-12-11,002714,牧原股份,98.303,94.137,98.303,91.34,8292029,386993890.0,0,93.918,-0.04257,484000000,143251404,0.01713,22641520000.0,6701300679.12
2015-12-14,002714,牧原股份,91.964,93.755,93.775,90.374,7767682,353993627.0,0,91.708,-0.00406,484000000,143251404,0.01605,22549560000.0,6674082912.36
2015-12-15,002714,牧原股份,94.177,93.896,96.713,92.97,7121193,335288003.0,0,94.747,0.0015,484000000,143251404,0.01471,22583440000.0,6684110510.64
2015-12-16,002714,牧原股份,95.787,99.188,99.55,95.224,10151461,492965491.0,0,97.721,0.05636,484000000,143251404,0.02097,23856360000.0,7060861703.16
2015-12-17,002714,牧原股份,99.208,100.114,100.818,97.618,8992514,444524421.0,0,99.476,0.00934,484000000,143251404,0.01858,24079000000.0,7126757349.0
2015-12-18,002714,牧原股份,100.617,97.961,100.617,97.618,6137366,300535538.0,0,98.54,-0.02151,484000000,143251404,0.01268,23561120000.0,6973478346.72
2015-12-21,002714,牧原股份,98.001,98.705,99.57,97.659,5505328,269527562.0,0,98.52,0.00759,484000000,143251404,0.01137,23740200000.0,7026481366.2
2015-12-22,002714,牧原股份,98.806,98.947,99.57,98.041,4118046,202198830.0,0,98.808,0.00245,484000000,143251404,0.00851,23798280000.0,7043671534.68
2015-12-23,002714,牧原股份,99.812,98.745,101.603,98.645,5277771,262356636.0,0,100.033,-0.00204,484000000,143251404,0.0109,23749880000.0,7029346394.28
2015-12-24,002714,牧原股份,97.598,95.023,97.598,92.386,8121257,379172874.0,0,93.954,-0.03769,516873109,143251404,0.01571,24406748206.98,6764331296.88
2015-12-25,002714,牧原股份,94.419,93.674,94.419,91.159,8486463,391076188.0,0,92.732,-0.0142,516873109,143251404,0.01642,24060443223.95,6668352856.2
2015-12-28,002714,牧原股份,93.05,93.976,94.902,92.366,7579027,352058574.0,0,93.477,0.00322,516873109,143251404,0.01466,24137974190.3,6689840566.8
2015-12-29,002714,牧原股份,92.99,93.171,93.574,91.581,3995303,184135323.0,0,92.745,-0.00857,516873109,143251404,0.00773,23931224946.7,6632540005.2
2015-12-30,002714,牧原股份,93.735,94.238,94.54,92.728,3895794,181767288.0,0,93.89,0.01145,516873109,143251404,0.00754,24205167694.47,6708463249.32
2015-12-31,002714,牧原股份,94.399,94.721,95.747,93.976,4801350,226037402.0,0,94.737,0.00513,516873109,143251404,0.00929,24329217240.63,6742843586.28
2016-01-01,002714,牧原股份,94.721,94.721,94.721,94.721,0,0.0,2,,0.0,516873109,143251404,0.0,24329217240.63,6742843586.28
2016-01-04,002714,牧原股份,94.721,85.243,95.123,85.243,4850390,222650832.0,0,92.374,-0.10006,516873109,143251404,0.00938,21894744897.24,6068129473.44
2016-01-05,002714,牧原股份,86.51,91.259,92.507,85.243,9223364,410930193.0,0,89.656,0.07057,516873109,143251404,0.01784,23440195493.15,6496451171.4
2016-01-06,002714,牧原股份,92.728,96.512,99.591,92.728,12671556,608678408.0,0,96.663,0.05756,516873109,143251404,0.02452,24789234307.64,6870337335.84
2016-01-07,002714,牧原股份,94.982,91.924,96.19,86.933,2685064,124632868.0,0,93.407,-0.04754,516873109,143251404,0.00519,23610763619.12,6543724134.72
2016-01-08,002714,牧原股份,96.592,101.12,101.12,91.924,12871487,629682616.0,0,98.445,0.10004,516873109,143251404,0.0249,25972873727.25,7198383051.0
2016-01-11,002714,牧原股份,102.005,102.388,111.242,99.651,19067705,1001764799.0,0,105.722,0.01254,516873109,143251404,0.03689,26298503785.92,7288631435.52
2016-01-12,002714,牧原股份,105.648,100.094,107.217,96.23,12953691,653686193.0,0,101.549,-0.0224,516873109,143251404,0.02506,25709268441.66,7125324834.96
2016-01-13,002714,牧原股份,100.094,90.555,100.395,90.092,10911438,515790824.0,0,95.125,-0.0953,516873109,143251404,0.02111,23259289905.0,6446313180.0
2016-01-14,002714,牧原股份,86.53,91.763,93.171,84.599,8299496,368679416.0,0,89.392,0.01334,516873109,143251404,0.01606,23569413770.4,6532264022.4
2016-01-15,002714,牧原股份,90.797,85.303,91.622,82.586,8171206,351994790.0,0,86.685,-0.0704,516873109,143251404,0.01581,21910251090.51,6072427015.56
2016-01-18,002714,牧原股份,82.103,86.369,87.235,80.493,6232259,262051030.0,0,84.615,0.0125,516873109,143251404,0.01206,22184193838.28,6148350259.68
2016-01-19,002714,牧原股份,86.208,90.937,92.688,84.518,7284802,323766955.0,0,89.436,0.05289,516873109,143251404,0.01409,23357495795.71,6473530946.76
2016-01-20,002714,牧原股份,90.555,87.235,90.555,85.645,6347062,277783449.0,0,88.072,-0.04071,516873109,143251404,0.01228,22406449275.15,6209948363.4
2016-01-21,002714,牧原股份,84.619,84.116,86.571,82.003,8749809,365848946.0,0,84.14,-0.03575,516873109,143251404,0.01693,21605295956.2,5987908687.2
2016-01-22,002714,牧原股份,84.015,86.752,87.255,82.969,5476915,231064352.0,0,84.898,0.03134,516873109,143251404,0.0106,22282399728.99,6175568026.44
2016-01-25,002714,牧原股份,89.026,88.965,91.521,87.134,6539976,291181335.0,0,89.595,0.02551,516873109,143251404,0.01265,22850960148.89,6333144570.84
2016-01-26,002714,牧原股份,87.979,84.417,91.763,83.914,6429724,284192332.0,0,88.945,-0.05112,516873109,143251404,0.01244,21682826922.55,6009396397.8
2016-01-27,002714,牧原股份,85.524,87.154,88.422,79.487,6679133,275131581.0,0,82.894,0.03242,516873109,143251404,0.01292,22385774350.79,6204218307.24
2016-01-28,002714,牧原股份,85.726,82.526,88.503,81.5,4022044,170127406.0,0,85.12,-0.0531,516873109,153524990,0.00778,21196966200.09,6296059839.9
2016-01-29,002714,牧原股份,82.526,83.613,84.719,80.071,3900369,161029963.0,0,83.081,0.01317,516873109,153524990,0.00755,21476077678.95,6378963334.5
2016-02-01,002714,牧原股份,83.512,84.86,86.168,82.506,3457053,144512823.0,0,84.12,0.01491,516873109,153524990,0.00669,21796539006.53,6474148828.3
2016-02-02,002714,牧原股份,86.128,89.307,90.153,85.524,4730628,204657623.0,0,87.058,0.0524,516873109,153524990,0.00915,22938828577.42,6813439056.2
2016-02-03,002714,牧原股份,86.893,86.732,88.442,84.921,3141733,135035814.0,0,86.492,-0.02883,516873109,153524990,0.00608,22277230997.9,6616927069.0
2016-02-04,002714,牧原股份,86.893,87.537,88.382,86.631,2880037,125561559.0,0,87.732,0.00928,516873109,153524990,0.00557,22483980241.5,6678337065.0
2016-02-05,002714,牧原股份,87.557,85.303,88.261,84.116,3184417,135577024.0,0,85.675,-0.02552,516873109,153524990,0.00616,21910251090.51,6507924326.1
2016-02-08,002714,牧原股份,85.303,85.303,85.303,85.303,0,0.0,2,,0.0,516873109,153524990,0.0,21910251090.51,6507924326.1
2016-02-09,002714,牧原股份,85.303,85.303,85.303,85.303,0,0.0,2,,0.0,516873109,153524990,0.0,21910251090.51,6507924326.1
2016-02-10,002714,牧原股份,85.303,85.303,85.303,85.303,0,0.0,2,,0.0,516873109,153524990,0.0,21910251090.51,6507924326.1
2016-02-11,002714,牧原股份,85.303,85.303,85.303,85.303,0,0.0,2,,0.0,516873109,153524990,0.0,21910251090.51,6507924326.1
2016-02-12,002714,牧原股份,85.303,85.303,85.303,85.303,0,0.0,2,,0.0,516873109,153524990,0.0,21910251090.51,6507924326.1
2016-02-15,002714,牧原股份,81.5,87.054,87.899,81.5,2678818,113159735.0,0,85.005,0.02053,516873109,153524990,0.00518,22359930695.34,6641491067.4
2016-02-16,002714,牧原股份,87.094,90.233,92.749,87.094,5240195,235854816.0,0,90.573,0.03652,516873109,153524990,0.01014,23176590207.56,6884060551.6
2016-02-17,002714,牧原股份,91.199,91.561,92.95,89.77,3830510,174906016.0,0,91.885,0.01472,516873109,153524990,0.00741,23517726459.5,6985387045.0
2016-02-18,002714,牧原股份,92.97,92.487,95.143,91.702,4554212,210907102.0,0,93.191,0.01011,516873109,153524990,0.00881,23755488089.64,7056008540.4
2016-02-19,002714,牧原股份,92.487,93.554,94.379,91.602,3589406,166595092.0,0,93.399,0.01154,516873109,153524990,0.00694,24029430837.41,7137376785.1
2016-02-22,002714,牧原股份,95.586,95.284,96.592,94.016,3838002,181519871.0,0,95.173,0.01849,516873109,153524990,0.00743,24473941711.15,7269408276.5
2016-02-23,002714,牧原股份,94.66,97.135,97.538,94.62,4972750,237407907.0,0,96.073,0.01943,516873109,153524990,0.00962,24949464971.43,7410651267.3
2016-02-24,002714,牧原股份,97.196,103.233,105.628,97.115,9201679,465772171.0,0,101.86,0.06278,516873109,153524990,0.0178,26515590491.7,7875831987.0
2016-02-25,002714,牧原股份,102.629,98.524,107.66,95.687,12109952,617165499.0,0,102.555,-0.04562,516873109,153524990,0.02343,25306107416.64,7516583510.4
2016-02-26,002714,牧原股份,99.208,105.084,107.559,99.208,11044618,568493145.0,0,103.579,0.06658,516873109,153524990,0.02137,26991113751.98,8017074977.8
2016-02-29,002714,牧原股份,105.688,108.787,113.295,97.498,12604753,671754870.0,0,107.245,0.03524,516873109,153524990,0.02439,27942160272.54,8299560959.4
2016-03-01,002714,牧原股份,107.66,113.375,115.307,105.084,7686454,429068648.0,0,112.331,0.04217,516873109,153524990,0.01487,29120630961.06,8649597936.6
2016-03-02,002714,牧原股份,111.685,112.53,118.225,108.264,9742765,546079396.0,0,112.791,-0.00745,516873109,153524990,0.01885,28903544255.28,8585117440.8
2016-03-03,002714,牧原股份,111.564,109.572,114.703,108.002,8314517,457475934.0,0,110.721,-0.02629,516873109,153524990,0.01609,28143740785.05,8359435705.5
2016-03-04,002714,牧原股份,108.465,114.301,115.85,108.465,11250078,633799109.0,0,113.369,0.04316,516873109,153524990,0.02177,29358392591.2,8720219432.0
2016-03-07,002714,牧原股份,116.736,116.192,118.325,112.087,7689092,439670475.0,0,115.067,0.01654,516873109,153524990,0.01488,29844253313.66,8864532922.6
2016-03-08,002714,牧原股份,116.474,109.491,116.474,107.459,7301922,399618417.0,0,110.131,-0.05767,516873109,153524990,0.01413,28123065860.69,8353294705.9
2016-03-09,002714,牧原股份,106.634,103.213,107.378,101.623,6266681,323720816.0,0,103.951,-0.05734,516873109,153524990,0.01212,26510421760.61,7874296737.1
2016-03-10,002714,牧原股份,105.225,105.346,107.982,103.837,6130226,322006223.0,0,105.704,0.02067,516873109,153524990,0.01186,27058307256.15,8037033226.5
2016-03-11,002714,牧原股份,104.823,105.668,107.761,102.629,3146890,166095354.0,0,106.213,0.00306,516873109,153524990,0.00609,27141006953.59,8061597224.9
2016-03-14,002714,牧原股份,106.473,111.021,111.665,105.949,5128266,276609805.0,0,108.541,0.05066,516873109,153524990,0.00992,28515889423.53,8469973698.3
2016-03-15,002714,牧原股份,107.579,105.044,110.135,103.333,8482477,451538727.0,0,107.121,-0.05384,516873109,153524990,0.01641,26980776289.8,8014004478.0
2016-03-16,002714,牧原股份,105.648,102.931,106.372,100.939,4297165,219628038.0,0,102.85,-0.02012,516873109,153524990,0.00831,26438059525.35,7852803238.5
2016-03-17,002714,牧原股份,103.132,105.386,105.648,102.569,4055735,210878343.0,0,104.631,0.02385,516873109,153524990,0.00785,27068644718.33,8040103726.3
2016-03-18,002714,牧原股份,106.453,108.867,109.25,105.648,5508577,295761731.0,0,108.044,0.03303,516873109,153524990,0.01066,27962835196.9,8305701959.0
2016-03-21,002714,牧原股份,111.0,116.132,117.5,111.0,7850018,447568488.0,0,114.733,0.06673,516873109,153524990,0.01519,29828747120.39,8859927172.9
2016-03-22,002714,牧原股份,114.14,119.573,124.845,112.912,8394277,505538708.0,0,121.191,0.02963,516873109,153524990,0.01624,30712600136.78,9122454905.8
2016-03-23,002714,牧原股份,121.143,120.036,123.759,116.313,6450896,386869074.0,0,120.682,0.00387,516873109,153524990,0.01248,30831480951.85,9157765653.5
2016-03-24,002714,牧原股份,117.722,122.048,126.757,117.621,7974862,491605341.0,0,124.048,0.01676,516873109,153524990,0.01543,31348354060.85,9311290643.5
2016-03-25,002714,牧原股份,122.048,122.048,122.048,122.048,0,0.0,1,,0.0,516873109,153524990,0.0,31348354060.85,9311290643.5
2016-03-28,002714,牧原股份,122.048,122.048,122.048,122.048,0,0.0,1,,0.0,516873109,153524990,0.0,31348354060.85,9311290643.5
2016-03-29,002714,牧原股份,122.048,122.048,122.048,122.048,0,0.0,1,,0.0,516873109,153524990,0.0,31348354060.85,9311290643.5
2016-03-30,002714,牧原股份,122.048,122.048,122.048,122.048,0,0.0,1,,0.0,516873109,153524990,0.0,31348354060.85,9311290643.5
2016-03-31,002714,牧原股份,122.048,122.048,122.048,122.048,0,0.0,1,,0.0,516873109,153524990,0.0,31348354060.85,9311290643.5
2016-04-01,002714,牧原股份,122.048,122.048,122.048,122.048,0,0.0,1,,0.0,516873109,153524990,0.0,31348354060.85,9311290643.5
2016-04-04,002714,牧原股份,122.048,122.048,122.048,122.048,0,0.0,2,,0.0,516873109,153524990,0.0,31348354060.85,9311290643.5
2016-04-05,002714,牧原股份,122.048,122.048,122.048,122.048,0,0.0,1,,0.0,516873109,153524990,0.0,31348354060.85,9311290643.5
2016-04-06,002714,牧原股份,122.048,122.048,122.048,122.048,0,0.0,1,,0.0,516873109,153524990,0.0,31348354060.85,9311290643.5
2016-04-07,002714,牧原股份,122.048,122.048,122.048,122.048,0,0.0,1,,0.0,516873109,153524990,0.0,31348354060.85,9311290643.5
2016-04-08,002714,牧原股份,122.048,122.048,122.048,122.048,0,0.0,1,,0.0,516873109,153524990,0.0,31348354060.85,9311290643.5
2016-04-11,002714,牧原股份,123.759,120.7,128.387,115.709,14965343,895156036.0,0,120.368,-0.01104,516873109,153524990,0.02895,31002049077.82,9208428900.2
2016-04-12,002714,牧原股份,118.768,113.295,118.929,111.101,10563472,598822846.0,0,114.075,-0.06135,516873109,153524990,0.02044,29099956036.7,8643456937.0
2016-04-13,002714,牧原股份,114.26,113.315,114.663,112.651,5935548,335431704.0,0,113.721,0.00018,516873109,153524990,0.01148,29105124767.79,8644992186.9
2016-04-14,002714,牧原股份,114.301,112.329,114.301,108.888,9299085,511030306.0,0,110.588,-0.0087,516873109,153524990,0.01799,28851856944.38,8569764941.8
2016-04-15,002714,牧原股份,112.288,112.61,112.671,109.914,6271862,346554237.0,0,111.192,0.0025,516873109,153524990,0.01213,28924219179.64,8591258440.4
2016-04-18,002714,牧原股份,112.389,115.448,116.172,111.443,8673251,493788353.0,0,114.566,0.0252,516873109,153524990,0.01678,29653010263.33,8807728676.3
2016-04-19,002714,牧原股份,116.414,117.822,119.533,115.709,9745378,570316300.0,0,117.766,0.02056,516873109,153524990,0.01885,30262920531.95,8988888164.5
2016-04-20,002714,牧原股份,120.74,108.284,121.102,107.66,16167069,904147158.0,0,112.54,-0.08095,516873109,153524990,0.03128,27812941995.29,8261179711.9
2016-04-21,002714,牧原股份,107.66,109.189,112.691,105.245,9041383,491409001.0,0,109.372,0.00836,516873109,153524990,0.01749,28045534894.34,8330265957.4
2016-04-22,002714,牧原股份,107.68,109.471,110.92,106.714,5957017,322754913.0,0,109.03,0.00258,516873109,153524990,0.01153,28117897129.6,8351759456.0
2016-04-25,002714,牧原股份,109.471,108.425,110.88,107.418,5041285,273254635.0,0,109.075,-0.00956,516873109,153524990,0.00975,27849123112.92,8271926461.2
2016-04-26,002714,牧原股份,107.7,109.431,109.672,107.7,3723336,200768474.0,0,108.509,0.00928,516873109,153524990,0.0072,28107559667.42,8348688956.2
2016-04-27,002714,牧原股份,109.531,109.31,111.182,108.646,3713340,202573927.0,0,109.779,-0.00111,516873109,153524990,0.00718,28076547280.88,8339477456.8
2016-04-28,002714,牧原股份,109.069,107.318,109.672,105.567,4996859,264815467.0,0,106.646,-0.01822,516873109,153524990,0.00967,27564842902.97,8187487716.7
2016-04-29,002714,牧原股份,106.392,107.781,109.129,105.789,4664274,248471331.0,0,107.199,0.00431,516873109,153524990,0.00902,27683723718.04,8222798464.4
2016-05-02,002714,牧原股份,107.781,107.781,107.781,107.781,0,0.0,2,,0.0,516873109,153524990,0.0,27683723718.04,8222798464.4
2016-05-03,002714,牧原股份,107.942,114.462,114.603,107.761,8594609,480018783.0,0,112.391,0.06199,516873109,153524990,0.01663,29399742439.92,8732501431.2
2016-05-04,002714,牧原股份,114.502,113.174,115.709,112.993,7364685,416955491.0,0,113.93,-0.01125,516873109,153524990,0.01425,29068943650.16,8634245437.6
2016-05-05,002714,牧原股份,113.697,113.979,114.401,112.288,4739435,267424528.0,0,113.546,0.00711,516873109,153524990,0.00917,29275692893.76,8695655433.6
2016-05-06,002714,牧原股份,114.643,110.397,116.514,109.974,6794531,381298547.0,0,112.928,-0.03143,516873109,153524990,0.01315,28355658759.74,8422380951.4
2016-05-09,002714,牧原股份,108.867,106.734,109.411,105.889,4079051,217405667.0,0,107.253,-0.03318,516873109,153524990,0.00789,27414949701.36,8142965469.6
2016-05-10,002714,牧原股份,107.056,106.956,107.841,105.648,4109396,217758461.0,0,106.634,0.00208,516873109,153524990,0.00795,27471805743.35,8159853218.5
2016-05-11,002714,牧原股份,106.976,113.134,116.414,106.976,13753408,773281259.0,0,113.144,0.05776,516873109,153524990,0.02661,29058606187.98,8631174937.8
2016-05-12,002714,牧原股份,110.658,114.26,114.301,109.753,6724856,372785679.0,0,111.552,0.00995,516873109,153524990,0.01301,29348055129.02,8717148932.2
2016-05-13,002714,牧原股份,114.663,114.482,116.414,113.093,6775712,386583461.0,0,114.812,0.00194,516873109,153524990,0.01311,29404911171.01,8734036681.1
2016-05-16,002714,牧原股份,114.522,118.506,119.332,113.657,9368872,544194845.0,0,116.887,0.03515,516873109,153524990,0.01813,30438657389.01,9041086661.1
2016-05-17,002714,牧原股份,117.319,112.691,118.305,112.349,9461994,539548498.0,0,114.749,-0.04907,516873109,153524990,0.01831,28944894104.0,8597399440.0
2016-05-18,002714,牧原股份,110.799,108.767,110.98,107.016,6529073,354321878.0,0,109.205,-0.03482,516873109,153524990,0.01263,27936991541.45,8298025709.5
2016-05-19,002714,牧原股份,109.069,109.491,110.839,108.103,4245590,231525208.0,0,109.739,0.00666,516873109,153524990,0.00821,28123065860.69,8353294705.9
2016-05-20,002714,牧原股份,108.264,108.948,110.316,107.097,4143690,223340295.0,0,108.463,-0.00496,516873109,153524990,0.00802,27983510121.26,8311842958.6
2016-05-23,002714,牧原股份,109.028,110.638,110.638,108.425,5415809,294566700.0,0,109.451,0.01551,516873109,153524990,0.01048,28417683532.82,8440803950.2
2016-05-24,002714,牧原股份,110.216,106.855,110.578,105.99,7030464,375589369.0,0,107.505,-0.03419,516873109,153524990,0.0136,27445962087.9,8152176969.0
2016-05-25,002714,牧原股份,107.519,105.326,107.901,104.702,5701542,300550787.0,0,106.078,-0.01431,516873109,153524990,0.01103,27053138525.06,8035497976.6
2016-05-26,002714,牧原股份,104.742,103.253,106.151,100.939,5979877,304558108.0,0,102.488,-0.01968,516873109,153524990,0.01157,26520759222.79,7877367236.9
2016-05-27,002714,牧原股份,103.575,104.279,105.104,103.092,3765893,195640679.0,0,104.543,0.00994,516873109,153524990,0.00729,26784364508.38,7955664981.8
2016-05-30,002714,牧原股份,103.696,101.381,104.219,100.838,3636727,183925045.0,0,101.772,-0.02779,516873109,153524990,0.00704,26040067231.42,7734588996.2
2016-05-31,002714,牧原股份,101.824,104.823,105.024,101.824,7951190,409628855.0,0,103.672,0.03395,516873109,153524990,0.01538,26923920247.81,7997116729.1
2016-06-01,002714,牧原股份,105.245,105.789,108.022,104.279,7864623,415414434.0,0,106.294,0.00922,516873109,153524990,0.01522,27172019340.13,8070808724.3
2016-06-02,002714,牧原股份,105.849,105.004,106.392,103.676,6428258,334726570.0,0,104.784,-0.00742,516873109,153524990,0.01244,26970438827.62,8010933978.2
2016-06-03,002714,牧原股份,105.406,107.579,107.942,103.796,9885320,523122063.0,0,106.491,0.02452,516873109,153524990,0.01913,27632036407.14,8207445965.4
2016-06-06,002714,牧原股份,108.163,106.795,108.566,105.648,5726746,304190435.0,0,106.891,-0.00729,516873109,153524990,0.01108,27430455894.63,8147571219.3
2016-06-07,002714,牧原股份,106.835,105.024,107.177,104.239,7823563,408066482.0,0,104.961,-0.01658,516873109,153524990,0.01514,26975607558.71,8012469228.1
2016-06-08,002714,牧原股份,105.044,105.004,105.648,103.937,4989694,259670449.0,0,104.724,-0.00019,516873109,153524990,0.00965,26970438827.62,8010933978.2
2016-06-09,002714,牧原股份,105.004,105.004,105.004,105.004,0,0.0,2,,0.0,516873109,153524990,0.0,26970438827.62,8010933978.2
2016-06-10,002714,牧原股份,105.004,105.004,105.004,105.004,0,0.0,2,,0.0,516873109,153524990,0.0,26970438827.62,8010933978.2
2016-06-13,002714,牧原股份,103.434,101.804,104.34,101.804,4629528,236919065.0,0,102.983,-0.03048,516873109,153524990,0.00896,26148610584.31,7766829244.1
2016-06-14,002714,牧原股份,101.623,101.442,102.207,100.657,3985077,200554623.0,0,101.273,-0.00356,516873109,153524990,0.00771,26055573424.69,7739194745.9
2016-06-15,002714,牧原股份,100.114,103.193,104.018,100.033,5244425,267255550.0,0,102.549,0.01726,516873109,153524990,0.01015,26505253029.52,7872761487.2
2016-06-16,002714,牧原股份,103.998,103.052,106.03,102.649,7458137,387431222.0,0,104.535,-0.00137,516873109,153524990,0.01443,26469071911.89,7862014737.9
2016-06-17,002714,牧原股份,103.152,103.333,104.641,102.186,4867362,249865181.0,0,103.303,0.00273,516873109,153524990,0.00942,26541434147.15,7883508236.5
2016-06-20,002714,牧原股份,103.917,102.931,104.319,101.824,3981840,203192652.0,0,102.69,-0.00389,516873109,153524990,0.0077,26438059525.35,7852803238.5
2016-06-21,002714,牧原股份,103.132,101.039,103.434,100.637,6241174,316582917.0,0,102.076,-0.01838,516873109,153524990,0.01207,25952198802.89,7708489747.9
2016-06-22,002714,牧原股份,100.818,101.221,101.221,99.812,5020239,250860869.0,0,100.556,0.0018,516873109,153524990,0.00971,25998717382.7,7722306997.0
2016-06-23,002714,牧原股份,101.764,99.067,101.764,97.981,7019395,346835301.0,0,99.432,-0.02128,516873109,153524990,0.01358,25445663156.07,7558035257.7
2016-06-24,002714,牧原股份,99.228,97.598,99.289,92.608,7816505,376206479.0,0,96.854,-0.01483,516873109,153524990,0.01512,25068345786.5,7445962015.0
2016-06-27,002714,牧原股份,97.196,98.886,99.289,96.411,4148977,202780137.0,0,98.353,0.0132,516873109,153524990,0.00803,25399144576.26,7544218008.6
2016-06-28,002714,牧原股份,98.383,101.16,101.381,97.699,6663858,329722615.0,0,99.568,0.023,516873109,153524990,0.01289,25983211189.43,7717701247.3
2016-06-29,002714,牧原股份,101.18,100.496,101.402,100.234,4817409,240876616.0,0,100.619,-0.00656,516873109,153524990,0.00932,25812643063.46,7667038000.6
2016-06-30,002714,牧原股份,100.617,101.683,103.052,100.315,6052997,306519737.0,0,101.903,0.01181,516873109,153524990,0.01171,26117598197.77,7757617744.7
2016-07-01,002714,牧原股份,104.279,103.635,105.487,103.233,9800921,508555235.0,0,104.418,0.0192,516873109,153525008,0.01896,26618965113.5,7906537912.0
2016-07-04,002714,牧原股份,104.641,105.648,106.412,103.736,8813152,461873516.0,0,105.46,0.01942,516873109,153525008,0.01705,27135838222.5,8060062920.0
2016-07-05,002714,牧原股份,105.99,105.607,107.237,104.239,7193956,377144929.0,0,105.497,-0.00039,516873109,153525008,0.01392,27125500760.32,8056992419.84
2016-07-06,002714,牧原股份,105.547,105.849,106.251,103.756,7637237,397837965.0,0,104.827,0.00229,516873109,153525008,0.01478,27187525533.4,8075415420.8
2016-07-07,002714,牧原股份,106.271,108.867,111.081,106.251,15385750,839933725.0,0,109.857,0.02851,516873109,153525008,0.02977,27962835196.9,8305702932.8
2016-07-08,002714,牧原股份,107.476,106.058,109.866,104.924,14823777,390700915.0,0,106.771,-0.02568,1033746218,307050016,0.01434,27063475987.24,8038569418.88
2016-07-11,002714,牧原股份,104.519,104.113,106.828,103.384,16714055,431716223.0,0,104.64,-0.01834,1033746218,307050016,0.01617,26567277802.6,7891185411.2
2016-07-12,002714,牧原股份,104.194,105.653,106.139,103.06,15658005,406340887.0,0,105.13,0.01479,1033746218,307050016,0.01515,26960101365.44,8007864417.28
2016-07-13,002714,牧原股份,106.747,107.921,109.785,105.936,18727841,499589746.0,0,108.067,0.02147,1033746218,307050016,0.01812,27538999247.52,8179812426.24
2016-07-14,002714,牧原股份,107.719,108.002,109.177,106.382,11507847,306056430.0,0,107.739,0.00075,1033746218,307050016,0.01113,27559674171.88,8185953426.56
2016-07-15,002714,牧原股份,108.975,109.339,111.0,108.246,15200790,410405758.0,0,109.376,0.01238,1033746218,307050016,0.0147,27900810423.82,8287279931.84
2016-07-18,002714,牧原股份,111.405,113.877,115.862,111.405,25268394,708111566.0,0,113.528,0.0415,1033746218,307050016,0.02444,29058606187.98,8631175949.76
2016-07-19,002714,牧原股份,113.755,113.553,113.755,110.636,16084553,444915907.0,0,112.058,-0.00285,1033746218,307050016,0.01556,28975906490.54,8606611948.48
2016-07-20,002714,牧原股份,113.431,113.958,114.849,111.608,18248382,510901767.0,0,113.419,0.00357,1033746218,307050016,0.01765,29079281112.34,8637316950.08
2016-07-21,002714,牧原股份,116.631,114.12,119.062,114.039,42925793,1232207052.0,0,116.291,0.00142,1033746218,307050016,0.04152,29120630961.06,8649598950.72
2016-07-22,002714,牧原股份,113.836,109.623,113.836,109.015,25909072,708694105.0,0,110.81,-0.03941,1033746218,307050016,0.02506,27973172659.08,8308773432.96
2016-07-25,002714,牧原股份,109.38,110.433,111.77,108.57,14744174,401200718.0,0,110.235,0.00739,1033746218,307050016,0.01426,28179921902.68,8370183436.16
2016-07-26,002714,牧原股份,110.919,110.757,111.365,110.069,11724460,319896854.0,0,110.534,0.00293,1033746218,307050016,0.01134,28262621600.12,8394747437.44
2016-07-27,002714,牧原股份,110.879,105.491,111.203,103.749,21931277,583084330.0,0,107.707,-0.04755,1033746218,307050016,0.02122,26918751516.72,7995582416.64
2016-07-28,002714,牧原股份,105.329,106.098,106.423,104.154,13919955,362111814.0,0,105.385,0.00575,1033746218,307050016,0.01347,27073813449.42,8041639919.04
2016-07-29,002714,牧原股份,107.152,109.258,109.663,105.612,18618375,495039552.0,0,107.715,0.02978,1033746218,307050016,0.01801,27880135499.46,8281138931.52
2016-08-01,002714,牧原股份,108.772,106.747,108.772,105.653,12637874,333158705.0,0,106.795,-0.02298,1033746218,307050016,0.01223,27239212844.3,8090767921.6
2016-08-02,002714,牧原股份,106.868,107.071,107.678,106.139,7309139,192811773.0,0,106.868,0.00304,1033746218,307050016,0.00707,27321912541.74,8115331922.88
2016-08-03,002714,牧原股份,106.544,105.41,106.747,104.032,12353997,321433753.0,0,105.406,-0.01551,1033746218,307050016,0.01195,26898076592.36,7989441416.32
2016-08-04,002714,牧原股份,105.45,105.41,106.098,105.045,7655148,199209501.0,0,105.422,0.0,1033746218,307050016,0.00741,26898076592.36,7989441416.32
2016-08-05,002714,牧原股份,105.936,107.962,108.367,105.167,15827441,419048975.0,0,107.257,0.02421,1033746218,307050016,0.01531,27549336709.7,8182882926.4
2016-08-08,002714,牧原股份,108.367,108.975,109.785,107.435,14296506,384062613.0,0,108.829,0.00938,1033746218,307050016,0.01383,27807773264.2,8259645430.4
2016-08-09,002714,牧原股份,108.61,108.651,109.299,107.719,10866332,290768967.0,0,108.404,-0.00297,1033746218,307050016,0.01051,27725073566.76,8235081429.12
2016-08-10,002714,牧原股份,108.691,107.921,109.582,107.8,10856923,291234575.0,0,108.671,-0.00672,1033746218,307050016,0.0105,27538999247.52,8179812426.24
2016-08-11,002714,牧原股份,108.002,105.734,108.002,105.572,9138048,240041885.0,0,106.414,-0.02026,1033746218,307050016,0.00884,26980776289.8,8014005417.6
2016-08-12,002714,牧原股份,105.936,106.179,106.868,105.207,8239890,215711190.0,0,106.054,0.00421,1033746218,307050016,0.00797,27094488373.78,8047780919.36
2016-08-15,002714,牧原股份,106.261,107.719,108.853,105.531,14917707,394677909.0,0,107.18,0.0145,1033746218,307050016,0.01443,27487311936.62,8164459925.44
2016-08-16,002714,牧原股份,107.8,109.42,109.785,107.152,18348861,491178039.0,0,108.444,0.01579,1033746218,307050016,0.01775,27921485348.18,8293420932.16
2016-08-17,002714,牧原股份,109.704,110.595,111.324,108.448,17282445,470084393.0,0,110.19,0.01074,1033746218,307050016,0.01672,28221271751.4,8382465436.8
2016-08-18,002714,牧原股份,110.15,109.582,110.352,108.975,11251964,303995712.0,0,109.449,-0.00916,1033746218,307050016,0.01088,27962835196.9,8305702932.8
2016-08-19,002714,牧原股份,110.069,108.853,110.19,108.448,9018435,242272287.0,0,108.829,-0.00665,1033746218,307050016,0.00872,27776760877.66,8250433929.92
2016-08-22,002714,牧原股份,108.934,107.03,109.461,107.03,8755055,233037823.0,0,107.832,-0.01675,1033746218,307050016,0.00847,27311575079.56,8112261422.72
2016-08-23,002714,牧原股份,106.544,106.585,107.516,106.261,6378643,168214847.0,0,106.836,-0.00416,1033746218,307050016,0.00617,27197862995.58,8078485920.96
2016-08-24,002714,牧原股份,106.868,106.828,107.638,106.22,6158644,162438181.0,0,106.852,0.00228,1033746218,307050016,0.00596,27259887768.66,8096908921.92
2016-08-25,002714,牧原股份,106.868,106.382,106.909,105.41,6842477,179011289.0,0,105.985,-0.00417,1033746218,307050016,0.00662,27146175684.68,8063133420.16
2016-08-26,002714,牧原股份,107.152,106.625,107.152,106.139,5572027,146813951.0,0,106.739,0.00228,1033746218,307050016,0.00539,27208200457.76,8081556421.12
2016-08-29,002714,牧原股份,106.747,108.367,108.408,106.139,9688901,257513180.0,0,107.67,0.01634,1033746218,307050016,0.00937,27652711331.5,8213587928.0
2016-08-30,002714,牧原股份,108.367,108.408,109.218,108.205,9523417,255554001.0,0,108.707,0.00038,1033746218,307050016,0.00921,27663048793.68,8216658428.16
2016-08-31,002714,牧原股份,108.691,107.273,108.691,106.99,6461041,171244997.0,0,107.371,-0.01047,1033746218,307050016,0.00625,27373599852.64,8130684423.68
2016-09-01,002714,牧原股份,107.354,106.342,107.962,106.261,4968792,131185462.0,0,106.957,-0.00868,1033746218,307050016,0.00481,27135838222.5,8060062920.0
2016-09-02,002714,牧原股份,106.261,105.815,106.868,105.531,4942642,129343859.0,0,106.013,-0.00496,1033746218,307050016,0.00478,27001451214.16,8020146417.92
2016-09-05,002714,牧原股份,106.261,105.774,106.706,105.693,3990147,104426355.0,0,106.021,-0.00039,1033746218,307050016,0.00386,26991113751.98,8017075917.76
2016-09-06,002714,牧原股份,105.774,106.261,106.423,104.519,6288672,163890435.0,0,105.576,0.0046,1033746218,307050016,0.00608,27115163298.14,8053921919.68
2016-09-07,002714,牧原股份,106.342,105.734,106.544,105.572,6222058,162696600.0,0,105.928,-0.00496,1033746218,307050016,0.00602,26980776289.8,8014005417.6
2016-09-08,002714,牧原股份,105.734,105.653,105.815,104.843,6840601,177625278.0,0,105.191,-0.00077,1033746218,307050016,0.00662,26960101365.44,8007864417.28
2016-09-09,002714,牧原股份,105.369,104.883,105.491,104.762,4801924,124396414.0,0,104.948,-0.00729,1033746218,307050016,0.00465,26763689584.02,7949524914.24
2016-09-12,002714,牧原股份,103.303,101.116,103.384,100.467,10836597,272035430.0,0,101.695,-0.03592,1033746218,307050016,0.01048,25802305601.28,7663968399.36
2016-09-13,002714,牧原股份,101.278,100.71,101.683,100.346,4630739,115163877.0,0,100.747,-0.00402,1033746218,307050016,0.00448,25698930979.48,7633263397.76
2016-09-14,002714,牧原股份,100.427,99.738,100.832,99.576,3869906,95542353.0,0,100.018,-0.00965,1033746218,307050016,0.00374,25450831887.16,7559571393.92
2016-09-15,002714,牧原股份,99.738,99.738,99.738,99.738,0,0.0,2,,0.0,1033746218,307050016,0.0,25450831887.16,7559571393.92
2016-09-16,002714,牧原股份,99.738,99.738,99.738,99.738,0,0.0,2,,0.0,1033746218,307050016,0.0,25450831887.16,7559571393.92
2016-09-19,002714,牧原股份,100.022,102.777,103.02,99.981,6787819,170141412.0,0,101.545,0.03047,1033746218,307050016,0.00657,26226141550.66,7789858905.92
2016-09-20,002714,牧原股份,103.06,101.278,103.101,101.156,4467383,112048971.0,0,101.61,-0.01458,1033746218,307050016,0.00432,25843655450.0,7676250400.0
2016-09-21,002714,牧原股份,101.278,101.075,102.007,100.873,3066521,76690048.0,0,101.314,-0.002,1033746218,307050016,0.00297,25791968139.1,7660897899.2
2016-09-22,002714,牧原股份,101.521,101.399,102.007,101.116,4540452,113812848.0,0,101.545,0.00321,1033746218,307050016,0.00439,25874667836.54,7685461900.48
2016-09-23,002714,牧原股份,101.642,100.305,101.642,100.103,4239565,105288922.0,0,100.609,-0.01079,1033746218,307050016,0.0041,25595556357.68,7602558396.16
2016-09-26,002714,牧原股份,100.346,97.429,100.346,97.429,5789185,140868271.0,0,98.576,-0.02867,1033746218,307050016,0.0056,24861596542.9,7384552884.8
2016-09-27,002714,牧原股份,97.308,97.794,98.077,97.064,3249591,78255298.0,0,97.559,0.00375,1033746218,307050016,0.00314,24954633702.52,7412187386.24
2016-09-28,002714,牧原股份,97.672,98.32,99.171,97.672,4534075,110051567.0,0,98.328,0.00538,1033746218,307050016,0.00439,25089020710.86,7452103888.32
2016-09-29,002714,牧原股份,98.401,98.28,98.644,97.915,3120806,75770400.0,0,98.357,-0.00041,1033746218,307050016,0.00302,25078683248.68,7449033388.16
2016-09-30,002714,牧原股份,98.361,98.969,99.171,97.834,3530278,85860401.0,0,98.527,0.00701,1033746218,307050016,0.00342,25254420105.74,7501231890.88
2016-10-03,002714,牧原股份,98.969,98.969,98.969,98.969,0,0.0,2,,0.0,1033746218,307050016,0.0,25254420105.74,7501231890.88
2016-10-04,002714,牧原股份,98.969,98.969,98.969,98.969,0,0.0,2,,0.0,1033746218,307050016,0.0,25254420105.74,7501231890.88
2016-10-05,002714,牧原股份,98.969,98.969,98.969,98.969,0,0.0,2,,0.0,1033746218,307050016,0.0,25254420105.74,7501231890.88
2016-10-06,002714,牧原股份,98.969,98.969,98.969,98.969,0,0.0,2,,0.0,1033746218,307050016,0.0,25254420105.74,7501231890.88
2016-10-07,002714,牧原股份,98.969,98.969,98.969,98.969,0,0.0,2,,0.0,1033746218,307050016,0.0,25254420105.74,7501231890.88
2016-10-10,002714,牧原股份,99.698,102.29,102.29,99.293,7298737,181821404.0,0,100.917,0.03356,1033746218,307050016,0.00706,26102092004.5,7753012904.0
2016-10-11,002714,牧原股份,101.885,102.696,103.141,101.278,6789660,171724894.0,0,102.461,0.00397,1033746218,307050016,0.00657,26205466626.3,7783717905.6
2016-10-12,002714,牧原股份,102.493,101.278,102.493,100.629,8345255,208501856.0,0,101.213,-0.01381,1033746218,307050016,0.00807,25843655450.0,7676250400.0
2016-10-13,002714,牧原股份,101.075,101.075,101.197,100.062,6590322,163349907.0,0,100.411,-0.002,1033746218,307050016,0.00638,25791968139.1,7660897899.2
2016-10-14,002714,牧原股份,100.832,101.359,101.602,100.184,6030151,150034312.0,0,100.796,0.00281,1033746218,307050016,0.00583,25864330374.36,7682391400.32
2016-10-17,002714,牧原股份,101.278,100.548,101.845,100.346,5759670,143269154.0,0,100.771,-0.008,1033746218,307050016,0.00557,25657581130.76,7620981397.12
2016-10-18,002714,牧原股份,100.548,102.574,102.696,100.548,8950899,224865252.0,0,101.772,0.02015,1033746218,307050016,0.00866,26174454239.76,7774506405.12
2016-10-19,002714,牧原股份,103.222,103.384,103.506,102.25,7875903,199829008.0,0,102.785,0.0079,1033746218,307050016,0.00762,26381203483.36,7835916408.32
2016-10-20,002714,牧原股份,103.303,102.169,103.303,101.926,9125920,230488622.0,0,102.315,-0.01175,1033746218,307050016,0.00883,26071079617.96,7743801403.52
2016-10-21,002714,牧原股份,102.331,101.318,102.979,100.792,7627040,191272577.0,0,101.594,-0.00833,1033746218,307050016,0.00738,25853992912.18,7679320900.16
2016-10-24,002714,牧原股份,101.48,101.966,102.412,101.318,6527458,164293324.0,0,101.966,0.0064,1033746218,307050016,0.00631,26019392307.06,7728448902.72
2016-10-25,002714,牧原股份,102.128,101.764,102.25,101.561,5448159,136911426.0,0,101.804,-0.00198,1033746218,307050016,0.00527,25967704996.16,7713096401.92
2016-10-26,002714,牧原股份,101.764,101.926,102.696,101.035,8102309,203852236.0,0,101.926,0.00159,1033746218,307050016,0.00784,26009054844.88,7725378402.56
2016-10-27,002714,牧原股份,101.885,101.116,101.885,100.71,5467726,136352679.0,0,101.026,-0.00795,1033746218,307050016,0.00529,25802305601.28,7663968399.36
2016-10-28,002714,牧原股份,101.237,100.508,101.602,100.508,4728307,117730492.0,0,100.868,-0.00601,1033746218,307050016,0.00457,25647243668.58,7617910896.96
2016-10-31,002714,牧原股份,100.629,100.062,100.71,99.293,4970381,122449369.0,0,99.803,-0.00444,1033746218,307050016,0.00481,25533531584.6,7584135395.2
2016-11-01,002714,牧原股份,99.86,100.71,100.994,99.86,4978361,123496811.0,0,100.496,0.00648,1033746218,307050016,0.00482,25698930979.48,7633263397.76
2016-11-02,002714,牧原股份,100.386,100.954,101.926,100.143,7586477,189937771.0,0,101.423,0.00242,1033746218,307050016,0.00734,25760955752.56,7651686398.72
2016-11-03,002714,牧原股份,100.508,101.197,101.926,100.508,8074072,202023480.0,0,101.363,0.00241,1033746218,307050016,0.00781,25822980525.64,7670109399.68
2016-11-04,002714,牧原股份,101.399,100.913,101.723,100.305,5890196,146572175.0,0,100.808,-0.00281,1033746218,307050016,0.0057,25750618290.38,7648615898.56
2016-11-07,002714,牧原股份,100.994,100.71,101.48,100.467,4860441,121087538.0,0,100.925,-0.00201,1033746218,307050016,0.0047,25698930979.48,7633263397.76
2016-11-08,002714,牧原股份,100.792,100.184,101.075,99.9,7983819,197807093.0,0,100.37,-0.00522,1033746218,307050016,0.00772,25564543971.14,7593346895.68
2016-11-09,002714,牧原股份,99.941,98.644,100.751,98.037,7951510,195139803.0,0,99.418,-0.01537,1033746218,307050016,0.00769,25171720408.3,7476667889.6
2016-11-10,002714,牧原股份,99.171,99.333,99.819,99.09,5331802,130789010.0,0,99.374,0.00698,1033746218,307050016,0.00516,25347457265.36,7528866392.32
2016-11-11,002714,牧原股份,99.293,100.792,101.075,98.969,10206392,252488783.0,0,100.216,0.01469,1033746218,307050016,0.00987,25719605903.84,7639404398.08
2016-11-14,002714,牧原股份,101.278,102.452,103.06,100.751,14709361,371680353.0,0,102.363,0.01647,1033746218,307050016,0.01423,26143441853.22,7765294904.64
2016-11-15,002714,牧原股份,102.047,102.128,102.979,101.683,6901261,174267718.0,0,102.299,-0.00316,1033746218,307050016,0.00668,26060742155.78,7740730903.36
2016-11-16,002714,牧原股份,102.574,102.088,102.574,101.683,5970010,150270548.0,0,101.97,-0.00039,1033746218,307050016,0.00578,26050404693.6,7737660403.2
2016-11-17,002714,牧原股份,102.128,101.44,102.25,101.116,3954824,99071148.0,0,101.484,-0.00635,1033746218,307050016,0.00383,25885005298.72,7688532400.64
2016-11-18,002714,牧原股份,101.278,100.873,101.845,100.792,6069693,151693237.0,0,101.245,-0.00559,1033746218,307050016,0.00587,25740280828.2,7645545398.4
2016-11-21,002714,牧原股份,101.237,100.954,101.804,100.832,4943453,123564841.0,0,101.261,0.0008,1033746218,307050016,0.00478,25760955752.56,7651686398.72
2016-11-22,002714,牧原股份,100.954,100.994,101.521,100.224,5533186,137494930.0,0,100.666,0.0004,1033746218,307050016,0.00535,25771293214.74,7654756898.88
2016-11-23,002714,牧原股份,101.075,100.751,101.359,100.427,4594409,114319276.0,0,100.8,-0.00241,1033746218,307050016,0.00444,25709268441.66,7636333897.92
2016-11-24,002714,牧原股份,100.994,102.047,102.817,100.751,11143997,279918629.0,0,101.756,0.01286,1033746218,307050016,0.01078,26040067231.42,7734589903.04
2016-11-25,002714,牧原股份,102.047,100.873,102.047,99.455,8228079,204345238.0,0,100.609,-0.0115,1033746218,307050016,0.00796,25740280828.2,7645545398.4
2016-11-28,002714,牧原股份,101.237,102.007,103.101,100.346,11875109,298738721.0,0,101.914,0.01124,1033746218,307050016,0.01149,26029729769.24,7731519402.88
2016-11-29,002714,牧原股份,101.723,102.371,102.817,101.521,11199493,282893277.0,0,102.327,0.00357,1033746218,307050016,0.01083,26122766928.86,7759153904.32
2016-11-30,002714,牧原股份,102.209,101.48,102.574,101.278,8277931,208026660.0,0,101.804,-0.0087,1033746218,307050016,0.00801,25895342760.9,7691602900.8
2016-12-01,002714,牧原股份,101.885,101.764,102.29,101.278,6284273,157824241.0,0,101.739,0.0028,1033746218,307050016,0.00608,25967704996.16,7713096401.92
2016-12-02,002714,牧原股份,101.845,100.103,101.845,99.981,8131472,201746328.0,0,100.512,-0.01632,1033746218,307050016,0.00787,25543869046.78,7587205895.36
2016-12-05,002714,牧原股份,99.617,100.265,101.197,99.252,5316990,131984786.0,0,100.561,0.00162,1033746218,307050016,0.00514,25585218895.5,7599487896.0
2016-12-06,002714,牧原股份,100.346,100.589,100.954,100.346,3287499,81699640.0,0,100.678,0.00323,1033746218,307050016,0.00318,25667918592.94,7624051897.28
2016-12-07,002714,牧原股份,100.792,101.561,101.642,100.427,5390747,134838340.0,0,101.33,0.00966,1033746218,307050016,0.00521,25916017685.26,7697743901.12
2016-12-08,002714,牧原股份,101.845,102.007,102.29,101.359,8126497,204517700.0,0,101.954,0.00439,1033746218,307050016,0.00786,26029729769.24,7731519402.88
2016-12-09,002714,牧原股份,102.088,101.723,102.25,101.278,7455970,187213669.0,0,101.719,-0.00278,1033746218,307050016,0.00721,25957367533.98,7710025901.76
2016-12-12,002714,牧原股份,101.683,99.738,101.845,99.617,8873876,219964253.0,0,100.419,-0.01951,1033746218,307050016,0.00858,25450831887.16,7559571393.92
2016-12-13,002714,牧原股份,100.143,100.751,100.994,98.847,4960988,122658374.0,0,100.164,0.01016,1033746218,307050016,0.0048,25709268441.66,7636333897.92
2016-12-14,002714,牧原股份,100.873,99.09,100.994,99.009,5192556,127880487.0,0,99.771,-0.01649,1033746218,307050016,0.00502,25285432492.28,7510443391.36
2016-12-15,002714,牧原股份,98.401,99.05,100.022,98.239,3778500,92552587.0,0,99.232,-0.0004,1033746218,307050016,0.00366,25275095030.1,7507372891.2
2016-12-16,002714,牧原股份,99.131,99.779,100.305,99.09,3434842,84513666.0,0,99.677,0.00736,1033746218,307050016,0.00332,25461169349.34,7562641894.08
2016-12-19,002714,牧原股份,99.617,99.252,100.184,99.212,4169238,102538225.0,0,99.633,-0.00528,1033746218,307050016,0.00403,25326782341.0,7522725392.0
2016-12-20,002714,牧原股份,99.252,96.821,99.657,96.457,8958668,215366534.0,0,97.389,-0.02449,1033746218,307050016,0.00867,24706534610.2,7338495382.4
2016-12-21,002714,牧原股份,96.943,97.794,99.414,96.943,8402908,203658913.0,0,98.187,0.01005,1033746218,307050016,0.00813,24954633702.52,7412187386.24
2016-12-22,002714,牧原股份,97.794,97.429,98.037,96.7,5672065,136036996.0,0,97.162,-0.00373,1033746218,307050016,0.00549,24861596542.9,7384552884.8
2016-12-23,002714,牧原股份,97.227,96.619,97.51,96.578,3276957,78348712.0,0,96.858,-0.00831,1033746218,307050016,0.00317,24654847299.3,7323142881.6
2016-12-26,002714,牧原股份,96.416,95.728,96.619,94.796,5017105,118039513.0,0,95.31,-0.00922,1033746218,307050016,0.00485,24427423131.34,7255591878.08
2016-12-27,002714,牧原股份,95.687,94.35,96.335,94.188,6517095,152887420.0,0,95.035,-0.01439,1033746218,307050016,0.0063,24075949417.22,7151194872.64
2016-12-28,002714,牧原股份,94.269,92.284,94.31,92.244,8649609,198120250.0,0,92.791,-0.0219,1033746218,307050016,0.00837,23548738846.04,6994599364.48
2016-12-29,002714,牧原股份,92.284,93.621,93.945,91.555,5561267,127771734.0,0,93.074,0.01449,1033746218,307050016,0.00538,23889875097.98,7095925869.76
2016-12-30,002714,牧原股份,92.851,94.31,94.755,92.811,4647767,108102224.0,0,94.225,0.00736,1033746218,307050016,0.0045,24065611955.04,7148124372.48
2017-01-02,002714,牧原股份,94.31,94.31,94.31,94.31,0,0.0,2,,0.0,1033746218,307050016,0.0,24065611955.04,7148124372.48
2017-01-03,002714,牧原股份,93.783,94.472,96.254,93.783,8499602,200119708.0,0,95.383,0.00172,1033746218,307050016,0.00822,24106961803.76,7160406373.12
2017-01-04,002714,牧原股份,94.796,96.011,96.214,94.553,6294416,148724942.0,0,95.72,0.01629,1033746218,307050016,0.00609,24499785366.6,7277085379.2
2017-01-05,002714,牧原股份,96.254,95.647,96.578,95.606,4706547,111638693.0,0,96.092,-0.00379,1033746218,307050016,0.00455,24406748206.98,7249450877.76
2017-01-06,002714,牧原股份,95.647,95.89,96.619,95.079,4913805,116121580.0,0,95.736,0.00254,1033746218,307050016,0.00475,24468772980.06,7267873878.72
2017-01-09,002714,牧原股份,95.89,94.998,96.214,94.431,2955173,69496687.0,0,95.27,-0.0093,1033746218,307050016,0.00286,24241348812.1,7200322875.2
2017-01-10,002714,牧原股份,95.444,96.538,96.619,95.201,5390298,127987949.0,0,96.189,0.01621,1033746218,307050016,0.00521,24634172374.94,7317001881.28
2017-01-11,002714,牧原股份,96.335,95.242,96.781,95.12,4552849,107668217.0,0,95.805,-0.01342,1033746218,307050016,0.0044,24303373585.18,7218745876.16
2017-01-12,002714,牧原股份,95.323,94.472,95.606,94.391,3848000,90334136.0,0,95.104,-0.00808,1033746218,307050016,0.00372,24106961803.76,7160406373.12
2017-01-13,002714,牧原股份,95.404,93.743,95.768,93.5,3950039,92218101.0,0,94.577,-0.00772,1033746218,307050016,0.00382,23920887484.52,7105137370.24
2017-01-16,002714,牧原股份,93.621,92.77,94.229,91.231,6020596,138773365.0,0,93.378,-0.01038,1033746218,307050016,0.00582,23672788392.2,7031445366.4
2017-01-17,002714,牧原股份,92.811,93.175,93.783,92.001,3376160,77362848.0,0,92.827,0.00437,1033746218,307050016,0.00327,23776163014.0,7062150368.0
2017-01-18,002714,牧原股份,93.175,94.593,95.525,92.932,5545722,129468034.0,0,94.577,0.01522,1033746218,307050016,0.00536,24137974190.3,7169617873.6
2017-01-19,002714,牧原股份,94.634,95.525,95.93,94.391,4245895,100099446.0,0,95.509,0.00985,1033746218,307050016,0.00411,24375735820.44,7240239377.28
2017-01-20,002714,牧原股份,95.687,96.619,96.902,95.687,4487101,106864427.0,0,96.481,0.01145,1033746218,307050016,0.00434,24654847299.3,7323142881.6
2017-01-23,002714,牧原股份,96.578,96.214,97.186,95.728,4465586,106130487.0,0,96.279,-0.00419,1033746218,307050016,0.00432,24551472677.5,7292437880.0
2017-01-24,002714,牧原股份,96.416,97.956,98.482,96.052,8457797,203056447.0,0,97.259,0.01811,1033746218,307050016,0.00818,24995983551.24,7424469386.88
2017-01-25,002714,牧原股份,97.47,97.753,98.28,97.064,3268913,78881119.0,0,97.757,-0.00207,1033746218,307050016,0.00316,24944296240.34,7409116886.08
2017-01-26,002714,牧原股份,97.996,97.064,98.361,97.064,3686088,88866469.0,0,97.668,-0.00705,1033746218,307050016,0.00357,24768559383.28,7356918383.36
2017-01-27,002714,牧原股份,97.064,97.064,97.064,97.064,0,0.0,2,,0.0,1033746218,307050016,0.0,24768559383.28,7356918383.36
2017-01-30,002714,牧原股份,97.064,97.064,97.064,97.064,0,0.0,2,,0.0,1033746218,307050016,0.0,24768559383.28,7356918383.36
2017-01-31,002714,牧原股份,97.064,97.064,97.064,97.064,0,0.0,2,,0.0,1033746218,307050016,0.0,24768559383.28,7356918383.36
2017-02-01,002714,牧原股份,97.064,97.064,97.064,97.064,0,0.0,2,,0.0,1033746218,307050016,0.0,24768559383.28,7356918383.36
2017-02-02,002714,牧原股份,97.064,97.064,97.064,97.064,0,0.0,2,,0.0,1033746218,307050016,0.0,24768559383.28,7356918383.36
2017-02-03,002714,牧原股份,96.821,95.606,96.821,95.404,3524272,83375470.0,0,95.841,-0.01502,1033746218,307050016,0.00341,24396410744.8,7246380377.6
2017-02-06,002714,牧原股份,95.606,96.335,98.037,95.404,4947381,118185624.0,0,96.777,0.00763,1033746218,602272594,0.00479,24582485064.04,14322042285.32
2017-02-07,002714,牧原股份,96.619,97.105,97.227,96.011,4281670,102218485.0,0,96.716,0.00799,1033746218,602272594,0.00414,24778896845.46,14436474078.18
2017-02-08,002714,牧原股份,97.024,96.416,97.024,95.93,4506111,107100958.0,0,96.287,-0.0071,1033746218,602272594,0.00436,24603159988.4,14334087737.2
2017-02-09,002714,牧原股份,96.416,96.659,96.943,96.133,4079193,97227483.0,0,96.558,0.00252,1033746218,602272594,0.00395,24665184761.48,14370224092.84
2017-02-10,002714,牧原股份,96.659,97.551,98.037,96.538,6066351,145994602.0,0,97.494,0.00923,1033746218,602272594,0.00587,24892608929.44,14502724063.52
2017-02-13,002714,牧原股份,97.551,99.05,99.05,97.064,7277545,176647515.0,0,98.332,0.01537,1033746218,602272594,0.00704,25275095030.1,14725564923.3
2017-02-14,002714,牧原股份,99.05,98.037,99.05,98.037,4572610,111065718.0,0,98.397,-0.01023,1033746218,602272594,0.00442,25016658475.6,14574996774.8
2017-02-15,002714,牧原股份,98.361,97.47,98.806,97.267,5038889,122065587.0,0,98.138,-0.00578,1033746218,602272594,0.00487,24871934005.08,14490678611.64
2017-02-16,002714,牧原股份,97.267,98.199,98.401,97.267,3234967,78253832.0,0,97.996,0.00748,1033746218,602272594,0.00313,25058008324.32,14599087678.56
2017-02-17,002714,牧原股份,98.32,98.32,98.685,97.713,3512147,85212819.0,0,98.288,0.00123,1033746218,602272594,0.0034,25089020710.86,14617155856.38
2017-02-20,002714,牧原股份,98.482,102.25,102.777,98.482,13780705,345454816.0,0,101.553,0.03997,1033746218,602272594,0.01333,26091754542.32,15201360272.56
2017-02-21,002714,牧原股份,102.169,106.747,107.354,101.723,19767988,517896127.0,0,106.135,0.04398,1033746218,602272594,0.01912,27239212844.3,15869882851.9
2017-02-22,002714,牧原股份,107.152,106.666,107.314,104.843,11595196,303958088.0,0,106.196,-0.00076,1033746218,602272594,0.01122,27218537919.94,15857837400.02
2017-02-23,002714,牧原股份,106.058,106.098,106.544,104.802,8391805,218862654.0,0,105.657,-0.00533,1033746218,602272594,0.00812,27073813449.42,15773519236.86
2017-02-24,002714,牧原股份,106.139,106.868,108.894,105.45,14743550,391481663.0,0,107.569,0.00726,1033746218,602272594,0.01426,27270225230.84,15887951029.72
2017-02-27,002714,牧原股份,106.868,104.559,107.678,104.438,9301054,243203233.0,0,105.928,-0.02161,1033746218,602272594,0.009,26680989886.58,15544655651.14
2017-02-28,002714,牧原股份,105.41,105.653,106.544,104.113,5675141,147374860.0,0,105.199,0.01046,1033746218,602272594,0.00549,26960101365.44,15707269251.52
2017-03-01,002714,牧原股份,105.653,105.126,105.774,104.762,4425161,115101803.0,0,105.373,-0.00499,1033746218,602272594,0.00428,26825714357.1,15628973814.3
2017-03-02,002714,牧原股份,105.248,105.369,106.139,104.519,4039534,105071718.0,0,105.373,0.00231,1033746218,602272594,0.00391,26887739130.18,15665110169.94
2017-03-03,002714,牧原股份,105.288,104.397,105.288,103.465,5837980,150324125.0,0,104.312,-0.00922,1033746218,602272594,0.00565,26639640037.86,15520564747.38
2017-03-06,002714,牧原股份,104.154,105.693,105.977,104.154,6081478,158389191.0,0,105.511,0.01241,1033746218,602272594,0.00588,26970438827.62,15713291977.46
2017-03-07,002714,牧原股份,106.382,107.476,109.218,106.382,10272556,273206533.0,0,107.743,0.01687,1033746218,602272594,0.00994,27425287163.54,15978291918.82
2017-03-08,002714,牧原股份,106.99,105.734,107.881,105.248,7068269,185145662.0,0,106.115,-0.01621,1033746218,602272594,0.00684,26980776289.8,15719314703.4
2017-03-09,002714,牧原股份,105.126,106.179,106.544,104.964,5655812,147617854.0,0,105.734,0.00421,1033746218,602272594,0.00547,27094488373.78,15785564688.74
2017-03-10,002714,牧原股份,106.179,107.435,108.246,105.653,7687492,203788553.0,0,107.391,0.01183,1033746218,602272594,0.00744,27414949701.36,15972269192.88
2017-03-13,002714,牧原股份,107.273,107.759,108.57,106.017,8584599,228168679.0,0,107.674,0.00302,1033746218,602272594,0.0083,27497649398.8,16020451000.4
2017-03-14,002714,牧原股份,107.557,106.99,107.881,106.301,6720032,177732714.0,0,107.144,-0.00714,1033746218,602272594,0.0065,27301237617.38,15906019207.54
2017-03-15,002714,牧原股份,106.868,108.205,108.367,106.22,8240051,219315631.0,0,107.824,0.01136,1033746218,602272594,0.00797,27611361482.78,16086700985.74
2017-03-16,002714,牧原股份,108.043,110.109,110.514,108.043,13067369,353375984.0,0,109.554,0.0176,1033746218,602272594,0.01264,28097222205.24,16369769104.92
2017-03-17,002714,牧原股份,110.15,110.109,111.689,109.38,11010369,301193115.0,0,110.818,0.0,1033746218,602272594,0.01065,28097222205.24,16369769104.92
2017-03-20,002714,牧原股份,109.623,113.228,114.12,109.582,10835655,301522399.0,0,112.73,0.02833,1033746218,602272594,0.01048,28893206793.1,16833519002.3
2017-03-21,002714,牧原股份,113.471,113.796,114.403,112.216,7823390,219000404.0,0,113.403,0.00502,1033746218,602272594,0.00757,29037931263.62,16917837165.46
2017-03-22,002714,牧原股份,113.796,116.105,117.198,113.228,12038046,344364904.0,0,115.886,0.02029,1033746218,602272594,0.01165,29627166607.88,17261132544.04
2017-03-23,002714,牧原股份,116.51,113.431,117.361,111.648,9401914,265751970.0,0,114.509,-0.02303,1033746218,602272594,0.00909,28944894104.0,16863632632.0
2017-03-24,002714,牧原股份,113.431,112.904,114.93,111.811,9779263,273518743.0,0,113.305,-0.00465,1033746218,602272594,0.00946,28810507095.66,16785337194.78
2017-03-27,002714,牧原股份,112.945,113.147,116.186,112.459,10105238,285650515.0,0,114.517,0.00215,1033746218,602272594,0.00978,28872531868.74,16821473550.42
2017-03-28,002714,牧原股份,113.107,112.418,114.484,111.811,7462937,208007368.0,0,112.912,-0.00644,1033746218,602272594,0.00722,28686457549.5,16713064483.5
2017-03-29,002714,牧原股份,112.378,111.041,112.418,110.19,6986964,191465074.0,0,111.012,-0.01225,1033746218,602272594,0.00676,28334983835.38,16508291801.54
2017-03-30,002714,牧原股份,110.717,112.216,112.378,110.028,7693879,211521278.0,0,111.373,0.01058,1033746218,602272594,0.00744,28634770238.6,16682950853.8
2017-03-31,002714,牧原股份,114.322,110.19,115.294,109.582,9661232,265901212.0,0,111.495,-0.01805,1033746218,602272594,0.00935,28117897129.6,16381814556.8
2017-04-03,002714,牧原股份,110.19,110.19,110.19,110.19,0,0.0,2,,0.0,1033746218,602272594,0.0,28117897129.6,16381814556.8
2017-04-04,002714,牧原股份,110.19,110.19,110.19,110.19,0,0.0,2,,0.0,1033746218,602272594,0.0,28117897129.6,16381814556.8
2017-04-05,002714,牧原股份,110.19,110.919,111.77,108.651,7916234,216283767.0,0,110.684,0.00662,1033746218,602272594,0.00766,28303971448.84,16490223623.72
2017-04-06,002714,牧原股份,111.203,112.499,112.864,110.636,6333185,174936211.0,0,111.9,0.01424,1033746218,602272594,0.00613,28707132473.86,16725109935.38
2017-04-07,002714,牧原股份,112.621,111.446,112.783,111.041,5685698,156583828.0,0,111.567,-0.00936,1033746218,602272594,0.0055,28438358457.18,16568519060.94
2017-04-10,002714,牧原股份,111.973,108.084,112.094,107.395,10591764,285746654.0,0,109.291,-0.03017,1033746218,602272594,0.01025,27580349096.24,16068632807.92
2017-04-11,002714,牧原股份,107.719,109.38,109.38,104.964,11599046,307271680.0,0,107.318,0.01199,1033746218,602272594,0.01122,27911147886.0,16261360038.0
2017-04-12,002714,牧原股份,108.975,109.218,110.757,108.084,6472720,175030584.0,0,109.546,-0.00148,1033746218,602272594,0.00626,27869798037.28,16237269134.24
2017-04-13,002714,牧原股份,109.42,108.529,110.15,107.962,3567947,95629276.0,0,108.578,-0.00631,1033746218,602272594,0.00345,27694061180.22,16134882793.26
2017-04-14,002714,牧原股份,108.529,109.582,109.825,108.529,4423893,119483022.0,0,109.416,0.0097,1033746218,602272594,0.00428,27962835196.9,16291473667.7
2017-04-17,002714,牧原股份,109.582,106.544,109.623,105.41,7573289,199683920.0,0,106.816,-0.02772,1033746218,602089493,0.00733,27187525533.4,15834953665.9
2017-04-18,002714,牧原股份,106.463,107.354,109.137,105.774,5252285,139954483.0,0,107.946,0.0076,1158463457,602089493,0.00453,30699281610.5,15955371564.5
2017-04-19,002714,牧原股份,106.747,107.84,109.015,106.139,5730197,152807933.0,0,108.031,0.00453,1158463457,602089493,0.00495,30838297225.34,16027622303.66
2017-04-20,002714,牧原股份,108.246,108.448,108.975,107.354,4167748,111155148.0,0,108.043,0.00564,1158463457,602089493,0.0036,31012066743.89,16117935727.61
2017-04-21,002714,牧原股份,108.772,111.203,111.892,108.489,8518144,232563572.0,0,110.603,0.0254,1158463457,602089493,0.00735,31799821894.65,16527356582.85
2017-04-24,002714,牧原股份,111.243,106.342,111.77,105.936,7736693,206414831.0,0,108.084,-0.04371,1158463457,602089493,0.00668,30409665746.25,15804849191.25
2017-04-25,002714,牧原股份,106.544,107.192,108.002,106.179,4279076,112952920.0,0,106.937,0.00799,1158463457,602089493,0.00369,30652943072.22,15931287984.78
2017-04-26,002714,牧原股份,108.246,113.471,115.821,108.246,16245436,447381348.0,0,111.563,0.05858,1158463457,602089493,0.01402,32448561430.57,16864526698.93
2017-04-27,002714,牧原股份,114.484,113.917,114.646,111.041,7807526,218030189.0,0,113.131,0.00393,1158463457,602089493,0.00674,32575992410.84,16930756543.16
2017-04-28,002714,牧原股份,113.917,113.026,114.525,112.337,5828495,163021072.0,0,113.309,-0.00782,1158463457,602089493,0.00503,32321130450.3,16798296854.7
2017-05-01,002714,牧原股份,113.026,113.026,113.026,113.026,0,0.0,2,,0.0,1158463457,602089493,0.0,32321130450.3,16798296854.7
2017-05-02,002714,牧原股份,112.297,113.107,114.606,112.054,6512607,182496257.0,0,113.52,0.00072,1158463457,602089493,0.00562,32344299719.44,16810338644.56
2017-05-03,002714,牧原股份,113.066,113.107,114.849,112.216,6684115,187881268.0,0,113.873,0.0,1158463457,602089493,0.00577,32344299719.44,16810338644.56
2017-05-04,002714,牧原股份,112.256,113.471,113.796,111.486,5516040,153314868.0,0,112.596,0.00322,1158463457,602089493,0.00476,32448561430.57,16864526698.93
2017-05-05,002714,牧原股份,113.228,112.58,114.16,112.175,5993315,167513793.0,0,113.228,-0.00785,1158463457,602089493,0.00517,32193699470.03,16732067010.47
2017-05-08,002714,牧原股份,111.446,102.412,111.446,102.128,16124585,421573452.0,0,105.916,-0.09032,1158463457,602089493,0.01392,29285956192.96,15220822383.04
2017-05-09,002714,牧原股份,102.898,106.058,106.828,100.467,9180832,234457193.0,0,103.457,0.0356,1158463457,602089493,0.00793,30328573304.26,15762702926.74
2017-05-10,002714,牧原股份,105.41,102.655,106.017,101.926,5353447,136945377.0,0,103.631,-0.03209,1158463457,602089493,0.00462,29355464000.38,15256947752.62
2017-05-11,002714,牧原股份,102.493,102.29,103.222,100.913,3552664,89477038.0,0,102.031,-0.00356,1158463457,602089493,0.00307,29251202289.25,15202759698.25
2017-05-12,002714,牧原股份,102.696,101.885,102.696,100.143,4920012,122974645.0,0,101.257,-0.00396,1158463457,602089493,0.00425,29135355943.55,15142550748.95
2017-05-15,002714,牧原股份,101.399,99.738,102.007,99.495,5399847,133618644.0,0,100.245,-0.02107,1158463457,602089493,0.00466,28521370311.34,14823443317.66
2017-05-16,002714,牧原股份,99.657,99.779,99.819,96.862,7198667,174143879.0,0,98.0,0.00041,1158463457,602089493,0.00621,28532954945.91,14829464212.59
2017-05-17,002714,牧原股份,99.779,101.156,102.088,99.05,6296177,156901334.0,0,100.954,0.0138,1158463457,602089493,0.00543,28926832521.29,15034174640.21
2017-05-18,002714,牧原股份,101.156,101.278,102.169,100.265,3519939,88162026.0,0,101.464,0.00121,1158463457,602089493,0.00304,28961586425.0,15052237325.0
2017-05-19,002714,牧原股份,101.845,100.589,101.845,100.548,2892466,72122053.0,0,101.01,-0.0068,1158463457,602089493,0.0025,28764647637.31,14949882111.19
2017-05-22,002714,牧原股份,100.589,98.361,100.751,97.753,4885073,119287320.0,0,98.924,-0.02215,1158463457,602089493,0.00422,28127492735.96,14618732890.04
2017-05-23,002714,牧原股份,97.956,96.092,99.009,95.89,7687543,183676815.0,0,96.793,-0.02307,1158463457,602089493,0.00664,27478753200.04,14281562773.96
2017-05-24,002714,牧原股份,95.93,93.986,95.93,92.77,8136542,188858175.0,0,94.03,-0.02192,1158463457,602089493,0.00702,26876352202.4,13968476237.6
2017-05-25,002714,牧原股份,93.986,95.971,96.092,93.378,4798141,112108420.0,0,94.654,0.02112,1158463457,602089493,0.00414,27443999296.33,14263500089.17
2017-05-26,002714,牧原股份,94.877,97.551,98.239,94.877,5348141,128134329.0,0,97.06,0.01646,1158463457,602089493,0.00462,27895800044.56,14498314991.44
2017-05-29,002714,牧原股份,97.551,97.551,97.551,97.551,0,0.0,2,,0.0,1158463457,602089493,0.0,27895800044.56,14498314991.44
2017-05-30,002714,牧原股份,97.551,97.551,97.551,97.551,0,0.0,2,,0.0,1158463457,602089493,0.0,27895800044.56,14498314991.44
2017-05-31,002714,牧原股份,97.51,97.834,100.467,96.619,3913881,94225774.0,0,97.53,0.0029,1158463457,602089493,0.00338,27976892486.55,14540461255.95
2017-06-01,002714,牧原股份,97.956,96.254,97.956,95.971,2945399,70194037.0,0,96.546,-0.01615,1158463457,602089493,0.00254,27525091738.32,14305646353.68
2017-06-02,002714,牧原股份,95.971,96.011,96.983,95.606,2921456,69440751.0,0,96.291,-0.00252,1158463457,602089493,0.00252,27455583930.9,14269520984.1
2017-06-05,002714,牧原股份,96.376,97.915,98.239,96.052,3598649,86563152.0,0,97.445,0.01983,1158463457,602089493,0.00311,28000061755.69,14552503045.81
2017-06-06,002714,牧原股份,97.834,100.265,100.71,97.267,5507832,135618430.0,0,99.75,0.024,1158463457,602089493,0.00475,28671970560.75,14901714951.75
2017-06-07,002714,牧原股份,100.265,102.128,103.06,99.657,6168678,155644899.0,0,102.213,0.01858,1158463457,602089493,0.00532,29204863750.97,15178676118.53
2017-06-08,002714,牧原股份,102.007,102.209,102.696,101.318,3008833,75723444.0,0,101.954,0.00079,1158463457,602089493,0.0026,29228033020.11,15190717908.39
2017-06-09,002714,牧原股份,102.128,103.668,104.721,102.128,6341844,162142479.0,0,103.575,0.01427,1158463457,602089493,0.00547,29645079864.63,15407470125.87
2017-06-12,002714,牧原股份,104.316,103.101,104.478,102.817,3903398,99665543.0,0,103.437,-0.00547,1158463457,602089493,0.00337,29482894980.65,15323177596.85
2017-06-13,002714,牧原股份,103.506,104.356,104.721,103.506,4083737,105106062.0,0,104.267,0.01217,1158463457,602089493,0.00353,29842018652.32,15509825339.68
2017-06-14,002714,牧原股份,104.721,105.531,106.139,103.303,5458639,141578508.0,0,105.074,0.01126,1158463457,602089493,0.00471,30177973054.85,15684431292.65
2017-06-15,002714,牧原股份,105.531,104.032,105.531,103.465,5649675,145612436.0,0,104.413,-0.0142,1158463457,602089493,0.00488,29749341575.76,15461658180.24
2017-06-16,002714,牧原股份,103.708,103.992,104.843,103.141,2864598,73395818.0,0,103.797,-0.00038,1158463457,602089493,0.00247,29737756941.19,15455637285.31
2017-06-19,002714,牧原股份,104.316,104.924,105.896,103.708,3391321,88043510.0,0,105.171,0.00896,1158463457,602089493,0.00293,30004203536.3,15594117868.7
2017-06-20,002714,牧原股份,104.964,106.706,106.949,104.559,4629966,121139469.0,0,105.993,0.01698,1158463457,602089493,0.004,30513927457.38,15859037245.62
2017-06-21,002714,牧原股份,107.03,106.585,108.772,106.139,4854300,128823554.0,0,107.508,-0.00113,1158463457,602089493,0.00419,30479173553.67,15840974560.83
2017-06-22,002714,牧原股份,106.585,106.625,109.056,105.936,4816310,128209398.0,0,107.84,0.00038,1158463457,602089493,0.00416,30490758188.24,15846995455.76
2017-06-23,002714,牧原股份,106.625,106.909,108.57,106.098,4386438,115975731.0,0,107.111,0.00266,1158463457,602089493,0.00379,30571850630.23,15889141720.27
2017-06-26,002714,牧原股份,106.909,107.8,108.165,106.139,3095580,82079036.0,0,107.415,0.00833,1158463457,602089493,0.00267,30826712590.77,16021601408.73
2017-06-27,002714,牧原股份,108.084,106.504,108.084,106.463,3761185,99473139.0,0,107.14,-0.01202,1158463457,602089493,0.00325,30456004284.53,15828932770.97
2017-06-28,002714,牧原股份,106.504,105.572,107.759,105.167,3532370,92575525.0,0,106.171,-0.00875,1158463457,602089493,0.00305,30189557689.42,15690452187.58
2017-06-29,002714,牧原股份,105.572,106.949,107.719,105.572,3985172,105234167.0,0,106.974,0.01304,1158463457,602089493,0.00344,30583435264.8,15895162615.2
2017-06-30,002714,牧原股份,107.395,110.271,111.405,107.395,6372943,173371215.0,0,110.206,0.03106,1158463457,602089493,0.0055,31533375299.54,16388875999.46
2017-07-03,002714,牧原股份,110.352,109.501,110.514,108.165,7413848,199818381.0,0,109.185,-0.00698,1158463457,602089493,0.0064,31313267242.71,16274478995.79
2017-07-04,002714,牧原股份,109.582,112.297,113.35,109.542,9788320,270503707.0,0,111.952,0.02553,1158463457,602089493,0.00845,32112607028.04,16689920745.96
2017-07-05,002714,牧原股份,112.418,112.378,113.431,111.73,5696011,157886424.0,0,112.293,0.00072,1158463457,602089493,0.00492,32135776297.18,16701962535.82
2017-07-06,002714,牧原股份,111.811,114.079,114.849,111.203,9075996,255241661.0,0,113.929,0.01514,1158463457,602089493,0.00783,32622330949.12,16954840122.88
2017-07-07,002714,牧原股份,114.241,115.821,116.226,113.917,8257122,235154810.0,0,115.371,0.01527,1158463457,602089493,0.00713,33120470235.63,17213738604.87
2017-07-10,002714,牧原股份,115.902,120.804,125.584,115.862,19647162,586022936.0,0,120.832,0.04302,1158463457,602089493,0.01696,34545380287.74,17954308681.26
2017-07-11,002714,牧原股份,121.223,119.232,121.223,116.578,10982612,315629868.0,0,119.187,-0.01305,1158463457,602089493,0.00948,33305824388.75,17310072923.75
2017-07-12,002714,牧原股份,117.988,120.145,121.928,117.366,9464265,274046819.0,0,120.086,0.00766,1158463457,602089493,0.00817,33560686349.29,17442532612.21
2017-07-13,002714,牧原股份,119.025,121.72,121.72,118.859,7246317,210735076.0,0,120.609,0.01311,1158463457,602089493,0.00626,34000902462.95,17671326619.55
2017-07-14,002714,牧原股份,122.135,119.896,123.255,117.407,8652802,251053239.0,0,120.327,-0.01499,1158463457,602089493,0.00747,33491178541.87,17406407242.63
2017-07-17,002714,牧原股份,119.896,113.094,119.896,112.389,10901425,302696679.0,0,115.155,-0.05673,1158463457,602089493,0.00941,31591298472.39,16418980474.11
2017-07-18,002714,牧原股份,113.219,115.79,116.039,111.933,7459894,205200367.0,0,114.077,0.02384,1158463457,602089493,0.00644,32344299719.44,16810338644.56
2017-07-19,002714,牧原股份,115.831,117.366,118.527,114.587,8180202,231094756.0,0,117.159,0.01361,1158463457,602089493,0.00706,32784515833.1,17039132651.9
2017-07-20,002714,牧原股份,117.49,117.822,120.974,117.2,8329113,239086378.0,0,119.046,0.00389,1158463457,602089493,0.00719,32911946813.37,17105362496.13
2017-07-21,002714,牧原股份,117.988,119.025,119.357,117.905,6524060,186521908.0,0,118.569,0.01021,1158463457,602089493,0.00563,33247901215.9,17279968449.1
2017-07-24,002714,牧原股份,119.73,120.891,121.638,118.195,7306334,212454269.0,0,120.592,0.01568,1158463457,602089493,0.00631,33769209771.55,17550908720.95
2017-07-25,002714,牧原股份,121.14,118.444,121.513,118.195,6811491,195618881.0,0,119.104,-0.02024,1158463457,602089493,0.00588,33085716331.92,17195675920.08
2017-07-26,002714,牧原股份,118.527,115.292,119.025,114.256,8369793,232953320.0,0,115.429,-0.02661,1158463457,602089493,0.00722,32205284104.6,16738087905.4
2017-07-27,002714,牧原股份,116.08,115.375,116.08,114.297,5726886,158610179.0,0,114.861,0.00072,1158463457,602089493,0.00494,32228453373.74,16750129695.26
2017-07-28,002714,牧原股份,115.375,118.486,119.232,115.085,6872552,195432318.0,0,117.934,0.02696,1158463457,602089493,0.00593,33097300966.49,17201696815.01
2017-07-31,002714,牧原股份,118.527,117.988,118.61,116.163,7154216,201749568.0,0,116.951,-0.0042,1158463457,602089493,0.00618,32958285351.65,17129446075.85
2017-08-01,002714,牧原股份,117.864,114.048,117.905,113.053,12805940,353075919.0,0,114.343,-0.03339,1158463457,602089493,0.01105,31857745067.5,16557461057.5
2017-08-02,002714,牧原股份,114.09,115.168,115.583,113.509,5248954,145109846.0,0,114.65,0.00982,1158463457,602089493,0.00453,32170530200.89,16720025220.61
2017-08-03,002714,牧原股份,115.251,113.633,115.292,112.431,6253737,171212414.0,0,113.542,-0.01333,1158463457,602089493,0.0054,31741898721.8,16497252108.2
2017-08-04,002714,牧原股份,113.841,116.122,116.578,113.053,6031105,167196246.0,0,114.969,0.0219,1158463457,602089493,0.00521,32436976796.0,16858505804.0
2017-08-07,002714,牧原股份,116.122,121.098,123.048,115.292,12875583,372712461.0,0,120.049,0.04285,1158463457,602089493,0.01111,33827132944.4,17581013195.6
2017-08-08,002714,牧原股份,121.886,133.208,133.208,119.605,28869024,897510250.0,0,128.932,0.1,1158463457,602089493,0.02492,37209846238.84,19339114515.16
2017-08-09,002714,牧原股份,135.116,133.706,136.028,130.72,17749918,568157647.0,0,132.748,0.00374,1158463457,602089493,0.01532,37348861853.68,19411365254.32
2017-08-10,002714,牧原股份,132.296,130.969,132.918,127.734,13116806,411323741.0,0,130.052,-0.02047,1158463457,602089493,0.01132,36584275972.06,19013986188.94
2017-08-11,002714,牧原股份,129.144,133.913,135.448,127.775,16249699,519520836.0,0,132.59,0.02248,1158463457,602089493,0.01403,37406785026.53,19441469728.97
2017-08-14,002714,牧原股份,132.835,136.277,136.443,129.559,11011936,356164785.0,0,134.137,0.01765,1158463457,602089493,0.00951,38067109197.02,19784660739.98
2017-08-15,002714,牧原股份,135.614,134.369,136.194,132.296,7904854,255640716.0,0,134.121,-0.014,1158463457,602089493,0.00682,37534216006.8,19507699573.2
2017-08-16,002714,牧原股份,133.167,132.959,135.24,130.803,7180517,229419861.0,0,132.503,-0.01049,1158463457,602089493,0.0062,37140338431.42,19302989145.58
2017-08-17,002714,牧原股份,134.287,132.918,134.452,131.466,5012755,160470070.0,0,132.76,-0.00031,1158463457,602089493,0.00433,37128753796.85,19296968250.65
2017-08-18,002714,牧原股份,132.006,131.591,134.038,130.222,4884071,155466060.0,0,132.01,-0.00998,1158463457,575397072,0.00422,36758045490.61,18257349094.56
2017-08-21,002714,牧原股份,131.674,130.347,132.503,129.808,5015407,157845436.0,0,130.521,-0.00945,1158463457,575397072,0.00433,36410506453.51,18084729972.96
2017-08-22,002714,牧原股份,131.466,139.968,142.996,130.72,13980531,468114990.0,0,138.861,0.07381,1158463457,575397072,0.01207,39098141673.75,19419651180.0
2017-08-23,002714,牧原股份,139.263,139.097,142.166,136.485,7342022,246485185.0,0,139.23,-0.00622,1158463457,575397072,0.00634,38854864347.78,19298817794.88
2017-08-24,002714,牧原股份,139.097,145.816,145.857,138.807,11021980,381626010.0,0,143.593,0.0483,1158463457,575397072,0.00951,40731575148.12,20230961051.52
2017-08-25,002714,牧原股份,144.945,148.014,150.129,142.166,10197228,360110849.0,0,146.459,0.01507,1158463457,575397072,0.0088,41345560780.33,20535921499.68
2017-08-28,002714,牧原股份,145.857,157.926,161.368,145.484,14496029,545140412.0,0,155.96,0.06697,1158463457,575397072,0.01251,44114288442.56,21911120501.76
2017-08-29,002714,牧原股份,155.935,153.986,159.543,153.778,7863980,296955621.0,0,156.603,-0.02495,1158463457,575397072,0.00679,43013748158.41,21364493283.36
2017-08-30,002714,牧原股份,154.483,169.165,169.372,154.483,15561243,619343012.0,0,165.059,0.09857,1158463457,575397072,0.01343,47253724411.03,23470446566.88
2017-08-31,002714,牧原股份,169.165,173.229,176.256,165.266,9557109,393203261.0,0,170.624,0.02402,1158463457,575397072,0.00825,48389018598.89,24034335697.44
2017-09-01,002714,牧原股份,172.938,175.261,178.288,168.46,11339051,476855360.0,0,174.407,0.01173,1158463457,575397072,0.00979,48956665692.82,24316280262.72
2017-09-04,002714,牧原股份,176.173,168.833,176.256,168.418,10559273,435570031.0,0,171.072,-0.03668,1158463457,575397072,0.00911,47161047334.47,23424414801.12
2017-09-05,002714,牧原股份,169.621,168.874,173.726,167.132,6995490,287835228.0,0,170.641,0.00024,1158463457,575397072,0.00604,47172631969.04,23430168771.84
2017-09-06,002714,牧原股份,171.114,170.45,172.773,168.211,5611341,230628610.0,0,170.45,0.00933,1158463457,575397072,0.00484,47612848082.7,23648819659.2
2017-09-07,002714,牧原股份,169.206,165.888,170.533,165.183,8137088,327389198.0,0,166.859,-0.02676,1158463457,575397072,0.00702,46338538280.0,23015882880.0
2017-09-08,002714,牧原股份,166.967,167.754,167.962,162.778,7185235,286673797.0,0,165.465,0.01125,1158463457,575397072,0.0062,46859846835.65,23274811562.4
2017-09-11,002714,牧原股份,165.598,166.552,173.104,165.183,7329343,298628259.0,0,168.974,-0.00717,1158463457,575397072,0.00633,46523892433.12,23107946411.52
2017-09-12,002714,牧原股份,165.805,160.331,167.132,158.838,9938028,386025313.0,0,161.09,-0.03735,1158463457,575397072,0.00858,44786197247.62,22244850803.52
2017-09-13,002714,牧原股份,161.658,162.529,164.644,160.538,5126605,201142670.0,0,162.716,0.01371,1158463457,575397072,0.00443,45400182879.83,22549811251.68
2017-09-14,002714,牧原股份,164.271,163.607,167.837,163.607,6285120,249663906.0,0,164.739,0.00663,1158463457,575397072,0.00543,45701383378.65,22699414490.4
2017-09-15,002714,牧原股份,163.483,163.317,165.474,160.082,3897988,153319346.0,0,163.122,-0.00177,1158463457,575397072,0.00336,45620290936.66,22659136695.36
2017-09-18,002714,牧原股份,163.276,163.027,165.805,161.285,5102723,200868168.0,0,163.255,-0.00178,1158463457,575397072,0.0044,45539198494.67,22618858900.32
2017-09-19,002714,牧原股份,163.068,159.999,165.266,159.667,6084305,237170682.0,0,161.662,-0.01857,1158463457,575397072,0.00525,44693520171.06,22198819037.76
2017-09-20,002714,牧原股份,159.958,156.598,159.999,153.986,8171118,307182605.0,0,155.91,-0.02126,1158463457,575397072,0.00705,43743580136.32,21726993438.72
2017-09-21,002714,牧原股份,157.179,157.013,158.091,155.106,3001475,113260643.0,0,156.495,0.00265,1158463457,575397072,0.00259,43859426482.02,21784533145.92
2017-09-22,002714,牧原股份,156.889,152.576,156.889,152.285,5853257,217208872.0,0,153.899,-0.02826,1158463457,575397072,0.00505,42619870583.03,21168858278.88
2017-09-25,002714,牧原股份,152.037,154.442,157.594,149.797,6255078,233710990.0,0,154.952,0.01223,1158463457,575397072,0.0054,43141179138.68,21427786961.28
2017-09-26,002714,牧原股份,154.815,152.576,158.009,151.829,4436346,165629055.0,0,154.836,-0.01208,1158463457,575397072,0.00383,42619870583.03,21168858278.88
2017-09-27,002714,牧原股份,153.405,153.322,155.437,151.497,3758677,138957582.0,0,153.322,0.00489,1158463457,575397072,0.00324,42828394005.29,21272429751.84
2017-09-28,002714,牧原股份,153.447,150.295,153.903,149.797,4027319,147040417.0,0,151.419,-0.01974,1158463457,575397072,0.00348,41982715681.68,20852389889.28
2017-09-29,002714,牧原股份,151.29,153.737,153.861,150.834,4218491,154637100.0,0,152.024,0.0229,1158463457,575397072,0.00364,42944240350.99,21329969459.04
2017-10-02,002714,牧原股份,153.737,153.737,153.737,153.737,0,0.0,2,,0.0,1158463457,575397072,0.0,42944240350.99,21329969459.04
2017-10-03,002714,牧原股份,153.737,153.737,153.737,153.737,0,0.0,2,,0.0,1158463457,575397072,0.0,42944240350.99,21329969459.04
2017-10-04,002714,牧原股份,153.737,153.737,153.737,153.737,0,0.0,2,,0.0,1158463457,575397072,0.0,42944240350.99,21329969459.04
2017-10-05,002714,牧原股份,153.737,153.737,153.737,153.737,0,0.0,2,,0.0,1158463457,575397072,0.0,42944240350.99,21329969459.04
2017-10-06,002714,牧原股份,153.737,153.737,153.737,153.737,0,0.0,2,,0.0,1158463457,575397072,0.0,42944240350.99,21329969459.04
2017-10-09,002714,牧原股份,155.935,157.511,159.833,152.576,9025264,341209050.0,0,156.789,0.02455,1158463457,575397072,0.00779,43998442096.86,21853580794.56
2017-10-10,002714,牧原股份,157.386,165.515,165.722,157.096,9276533,364755341.0,0,163.068,0.05082,1158463457,575397072,0.00801,46234276568.87,22964097143.52
2017-10-11,002714,牧原股份,165.474,166.593,169.538,164.437,6852988,275248241.0,0,166.573,0.00651,1158463457,575397072,0.00592,46535477067.69,23113700382.24
2017-10-12,002714,牧原股份,167.34,164.478,167.34,163.276,3982616,158242123.0,0,164.781,-0.0127,1158463457,575397072,0.00344,45944660704.62,22820247875.52
2017-10-13,002714,牧原股份,163.4,159.875,163.607,159.294,7949033,307526602.0,0,160.443,-0.02799,1158463457,575397072,0.00686,44658766267.35,22181557125.6
2017-10-16,002714,牧原股份,159.958,160.746,163.524,159.253,6887290,268086231.0,0,161.43,0.00545,1158463457,575397072,0.00595,44902043593.32,22302390510.72
2017-10-17,002714,牧原股份,161.285,165.764,166.801,160.497,6711596,266731538.0,0,164.818,0.03122,1158463457,575397072,0.00579,46303784376.29,22998620967.84
2017-10-18,002714,牧原股份,161.741,160.082,163.276,157.594,8223958,317485785.0,0,160.103,-0.03428,1158463457,575397072,0.0071,44716689440.2,22210326979.2
2017-10-19,002714,牧原股份,159.46,162.612,165.266,158.091,6852095,269573233.0,0,163.159,0.0158,1158463457,575397072,0.00591,45423352148.97,22561319193.12
2017-10-20,002714,牧原股份,162.985,164.52,165.888,160.331,5368627,212586600.0,0,164.221,0.01173,1158463457,575397072,0.00463,45956245339.19,22826001846.24
2017-10-23,002714,牧原股份,163.773,174.805,174.805,163.483,12036155,496633842.0,0,171.122,0.06252,1158463457,575397072,0.01039,48829234712.55,24252986584.8
2017-10-24,002714,牧原股份,174.183,174.514,178.164,172.524,6509214,275039318.0,0,175.236,-0.00166,1158463457,575397072,0.00562,48748142270.56,24212708789.76
2017-10-25,002714,牧原股份,174.597,181.44,181.896,171.404,8258945,354654745.0,0,178.089,0.03969,1158463457,575397072,0.00713,50682776243.75,25173621900.0
2017-10-26,002714,牧原股份,180.403,179.367,187.868,178.828,8944912,395970304.0,0,183.589,-0.01143,1158463457,575397072,0.00772,50103544515.25,24885923364.0
2017-10-27,002714,牧原股份,179.947,184.965,186.044,177.086,6920230,301988533.0,0,180.98,0.03121,1158463457,575397072,0.00597,51667470182.2,25662709411.2
2017-10-30,002714,牧原股份,184.965,185.836,189.942,181.938,7844075,353009833.0,0,186.637,0.00471,1158463457,575397072,0.00677,51910747508.17,25783542796.32
2017-10-31,002714,牧原股份,185.836,195.292,195.914,183.638,9855973,456099015.0,0,191.916,0.05088,1158463457,575397072,0.00851,54552044190.13,27095448120.48
2017-11-01,002714,牧原股份,194.919,193.592,203.172,190.523,11531849,546561122.0,0,196.561,-0.0087,1158463457,575397072,0.00995,54077074172.76,26859535320.96
2017-11-02,002714,牧原股份,193.094,191.767,198.651,187.537,6943632,321665354.0,0,192.119,-0.00943,1158463457,575397072,0.00599,53567350251.68,26606360609.28
2017-11-03,002714,牧原股份,191.725,196.992,197.407,187.993,7488544,349531481.0,0,193.571,0.02725,1158463457,575397072,0.00646,55027014207.5,27331360920.0
2017-11-06,002714,牧原股份,192.555,200.559,200.642,187.868,11273997,526148118.0,0,193.546,0.01811,1158463457,575397072,0.00973,56023292780.52,27826202401.92
2017-11-07,002714,牧原股份,200.227,199.688,203.089,197.448,4885960,235847861.0,0,200.19,-0.00434,1158463457,575397072,0.00422,55780015454.55,27705369016.8
2017-11-08,002714,牧原股份,199.729,194.545,201.222,194.089,6651516,315019430.0,0,196.416,-0.02576,1158463457,575397072,0.00574,54343520767.87,26991876647.52
2017-11-09,002714,牧原股份,194.38,188.864,194.38,186.624,7462321,339182947.0,0,188.503,-0.0292,1158463457,575397072,0.00644,52756425831.78,26203582658.88
2017-11-10,002714,牧原股份,189.901,195.707,198.651,188.698,6925035,324448108.0,0,194.301,0.03623,1158463457,575397072,0.00598,54667890535.83,27152987827.68
2017-11-13,002714,牧原股份,196.08,192.762,199.024,190.025,7382956,344688276.0,0,193.621,-0.01505,1158463457,575397072,0.00637,53845381481.36,26744455906.56
2017-11-14,002714,牧原股份,192.887,200.393,201.679,191.725,8149568,390025883.0,0,198.477,0.03959,1158463457,575397072,0.00703,55976954242.24,27803186519.04
2017-11-15,002714,牧原股份,200.269,194.38,201.471,191.269,6236788,292906267.0,0,194.769,-0.03001,1158463457,575397072,0.00538,54297182229.59,26968860764.64
2017-11-16,002714,牧原股份,194.836,213.83,213.83,194.462,15114248,751738773.0,0,206.27,0.10006,1158463457,575397072,0.01305,59730375842.92,29667473032.32
2017-11-17,002714,牧原股份,215.655,217.314,224.281,213.166,15588542,822838975.0,0,218.91,0.01629,1158463457,575397072,0.01346,60703485146.8,30150806572.8
2017-11-20,002714,牧原股份,216.774,227.267,230.128,211.922,9729155,523776495.0,0,223.269,0.0458,1158463457,575397072,0.0084,63483797443.6,31531759545.6
2017-11-21,002714,牧原股份,228.511,227.225,232.617,223.617,7851455,430632708.0,0,227.466,-0.00018,1158463457,575397072,0.00678,63472212809.03,31526005574.88
2017-11-22,002714,牧原股份,226.811,219.802,230.377,217.231,8412372,450683120.0,0,222.182,-0.03267,1158463457,575397072,0.00726,61398563221.0,30496044816.0
2017-11-23,002714,牧原股份,221.876,211.093,221.876,207.402,6587888,339769627.0,0,213.892,-0.03962,1158463457,575397072,0.00569,58965789961.3,29287710964.8
2017-11-24,002714,牧原股份,211.093,208.314,214.576,205.95,4652138,234649645.0,0,209.181,-0.01316,1158463457,575397072,0.00402,58189619445.11,28902194926.56
2017-11-27,002714,牧原股份,208.314,200.103,213.166,199.066,8049334,398714282.0,0,205.428,-0.03942,1158463457,575397072,0.00695,55895861800.25,27762908724.0
2017-11-28,002714,牧原股份,202.384,213.166,214.991,200.393,7705587,386265847.0,0,207.891,0.06528,1158463457,575397072,0.00665,59545021689.8,29575409500.8
2017-11-29,002714,牧原股份,215.157,214.535,220.631,210.72,6100181,317492678.0,0,215.845,0.00642,1158463457,575397072,0.00527,59927314630.61,29765290534.56
2017-11-30,002714,牧原股份,215.074,194.711,216.401,193.094,11358638,548965396.0,0,200.434,-0.0924,1158463457,575397072,0.0098,54389859306.15,27014892530.4
2017-12-01,002714,牧原股份,193.84,195.209,200.683,191.933,6815919,323751683.0,0,196.988,0.00256,1158463457,575397072,0.00588,54528874920.99,27083940179.04
2017-12-04,002714,牧原股份,195.748,204.996,209.268,195.582,6747648,330239596.0,0,202.968,0.05014,1158463457,575397072,0.00582,57262848679.51,28441877268.96
2017-12-05,002714,牧原股份,205.66,204.043,210.802,201.139,4007936,198774226.0,0,205.681,-0.00465,1158463457,575397072,0.00346,56996402084.4,28309535942.4
2017-12-06,002714,牧原股份,204.043,213.001,216.36,204.043,9527670,485906152.0,0,211.503,0.0439,1158463457,575397072,0.00822,59498683151.52,29552393617.92
2017-12-07,002714,牧原股份,211.59,209.185,211.881,205.784,5340050,268355450.0,0,208.41,-0.01792,1158463457,575397072,0.00461,58432896771.08,29023028311.68
2017-12-08,002714,牧原股份,210.346,220.092,220.714,210.305,10272369,535408437.0,0,216.157,0.05214,1158463457,575397072,0.00887,61479655662.99,30536322611.04
2017-12-11,002714,牧原股份,220.258,223.534,225.484,218.267,7775107,417107876.0,0,222.485,0.01564,1158463457,575397072,0.00671,62441180332.3,31013902180.8
2017-12-12,002714,牧原股份,222.663,220.465,222.663,218.516,5698854,302261206.0,0,219.964,-0.01373,1158463457,575397072,0.00492,61583917374.12,30588108347.52
2017-12-13,002714,牧原股份,219.76,221.046,224.654,218.682,4015614,213344677.0,0,220.337,0.00264,1158463457,575397072,0.00347,61746102258.1,30668663937.6
2017-12-14,002714,牧原股份,220.424,221.461,226.064,218.309,5091846,273694039.0,0,222.916,0.00188,1158463457,575397072,0.0044,61861948603.8,30726203644.8
2017-12-15,002714,牧原股份,221.461,220.673,224.405,217.728,4252433,226664280.0,0,221.054,-0.00356,1158463457,575397072,0.00367,61641840546.97,30616878201.12
2017-12-18,002714,牧原股份,222.083,213.664,222.498,212.669,4897344,254731750.0,0,215.713,-0.03176,1158463457,575397072,0.00423,59684037304.64,29644457149.44
2017-12-19,002714,牧原股份,213.747,216.857,218.06,210.263,4682161,243138381.0,0,215.36,0.01494,1158463457,575397072,0.00404,60576054166.53,30087512894.88
2017-12-20,002714,牧原股份,217.314,227.35,227.433,215.655,7833617,422636003.0,0,223.75,0.04839,1158463457,575397072,0.00676,63506966712.74,31543267487.04
2017-12-21,002714,牧原股份,226.437,227.889,229.258,221.876,5689534,310142152.0,0,226.068,0.00237,1158463457,575397072,0.00491,63657566962.15,31618069106.4
2017-12-22,002714,牧原股份,226.064,226.645,229.258,222.498,4395996,238549884.0,0,225.048,-0.00546,1158463457,575397072,0.00379,63310027925.05,31445449984.8
2017-12-25,002714,牧原股份,227.682,222.373,233.861,222.332,7198057,395155940.0,0,227.673,-0.01885,1158463457,575397072,0.00621,62116810564.34,30852791000.64
2017-12-26,002714,牧原股份,221.17,224.405,225.401,216.069,4197342,223605440.0,0,220.934,0.00914,1158463457,575397072,0.00362,62684457658.27,31134735565.92
2017-12-27,002714,牧原股份,220.963,217.106,224.322,216.069,4951707,261156105.0,0,218.728,-0.03253,1158463457,575397072,0.00427,60645561973.95,30122036719.2
2017-12-28,002714,牧原股份,218.516,220.507,223.12,217.106,3598241,191756137.0,0,221.013,0.01567,1158463457,575397072,0.00311,61595502008.69,30593862318.24
2017-12-29,002714,牧原股份,221.627,219.221,223.908,216.111,3696114,195173195.0,0,218.993,-0.00583,1158463457,575397072,0.00319,61236378337.02,30415489225.92
2018-01-01,002714,牧原股份,219.221,219.221,219.221,219.221,0,0.0,2,,0.0,1158463457,599647556,0.0,61236378337.02,30415489225.92
2018-01-02,002714,牧原股份,219.802,219.512,220.756,214.245,4814233,251978568.0,0,217.065,0.00133,1158463457,599647556,0.00416,61317470779.01,31739345139.08
2018-01-03,002714,牧原股份,216.609,218.392,221.253,216.609,5323613,280479922.0,0,218.5,-0.0051,1158463457,599647556,0.0046,61004685645.62,31577440298.96
2018-01-04,002714,牧原股份,218.392,218.185,218.392,214.825,5324397,277626085.0,0,216.244,-0.00095,1158463457,599647556,0.0046,60946762472.77,31547457921.16
2018-01-05,002714,牧原股份,218.143,223.244,226.645,216.567,6938804,374540147.0,0,223.858,0.02319,1158463457,599647556,0.00599,62360087890.31,32279027939.48
2018-01-08,002714,牧原股份,227.682,245.556,245.556,226.52,14331185,825862262.0,0,238.991,0.09994,1158463457,599647556,0.01237,68592621288.97,35505131790.76
2018-01-09,002714,牧原股份,248.832,247.215,248.832,241.16,10023863,593389754.0,0,245.506,0.00676,1158463457,599647556,0.00865,69056006671.77,35744990813.16
2018-01-10,002714,牧原股份,245.224,246.054,249.537,241.907,6223374,366459497.0,0,244.204,-0.0047,1158463457,599647556,0.00537,68731636903.81,35577089497.48
2018-01-11,002714,牧原股份,245.515,243.358,245.515,240.538,4156685,243626048.0,0,243.072,-0.01096,1158463457,599647556,0.00359,67978635656.76,35187318586.08
2018-01-12,002714,牧原股份,241.824,244.519,248.21,241.782,5356111,316164159.0,0,244.805,0.00477,1158463457,599647556,0.00462,68303005424.72,35355219901.76
2018-01-15,002714,牧原股份,244.685,236.598,247.049,235.271,6296516,363979894.0,0,239.738,-0.03239,1158463457,599647556,0.00544,66090340221.85,34209893069.8
2018-01-16,002714,牧原股份,237.096,255.883,260.196,237.096,9223700,558847691.0,0,251.271,0.08151,1158463457,599647556,0.00796,71477195296.9,36998254205.2
2018-01-17,002714,牧原股份,253.145,254.224,259.366,248.874,6789993,416835644.0,0,254.597,-0.00648,1158463457,599647556,0.00586,71013809914.1,36758395182.8
2018-01-18,002714,牧原股份,254.514,250.284,257.085,248.086,5225604,316887297.0,0,251.491,-0.0155,1158463457,599647556,0.00451,69913269629.95,36188730004.6
2018-01-19,002714,牧原股份,248.998,248.625,253.933,242.114,4428361,264386660.0,0,247.601,-0.00663,1158463457,599647556,0.00382,69449884247.15,35948870982.2
2018-01-22,002714,牧原股份,247.588,255.509,257.873,247.464,3739069,230047799.0,0,255.157,0.02769,1158463457,599647556,0.00323,71372933585.77,36944285925.16
2018-01-23,002714,牧原股份,254.638,258.039,260.776,254.556,4240709,263842395.0,0,258.027,0.0099,1158463457,599647556,0.00366,72079596294.54,37310070934.32
2018-01-24,002714,牧原股份,259.408,255.841,260.362,252.98,2958898,182401028.0,0,255.655,-0.00852,1158463457,599647556,0.00255,71465610662.33,36992257729.64
2018-01-25,002714,牧原股份,255.053,254.224,259.615,253.768,3045981,188084926.0,0,256.086,-0.00632,1158463457,599647556,0.00263,71013809914.1,36758395182.8
2018-01-26,002714,牧原股份,254.597,254.141,254.68,249.123,4367389,264931029.0,0,251.574,-0.00033,1158463457,599647556,0.00377,70990640644.96,36746402231.68
2018-01-29,002714,牧原股份,254.431,250.077,256.422,248.335,2967859,179801100.0,0,251.25,-0.01599,1158463457,599647556,0.00256,69855346457.1,36158747626.8
2018-01-30,002714,牧原股份,248.044,246.8,251.652,245.846,2839358,169877343.0,0,248.123,-0.0131,1158463457,599647556,0.00245,68940160326.07,35685026057.56
2018-01-31,002714,牧原股份,245.432,247.381,248.21,237.51,5845535,340377515.0,0,241.488,0.00235,1158463457,599647556,0.00505,69102345210.05,35768976715.4
2018-02-01,002714,牧原股份,246.634,225.193,246.634,222.663,11374829,630305698.0,0,229.805,-0.08969,1158463457,599647556,0.00982,62904565715.1,32560862290.8
2018-02-02,002714,牧原股份,222.829,229.589,230.17,212.793,6986906,376541648.0,0,223.501,0.01952,1158463457,599647556,0.00603,64132536979.52,33196488700.16
2018-02-05,002714,牧原股份,229.382,221.71,234.442,215.696,9202533,492253523.0,0,221.838,-0.03432,1158463457,599647556,0.00794,61931456411.22,32057158343.76
2018-02-06,002714,牧原股份,213.083,208.522,218.972,208.48,6719749,342585845.0,0,211.433,-0.05948,1158463457,599647556,0.0058,58247542617.96,30150279115.68
2018-02-07,002714,牧原股份,212.544,200.227,215.53,193.177,6427133,316502352.0,0,204.229,-0.03978,1158463457,599647556,0.00555,55930615703.96,28950984003.68
2018-02-08,002714,牧原股份,199.481,208.107,212.337,197.531,4530487,225171619.0,0,206.12,0.03936,1158463457,599647556,0.00391,58131696272.26,30090314360.08
2018-02-09,002714,牧原股份,200.31,202.384,206.863,191.518,3689720,179861268.0,0,202.164,-0.0275,1158463457,599647556,0.00319,56533016701.6,29262800732.8
2018-02-12,002714,牧原股份,207.36,211.508,213.788,201.554,5832612,292453469.0,0,207.945,0.04508,1158463457,599647556,0.00503,59081636307.0,30582025356.0
2018-02-13,002714,牧原股份,211.549,210.346,216.069,207.568,4085628,208496099.0,0,211.64,-0.00549,1158463457,599647556,0.00353,58757266539.04,30414124040.32
2018-02-14,002714,牧原股份,208.19,212.752,215.613,207.402,2375911,120753759.0,0,210.778,0.01144,1158463457,599647556,0.00205,59429175344.1,30761919622.8
2018-02-15,002714,牧原股份,212.752,212.752,212.752,212.752,0,0.0,2,,0.0,1158463457,599647556,0.0,59429175344.1,30761919622.8
2018-02-16,002714,牧原股份,212.752,212.752,212.752,212.752,0,0.0,2,,0.0,1158463457,599647556,0.0,59429175344.1,30761919622.8
2018-02-19,002714,牧原股份,212.752,212.752,212.752,212.752,0,0.0,2,,0.0,1158463457,599647556,0.0,59429175344.1,30761919622.8
2018-02-20,002714,牧原股份,212.752,212.752,212.752,212.752,0,0.0,2,,0.0,1158463457,599647556,0.0,59429175344.1,30761919622.8
2018-02-21,002714,牧原股份,212.752,212.752,212.752,212.752,0,0.0,2,,0.0,1158463457,599647556,0.0,59429175344.1,30761919622.8
2018-02-22,002714,牧原股份,215.655,216.982,222.207,213.498,3269986,172042350.0,0,218.197,0.01988,1158463457,599647556,0.00282,60610808070.24,31373560129.92
2018-02-23,002714,牧原股份,216.733,219.387,222.207,214.245,4183672,220275251.0,0,218.355,0.01108,1158463457,599647556,0.00361,61282716875.3,31721355712.4
2018-02-26,002714,牧原股份,218.516,209.144,218.516,203.628,12009667,602413119.0,0,208.028,-0.04669,1158463457,599647556,0.01037,58421312136.51,30240226249.08
2018-02-27,002714,牧原股份,207.36,200.103,207.36,197.531,9006216,435958814.0,0,200.75,-0.04323,1158463457,599647556,0.00777,55895861800.25,28932994577.0
2018-02-28,002714,牧原股份,200.103,202.052,207.36,196.578,3749105,182564391.0,0,201.948,0.00974,1158463457,599647556,0.00324,56440339625.04,29214828928.32
2018-03-01,002714,牧原股份,200.227,202.135,203.089,197.448,3168267,153575827.0,0,201.028,0.00041,1158463457,599647556,0.00273,56463508894.18,29226821879.44
2018-03-02,002714,牧原股份,200.31,201.679,202.964,199.895,2668621,129890094.0,0,201.857,-0.00226,1158463457,599647556,0.0023,56336077913.91,29160860648.28
2018-03-05,002714,牧原股份,201.139,194.877,201.139,194.089,4843968,229976500.0,0,196.897,-0.03373,1158463457,599647556,0.00418,54436197844.43,28177438656.44
2018-03-06,002714,牧原股份,193.26,191.311,196.785,175.427,9809247,447917935.0,0,189.374,-0.0183,1158463457,599647556,0.00847,53439919271.41,27661741758.28
2018-03-07,002714,牧原股份,191.103,198.154,198.527,190.771,8612818,406200947.0,0,195.591,0.03577,1158463457,599647556,0.00743,55351383975.46,28651160225.68
2018-03-08,002714,牧原股份,198.154,198.071,200.849,195.25,4532611,215724965.0,0,197.382,-0.00042,1158463457,599647556,0.00391,55328214706.32,28639167274.56
2018-03-09,002714,牧原股份,198.776,205.826,206.448,197.283,6700088,326800739.0,0,202.284,0.03915,1158463457,599647556,0.00578,57494541370.91,29760508204.28
2018-03-12,002714,牧原股份,207.153,206.738,208.936,203.628,5423136,269549807.0,0,206.133,0.00443,1158463457,599647556,0.00468,57749403331.45,29892430666.6
2018-03-13,002714,牧原股份,205.536,208.853,212.544,203.669,5802099,293372053.0,0,209.695,0.01023,1158463457,599647556,0.00501,58340219694.52,30198250920.16
2018-03-14,002714,牧原股份,208.397,203.296,208.397,202.632,3708530,183709266.0,0,205.44,-0.02661,1158463457,599647556,0.0032,56787878662.14,29394723195.12
2018-03-15,002714,牧原股份,201.845,203.006,206.448,201.139,3613408,177570197.0,0,203.802,-0.00143,1158463457,599647556,0.00312,56706786220.15,29352747866.2
2018-03-16,002714,牧原股份,201.513,206.199,210.139,201.513,4126705,206816775.0,0,207.846,0.01573,1158463457,599647556,0.00356,57598803082.04,29814476484.32
2018-03-19,002714,牧原股份,208.978,196.37,208.978,195.955,5916129,284206922.0,0,199.228,-0.04767,1158463457,599647556,0.00511,54853244688.95,28393311776.6
2018-03-20,002714,牧原股份,192.223,197.988,203.13,192.223,3256553,154786238.0,0,197.121,0.00824,1158463457,599647556,0.00281,55305045437.18,28627174323.44
2018-03-21,002714,牧原股份,197.739,198.651,202.301,196.826,3044698,147393013.0,0,200.766,0.00335,1158463457,599647556,0.00263,55490399590.3,28723117932.4
2018-03-22,002714,牧原股份,199.066,193.675,201.015,193.633,3194480,150976434.0,0,196.005,-0.02505,1158463457,599647556,0.00276,54100243441.9,28003540865.2
2018-03-23,002714,牧原股份,192.679,194.877,204.374,189.984,9423983,451957320.0,0,198.892,0.00621,1158463457,599647556,0.00813,54436197844.43,28177438656.44
2018-03-26,002714,牧原股份,195.333,194.794,196.495,175.966,7205226,331307596.0,0,190.697,-0.00043,1158463457,599647556,0.00622,54413028575.29,28165445705.32
2018-03-27,002714,牧原股份,195.707,194.587,197.2,191.186,4936283,230687104.0,0,193.811,-0.00106,1158463457,599647556,0.00426,54355105402.44,28135463327.52
2018-03-28,002714,牧原股份,194.297,188.076,194.462,185.173,5327797,242510844.0,0,188.773,-0.03346,1158463457,599647556,0.0046,52536317774.95,27194016664.6
2018-03-29,002714,牧原股份,187.951,188.615,196.329,182.975,3867471,175096844.0,0,187.761,0.00287,1158463457,599647556,0.00334,52686918024.36,27271970846.88
2018-03-30,002714,牧原股份,188.532,187.785,190.564,186.832,2806834,127541107.0,0,188.445,-0.0044,1158463457,599647556,0.00242,52455225332.96,27152041335.68
2018-04-02,002714,牧原股份,191.933,195.831,197.324,189.693,6489656,303282883.0,0,193.811,0.04285,1158463457,599647556,0.0056,54702644439.54,28315357594.32
2018-04-03,002714,牧原股份,197.905,204.25,211.051,197.739,10041213,497250722.0,0,205.374,0.04299,1158463457,599647556,0.00867,57054325257.25,29532642133.0
2018-04-04,002714,牧原股份,207.568,206.158,208.107,201.181,6151314,304495817.0,0,205.291,0.00934,1158463457,599647556,0.00531,57587218447.47,29808480008.76
2018-04-05,002714,牧原股份,206.158,206.158,206.158,206.158,0,0.0,2,,0.0,1158463457,599647556,0.0,57587218447.47,29808480008.76
2018-04-06,002714,牧原股份,206.158,206.158,206.158,206.158,0,0.0,2,,0.0,1158463457,599647556,0.0,57587218447.47,29808480008.76
2018-04-09,002714,牧原股份,206.158,199.066,207.36,196.163,5619729,269955426.0,0,199.219,-0.0344,1158463457,599647556,0.00485,55606245936.0,28783082688.0
2018-04-10,002714,牧原股份,198.983,194.919,198.983,190.771,3146421,147254711.0,0,194.093,-0.02083,1158463457,599647556,0.00272,54447782479.0,28183435132.0
2018-04-11,002714,牧原股份,195.168,212.586,214.286,195.126,9908603,491632703.0,0,205.772,0.09064,1158463457,599647556,0.00855,59382836805.82,30737933720.56
2018-04-12,002714,牧原股份,210.885,212.254,215.447,206.738,7711312,393680315.0,0,211.723,-0.00156,1158463457,599647556,0.00666,59290159729.26,30689961916.08
2018-04-13,002714,牧原股份,211.134,213.083,213.747,208.563,4167744,213136396.0,0,212.088,0.00391,1158463457,599647556,0.0036,59521852420.66,30809891427.28
2018-04-16,002714,牧原股份,211.508,211.59,213.788,207.775,2789747,141377122.0,0,210.168,-0.00701,1158463457,599647556,0.00241,59104805576.14,30594018307.12
2018-04-17,002714,牧原股份,211.093,209.434,213.166,209.185,2106921,106934308.0,0,210.487,-0.01019,1158463457,599647556,0.00182,58502404578.5,30282201578.0
2018-04-18,002714,牧原股份,212.13,208.729,212.13,201.637,2351394,116989381.0,0,206.336,-0.00337,1158463457,599647556,0.00203,58305465790.81,30180261493.48
2018-04-19,002714,牧原股份,211.01,205.826,212.088,204.872,2565437,128493693.0,0,207.717,-0.01391,1158463457,599647556,0.00221,57494541370.91,29760508204.28
2018-04-20,002714,牧原股份,205.287,203.213,207.775,202.84,2158702,106469352.0,0,204.544,-0.0127,1158463457,599647556,0.00186,56764709393.0,29382730244.0
2018-04-23,002714,牧原股份,203.13,196.702,205.245,193.965,2906902,138389122.0,0,197.436,-0.03204,1158463457,599647556,0.00251,54945921765.51,28441283581.08
2018-04-24,002714,牧原股份,196.038,199.812,199.937,195.831,2584206,123084990.0,0,197.531,0.01581,1158463457,599647556,0.00223,55814769358.26,28891019248.08
2018-04-25,002714,牧原股份,199.066,198.361,200.559,196.992,1604274,76986275.0,0,199.016,-0.00726,1158463457,599647556,0.00138,55409307148.31,28681142603.48
2018-04-26,002714,牧原股份,195.043,194.96,199.066,194.628,1730011,81725367.0,0,195.914,-0.01715,1158463457,599647556,0.00149,54459367113.57,28189431607.56
2018-04-27,002714,牧原股份,195.292,198.071,201.845,193.218,3025560,144800641.0,0,198.481,0.01596,1158463457,599647556,0.00261,55328214706.32,28639167274.56
2018-04-30,002714,牧原股份,198.071,198.071,198.071,198.071,0,0.0,2,,0.0,1158463457,599647556,0.0,55328214706.32,28639167274.56
2018-05-01,002714,牧原股份,198.071,198.071,198.071,198.071,0,0.0,2,,0.0,1158463457,599647556,0.0,55328214706.32,28639167274.56
2018-05-02,002714,牧原股份,197.573,197.283,201.762,191.808,1945031,92327299.0,0,196.86,-0.00398,1158463457,599647556,0.00168,55108106649.49,28525234238.92
2018-05-03,002714,牧原股份,195.748,198.236,198.9,195.292,1115845,53059576.0,0,197.204,0.00483,1158463457,599647556,0.00096,55374553244.6,28663153176.8
2018-05-04,002714,牧原股份,199.066,204.623,206.448,198.195,2931590,143784016.0,0,203.404,0.03222,1158463457,599647556,0.00253,57158586968.38,29586610413.04
2018-05-07,002714,牧原股份,202.342,204.913,206.489,202.342,2262965,112004195.0,0,205.262,0.00142,1158463457,599647556,0.00195,57239679410.37,29628585741.96
2018-05-08,002714,牧原股份,204.872,205.909,209.185,203.462,2225426,111031683.0,0,206.912,0.00486,1158463457,599647556,0.00192,57517710640.05,29772501155.4
2018-05-09,002714,牧原股份,205.909,207.526,211.383,204.872,2695542,136058130.0,0,209.33,0.00785,1158463457,599647556,0.00233,57969511388.28,30006363702.24
2018-05-10,002714,牧原股份,205.701,205.66,211.01,202.798,2671441,133424705.0,0,207.132,-0.00899,1158463457,599647556,0.00231,57448202832.63,29736522302.04
2018-05-11,002714,牧原股份,207.568,209.434,210.844,207.568,3310265,167252938.0,0,209.542,0.01835,1158463457,599647556,0.00286,58502404578.5,30282201578.0
2018-05-14,002714,牧原股份,210.678,214.784,217.687,207.899,5513405,285140585.0,0,214.485,0.02555,1158463457,599647556,0.00476,59996822438.03,31055746925.24
2018-05-15,002714,牧原股份,216.401,215.364,217.479,211.922,4258122,220453812.0,0,214.713,0.0027,1158463457,599647556,0.00368,60159007322.01,31139697583.08
2018-05-16,002714,牧原股份,215.364,216.152,218.019,211.632,3973996,206515698.0,0,215.518,0.00366,1158463457,599647556,0.00343,60379115378.84,31253630618.72
2018-05-17,002714,牧原股份,216.401,217.231,221.461,215.033,3890620,205331994.0,0,218.873,0.00499,1158463457,599647556,0.00336,60680315877.66,31409538983.28
2018-05-18,002714,牧原股份,218.019,222.207,222.912,216.318,4526711,240629941.0,0,220.457,0.02291,1158463457,599647556,0.00391,62070472026.06,32129116050.48
2018-05-21,002714,牧原股份,220.009,210.097,220.009,208.604,10607814,546309867.0,0,213.585,-0.0545,1158463457,599647556,0.00916,58687758731.62,30378145186.96
2018-05-22,002714,牧原股份,210.678,221.627,223.12,210.097,6103098,317852872.0,0,215.991,0.05488,1158463457,599647556,0.00527,61908287142.08,32045165392.64
2018-05-23,002714,牧原股份,222.912,218.972,226.686,218.267,5732387,307374726.0,0,222.377,-0.01198,1158463457,599647556,0.00495,61166870529.6,31661390956.8
2018-05-24,002714,牧原股份,218.226,224.281,228.884,218.226,4441209,241146374.0,0,225.181,0.02425,1158463457,599647556,0.00383,62649703754.56,32428939828.48
2018-05-25,002714,牧原股份,226.023,229.133,232.949,224.779,3814354,211570462.0,0,230.033,0.02163,1158463457,599647556,0.00329,64005105999.25,33130527469.0
2018-05-28,002714,牧原股份,232.036,225.898,235.354,221.17,3871493,212090697.0,0,227.196,-0.01412,1158463457,599647556,0.00334,63101504502.79,32662802375.32
2018-05-29,002714,牧原股份,225.027,217.604,225.027,215.779,5694167,300541871.0,0,218.894,-0.03672,1158463457,599647556,0.00492,60784577588.79,31463507263.32
2018-05-30,002714,牧原股份,216.899,217.479,220.631,212.461,3243139,169437851.0,0,216.671,-0.00057,1158463457,599647556,0.0028,60749823685.08,31445517836.64
2018-05-31,002714,牧原股份,217.355,218.558,222.663,214.203,3874943,203723607.0,0,218.039,0.00496,1158463457,599647556,0.00334,61051024183.9,31601426201.2
2018-06-01,002714,牧原股份,218.724,214.867,221.834,212.171,2379448,123460947.0,0,215.182,-0.01689,1158463457,599647556,0.00205,60019991707.17,31067739876.36
2018-06-04,002714,牧原股份,214.867,211.093,216.028,205.37,3464733,174673711.0,0,209.081,-0.01756,1158463457,599647556,0.00299,58965789961.3,30522060600.4
2018-06-05,002714,牧原股份,209.641,214.784,215.157,209.641,2113630,108760999.0,0,213.403,0.01749,1158463457,599647556,0.00182,59996822438.03,31055746925.24
2018-06-06,002714,牧原股份,214.411,216.733,218.682,210.471,2463449,128141325.0,0,215.725,0.00907,1158463457,599647556,0.00213,60541300262.82,31337581276.56
2018-06-07,002714,牧原股份,215.655,214.411,215.655,211.715,2178422,111944484.0,0,213.117,-0.01071,1158463457,599647556,0.00188,59892560726.9,31001778645.2
2018-06-08,002714,牧原股份,215.364,209.641,215.364,207.194,2631454,133331818.0,0,210.131,-0.02225,1158463457,599647556,0.00227,58560327751.35,30312183955.8
2018-06-11,002714,牧原股份,209.351,208.273,209.641,205.37,2008140,100421182.0,0,207.389,-0.00653,1158463457,599647556,0.00173,58178034810.54,30114300262.32
2018-06-12,002714,牧原股份,207.982,208.729,209.641,206.116,1374311,68832332.0,0,207.713,0.00219,1158463457,599647556,0.00119,58305465790.81,30180261493.48
2018-06-13,002714,牧原股份,207.609,209.268,213.913,207.568,1919362,97880205.0,0,211.491,0.00258,1158463457,599647556,0.00166,58456066040.22,30258215675.76
2018-06-14,002714,牧原股份,208.148,206.116,209.849,205.743,1554719,77644852.0,0,207.116,-0.01506,1158463457,599647556,0.00134,57575633812.9,29802483533.2
2018-06-15,002714,牧原股份,206.531,202.425,208.853,198.195,3285492,159538685.0,0,201.384,-0.01791,1158463457,599647556,0.00284,56544601336.17,29268797208.36
2018-06-18,002714,牧原股份,202.425,202.425,202.425,202.425,0,0.0,2,,0.0,1158463457,599647556,0.0,56544601336.17,29268797208.36
2018-06-19,002714,牧原股份,202.425,194.67,207.194,191.062,3469049,163798834.0,0,195.819,-0.03831,1158463457,599647556,0.00299,54378274671.58,28147456278.64
2018-06-20,002714,牧原股份,192.845,194.504,195.665,191.311,1973329,92126609.0,0,193.616,-0.00085,1158463457,599647556,0.0017,54331936133.3,28123470376.4
2018-06-21,002714,牧原股份,195.333,186.915,195.748,186.749,3422388,156189395.0,0,189.27,-0.03902,1158463457,599647556,0.00295,52211948006.99,27026115348.92
2018-06-22,002714,牧原股份,186.873,187.122,187.703,177.749,2794596,124017940.0,0,184.045,0.00111,1158463457,599647556,0.00241,52269871179.84,27056097726.72
2018-06-25,002714,牧原股份,187.578,181.316,187.868,181.067,2658718,117796183.0,0,183.746,-0.03103,1158463457,599647556,0.0023,50648022340.04,26216591148.32
2018-06-26,002714,牧原股份,178.33,176.173,180.403,174.514,2977718,126729766.0,0,176.501,-0.02836,1158463457,599647556,0.00257,49211527653.36,25473028178.88
2018-06-27,002714,牧原股份,178.745,181.233,191.186,178.745,5210367,231511505.0,0,184.273,0.02872,1158463457,596851613,0.0045,50624853070.9,26082415488.1
2018-06-28,002714,牧原股份,181.565,179.947,187.827,177.086,3209901,141836029.0,0,183.253,-0.0071,1158463457,596851613,0.00277,50265729399.23,25897391488.07
2018-06-29,002714,牧原股份,179.947,184.385,184.551,178.413,3606942,157967491.0,0,181.627,0.02466,1158463457,596851613,0.00311,51505285298.22,26536022713.98
2018-07-02,002714,牧原股份,184.551,183.431,186.541,182.104,2964715,131691812.0,0,184.219,-0.00517,1158463457,596851613,0.00256,51238838703.11,26398746842.99
2018-07-03,002714,牧原股份,181.923,177.221,183.515,171.382,5481851,127826508.0,0,176.827,-0.0339,2085234222,1074332903,0.00263,48731923768.14,25107159943.11
2018-07-04,002714,牧原股份,177.221,169.865,179.723,167.742,5386252,122187019.0,0,172.026,-0.04151,2085234222,1074332903,0.00258,46709246572.8,24065057027.2
2018-07-05,002714,牧原股份,171.154,164.254,175.098,162.585,5190940,115161240.0,0,168.235,-0.03303,2085234222,1074332903,0.00249,45166173248.52,23270050678.98
2018-07-06,002714,牧原股份,166.604,166.225,168.349,162.054,4596137,100318545.0,0,165.52,0.012,2085234222,1074332903,0.0022,45708334146.24,23549377233.76
2018-07-09,002714,牧原股份,174.036,179.951,181.771,170.699,8083974,188688050.0,0,177.001,0.08257,2085234222,1074332903,0.00388,49482608088.06,25493919788.19
2018-07-10,002714,牧原股份,176.69,186.321,188.52,176.69,8074946,196666544.0,0,184.691,0.0354,2085234222,1074332903,0.00387,51234204834.54,26396359426.71
2018-07-11,002714,牧原股份,181.998,193.373,197.544,178.965,13280445,335251461.0,0,191.432,0.03785,2085234222,1074332903,0.00637,53173472661.0,27395489026.5
2018-07-12,002714,牧原股份,193.373,192.236,196.407,189.733,9093575,230790165.0,0,192.456,-0.00588,2085234222,1074332903,0.00436,52860687527.7,27234339091.05
2018-07-13,002714,牧原股份,189.809,195.269,197.165,189.809,7242413,185823481.0,0,194.572,0.01578,2085234222,1074332903,0.00347,53694781216.5,27664072252.25
2018-07-16,002714,牧原股份,194.966,202.018,202.322,193.904,7544722,197898252.0,0,198.909,0.03456,2085234222,1074332903,0.00362,55550639674.08,28620228535.92
2018-07-17,002714,牧原股份,201.487,204.445,206.113,198.682,6199588,165972167.0,0,203.012,0.01201,2085234222,1074332903,0.00297,56217914625.12,28964015064.88
2018-07-18,002714,牧原股份,203.99,201.867,205.886,201.715,3846526,103230116.0,0,203.512,-0.01261,2085234222,1074332903,0.00184,55508934989.64,28598741877.86
2018-07-19,002714,牧原股份,201.715,203.535,204.748,195.573,4692817,125108202.0,0,202.17,0.00826,2085234222,1074332903,0.00225,55967686518.48,28835095116.52
2018-07-20,002714,牧原股份,203.535,199.819,205.507,198.303,4397961,116981573.0,0,201.707,-0.01826,2085234222,1074332903,0.00211,54945921749.7,28308671994.05
2018-07-23,002714,牧原股份,202.094,212.559,213.697,202.094,8365797,230281440.0,0,208.745,0.06376,2085234222,1074332903,0.00401,58449115242.66,30113551271.09
2018-07-24,002714,牧原股份,212.559,210.057,213.014,207.933,6290948,174580243.0,0,210.443,-0.01177,2085234222,1074332903,0.00302,57760987949.4,29759021413.1
2018-07-25,002714,牧原股份,208.54,206.796,209.677,204.369,4327966,118101519.0,0,206.932,-0.01552,2085234222,1074332903,0.00208,56864337233.94,29297058264.81
2018-07-26,002714,牧原股份,207.63,207.251,209.298,204.748,3610843,98594004.0,0,207.061,0.0022,2085234222,1074332903,0.00173,56989451287.26,29361518238.99
2018-07-27,002714,牧原股份,205.507,199.061,206.72,198.682,5426958,143459656.0,0,200.464,-0.03952,2085234222,1074332903,0.0026,54737398327.5,28201238703.75
2018-07-30,002714,牧原股份,200.957,198.682,203.99,197.62,4365395,115789822.0,0,201.139,-0.0019,2085234222,1074332903,0.00209,54633136616.4,28147522058.6
2018-07-31,002714,牧原股份,200.957,202.625,204.597,200.198,3546759,94922313.0,0,202.951,0.01985,2085234222,1074332903,0.0017,55717458411.84,28706175168.16
2018-08-01,002714,牧原股份,202.701,196.483,204.748,196.028,5533768,144746110.0,0,198.356,-0.03031,2085234222,1074332903,0.00265,54028418692.02,27835965516.73
2018-08-02,002714,牧原股份,197.544,196.483,199.819,191.705,5177425,133689313.0,0,195.815,0.0,2085234222,1074332903,0.00248,54028418692.02,27835965516.73
2018-08-03,002714,牧原股份,198.682,206.189,212.332,198.682,15714043,430231824.0,0,207.622,0.0494,2085234222,1074332903,0.00754,56697518496.18,29211111632.57
2018-08-06,002714,牧原股份,203.99,188.141,204.748,186.397,12714177,321824104.0,0,191.948,-0.08753,2085234222,1074332903,0.0061,51734661047.82,26654199323.43
2018-08-07,002714,牧原股份,185.714,188.293,191.629,178.207,8367488,203215379.0,0,184.167,0.00081,2085234222,1074332903,0.00401,51776365732.26,26675685981.49
2018-08-08,002714,牧原股份,186.928,182.302,187.686,182.074,4284101,104043440.0,0,184.167,-0.03182,2085234222,1074332903,0.00205,50129030696.88,25826962988.12
2018-08-09,002714,牧原股份,181.998,184.88,187.762,179.269,3860494,94395652.0,0,185.426,0.01414,2085234222,1074332903,0.00185,50838010332.36,26192236175.14
2018-08-10,002714,牧原股份,184.88,191.098,194.663,184.804,6392887,161011940.0,0,190.992,0.03363,2085234222,1074332903,0.00307,52547902394.4,27073189155.6
2018-08-13,002714,牧原股份,188.672,191.933,195.193,186.473,4341033,109756554.0,0,191.735,0.00437,2085234222,1074332903,0.00208,52777278158.82,27191365774.93
2018-08-14,002714,牧原股份,192.615,192.084,193.373,188.293,3075322,77582868.0,0,191.311,0.00079,2085234222,1074332903,0.00147,52818982843.26,27212852432.99
2018-08-15,002714,牧原股份,191.098,190.188,193.449,189.051,3849376,97120986.0,0,191.326,-0.00987,2085234222,1074332903,0.00185,52297674287.76,26944269207.24
2018-08-16,002714,牧原股份,187.913,179.344,188.52,178.055,8840170,213279011.0,0,182.954,-0.05702,2085234222,1074332903,0.00424,49315789350.3,25407973155.95
2018-08-17,002714,牧原股份,173.657,169.941,183.439,167.742,11008690,250416441.0,0,172.497,-0.05243,2085234222,1074332903,0.00528,46730098915.02,24075800356.23
2018-08-20,002714,牧原股份,168.349,160.841,168.349,154.699,10664922,224044202.0,0,159.309,-0.05355,2085234222,1074332903,0.00511,44227817848.62,22786600872.63
2018-08-21,002714,牧原股份,162.282,167.894,168.5,162.282,5081653,111301480.0,0,166.096,0.04385,2085234222,1074332903,0.00244,46167085675.08,23785730472.42
2018-08-22,002714,牧原股份,168.804,168.576,172.747,165.77,3652570,81394369.0,0,168.986,0.00406,2085234222,1074332903,0.00175,46354756755.06,23882420433.69
2018-08-23,002714,牧原股份,171.23,170.244,173.657,167.135,5065942,114166157.0,0,170.897,0.00989,2085234222,1074332903,0.00243,46813508283.9,24118773672.35
2018-08-24,002714,牧原股份,169.486,171.23,172.444,161.524,3388363,75483819.0,0,168.933,0.00579,2085234222,1074332903,0.00162,47084588732.76,24258436949.74
2018-08-27,002714,牧原股份,172.14,174.415,178.131,167.363,5516643,125309247.0,0,172.254,0.0186,2085234222,1074332903,0.00265,47960387106.0,24709656769.0
2018-08-28,002714,牧原股份,174.794,174.112,175.932,172.974,3238381,74303058.0,0,173.998,-0.00174,2085234222,1074332903,0.00155,47876977737.12,24666683452.88
2018-08-29,002714,牧原股份,174.036,174.794,176.387,173.278,2368785,54639401.0,0,174.916,0.00392,2085234222,1074332903,0.00114,48064648817.1,24763373414.15
2018-08-30,002714,牧原股份,172.899,172.899,175.477,172.747,2363570,54146674.0,0,173.725,-0.01084,2085234222,1074332903,0.00113,47543340261.6,24494790188.4
2018-08-31,002714,牧原股份,171.382,174.112,174.339,170.775,2678989,61166583.0,0,173.141,0.00702,2085234222,1074332903,0.00128,47876977737.12,24666683452.88
2018-09-03,002714,牧原股份,174.112,173.505,174.339,169.259,2169083,49041691.0,0,171.45,-0.00349,2085234222,1074332903,0.00104,47710158999.36,24580736820.64
2018-09-04,002714,牧原股份,173.429,171.382,173.429,168.5,3313703,74527230.0,0,170.555,-0.01224,2085234222,1074332903,0.00159,47126293417.2,24279923607.8
2018-09-05,002714,牧原股份,171.382,166.756,171.382,166.149,2939521,65150925.0,0,168.076,-0.02699,2085234222,1074332903,0.00141,45854300541.78,23624580536.97
2018-09-06,002714,牧原股份,168.349,171.458,172.444,166.908,4025643,90607530.0,0,170.684,0.0282,2085234222,1074332903,0.00193,47147145759.42,24290666936.83
2018-09-07,002714,牧原股份,171.382,173.657,176.084,171.306,4271844,98152006.0,0,174.233,0.01283,2085234222,1074332903,0.00205,47751863683.8,24602223478.7
2018-09-10,002714,牧原股份,174.87,177.828,178.586,172.519,5532725,128723339.0,0,176.432,0.02402,2085234222,1074332903,0.00265,48898742505.9,25193106575.35
2018-09-11,002714,牧原股份,177.752,177.828,177.904,173.278,3983479,92223771.0,0,175.568,0.0,2085234222,1074332903,0.00191,48898742505.9,25193106575.35
2018-09-12,002714,牧原股份,176.539,174.415,177.297,173.581,3453524,79912585.0,0,175.469,-0.01919,2085234222,1074332903,0.00166,47960387106.0,24709656769.0
2018-09-13,002714,牧原股份,174.946,173.429,175.932,172.14,1720560,39411922.0,0,173.702,-0.00565,2085234222,1074332903,0.00083,47689306657.14,24569993491.61
2018-09-14,002714,牧原股份,173.202,173.96,174.946,172.216,3335457,76300784.0,0,173.475,0.00306,2085234222,1074332903,0.0016,47835273052.68,24645196794.82
2018-09-17,002714,牧原股份,166.756,162.13,169.638,160.614,6038597,130944679.0,0,164.443,-0.068,2085234222,1074332903,0.0029,44582307666.36,22969237466.14
2018-09-18,002714,牧原股份,160.614,165.467,166.529,160.614,3904771,84575325.0,0,164.246,0.02058,2085234222,1074332903,0.00187,45499810724.04,23441943943.46
2018-09-19,002714,牧原股份,165.543,170.093,172.292,165.315,5360951,119699112.0,0,169.319,0.02796,2085234222,1074332903,0.00257,46771803599.46,24097287014.29
2018-09-20,002714,牧原股份,170.624,171.154,176.008,170.169,3958886,90197054.0,0,172.77,0.00624,2085234222,1074332903,0.0019,47063736390.54,24247693620.71
2018-09-21,002714,牧原股份,172.823,172.747,174.339,169.107,4329350,98511811.0,0,172.55,0.00931,2085234222,1074332903,0.00208,47501635577.16,24473303530.34
2018-09-24,002714,牧原股份,172.747,172.747,172.747,172.747,0,0.0,2,,0.0,2085234222,1074332903,0.0,47501635577.16,24473303530.34
2018-09-25,002714,牧原股份,172.595,178.283,181.619,170.32,7661403,179903785.0,0,178.07,0.03205,2085234222,1074332903,0.00367,49023856559.22,25257566549.53
2018-09-26,002714,牧原股份,178.814,188.823,191.098,178.814,10383761,253781315.0,0,185.335,0.05912,2085234222,1074332903,0.00498,51922332127.8,26750889284.7
2018-09-27,002714,牧原股份,188.293,188.596,192.312,184.273,6617691,164264635.0,0,188.232,-0.0012,2085234222,1074332903,0.00317,51859775101.14,26718659297.61
2018-09-28,002714,牧原股份,188.065,188.823,190.795,185.714,5368829,133457695.0,0,188.505,0.0012,2085234222,1074332903,0.00257,51922332127.8,26750889284.7
2018-10-01,002714,牧原股份,188.823,188.823,188.823,188.823,0,0.0,2,,0.0,2085234222,1074332903,0.0,51922332127.8,26750889284.7
2018-10-02,002714,牧原股份,188.823,188.823,188.823,188.823,0,0.0,2,,0.0,2085234222,1074332903,0.0,51922332127.8,26750889284.7
2018-10-03,002714,牧原股份,188.823,188.823,188.823,188.823,0,0.0,2,,0.0,2085234222,1074332903,0.0,51922332127.8,26750889284.7
2018-10-04,002714,牧原股份,188.823,188.823,188.823,188.823,0,0.0,2,,0.0,2085234222,1074332903,0.0,51922332127.8,26750889284.7
2018-10-05,002714,牧原股份,188.823,188.823,188.823,188.823,0,0.0,2,,0.0,2085234222,1074332903,0.0,51922332127.8,26750889284.7
2018-10-08,002714,牧原股份,188.823,189.885,193.449,185.866,6692708,167656040.0,0,189.968,0.00562,2085234222,1074332903,0.00321,52214264918.88,26901295891.12
2018-10-09,002714,牧原股份,186.776,190.188,191.174,186.7,5275537,131132132.0,0,188.497,0.0016,2085234222,1074332903,0.00253,52297674287.76,26944269207.24
2018-10-10,002714,牧原股份,190.416,192.918,194.89,189.733,5023103,127376054.0,0,192.297,0.01435,2085234222,1074332903,0.00241,53048358607.68,27331029052.32
2018-10-11,002714,牧原股份,188.823,186.093,192.843,185.79,5185414,128754386.0,0,188.293,-0.03538,2085234222,1074332903,0.00249,51171647807.88,26364129439.62
2018-10-12,002714,牧原股份,185.79,193.373,193.98,183.97,6702358,168512840.0,0,190.659,0.03912,2085234222,1074332903,0.00321,53173472661.0,27395489026.5
2018-10-15,002714,牧原股份,193.07,190.719,194.132,188.065,3426459,86306639.0,0,191.007,-0.01372,2085234222,1074332903,0.00164,52443640683.3,27019472510.45
2018-10-16,002714,牧原股份,190.719,186.548,192.16,184.728,3751059,92412758.0,0,186.821,-0.02187,2085234222,1074332903,0.0018,51296761861.2,26428589413.8
2018-10-17,002714,牧原股份,185.411,188.899,190.719,185.411,2499680,62176530.0,0,188.626,0.0126,2085234222,1074332903,0.0012,51943184470.02,26761632613.73
2018-10-18,002714,牧原股份,187.383,182.681,188.975,182.074,2923779,71410437.0,0,185.214,-0.03292,2085234222,1074332903,0.0014,50233292407.98,25880679633.27
2018-10-19,002714,牧原股份,181.24,181.998,185.563,173.657,7380464,175207430.0,0,180.019,-0.00374,2085234222,1074332903,0.00354,50045621328.0,25783989672.0
2018-10-22,002714,牧原股份,183.515,184.046,189.582,183.136,7025656,172600552.0,0,186.298,0.01125,2085234222,1074332903,0.00337,50608634567.94,26074059555.81
2018-10-23,002714,牧原股份,183.515,175.704,187.003,175.174,10090463,239296690.0,0,179.837,-0.04533,2085234222,1074332903,0.00484,48314876923.74,24892293362.51
2018-10-24,002714,牧原股份,177.069,180.406,182.757,175.856,8295216,197499082.0,0,180.55,0.02676,2085234222,1074332903,0.00398,49607722141.38,25558379762.37
2018-10-25,002714,牧原股份,177.221,180.482,181.923,176.008,3925062,92717220.0,0,179.132,0.00042,2085234222,1074332903,0.00188,49628574483.6,25569123091.4
2018-10-26,002714,牧原股份,180.861,177.6,181.847,176.994,3550515,83629251.0,0,178.616,-0.01597,2085234222,1074332903,0.0017,48836185479.24,25160876588.26
2018-10-29,002714,牧原股份,175.856,171.382,178.51,171.079,4203725,95699184.0,0,172.633,-0.03501,2085234222,1074332903,0.00202,47126293417.2,24279923607.8
2018-10-30,002714,牧原股份,170.851,171.534,174.188,166.149,3848602,86154452.0,0,169.759,0.00089,2085234222,1074332903,0.00185,47167998101.64,24301410265.86
2018-10-31,002714,牧原股份,171.685,173.657,175.325,169.183,3694846,84166802.0,0,172.747,0.01238,2085234222,1074332903,0.00177,47751863683.8,24602223478.7
2018-11-01,002714,牧原股份,176.311,169.865,176.311,168.424,8453617,190664147.0,0,171.033,-0.02184,2085234222,1074332903,0.00405,46709246572.8,24065057027.2
2018-11-02,002714,牧原股份,173.126,175.249,175.704,171.382,6683500,152912839.0,0,173.498,0.0317,2085234222,1074332903,0.00321,48189762870.42,24827833388.33
2018-11-05,002714,牧原股份,175.174,178.814,178.965,173.05,6555778,152865987.0,0,176.827,0.02034,2085234222,1074332903,0.00314,49169822954.76,25332769852.74
2018-11-06,002714,牧原股份,181.24,186.397,186.776,178.738,9076664,220250264.0,0,184.016,0.04241,2085234222,1074332903,0.00435,51255057176.76,26407102755.74
2018-11-07,002714,牧原股份,184.653,190.719,192.16,182.681,8044440,200719771.0,0,189.21,0.02319,2085234222,1074332903,0.00386,52443640683.3,27019472510.45
2018-11-08,002714,牧原股份,191.023,196.407,197.089,188.899,7371245,189170589.0,0,194.609,0.02982,2085234222,1074332903,0.00353,54007566349.8,27825222187.7
2018-11-09,002714,牧原股份,194.132,193.146,197.013,191.023,5639549,144601053.0,0,194.443,-0.0166,2085234222,1074332903,0.0027,53110915634.34,27363259039.41
2018-11-12,002714,牧原股份,193.298,193.828,196.71,190.264,3531524,90665909.0,0,194.685,0.00353,2085234222,1074332903,0.00169,53298586714.32,27459949000.68
2018-11-13,002714,牧原股份,192.312,194.587,196.103,191.857,4663700,119274373.0,0,193.942,0.00392,2085234222,1074332903,0.00224,53507110136.52,27567382290.98
2018-11-14,002714,牧原股份,194.132,193.373,194.663,192.312,3429334,87430237.0,0,193.335,-0.00624,2085234222,1074332903,0.00164,53173472661.0,27395489026.5
2018-11-15,002714,牧原股份,194.132,194.89,196.558,193.146,4963604,127851757.0,0,195.33,0.00784,2085234222,1074332903,0.00238,53590519505.4,27610355607.1
2018-11-16,002714,牧原股份,196.179,197.241,197.923,192.615,5252344,135859317.0,0,196.149,0.01206,2085234222,1074332903,0.00252,54236942114.22,27943398807.03
2018-11-19,002714,牧原股份,197.165,191.174,197.165,188.293,8381079,211213479.0,0,191.106,-0.03076,2085234222,1074332903,0.00402,52568754736.62,27083932484.63
2018-11-20,002714,牧原股份,190.037,185.638,190.037,182.453,7060177,173118167.0,0,185.942,-0.02896,2085234222,1074332903,0.00339,51046533754.56,26299669465.44
2018-11-21,002714,牧原股份,182.378,189.582,190.795,181.998,5304768,131653631.0,0,188.202,0.02125,2085234222,1074332903,0.00254,52130855550.0,26858322575.0
2018-11-22,002714,牧原股份,189.278,185.79,191.098,184.198,5852250,143973140.0,0,186.556,-0.02,2085234222,1074332903,0.00281,51088238439.0,26321156123.5
2018-11-23,002714,牧原股份,185.183,184.349,189.203,182.302,6093118,148023411.0,0,184.228,-0.00776,2085234222,1074332903,0.00292,50692043936.82,26117032871.93
2018-11-26,002714,牧原股份,183.288,184.956,188.444,183.288,5517593,135824454.0,0,186.677,0.00329,2085234222,1074332903,0.00265,50858862674.58,26202979504.17
2018-11-27,002714,牧原股份,186.776,184.198,187.686,181.392,4089870,99001496.0,0,183.568,-0.0041,2085234222,1074332903,0.00196,50650339252.38,26095546213.87
2018-11-28,002714,牧原股份,182.908,187.534,189.127,180.254,5152896,126266887.0,0,185.82,0.01811,2085234222,1074332903,0.00247,51567842310.06,26568252691.19
2018-11-29,002714,牧原股份,187.534,194.738,197.772,187.534,10811470,277676248.0,0,194.761,0.03841,2085234222,1074332903,0.00518,53548814820.96,27588868949.04
2018-11-30,002714,牧原股份,194.966,204.824,205.658,194.966,14342371,381106572.0,0,201.503,0.05179,2085234222,1074332903,0.00688,56322176336.22,29017731710.03
2018-12-03,002714,牧原股份,204.217,209.602,216.123,199.592,12717322,352515015.0,0,210.201,0.02333,2085234222,1074332903,0.0061,57635873896.08,29694561438.92
2018-12-04,002714,牧原股份,207.402,216.882,217.564,207.402,10954715,310293408.0,0,214.796,0.03473,2085234222,1074332903,0.00525,59637698749.2,30725921025.8
2018-12-05,002714,牧原股份,214.531,228.332,232.048,212.938,15647191,464740720.0,0,225.231,0.05279,2085234222,1074332903,0.0075,62786402424.42,32348163709.33
2018-12-06,002714,牧原股份,229.242,228.408,231.138,222.948,12266386,367339735.0,0,227.096,0.00033,2085234222,1074332903,0.00588,62807254766.64,32358907038.36
2018-12-07,002714,牧原股份,226.74,224.616,227.271,217.792,9733673,286277238.0,0,223.032,-0.0166,2085234222,1074332903,0.00467,61764637655.64,31821740586.86
2018-12-10,002714,牧原股份,225.906,223.631,227.271,219.915,7797836,229739207.0,0,223.418,-0.00439,2085234222,1074332903,0.00374,61493557206.78,31682077309.47
2018-12-11,002714,牧原股份,224.465,217.943,224.844,214.682,13962150,401446604.0,0,218.034,-0.02543,2085234222,1074332903,0.0067,59929631540.28,30876327632.22
2018-12-12,002714,牧原股份,219.232,217.261,219.839,214.834,8787699,251750110.0,0,217.246,-0.00313,2085234222,1074332903,0.00421,59741960460.3,30779637670.95
2018-12-13,002714,牧原股份,218.398,219.915,222.19,212.559,15026862,434174803.0,0,219.103,0.01222,2085234222,1074332903,0.00721,60471792438.0,31155654187.0
2018-12-14,002714,牧原股份,219.46,212.256,221.052,211.497,10076046,285017416.0,0,214.508,-0.03483,2085234222,1074332903,0.00483,58365705873.78,30070577954.97
2018-12-17,002714,牧原股份,213.09,209.298,214.531,207.402,9462359,261826894.0,0,209.829,-0.01394,2085234222,1074332903,0.00454,57552464527.2,29651588122.8
2018-12-18,002714,牧原股份,210.967,210.967,213.848,208.237,10314919,286792732.0,0,210.845,0.00797,2085234222,1074332903,0.00495,58011216056.04,29887941361.46
2018-12-19,002714,牧原股份,210.815,202.473,211.497,201.715,11145911,302023120.0,0,205.484,-0.04026,2085234222,1074332903,0.00535,55675753727.4,28684688510.1
2018-12-20,002714,牧原股份,203.459,209.753,210.436,203.232,10641250,291072649.0,0,207.425,0.03596,2085234222,1074332903,0.0051,57677578580.52,29716048096.98
2018-12-21,002714,牧原股份,208.54,206.037,210.36,204.9,7029557,191922032.0,0,207.038,-0.01772,2085234222,1074332903,0.00337,56655813811.74,29189624974.51
2018-12-24,002714,牧原股份,206.947,220.976,222.341,205.052,13238354,375398917.0,0,215.039,0.07251,2085234222,1074332903,0.00635,60763725229.08,31306060793.42
2018-12-25,002714,牧原股份,217.185,218.626,222.948,216.957,10820890,312813551.0,0,219.217,-0.01063,2085234222,1074332903,0.00519,60117302620.26,30973017593.49
2018-12-26,002714,牧原股份,218.626,218.019,225.223,217.261,9372934,274153252.0,0,221.803,-0.00278,2085234222,1074332903,0.00449,59950483882.5,30887070961.25
2018-12-27,002714,牧原股份,221.356,215.137,221.356,213.242,7000377,200271489.0,0,216.95,-0.01322,2085234222,1073202570,0.00336,59158094878.14,30446756910.9
2018-12-28,002714,牧原股份,213.242,218.019,219.687,213.166,6410398,183359074.0,0,216.904,0.0134,2085234222,1073202570,0.00307,59950483882.5,30854573887.5
2018-12-31,002714,牧原股份,218.019,218.019,218.019,218.019,0,0.0,2,,0.0,2085234222,1073202570,0.0,59950483882.5,30854573887.5
2019-01-01,002714,牧原股份,218.019,218.019,218.019,218.019,0,0.0,2,,0.0,2085234222,1073202570,0.0,59950483882.5,30854573887.5
2019-01-02,002714,牧原股份,217.716,219.991,223.706,213.242,8293156,240137014.0,0,219.581,0.00905,2085234222,1163143395,0.00398,60492644780.22,33742789888.95
2019-01-03,002714,牧原股份,222.417,216.882,224.996,215.744,7269212,211482834.0,0,220.62,-0.01413,2085234222,1163143395,0.00349,59637698749.2,33265901097.0
2019-01-04,002714,牧原股份,215.744,225.981,229.621,215.668,11839732,348402439.0,0,223.153,0.04195,2085234222,1163143395,0.00568,62139979815.6,34661673171.0
2019-01-07,002714,牧原股份,225.906,239.025,240.617,222.948,12190940,376859387.0,0,234.422,0.05772,2085234222,1163143395,0.00585,65726582677.44,36662279810.4
2019-01-08,002714,牧原股份,235.157,235.612,240.01,231.441,10503287,324769887.0,0,234.482,-0.01428,2085234222,1163143395,0.00504,64788227277.54,36138865282.65
2019-01-09,002714,牧原股份,235.688,232.048,240.01,231.517,11224916,346512878.0,0,234.096,-0.01513,2085234222,1163143395,0.00538,63808167193.2,35592187887.0
2019-01-10,002714,牧原股份,232.806,227.726,232.806,227.119,8991792,271429281.0,0,228.909,-0.01863,2085234222,1163143395,0.00431,62619583686.66,34929196151.85
2019-01-11,002714,牧原股份,229.015,229.166,235.84,227.877,10450382,319349063.0,0,231.737,0.00632,2085234222,1163143395,0.00501,63015778188.84,35150193396.9
2019-01-14,002714,牧原股份,229.773,229.773,238.039,229.47,12982756,398608191.0,0,232.829,0.00265,2085234222,1163143395,0.00623,63182596926.6,35243244868.5
2019-01-15,002714,牧原股份,230.835,227.801,230.911,223.251,10265340,307064567.0,0,226.838,-0.00858,2085234222,1163143395,0.00492,62640436028.88,34940827585.8
2019-01-16,002714,牧原股份,227.422,226.361,232.048,224.768,9969880,298695720.0,0,227.195,-0.00632,2085234222,1163143395,0.00478,62244241526.7,34719830340.75
2019-01-17,002714,牧原股份,227.119,226.057,228.636,223.706,7450673,222507107.0,0,226.467,-0.00134,2085234222,1163143395,0.00357,62160832157.82,34673304604.95
2019-01-18,002714,牧原股份,225.754,248.655,248.655,225.754,20430355,644653178.0,0,239.283,0.09997,2085234222,1163143395,0.0098,68374830139.38,38139471922.05
2019-01-21,002714,牧原股份,250.248,238.342,250.248,237.811,18881511,603327569.0,0,242.308,-0.04148,2085234222,1163143395,0.00905,65538911597.46,36557596904.85
2019-01-22,002714,牧原股份,236.674,239.783,245.015,234.626,9595933,303169263.0,0,239.586,0.00605,2085234222,1163143395,0.0046,65935106099.64,36778594149.9
2019-01-23,002714,牧原股份,240.01,245.015,247.821,237.736,11028608,355265173.0,0,244.28,0.02182,2085234222,1163143395,0.00529,67373917712.82,37581163092.45
2019-01-24,002714,牧原股份,244.181,247.063,248.731,242.665,6809103,220970245.0,0,246.092,0.00836,2085234222,1163143395,0.00327,67936930952.76,37895211809.1
2019-01-25,002714,牧原股份,247.063,244.105,247.821,239.631,6457412,207562571.0,0,243.749,-0.01197,2085234222,1163143395,0.0031,67123689606.18,37441585885.05
2019-01-28,002714,牧原股份,245.546,244.636,247.594,239.252,6443189,207504620.0,0,244.219,0.00218,2085234222,1163143395,0.00309,67269656001.72,37523005922.7
2019-01-29,002714,牧原股份,244.105,255.556,256.694,243.12,9575734,318904466.0,0,252.546,0.04464,2085234222,1163143395,0.00459,70272393281.4,39197932411.5
2019-01-30,002714,牧原股份,254.04,252.447,263.898,250.627,9601112,323763533.0,0,255.715,-0.01217,2085234222,1163143395,0.0046,69417447250.38,38721043619.55
2019-01-31,002714,牧原股份,253.509,262.002,263.67,251.765,10846620,372372380.0,0,260.341,0.03785,2085234222,1163143395,0.0052,72044842370.1,40186604297.25
2019-02-01,002714,牧原股份,262.154,262.002,266.931,260.106,7073156,244937307.0,0,262.601,0.0,2085234222,1163143395,0.00339,72044842370.1,40186604297.25
2019-02-04,002714,牧原股份,262.002,262.002,262.002,262.002,0,0.0,2,,0.0,2085234222,1163143395,0.0,72044842370.1,40186604297.25
2019-02-05,002714,牧原股份,262.002,262.002,262.002,262.002,0,0.0,2,,0.0,2085234222,1163143395,0.0,72044842370.1,40186604297.25
2019-02-06,002714,牧原股份,262.002,262.002,262.002,262.002,0,0.0,2,,0.0,2085234222,1163143395,0.0,72044842370.1,40186604297.25
2019-02-07,002714,牧原股份,262.002,262.002,262.002,262.002,0,0.0,2,,0.0,2085234222,1163143395,0.0,72044842370.1,40186604297.25
2019-02-08,002714,牧原股份,262.002,262.002,262.002,262.002,0,0.0,2,,0.0,2085234222,1163143395,0.0,72044842370.1,40186604297.25
2019-02-11,002714,牧原股份,263.67,288.24,288.24,263.519,12062556,447707508.0,0,281.453,0.10014,2085234222,1163143395,0.00578,79259752778.22,44211080443.95
2019-02-12,002714,牧原股份,291.956,292.714,294.838,286.648,9188355,350815217.0,0,289.529,0.01552,2085234222,1163143395,0.00441,80490040969.2,44897335047.0
2019-02-13,002714,牧原股份,291.653,294.686,300.752,287.633,11160446,428976403.0,0,291.478,0.00674,2085234222,1163143395,0.00535,81032201866.92,45199752329.7
2019-02-14,002714,牧原股份,291.956,291.728,295.52,288.24,9190759,352535056.0,0,290.879,-0.01004,2085234222,1163143395,0.00441,80218960520.34,44746126405.65
2019-02-15,002714,牧原股份,291.349,320.924,320.924,289.074,19924306,815624872.0,0,310.429,0.10008,2085234222,1163143395,0.00955,88247112275.04,49224228476.4
2019-02-18,002714,牧原股份,321.151,330.631,348.679,320.924,18546448,804389996.0,0,328.902,0.03025,2085234222,1163143395,0.00889,90916212079.2,50713052022.0
2019-02-19,002714,牧原股份,330.631,343.674,359.523,321.986,16230122,723278546.0,0,337.941,0.03945,2085234222,1163143395,0.00778,94502814941.04,52713658661.4
2019-02-20,002714,牧原股份,345.797,346.935,359.902,332.526,16404467,749875078.0,0,346.646,0.00949,2085234222,1163143395,0.00787,95399465656.5,53213810321.25
2019-02-21,002714,牧原股份,346.252,358.537,380.832,339.882,20464247,972807645.0,0,360.486,0.03344,2085234222,1163143395,0.00981,98589874016.16,54993419715.6
2019-02-22,002714,牧原股份,356.414,360.812,366.727,347.693,13704831,644581585.0,0,356.664,0.00635,2085234222,1163143395,0.00657,99215444282.76,55342362734.1
2019-02-25,002714,牧原股份,357.172,348.148,359.826,333.967,28410869,1301212189.0,0,347.314,-0.0351,2085234222,1163143395,0.01362,95733103132.02,53399913264.45
2019-02-26,002714,牧原股份,343.75,364.149,376.13,336.318,26804400,1257728690.0,0,355.822,0.04596,2085234222,1163143395,0.01285,100132947340.44,55854145827.9
2019-02-27,002714,牧原股份,359.068,349.361,368.547,343.37,18893017,879330899.0,0,352.948,-0.04061,2085234222,1163143395,0.00906,96066740607.54,53586016207.65
2019-02-28,002714,牧原股份,345.039,339.655,359.978,332.906,19920899,900893636.0,0,342.946,-0.02778,2085234222,1163143395,0.00955,93397640803.38,52097192662.05
2019-03-01,002714,牧原股份,345.115,348.83,355.276,340.716,16501725,755791077.0,0,347.321,0.02701,2085234222,1163143395,0.00791,95920774212.0,53504596170.0
2019-03-04,002714,牧原股份,370.594,383.713,383.713,359.295,23884601,1182773387.0,0,375.524,0.1,2085234222,1163143395,0.01145,105512851633.2,58855055787.0
2019-03-05,002714,牧原股份,398.804,404.188,422.085,385.988,26148977,1397573910.0,0,405.303,0.05336,2085234222,1163143395,0.01254,111142984032.6,61995542953.5
2019-03-06,002714,牧原股份,401.079,404.188,415.867,392.055,19142999,1020584687.0,0,404.294,0.0,2085234222,1163143395,0.00918,111142984032.6,61995542953.5
2019-03-07,002714,牧原股份,409.345,390.842,411.317,382.955,20476957,1066007630.0,0,394.777,-0.03302,2085234222,1163143395,0.00982,107472971801.88,59948410578.3
2019-03-08,002714,牧原股份,382.576,414.047,426.862,371.656,24037922,1291964945.0,0,407.578,0.05937,2085234222,1163143395,0.01153,113853788521.2,63507629367.0
2019-03-11,002714,牧原股份,431.488,414.729,439.602,399.638,23398118,1285763748.0,0,416.716,0.00165,2085234222,1163143395,0.01122,114041459601.18,63612312272.55
2019-03-12,002714,牧原股份,404.947,427.317,445.441,398.122,33163007,1858083984.0,0,424.883,0.03035,2085234222,1163143395,0.0159,117502948409.7,65543130308.25
2019-03-13,002714,牧原股份,424.663,387.657,434.749,385.609,27139379,1461329833.0,0,408.321,-0.09281,2085234222,1163143395,0.01302,106597173428.64,59459890352.4
2019-03-14,002714,牧原股份,383.713,377.419,383.789,360.205,24495187,1205401812.0,0,373.173,-0.02641,2085234222,1163143395,0.01175,103782107228.94,57889646769.15
2019-03-15,002714,牧原股份,394.33,401.762,405.553,384.093,16420054,858554526.0,0,396.506,0.0645,2085234222,1163143395,0.00787,110475709081.56,61623337067.1
2019-03-18,002714,牧原股份,423.146,441.953,441.953,414.198,25339517,1443780008.0,0,432.072,0.10004,2085234222,1163143395,0.01215,121527450458.16,67787997060.6
2019-03-19,002714,牧原股份,447.413,441.27,451.887,434.37,14302009,832965727.0,0,441.657,-0.00155,2085234222,1163143395,0.00686,121339779378.18,67683314155.05
2019-03-20,002714,牧原股份,439.754,423.526,442.105,400.7,22118522,1221279240.0,0,418.71,-0.04021,2085234222,1163143395,0.01061,116460331298.7,64961558610.75
2019-03-21,002714,牧原股份,416.852,422.767,429.668,408.132,15878867,878690151.0,0,419.635,-0.00179,2085234222,1163143395,0.00761,116251807876.5,64845244271.25
2019-03-22,002714,牧原股份,423.905,414.426,429.668,391.297,20173942,1083606218.0,0,407.32,-0.01973,2085234222,1163143395,0.00967,113958050232.3,63565786536.75
2019-03-25,002714,牧原股份,398.122,404.947,415.563,395.847,11106555,595821891.0,0,406.812,-0.02287,2085234222,1163143395,0.00533,111351507454.8,62111857293.0
2019-03-26,002714,牧原股份,414.047,417.838,433.081,410.71,18112176,1008065582.0,0,422.062,0.03183,2085234222,1163143395,0.00869,114896405632.2,64089201064.5
2019-03-27,002714,牧原股份,413.895,422.843,431.033,400.397,18095034,1000692549.0,0,419.37,0.01198,2085234222,1163143395,0.00868,116272660218.72,64856875705.2
2019-03-28,002714,牧原股份,418.9,453.707,464.854,417.459,21466557,1265717138.0,0,447.125,0.07299,2085234222,1163143395,0.01029,124759563502.26,69590869322.85
2019-03-29,002714,牧原股份,454.541,480.097,495.946,451.963,19731539,1243259638.0,0,477.814,0.05817,2085234222,1163143395,0.00946,132016178594.82,73638608337.45
2019-04-01,002714,牧原股份,492.837,528.099,528.099,492.458,17819346,1205375018.0,0,512.963,0.09998,2085234222,1163143395,0.00855,145215711220.08,81001306027.8
2019-04-02,002714,牧原股份,535.682,513.236,546.071,498.979,18109709,1237424836.0,0,518.157,-0.02814,2085234222,1163143395,0.00868,141128652144.96,78721544973.6
2019-04-03,002714,牧原股份,504.287,507.852,513.084,497.842,11856082,789297620.0,0,504.841,-0.01049,2085234222,1163143395,0.00569,139648135847.34,77895713163.15
2019-04-04,002714,牧原股份,500.496,529.54,549.332,500.496,17453848,1200349808.0,0,521.524,0.04271,2085234222,1163143395,0.00837,145611905722.26,81222303272.85
2019-04-05,002714,牧原股份,529.54,529.54,529.54,529.54,0,0.0,2,,0.0,2085234222,1163143395,0.0,145611905722.26,81222303272.85
2019-04-08,002714,牧原股份,534.621,511.037,534.621,504.287,22189367,1508174300.0,0,515.42,-0.03494,2085234222,1163143395,0.01064,140523934220.58,78384233389.05
2019-04-09,002714,牧原股份,504.439,505.652,512.629,498.752,11470308,764362046.0,0,505.334,-0.01054,2085234222,1163143395,0.0055,139043417922.96,77558401578.6
2019-04-10,002714,牧原股份,505.122,502.012,515.435,496.704,10146679,673574318.0,0,503.408,-0.0072,2085234222,1163143395,0.00487,138042505496.4,77000092749.0
2019-04-11,002714,牧原股份,499.737,506.335,514.904,489.197,11132097,740721334.0,0,504.583,0.00861,2085234222,1163143395,0.00534,139231089002.94,77663084484.15
2019-04-12,002714,牧原股份,507.093,516.421,538.412,496.856,14207132,972258851.0,0,518.961,0.01992,2085234222,1163143395,0.00681,142004450518.2,79210065199.5
2019-04-15,002714,牧原股份,517.786,518.165,548.27,504.287,13514264,944013372.0,0,529.714,0.00338,2085234222,1163143395,0.00648,142484054389.26,79477588180.35
2019-04-16,002714,牧原股份,510.961,509.672,528.175,489.121,15103736,1005343382.0,0,504.765,-0.01639,2085234222,1163143395,0.00724,140148592060.62,78174867577.95
2019-04-17,002714,牧原股份,510.354,525.141,536.896,504.894,18299049,1260226900.0,0,522.245,0.03035,2085234222,1163143395,0.00878,144402469873.5,80547680103.75
2019-04-18,002714,牧原股份,515.662,509.596,535.151,508.079,13279432,907749543.0,0,518.377,-0.0296,2085234222,1163143395,0.00637,140127739718.4,78163236144.0
2019-04-19,002714,牧原股份,508.003,502.771,511.871,499.131,9920154,658208608.0,0,503.158,-0.01339,2085234222,1163143395,0.00476,138251028918.6,77116407088.5
2019-04-22,002714,牧原股份,505.804,513.387,525.217,505.046,21546463,1465062844.0,0,515.632,0.02111,2085234222,1163143395,0.01033,141170356829.4,78744807841.5
2019-04-23,002714,牧原股份,514.904,507.169,525.521,502.012,18476927,1254691774.0,0,514.95,-0.01211,2085234222,1163143395,0.00886,139460464767.36,77791030257.6
2019-04-24,002714,牧原股份,513.387,519.454,524.535,500.496,19082398,1298327184.0,0,515.951,0.02422,2085234222,1163143395,0.00915,142838544207.0,79675322557.5
2019-04-25,002714,牧原股份,521.729,541.066,564.574,517.179,35179829,2531175763.0,0,545.616,0.04161,2085234222,1163143395,0.01687,148781461739.7,82990281233.25
2019-04-26,002714,牧原股份,530.071,499.131,536.441,498.145,27112750,1831612738.0,0,512.288,-0.0775,2085234222,1163143395,0.013,137250116492.04,76558098258.9
2019-04-29,002714,牧原股份,492.913,467.129,498.979,466.826,15745415,1000199475.0,0,481.712,-0.06412,2085234222,1163143395,0.00755,128450428075.2,71649633132.0
2019-04-30,002714,牧原股份,466.523,486.088,497.008,462.655,18291717,1174075710.0,0,486.74,0.04059,2085234222,1163143395,0.00877,133663513630.2,74557491619.5
2019-05-01,002714,牧原股份,486.088,486.088,486.088,486.088,0,0.0,2,,0.0,2085234222,1163143395,0.0,133663513630.2,74557491619.5
2019-05-02,002714,牧原股份,486.088,486.088,486.088,486.088,0,0.0,2,,0.0,2085234222,1163143395,0.0,133663513630.2,74557491619.5
2019-05-03,002714,牧原股份,486.088,486.088,486.088,486.088,0,0.0,2,,0.0,2085234222,1163143395,0.0,133663513630.2,74557491619.5
2019-05-06,002714,牧原股份,462.504,455.603,491.093,447.337,16340767,1003950065.0,0,465.901,-0.06271,2085234222,1163143395,0.00784,125280872057.76,69881655171.6
2019-05-07,002714,牧原股份,469.025,462.579,480.021,435.507,18202467,1113197580.0,0,463.762,0.01531,2085234222,1163143395,0.00873,127199287542.0,70951747095.0
2019-05-08,002714,牧原股份,454.996,439.45,457.195,421.023,21656573,1248674841.0,0,437.236,-0.05,2085234222,1163143395,0.01039,120839323164.9,67404159740.25
2019-05-09,002714,牧原股份,436.038,450.522,456.589,436.038,14117138,833207906.0,0,447.572,0.0252,2085234222,1163143395,0.00677,123883765129.02,69102349096.95
2019-05-10,002714,牧原股份,459.698,466.75,474.409,452.949,16667790,1027535734.0,0,467.493,0.03602,2085234222,1163143395,0.00799,128346166364.1,71591475962.25
2019-05-13,002714,牧原股份,467.736,454.465,467.736,452.57,9877761,595853073.0,0,457.446,-0.02632,2085234222,1163143395,0.00474,124968086924.46,69707183662.35
2019-05-14,002714,牧原股份,454.996,452.57,465.234,444.759,14865336,895964054.0,0,457.059,-0.00417,2085234222,1163143395,0.00713,124446778368.96,69416397813.6
2019-05-15,002714,牧原股份,457.195,459.925,463.489,452.342,12391948,748099534.0,0,457.802,0.01625,2085234222,1163143395,0.00594,126469455564.3,70544646906.75
2019-05-16,002714,牧原股份,462.579,467.205,475.319,461.063,15701535,972392596.0,0,469.632,0.01583,2085234222,1163143395,0.00753,128471280417.42,71661264565.95
2019-05-17,002714,牧原股份,469.708,454.238,478.732,451.887,13696994,839447978.0,0,464.756,-0.02775,2085234222,1163143395,0.00657,124905529897.8,69672289360.5
2019-05-20,002714,牧原股份,450.901,422.085,450.901,417.307,17704415,993819929.0,0,425.679,-0.07078,2085234222,1163143395,0.00849,116064136796.52,64740561365.7
2019-05-21,002714,牧原股份,427.772,444.38,446.655,426.028,12814547,739568287.0,0,437.653,0.05282,2085234222,1163143395,0.00615,122194725409.2,68160202947.0
2019-05-22,002714,牧原股份,441.346,441.498,457.65,437.024,11485111,676615347.0,0,446.746,-0.00649,2085234222,1163143395,0.00551,121402336404.84,67718208456.9
2019-05-23,002714,牧原股份,442.105,422.388,449.688,420.72,13350447,754486749.0,0,428.561,-0.04328,2085234222,1163143395,0.0064,116147546165.4,64787087101.5
2019-05-24,002714,牧原股份,422.388,410.331,432.246,399.638,20018231,1086681984.0,0,411.658,-0.02854,2085234222,1163143395,0.0096,112832023752.42,62937689103.45
2019-05-27,002714,牧原股份,417.08,445.896,450.295,413.667,23265162,1337491585.0,0,435.955,0.08667,2085234222,1163143395,0.01116,122611772253.6,68392831626.0
2019-05-28,002714,牧原股份,454.845,465.84,469.935,447.64,26563194,1615621116.0,0,461.23,0.04473,2085234222,1163143395,0.01274,128095938257.46,71451898754.85
2019-05-29,002714,牧原股份,456.589,449.005,463.717,445.82,25550929,1527087516.0,0,453.222,-0.03614,2085234222,1163143395,0.01225,123466718284.62,68869720417.95
2019-05-30,002714,牧原股份,455.148,460.684,469.708,441.953,21370136,1288286216.0,0,457.15,0.02601,2085234222,1163143395,0.01025,126677978986.5,70660961246.25
2019-05-31,002714,牧原股份,461.669,480.4,482.675,445.896,26887299,1662380991.0,0,468.858,0.0428,2085234222,1163143395,0.01289,132099587963.7,73685134073.25
2019-06-03,002714,牧原股份,492.913,493.974,517.862,478.049,27161348,1786115196.0,0,498.668,0.02826,2085234222,1163143395,0.01303,135832157221.08,75767160750.3
2019-06-04,002714,牧原股份,486.846,488.059,504.287,471.831,19635444,1259401734.0,0,486.383,-0.01197,2085234222,1163143395,0.00942,134205674527.92,74859908902.2
2019-06-05,002714,牧原股份,479.263,470.163,487.604,467.812,15843611,992365871.0,0,474.978,-0.03667,2085234222,1163143395,0.0076,129284521764.0,72114890490.0
2019-06-06,002714,牧原股份,455.224,439.905,457.12,433.763,28109390,1644894748.0,0,443.758,-0.06436,2085234222,1163143395,0.01348,120964437218.22,67473948343.95
2019-06-07,002714,牧原股份,439.905,439.905,439.905,439.905,0,0.0,2,,0.0,2085234222,1163143395,0.0,120964437218.22,67473948343.95
2019-06-10,002714,牧原股份,440.967,439.83,443.621,422.236,12989994,746425711.0,0,435.75,-0.00017,2085234222,1163143395,0.00623,120943584876.0,67462316910.0
2019-06-11,002714,牧原股份,442.18,466.978,466.978,438.465,16295602,980141379.0,0,456.119,0.06172,2085234222,1163143395,0.00781,128408723390.76,71626370264.1
2019-06-12,002714,牧原股份,458.788,463.186,471.907,457.347,10771414,658938907.0,0,463.907,-0.00812,2085234222,1163143395,0.00517,127366106279.76,71044798566.6
2019-06-13,002714,牧原股份,470.163,470.163,476.078,457.726,11665619,714589192.0,0,464.521,0.01506,2085234222,1163143395,0.00559,129284521764.0,72114890490.0
2019-06-14,002714,牧原股份,464.172,468.419,475.471,462.655,11815405,731727444.0,0,469.632,-0.00371,2085234222,1163143395,0.00567,128804917892.94,71847367509.15
2019-06-17,002714,牧原股份,471.073,457.878,488.059,452.721,14635416,903192061.0,0,467.986,-0.0225,2085234222,1163143395,0.00702,125906442324.36,70230598190.1
2019-06-18,002714,牧原股份,462.731,473.499,475.471,451.963,16222618,998357533.0,0,466.682,0.03412,2085234222,1163143395,0.00778,130202024821.68,72626673583.8
2019-06-19,002714,牧原股份,496.704,469.784,497.463,467.129,19848837,1262499517.0,0,482.341,-0.00785,2085234222,1163143395,0.00952,129180260052.9,72056733320.25
2019-06-20,002714,牧原股份,469.48,465.234,470.087,454.617,17630909,1069435063.0,0,459.978,-0.00969,2085234222,1163143395,0.00846,127929119519.7,71358847283.25
2019-06-21,002714,牧原股份,460.684,445.517,463.793,439.754,24066921,1422046954.0,0,448.073,-0.04238,2085234222,1163143395,0.01154,122507510542.5,68334674456.25
2019-06-24,002714,牧原股份,439.83,453.404,458.257,432.777,14621641,860285142.0,0,446.169,0.0177,2085234222,1163143395,0.00701,124676154133.38,69544343587.05
2019-06-25,002714,牧原股份,447.11,441.65,451.963,436.114,9991309,582544560.0,0,442.143,-0.02592,2085234222,1163143395,0.00479,121444041089.28,67741471324.8
2019-06-26,002714,牧原股份,436.114,439.83,444.835,432.626,8010476,463827930.0,0,439.094,-0.00412,2085234222,1163143395,0.00384,120943584876.0,67462316910.0
2019-06-27,002714,牧原股份,439.45,443.621,446.275,436.796,8935789,521187920.0,0,442.302,0.00862,2085234222,1163143395,0.00429,121986201987.0,68043888607.5
2019-06-28,002714,牧原股份,443.849,445.82,446.806,441.65,5521601,323775459.0,0,444.668,0.00496,2085234222,1163143395,0.00265,122590919911.38,68381200192.05
2019-07-01,002714,牧原股份,448.93,464.93,468.419,439.602,14130675,849446056.0,0,455.861,0.04286,2085234222,1166990330,0.00678,127845710150.82,71548177132.3
2019-07-02,002714,牧原股份,465.461,480.703,483.813,462.579,16322400,1029538283.0,0,478.315,0.03393,2085234222,1166990330,0.00783,132182997332.58,73975517018.7
2019-07-03,002714,牧原股份,477.746,461.745,483.358,459.167,15179443,934923040.0,0,467.061,-0.03944,2085234222,1166990330,0.00728,126969911777.58,71058041193.7
2019-07-04,002714,牧原股份,465.844,447.553,465.996,445.049,13352754,797290836.0,0,453.169,-0.03074,2085234222,1166990330,0.0064,122966262071.34,68817419760.1
2019-07-05,002714,牧原股份,451.424,463.339,467.589,448.008,14044421,846059251.0,0,457.207,0.03527,2085234222,1166990330,0.00674,127303549253.1,71244759646.5
2019-07-08,002714,牧原股份,470.549,477.607,482.844,465.009,21445261,1347519260.0,0,476.886,0.03079,2085234222,1166990330,0.01028,131223789590.46,73438701466.9
2019-07-09,002714,牧原股份,470.777,491.8,497.113,465.237,22649418,1445404986.0,0,484.332,0.02972,2085234222,1166990330,0.01086,135123177585.6,75620973384.0
2019-07-10,002714,牧原股份,490.965,490.661,506.523,484.21,14565859,949593113.0,0,494.783,-0.00232,2085234222,1166990330,0.00699,134810392452.3,75445924834.5
2019-07-11,002714,牧原股份,493.166,494.532,500.528,484.362,11598080,753191033.0,0,492.87,0.00789,2085234222,1166990330,0.00556,135873861905.52,76041089902.8
2019-07-12,002714,牧原股份,496.05,495.063,499.997,484.59,10699986,694064199.0,0,492.301,0.00107,2085234222,1166990330,0.00513,136019828301.06,76122779225.9
2019-07-15,002714,牧原股份,496.354,523.069,530.355,491.8,17696084,1191721164.0,0,511.108,0.05657,2085234222,1166990330,0.00849,143714342580.24,80428973543.6
2019-07-16,002714,牧原股份,522.158,518.591,529.52,516.086,12424506,853448041.0,0,521.331,-0.00856,2085234222,1166990330,0.00596,142484054389.26,79740449248.9
2019-07-17,002714,牧原股份,522.841,532.707,561.547,516.845,29028294,2065587823.0,0,540.054,0.02722,2085234222,1166990330,0.01392,146362590042.18,81911051262.7
2019-07-18,002714,牧原股份,532.404,534.984,545.002,523.676,15775620,1113617915.0,0,535.751,0.00427,2085234222,1166990330,0.00757,146988160308.78,82261148361.7
2019-07-19,002714,牧原股份,533.618,544.547,545.306,529.216,14079909,998078218.0,0,537.997,0.01788,2085234222,1166990330,0.00675,149615555428.5,83731556177.5
2019-07-22,002714,牧原股份,541.966,536.198,557.07,527.167,16229871,1155309931.0,0,540.251,-0.01533,2085234222,1166990330,0.00778,147321797784.3,82447866814.5
2019-07-23,002714,牧原股份,531.265,533.39,541.283,522.993,11767203,822605597.0,0,530.559,-0.00524,2085234222,1166990330,0.00564,146550261122.16,82016080392.4
2019-07-24,002714,牧原股份,533.542,536.654,540.373,528.229,10785617,759034619.0,0,534.111,0.00612,2085234222,1166990330,0.00517,147446911837.62,82517886234.3
2019-07-25,002714,牧原股份,533.922,544.243,545.685,531.872,10619257,754441950.0,0,539.196,0.01414,2085234222,1166990330,0.00509,149532146059.62,83684876564.3
2019-07-26,002714,牧原股份,541.283,542.953,550.163,534.301,12952863,922579284.0,0,540.57,-0.00237,2085234222,1166990330,0.00621,149177656241.88,83486488208.2
2019-07-29,002714,牧原股份,542.725,576.802,578.32,533.998,20850917,1539103397.0,0,560.219,0.06234,2085234222,1166990330,0.01,158477800872.0,88691265080.0
2019-07-30,002714,牧原股份,576.651,585.606,591.602,569.972,15159375,1164751792.0,0,583.132,0.01526,2085234222,1166990330,0.00727,160896672569.52,90044973862.8
2019-07-31,002714,牧原股份,582.115,581.356,593.499,578.7,10867985,838288549.0,0,585.409,-0.00726,2085234222,1166990330,0.00521,159728941405.2,89391459278.0
2019-08-01,002714,牧原股份,577.865,587.352,597.825,577.561,13812066,1074334172.0,0,590.327,0.01031,2085234222,1166990330,0.00662,161376276440.58,90313381638.7
2019-08-02,002714,牧原股份,579.383,593.499,595.776,579.383,12812336,994937726.0,0,589.363,0.01047,2085234222,1166990330,0.00614,163065316160.4,91258643806.0
2019-08-05,002714,牧原股份,600.406,588.946,611.335,586.593,17517937,1382960092.0,0,599.153,-0.00767,2085234222,1166990330,0.0084,161814175627.2,90558449608.0
2019-08-06,002714,牧原股份,559.878,571.186,581.811,543.408,20755037,1551018637.0,0,567.164,-0.03016,2085234222,1166990330,0.00995,156934727547.72,87827692235.8
2019-08-07,002714,牧原股份,577.561,571.566,595.017,567.695,14000299,1068112337.0,0,579.018,0.00067,2085234222,1166990330,0.00671,157038989258.82,87886041752.3
2019-08-08,002714,牧原股份,576.726,574.298,584.012,566.708,9667565,731342269.0,0,574.138,0.00478,2085234222,1166990330,0.00464,157789673578.74,88306158271.1
2019-08-09,002714,牧原股份,578.851,552.061,579.003,550.998,14352450,1065066515.0,0,563.202,-0.03872,2085234222,1166990330,0.00688,151679937308.28,84886876604.2
2019-08-12,002714,牧原股份,550.694,557.449,572.249,536.047,22520680,1649100167.0,0,555.749,0.00976,2085234222,1166990330,0.0108,153160453605.9,85715439738.5
2019-08-13,002714,牧原股份,557.829,551.833,565.418,550.239,10628248,778962185.0,0,556.25,-0.01007,2085234222,1166990330,0.0051,151617380281.62,84851866894.3
2019-08-14,002714,牧原股份,557.753,548.569,557.753,545.306,13317065,965203974.0,0,550.08,-0.00591,2085234222,1166990330,0.00639,150720729566.16,84350061052.4
2019-08-15,002714,牧原股份,540.069,549.101,552.516,534.681,13645169,979874070.0,0,545.01,0.00097,2085234222,1166990330,0.00654,150866695961.7,84431750375.5
2019-08-16,002714,牧原股份,550.998,569.972,580.218,546.596,17107834,1276569832.0,0,566.321,0.03801,2085234222,1166990330,0.0082,156601090072.2,87640973783.0
2019-08-19,002714,牧原股份,573.387,541.511,575.967,512.975,42099905,2964263822.0,0,534.377,-0.04993,2085234222,1166990330,0.02019,148781461739.7,83264760045.5
2019-08-20,002714,牧原股份,531.265,534.681,543.333,526.332,14528106,1021911123.0,0,533.846,-0.01261,2085234222,1166990330,0.00697,146904750939.9,82214468748.5
2019-08-21,002714,牧原股份,534.301,532.555,538.779,531.265,9139844,643812882.0,0,534.605,-0.00398,2085234222,1166990330,0.00438,146320885357.74,81887711456.1
2019-08-22,002714,牧原股份,530.127,539.993,545.685,523.676,11861203,838918034.0,0,536.79,0.01397,2085234222,1166990330,0.00569,148364414895.3,83031361979.5
2019-08-23,002714,牧原股份,542.574,529.899,542.574,527.471,9006294,631238385.0,0,531.941,-0.01869,2085234222,1166990330,0.00432,145591053380.04,81479264840.6
2019-08-26,002714,牧原股份,525.042,541.056,541.891,524.435,12016403,843541434.0,0,532.776,0.02105,2085234222,1166990330,0.00576,148656347686.38,83194740625.7
2019-08-27,002714,牧原股份,561.623,594.41,595.169,555.703,34044639,2602757811.0,0,580.225,0.09861,2085234222,1166990330,0.01633,163315544267.04,91398682645.6
2019-08-28,002714,牧原股份,598.812,612.625,624.009,586.669,23391244,1872125381.0,0,607.426,0.03064,2085234222,1166990330,0.01122,168320106399.84,94199459437.6
2019-08-29,002714,牧原股份,613.611,609.513,624.237,602.455,15457848,1241264705.0,0,609.437,-0.00508,2085234222,1166990330,0.00741,167465160368.82,93720993402.3
2019-08-30,002714,牧原股份,609.665,610.196,625.982,599.571,18840951,1519253085.0,0,611.987,0.00112,2085234222,1166990330,0.00904,167652831448.8,93826022532.0
2019-09-02,002714,牧原股份,611.335,609.209,622.339,595.776,17366396,1387699551.0,0,606.454,-0.00162,2161897822,1166990330,0.00803,173535538171.94,93674313789.1
2019-09-03,002714,牧原股份,614.674,614.75,625.375,607.767,13552954,1095352344.0,0,613.384,0.0091,2161897822,1166990330,0.00627,175113723582.0,94526216730.0
2019-09-04,002714,牧原股份,607.16,608.375,619.911,603.669,16041435,1286384054.0,0,608.61,-0.01037,2161897822,1166990330,0.00742,173297729411.52,93545944852.8
2019-09-05,002714,牧原股份,614.75,625.299,629.777,603.366,17724376,1433024293.0,0,613.611,0.02782,2161897822,1166990330,0.0082,178118761554.58,96148333288.7
2019-09-06,002714,牧原股份,621.58,576.954,621.96,567.695,35069733,2724083134.0,0,589.522,-0.07732,2161897822,1166990330,0.01622,164347472428.44,88714604886.6
2019-09-09,002714,牧原股份,578.168,553.882,578.32,542.65,37353336,2731944252.0,0,555.081,-0.03999,2161897822,1166990330,0.01728,157775303049.56,85166954283.4
2019-09-10,002714,牧原股份,553.427,554.034,565.266,548.721,16496212,1208646812.0,0,556.068,0.00027,2161897822,1166990330,0.00763,157818541006.0,85190294090.0
2019-09-11,002714,牧原股份,544.699,529.747,552.516,529.747,28381958,2013622316.0,0,538.453,-0.04384,2161897822,1166990330,0.01313,150900467975.6,81455925034.0
2019-09-12,002714,牧原股份,531.189,533.542,535.06,519.35,13322377,930011021.0,0,529.808,0.00716,2161897822,1166990330,0.00616,151981416886.6,82039420199.0
2019-09-13,002714,牧原股份,533.542,533.542,533.542,533.542,0,0.0,2,,0.0,2161897822,1166990330,0.0,151981416886.6,82039420199.0
2019-09-16,002714,牧原股份,538.096,546.444,555.172,532.783,19355638,1395161317.0,0,547.051,0.02418,2161897822,1166990330,0.00895,155656643184.0,84023303760.0
2019-09-17,002714,牧原股份,544.775,548.721,555.248,543.56,9816713,710769479.0,0,549.51,0.00417,2161897822,1166990330,0.00454,156305212530.6,84373400859.0
2019-09-18,002714,牧原股份,548.721,547.051,550.467,542.725,6947884,500314804.0,0,546.52,-0.00304,2161897822,1166990330,0.00321,155829595009.76,84116662986.4
2019-09-19,002714,牧原股份,547.962,569.061,569.82,540.449,15742683,1161462504.0,0,559.938,0.04023,2161897822,1166990330,0.00728,162099098693.56,87500934943.4
2019-09-20,002714,牧原股份,564.659,568.985,574.601,560.864,10330178,772007813.0,0,567.186,-0.00013,2161897822,1166990330,0.00478,162077479715.34,87489265040.1
2019-09-23,002714,牧原股份,565.418,549.935,567.467,548.721,8556237,627201915.0,0,556.333,-0.03348,2161897822,1166990330,0.00396,156651116182.12,84560119311.8
2019-09-24,002714,牧原股份,548.342,527.395,548.342,523.752,20231929,1414411485.0,0,530.582,-0.04099,2161897822,1166990330,0.00936,150230279650.78,81094158031.7
2019-09-25,002714,牧原股份,527.471,528.229,534.756,522.613,11647716,811873912.0,0,529.004,0.00158,2161897822,1166990330,0.00539,150468088411.2,81222526968.0
2019-09-26,002714,牧原股份,528.229,475.407,533.239,475.407,34116431,2186238249.0,0,486.351,-0.1,2161897822,1166990330,0.01578,135421279570.08,73100274271.2
2019-09-27,002714,牧原股份,482.085,516.086,520.488,482.085,26815423,1787691546.0,0,505.969,0.08557,2161897822,1166990330,0.0124,147009051896.0,79355342440.0
2019-09-30,002714,牧原股份,517.225,535.06,541.966,516.086,16042829,1129615535.0,0,534.392,0.03677,2161897822,1166990330,0.00742,152413796451.0,82272818265.0
2019-10-01,002714,牧原股份,535.06,535.06,535.06,535.06,0,0.0,2,,0.0,2161897822,1166990330,0.0,152413796451.0,82272818265.0
2019-10-02,002714,牧原股份,535.06,535.06,535.06,535.06,0,0.0,2,,0.0,2161897822,1166990330,0.0,152413796451.0,82272818265.0
2019-10-03,002714,牧原股份,535.06,535.06,535.06,535.06,0,0.0,2,,0.0,2161897822,1166990330,0.0,152413796451.0,82272818265.0
2019-10-04,002714,牧原股份,535.06,535.06,535.06,535.06,0,0.0,2,,0.0,2161897822,1166990330,0.0,152413796451.0,82272818265.0
2019-10-07,002714,牧原股份,535.06,535.06,535.06,535.06,0,0.0,2,,0.0,2161897822,1166990330,0.0,152413796451.0,82272818265.0
2019-10-08,002714,牧原股份,558.587,570.351,572.856,542.65,25508289,1887734111.0,0,561.661,0.06596,2161897822,1166990330,0.0118,162466621323.3,87699323299.5
2019-10-09,002714,牧原股份,575.284,576.802,579.838,563.9,17102660,1293287791.0,0,573.911,0.01131,2161897822,1166990330,0.00791,164304234472.0,88691265080.0
2019-10-10,002714,牧原股份,581.356,622.415,628.942,577.561,30585691,2465322087.0,0,611.744,0.07908,2161897822,1166990330,0.01415,177297240382.22,95704876963.3
2019-10-11,002714,牧原股份,616.192,624.616,634.938,612.473,19878933,1639032261.0,0,625.762,0.00354,2161897822,1166990330,0.0092,177924190750.6,96043304159.0
2019-10-14,002714,牧原股份,624.616,631.067,633.724,607.919,21956530,1809128707.0,0,625.345,0.01033,2161897822,1166990330,0.01016,179761803899.3,97035245939.5
2019-10-15,002714,牧原股份,622.339,635.925,648.144,620.67,14930080,1243741581.0,0,632.236,0.0077,2161897822,1166990330,0.00691,181145418505.38,97782119750.7
2019-10-16,002714,牧原股份,633.724,624.996,635.925,622.339,10554617,874879698.0,0,629.102,-0.01719,2161897822,1166990330,0.00488,178032285641.7,96101653675.5
2019-10-17,002714,牧原股份,628.335,630.308,640.326,620.062,10541926,875483071.0,0,630.293,0.0085,2161897822,1166990330,0.00488,179545614117.1,96918546906.5
2019-10-18,002714,牧原股份,632.206,662.564,672.885,626.134,24420557,2112679477.0,0,656.583,0.05117,2161897822,1166990330,0.0113,188733679860.6,101878255809.0
2019-10-21,002714,牧原股份,671.671,669.926,688.368,664.765,25413197,2263009757.0,0,675.838,0.01111,2161897822,1166990330,0.01176,190830720747.94,103010236429.1
2019-10-22,002714,牧原股份,671.671,681.537,685.332,655.202,17660871,1564928674.0,0,672.506,0.01733,2161897822,1166990330,0.00817,194138424415.6,104795731634.0
2019-10-23,002714,牧原股份,680.475,678.426,686.091,672.506,11359630,1017258820.0,0,679.64,-0.00456,2161897822,1166990330,0.00525,193252046308.58,104317265598.7
2019-10-24,002714,牧原股份,682.6,688.064,695.123,672.43,15681110,1415313198.0,0,684.998,0.01421,2161897822,1166990330,0.00725,195997656542.52,105799343317.8
2019-10-25,002714,牧原股份,698.158,756.901,756.901,683.814,30603997,2918488467.0,0,723.758,0.10004,2161897822,1166990330,0.01416,215606069788.06,116383945610.9
2019-10-28,002714,牧原股份,742.253,757.281,786.273,732.387,28108251,2795834790.0,0,754.905,0.0005,2161897822,1166990330,0.013,215714164679.16,116442295127.4
2019-10-29,002714,牧原股份,758.191,766.768,786.273,748.325,21493294,2177582470.0,0,768.931,0.01253,2161897822,1166990330,0.00994,218416536956.66,117901033039.9
2019-10-30,002714,牧原股份,761.075,760.317,778.607,736.258,16036987,1596868963.0,0,755.717,-0.00841,2161897822,1166990330,0.00742,216578923807.96,116909091259.4
2019-10-31,002714,牧原股份,766.54,747.566,770.942,736.713,15175971,1494988772.0,0,747.642,-0.01677,2161897822,1166990330,0.00702,212946935467.0,114948547505.0
2019-11-01,002714,牧原股份,733.45,718.347,736.182,700.511,27314485,2582292739.0,0,717.504,-0.03909,2161897822,1166990330,0.01263,204623628852.3,110455634734.5
2019-11-04,002714,牧原股份,712.123,726.012,730.793,708.328,19756489,1876456701.0,0,720.844,0.01067,2161897822,1166990330,0.00914,206807145652.52,111634294967.8
2019-11-05,002714,牧原股份,726.088,752.12,752.12,724.874,20584216,2011427404.0,0,741.624,0.03596,2161897822,1166990330,0.00952,214244074160.2,115648741703.0
2019-11-06,002714,牧原股份,752.196,719.409,752.423,696.641,28094417,2659682101.0,0,718.491,-0.04349,2161897822,1166990330,0.013,204926294547.38,110619013380.7
2019-11-07,002714,牧原股份,713.413,726.164,744.303,705.824,17035780,1636324832.0,0,728.987,0.00939,2161897822,1166990330,0.00788,206850383608.96,111657634774.4
2019-11-08,002714,牧原股份,726.164,705.976,731.932,703.016,13829519,1298035358.0,0,712.351,-0.0278,2161897822,1166990330,0.0064,201099735402.44,108553440496.6
2019-11-11,002714,牧原股份,699.752,712.503,730.414,698.234,14610536,1377334795.0,0,715.463,0.00925,2161897822,1166990330,0.00676,202958967529.36,109557052180.4
2019-11-12,002714,牧原股份,710.453,728.592,739.825,710.453,16458881,1577734051.0,0,727.522,0.02258,2161897822,1166990330,0.00761,207542190912.0,112031071680.0
2019-11-13,002714,牧原股份,728.516,714.4,739.142,708.101,16367375,1559171822.0,0,722.984,-0.01948,2161897822,1166990330,0.00757,203499441984.86,109848799762.9
2019-11-14,002714,牧原股份,722.521,720.623,724.418,704.306,10826222,1023051535.0,0,717.193,0.00871,2161897822,1166990330,0.00501,205272198198.9,110805731833.5
2019-11-15,002714,牧原股份,713.413,688.975,713.413,683.738,18553151,1696741149.0,0,694.083,-0.04392,2161897822,1166990330,0.00858,196257084281.16,105939382157.4
2019-11-18,002714,牧原股份,685.408,702.56,709.998,663.095,20197243,1843007462.0,0,692.542,0.01972,2161897822,1166990330,0.00934,200126881382.54,108028294848.1
2019-11-19,002714,牧原股份,708.86,726.164,727.454,705.976,14854981,1408449550.0,0,719.584,0.0336,2161897822,1166990330,0.00687,206850383608.96,111657634774.4
2019-11-20,002714,牧原股份,728.592,702.029,730.414,699.752,15450299,1455901731.0,0,715.167,-0.03324,2161897822,1166990330,0.00715,199975548535.0,107946605525.0
2019-11-21,002714,牧原股份,702.788,709.846,717.588,697.779,10884479,1018291831.0,0,710.028,0.01113,2161897822,1166990330,0.00503,202202303291.66,109148605564.9
2019-11-22,002714,牧原股份,714.931,698.234,723.659,687.989,12222664,1140833773.0,0,708.389,-0.01636,2161897822,1166990330,0.00565,198894599624.0,107363110360.0
2019-11-25,002714,牧原股份,698.993,677.136,704.306,671.519,14634471,1314349743.0,0,681.629,-0.03022,2161897822,1166990330,0.00677,192884523678.84,104118877242.6
2019-11-26,002714,牧原股份,686.471,690.645,692.694,675.086,11091343,1001521891.0,0,685.317,0.01995,2161897822,1166990330,0.00513,196732701802.0,106196120030.0
2019-11-27,002714,牧原股份,689.506,682.6,697.4,678.805,8241088,744093666.0,0,685.264,-0.01165,2161897822,1166990330,0.00381,194441090110.68,104959110280.2
2019-11-28,002714,牧原股份,683.359,686.85,698.007,670.457,9149534,828915894.0,0,687.586,0.00623,2161897822,1166990330,0.00423,195651752891.0,105612624865.0
2019-11-29,002714,牧原股份,688.216,658.769,690.645,651.938,20022807,1745287173.0,0,661.539,-0.04088,2161897822,1166990330,0.00926,187652730949.6,101294760644.0
2019-12-02,002714,牧原股份,680.703,684.346,700.967,676.149,19230906,1744722850.0,0,688.558,0.03883,2161897822,1166990330,0.0089,194938326609.74,105227518056.1
2019-12-03,002714,牧原股份,688.216,682.676,708.48,676.908,15646469,1422343081.0,0,689.924,-0.00244,2161897822,1166990330,0.00724,194462709088.9,104970780183.5
2019-12-04,002714,牧原股份,682.296,687.609,689.127,670.001,8716775,780502496.0,0,679.564,0.00723,2161897822,1166990330,0.00403,195867942673.2,105729323898.0
2019-12-05,002714,牧原股份,693.681,686.091,694.212,681.158,9044859,817303843.0,0,685.795,-0.00221,2161897822,1166990330,0.00418,195435563108.8,105495925832.0
2019-12-06,002714,牧原股份,690.721,691.783,711.137,688.52,17808270,1640849166.0,0,699.297,0.0083,2161897822,1166990330,0.00824,197056986475.3,106371168579.5
2019-12-09,002714,牧原股份,689.81,673.189,691.783,665.6,19565289,1734330346.0,0,672.756,-0.02688,2161897822,1166990330,0.00905,191760336811.4,103512042271.0
2019-12-10,002714,牧原股份,659.528,637.518,659.528,630.688,31532321,2669797409.0,0,642.596,-0.05299,2161897822,1166990330,0.01459,181599417048.0,98027187720.0
2019-12-11,002714,牧原股份,633.724,624.996,640.706,623.25,16841058,1394575722.0,0,628.472,-0.01964,2161897822,1166990330,0.00779,178032285641.7,96101653675.5
2019-12-12,002714,牧原股份,634.862,626.969,640.326,625.83,13715108,1141285523.0,0,631.553,0.00316,2161897822,1166990330,0.00634,178594379075.42,96405071161.3
2019-12-13,002714,牧原股份,625.299,631.826,636.683,606.325,14271431,1177273299.0,0,626.073,0.00775,2161897822,1166990330,0.0066,179977993681.5,97151944972.5
2019-12-16,002714,牧原股份,633.724,629.018,635.621,617.862,14027129,1153300499.0,0,624.001,-0.00444,2161897822,1166990330,0.00649,179178091487.36,96720158550.4
2019-12-17,002714,牧原股份,628.942,635.697,644.349,622.339,18433239,1546306868.0,0,636.661,0.01062,2161897822,1166990330,0.00853,181080561570.72,97747110040.8
2019-12-18,002714,牧原股份,630.84,621.656,639.036,621.58,15039961,1243213917.0,0,627.356,-0.02209,2161897822,1166990330,0.00696,177081050600.02,95588177930.3
2019-12-19,002714,牧原股份,621.58,619.683,626.438,613.08,13115937,1070605262.0,0,619.501,-0.00317,2161897822,1166990330,0.00607,176518957166.3,95284760444.5
2019-12-20,002714,牧原股份,618.545,630.991,633.648,615.433,19272286,1591570176.0,0,626.764,0.01825,2161897822,1166990330,0.00891,179740184921.08,97023576036.2
2019-12-23,002714,牧原股份,632.206,608.526,636.608,607.236,17709156,1439961769.0,0,617.118,-0.0356,2161897822,1166990330,0.00819,173340967367.96,93569284659.4
2019-12-24,002714,牧原股份,608.451,597.825,613.839,591.222,14620276,1151120720.0,0,597.56,-0.01759,2161897822,1166990330,0.00676,170292691438.94,91923828294.1
2019-12-25,002714,牧原股份,598.432,593.347,602.91,591.981,9118197,716467107.0,0,596.353,-0.00749,2161897822,1166990330,0.00422,169017171723.96,91235303999.4
2019-12-26,002714,牧原股份,597.294,590.312,598.508,586.289,8651728,674423412.0,0,591.617,-0.00512,2161897822,1166990330,0.004,168152412595.16,90768507867.4
2019-12-27,002714,牧原股份,597.977,629.701,631.219,593.651,28861900,2341710945.0,0,615.774,0.06673,2161897822,1166990330,0.01335,179372662291.34,96825187680.1
2019-12-30,002714,牧原股份,632.206,645.867,646.853,616.268,24881267,2080585058.0,0,634.642,0.02567,2161897822,1166990330,0.01151,183977504652.2,99310877083.0
2019-12-31,002714,牧原股份,646.626,673.872,686.85,646.474,28172743,2486689591.0,0,669.895,0.04336,2161897822,1166990330,0.01303,191954907615.38,103617071400.7
2020-01-01,002714,牧原股份,673.872,673.872,673.872,673.872,0,0.0,2,,0.0,2161897822,1166990330,0.0,191954907615.38,103617071400.7
2020-01-02,002714,牧原股份,683.435,696.868,704.761,683.131,21280097,1952824561.0,0,696.474,0.03413,2161897822,1166990330,0.00984,198505458016.04,107153052100.6
2020-01-03,002714,牧原股份,701.118,689.127,710.909,676.377,16455070,1488092262.0,0,686.349,-0.01111,2161897822,1166990330,0.00761,196300322237.6,105962721964.0
2020-01-06,002714,牧原股份,680.02,685.712,692.998,679.261,11866869,1073677070.0,0,686.676,-0.00496,2161897822,1166990330,0.00549,195327468217.7,105437576315.5
2020-01-07,002714,牧原股份,686.85,711.895,720.927,685.712,19911955,1861821187.0,0,709.641,0.03818,2161897822,1166990330,0.00921,202786015703.6,109463692954.0
2020-01-08,002714,牧原股份,715.007,720.092,731.249,703.395,20107373,1910094072.0,0,720.965,0.01151,2161897822,1166990330,0.0093,205120865351.36,110724042510.4
2020-01-09,002714,牧原股份,719.485,709.695,725.405,705.824,10942138,1027554619.0,0,712.715,-0.01444,2161897822,1166990330,0.00506,202159065335.22,109125265758.3
2020-01-10,002714,牧原股份,708.86,688.975,709.087,684.194,14823767,1350723262.0,0,691.548,-0.0292,2161897822,1166990330,0.00686,196257084281.16,105939382157.4
2020-01-13,002714,牧原股份,688.064,693.529,702.864,681.537,12767401,1165009483.0,0,692.535,0.00661,2161897822,1166990330,0.00591,197554222974.36,106639576355.4
2020-01-14,002714,牧原股份,694.819,689.203,701.194,684.042,9745072,887727807.0,0,691.366,-0.00624,2204608322,1166990330,0.00442,200200481720.82,105974391867.3
2020-01-15,002714,牧原股份,720.851,680.627,721.003,673.872,19991889,1830498207.0,0,694.91,-0.01244,2204608322,1166990330,0.00907,197709274316.96,104655692794.4
2020-01-16,002714,牧原股份,680.627,686.85,700.891,668.484,13139651,1192272535.0,0,688.664,0.00914,2204608322,1166990330,0.00596,199517053141.0,105612624865.0
2020-01-17,002714,牧原股份,687.381,674.1,692.011,668.635,12146893,1082403567.0,0,676.301,-0.01856,2204608322,1166990330,0.00551,195813311160.04,103652081110.6
2020-01-20,002714,牧原股份,674.403,689.355,694.364,658.01,13921383,1250576372.0,0,681.773,0.02263,2204608322,1166990330,0.00631,200244573887.26,105997731673.9
2020-01-21,002714,牧原股份,687.305,671.671,690.493,670.912,8533507,761564925.0,0,677.318,-0.02565,2204608322,1166990330,0.00387,195107836497.0,103278644205.0
2020-01-22,002714,牧原股份,666.966,653.077,666.966,632.661,18006559,1536863716.0,0,647.764,-0.02768,2204608322,1166990330,0.00817,189706546108.1,100419517896.5
2020-01-23,002714,牧原股份,636.759,619.911,648.371,612.169,16275277,1346424656.0,0,627.864,-0.05078,2204608322,1166990330,0.00738,180072407740.96,95319770154.4
2020-01-24,002714,牧原股份,619.911,619.911,619.911,619.911,0,0.0,2,,0.0,2204608322,1166990330,0.0,180072407740.96,95319770154.4
2020-01-27,002714,牧原股份,619.911,619.911,619.911,619.911,0,0.0,2,,0.0,2204608322,1166990330,0.0,180072407740.96,95319770154.4
2020-01-28,002714,牧原股份,619.911,619.911,619.911,619.911,0,0.0,2,,0.0,2204608322,1166990330,0.0,180072407740.96,95319770154.4
2020-01-29,002714,牧原股份,619.911,619.911,619.911,619.911,0,0.0,2,,0.0,2204608322,1166990330,0.0,180072407740.96,95319770154.4
2020-01-30,002714,牧原股份,619.911,619.911,619.911,619.911,0,0.0,2,,0.0,2204608322,1166990330,0.0,180072407740.96,95319770154.4
2020-01-31,002714,牧原股份,619.911,619.911,619.911,619.911,0,0.0,2,,0.0,2204608322,1166990330,0.0,180072407740.96,95319770154.4
2020-02-03,002714,牧原股份,557.904,558.587,581.052,557.904,26378711,1966443009.0,0,565.775,-0.09892,2204608322,1166990330,0.01197,162259172499.2,85890488288.0
2020-02-04,002714,牧原股份,569.44,614.446,614.446,569.213,22866294,1808239549.0,0,600.17,0.1,2204608322,1166990330,0.01037,178485089749.12,94479537116.8
2020-02-05,002714,牧原股份,630.005,621.808,644.197,618.924,19645703,1628721562.0,0,629.208,0.01198,2204608322,1166990330,0.00891,180623559821.46,95611517736.9
2020-02-06,002714,牧原股份,644.956,683.966,683.966,623.098,26703096,2330780767.0,0,662.45,0.09996,2204608322,1166990330,0.01211,198679301978.64,105169168539.6
2020-02-07,002714,牧原股份,674.707,701.65,715.842,655.354,25849745,2375036960.0,0,697.316,0.02586,2204608322,1166990330,0.01173,203816039368.9,107888256008.5
2020-02-10,002714,牧原股份,701.877,752.955,771.094,701.877,28798860,2851051147.0,0,751.353,0.07312,2204608322,1166990330,0.01306,218719191625.62,115777110639.3
2020-02-11,002714,牧原股份,752.955,759.026,781.719,752.955,20429030,2055947670.0,0,763.8,0.00806,2204608322,1166990330,0.00927,220482878283.22,116710702903.3
2020-02-12,002714,牧原股份,758.875,745.669,764.263,739.218,22088599,2177789563.0,0,748.272,-0.0176,2204608322,1166990330,0.01002,216602767636.5,114656799922.5
2020-02-13,002714,牧原股份,748.932,745.062,756.142,730.034,15899763,1556677451.0,0,743.058,-0.00081,2204608322,1166990330,0.00721,216426398970.74,114563440696.1
2020-02-14,002714,牧原股份,757.432,804.563,808.434,757.432,31203965,3241116782.0,0,788.314,0.07986,2204608322,1166990330,0.01415,233710528215.22,123712644883.3
2020-02-17,002714,牧原股份,804.563,800.313,818.528,787.107,20827720,2193622577.0,0,799.342,-0.00528,2204608322,1166990330,0.00945,232475947554.9,123059130298.5
2020-02-18,002714,牧原股份,789.308,806.385,810.18,782.554,14917807,1570833474.0,0,799.167,0.00759,2204608322,1166990330,0.00677,234239634212.5,123992722562.5
2020-02-19,002714,牧原股份,812.077,818.149,849.493,812.077,23364285,2556315290.0,0,830.375,0.01459,2204608322,1166990330,0.0106,237656777111.6,125801557574.0
2020-02-20,002714,牧原股份,832.948,821.26,838.64,812.229,18169064,1968242615.0,0,822.163,0.0038,2204608322,1166990330,0.00824,238560666523.62,126280023609.3
2020-02-21,002714,牧原股份,819.666,838.337,856.02,807.523,19639298,2160428569.0,0,834.883,0.02079,2204608322,1166990330,0.00891,243521035248.12,128905751851.8
2020-02-24,002714,牧原股份,827.256,846.761,861.409,815.872,21458131,2376996002.0,0,840.72,0.01005,2204608322,1166990330,0.00973,245968150485.54,130201111118.1
2020-02-25,002714,牧原股份,835.604,910.513,918.33,832.569,28204863,3293811325.0,0,886.317,0.07529,2204608322,1166990330,0.01279,264486860390.34,140003829890.1
2020-02-26,002714,牧原股份,910.057,880.382,925.919,872.869,26878817,3180195834.0,0,897.96,-0.03309,2204608322,1166990330,0.01219,255734565352.0,135370878280.0
2020-02-27,002714,牧原股份,880.382,900.115,936.545,865.203,33040550,3938945856.0,0,904.79,0.02241,2204608322,1166990330,0.01499,261466546989.2,138405053138.0
2020-02-28,002714,牧原股份,866.114,884.177,919.924,866.038,26238756,3088221334.0,0,893.262,-0.01771,2204608322,1166990330,0.0119,256836869513.0,135954373445.0
2020-03-02,002714,牧原股份,876.588,910.74,937.152,876.208,34004152,4083285654.0,0,911.363,0.03004,2204608322,1166990330,0.01542,264552998640.0,140038839600.0
2020-03-03,002714,牧原股份,924.629,907.629,931.991,905.048,22914017,2767071249.0,0,916.501,-0.00342,2204608322,1166990330,0.01039,263649109227.98,139560373564.7
2020-03-04,002714,牧原股份,899.432,923.643,941.098,899.432,23643445,2886069331.0,0,926.42,0.01764,2204608322,1166990330,0.01072,268300832787.4,142022723161.0
2020-03-05,002714,牧原股份,933.509,960.831,986.484,925.009,32599652,4118241252.0,0,958.767,0.04026,2204608322,1166990330,0.01479,279103413565.2,147740975778.0
2020-03-06,002714,牧原股份,944.893,971.457,1011.605,944.893,35920569,4640307977.0,0,980.427,0.01106,2204608322,1166990330,0.01629,282189865216.0,149374762240.0
2020-03-09,002714,牧原股份,971.381,1013.123,1061.923,961.59,37196401,4965642533.0,0,1013.184,0.04289,2204608322,1166990330,0.01687,294293164903.78,155781539151.7
2020-03-10,002714,牧原股份,1017.904,988.988,1039.762,956.505,31614711,4108884744.0,0,986.385,-0.02382,2204608322,1166990330,0.01434,287282510439.82,152070509902.3
2020-03-11,002714,牧原股份,986.636,967.358,1016.69,949.902,28546823,3694816675.0,0,982.31,-0.02187,2204608322,1166990330,0.01295,280999376722.12,148744587461.8
2020-03-12,002714,牧原股份,950.206,924.402,963.639,910.74,26582677,3248070079.0,0,927.339,-0.04441,2204608322,1166990330,0.01206,268521293619.6,142139422194.0
2020-03-13,002714,牧原股份,877.195,930.473,952.483,876.664,23777482,2865917536.0,0,914.771,0.00657,2204608322,1166990330,0.01079,270284980277.2,143073014458.0
2020-03-16,002714,牧原股份,942.616,865.203,943.224,841.145,27622539,3226282430.0,0,886.446,-0.07015,2204608322,1166990330,0.01253,251325348708.0,133036897620.0
2020-03-17,002714,牧原股份,884.86,865.355,897.99,823.917,20826957,2360291107.0,0,860.111,0.00018,2204608322,1166990330,0.00945,251369440874.44,133060237426.6
2020-03-18,002714,牧原股份,880.382,891.843,950.206,877.574,31775903,3828302589.0,0,914.368,0.03061,2204608322,1166990330,0.01441,259063523918.22,137133033678.3
2020-03-19,002714,牧原股份,892.602,911.727,918.33,868.998,21488875,2536958892.0,0,896.009,0.0223,2204608322,1166990330,0.00975,264839597721.86,140190548342.9
2020-03-20,002714,牧原股份,926.83,885.695,934.572,873.628,21521057,2534179625.0,0,893.687,-0.02855,2204608322,1166990330,0.00976,257277791177.4,136187771511.0
2020-03-23,002714,牧原股份,846.989,846.23,867.936,831.051,21161069,2360029731.0,0,846.435,-0.04456,2204608322,1166990330,0.0096,245813827903.0,130119421795.0
2020-03-24,002714,牧原股份,872.793,871.047,880.382,848.658,19188231,2187932588.0,0,865.393,0.02933,2204608322,1166990330,0.0087,253022897115.94,133935480174.1
2020-03-25,002714,牧原股份,898.597,898.445,910.74,881.141,17856634,2101766030.0,0,893.3,0.03145,2204608322,1166990330,0.0081,260981533158.36,138148315265.4
2020-03-26,002714,牧原股份,886.454,895.561,912.258,880.838,13812741,1638964851.0,0,900.54,-0.00321,2204608322,1166990330,0.00627,260143781996.0,137704858940.0
2020-03-27,002714,牧原股份,902.316,867.784,903.227,866.57,16089182,1860599029.0,0,877.673,-0.03102,2204608322,1166990330,0.0073,252074915537.48,133433674332.2
2020-03-30,002714,牧原股份,852.301,868.998,879.092,850.024,10094475,1148081758.0,0,863.185,0.0014,2204608322,1166990330,0.00458,252427652869.0,133620392785.0
2020-03-31,002714,牧原股份,876.588,927.513,930.321,870.516,28418475,3426884559.0,0,915.196,0.06734,2204608322,1166990330,0.01289,269425183031.62,142617888229.3
2020-04-01,002714,牧原股份,933.357,920.607,941.023,907.098,18975477,2308522545.0,0,923.324,-0.00745,2204608322,1166990330,0.00861,267418989458.6,141555927029.0
2020-04-02,002714,牧原股份,925.995,914.763,933.281,900.115,14973699,1794504630.0,0,909.557,-0.00635,2204608322,1166990330,0.00679,265721441050.66,140657344474.9
2020-04-03,002714,牧原股份,907.325,932.446,950.813,903.227,17112960,2108063588.0,0,934.913,0.01933,2204608322,1166990330,0.00776,270858178440.92,143376431943.8
2020-04-06,002714,牧原股份,932.446,932.446,932.446,932.446,0,0.0,2,,0.0,2204608322,1166990330,0.0,270858178440.92,143376431943.8
2020-04-07,002714,牧原股份,947.929,973.733,976.769,925.919,22008389,2786437535.0,0,960.892,0.04428,2204608322,1166990330,0.00998,282851247712.6,149724859339.0
2020-04-08,002714,牧原股份,971.457,935.71,977.528,927.437,22863624,2852942569.0,0,947.026,-0.03905,2204608322,1166990330,0.01037,271806160019.38,143878237785.7
2020-04-09,002714,牧原股份,933.509,943.375,950.965,907.022,15894680,1940316860.0,0,926.474,0.00819,2204608322,1166990330,0.00721,274032814424.6,145056898019.0
2020-04-10,002714,牧原股份,938.063,940.34,961.894,931.688,10437423,1298217755.0,0,943.99,-0.00322,2204608322,1166990330,0.00473,273150971095.8,144590101887.0
2020-04-13,002714,牧原股份,931.991,937.304,958.251,925.009,8850357,1098931837.0,0,942.374,-0.00323,2204608322,1166990330,0.00401,272269127767.0,144123305755.0
2020-04-14,002714,牧原股份,947.625,945.425,964.019,936.621,11089538,1387366453.0,0,949.492,0.00866,2204608322,1166990330,0.00503,274628058671.54,145371985408.1
2020-04-15,002714,牧原股份,941.098,923.415,950.889,921.442,12938497,1585999274.0,0,930.321,-0.02328,2204608322,1166990330,0.00587,268234694537.74,141987713451.1
2020-04-16,002714,牧原股份,919.089,905.2,925.844,897.838,12982813,1552069654.0,0,907.31,-0.01973,2204608322,1166990330,0.00589,262943634564.94,139186936659.1
2020-04-17,002714,牧原股份,910.74,940.871,947.55,903.151,17658037,2170486403.0,0,932.887,0.03941,2204608322,1166990330,0.00801,273305293678.34,144671791210.1
2020-04-20,002714,牧原股份,937.456,941.857,950.585,929.714,10028368,1243718773.0,0,941.25,0.00105,2204608322,1166990330,0.00455,273591892760.2,144823499953.0
2020-04-21,002714,牧原股份,939.656,937.38,944.514,923.491,9931731,1221199631.0,0,933.198,-0.00475,2204608322,1166426129,0.0045,272291173850.22,144065291192.79
2020-04-22,002714,牧原股份,933.509,959.769,973.657,930.473,20798084,2625968739.0,0,958.251,0.02388,2204608322,1166426129,0.00943,278794768400.12,147506248273.34
2020-04-23,002714,牧原股份,960.983,971.532,999.386,960.983,15213478,1965413850.0,0,980.48,0.01226,2204608322,1166426129,0.0069,282211911299.22,149314208773.29
2020-04-24,002714,牧原股份,980.716,974.492,985.877,960.831,9697726,1246819813.0,0,975.767,0.00305,2204608322,1390917159,0.0044,283071708544.8,178593763215.6
2020-04-27,002714,牧原股份,993.921,1010.922,1036.423,974.796,20319493,2703078737.0,0,1009.624,0.03738,2204608322,1390917159,0.00922,293653828490.4,185270165578.8
2020-04-28,002714,牧原股份,1016.994,1014.717,1024.431,986.636,15749338,2091607424.0,0,1007.932,0.00375,2204608322,1390917159,0.00714,294756132651.4,185965624158.3
2020-04-29,002714,牧原股份,1011.681,978.287,1014.565,973.05,13381092,1738106207.0,0,985.823,-0.0359,2204608322,1390917159,0.00607,284174012705.8,179289221795.1
2020-04-30,002714,牧原股份,982.082,966.903,983.752,953.318,11539376,1465303220.0,0,963.738,-0.01164,2204608322,1390917159,0.00523,280867100222.8,177202846056.6
2020-05-01,002714,牧原股份,966.903,966.903,966.903,966.903,0,0.0,2,,0.0,2204608322,1390917159,0.0,280867100222.8,177202846056.6
2020-05-04,002714,牧原股份,966.903,966.903,966.903,966.903,0,0.0,2,,0.0,2204608322,1390917159,0.0,280867100222.8,177202846056.6
2020-05-05,002714,牧原股份,966.903,966.903,966.903,966.903,0,0.0,2,,0.0,2204608322,1390917159,0.0,280867100222.8,177202846056.6
2020-05-06,002714,牧原股份,947.625,939.581,955.898,932.067,17908997,2214156621.0,0,938.321,-0.02826,2204608322,1390917159,0.00812,272930510263.6,172195544284.2
2020-05-07,002714,牧原股份,938.442,938.442,959.162,933.509,12090229,1506378222.0,0,945.614,-0.00121,2204608322,1390917159,0.00548,272599819015.3,171986906710.35
2020-05-08,002714,牧原股份,940.415,935.786,943.375,919.924,11530745,1419055573.0,0,934.017,-0.00283,2204608322,1390917159,0.00523,271828206102.6,171500085704.7
2020-05-11,002714,牧原股份,925.919,884.936,928.196,879.016,32367261,3821323523.0,0,896.024,-0.05434,2204608322,1390917159,0.01468,257057330345.2,162180940739.4
2020-05-12,002714,牧原股份,876.588,880.61,894.119,875.07,14173205,1646807007.0,0,881.84,-0.00489,2204608322,1390917159,0.00643,255800703601.66,161388117958.77
2020-05-13,002714,牧原股份,881.293,875.07,884.936,863.913,18686151,2145858643.0,0,871.556,-0.00629,2204608322,1390917159,0.00848,254191339526.6,160372748432.7
2020-05-14,002714,牧原股份,873.552,856.324,873.552,851.163,21074663,2382747396.0,0,858.085,-0.02142,2204608322,1390917159,0.00956,248745956971.26,156937183049.97
2020-05-15,002714,牧原股份,863.686,865.203,872.641,853.06,12967148,1475353500.0,0,863.503,0.01037,2204608322,1390917159,0.00588,251325348708.0,158564556126.0
2020-05-18,002714,牧原股份,872.034,905.428,910.361,872.034,26989719,3201247999.0,0,900.191,0.04649,2204608322,1390917159,0.01224,263009772814.6,165936417068.7
2020-05-19,002714,牧原股份,910.74,887.289,917.419,877.347,16436702,1930996127.0,0,891.623,-0.02003,2204608322,1390917159,0.00746,257740758925.02,162612125058.69
2020-05-20,002714,牧原股份,880.382,859.891,880.382,852.908,20466849,2319597281.0,0,860.149,-0.03088,2204608322,1390917159,0.00928,249782122882.6,157590914114.7
2020-05-21,002714,牧原股份,866.114,869.757,880.231,848.507,17335637,1965702569.0,0,860.581,0.01147,2204608322,1390917159,0.00786,252648113701.2,159399106421.4
2020-05-22,002714,牧原股份,872.869,884.708,904.517,862.168,16800989,1964239335.0,0,887.304,0.01719,2204608322,1390917159,0.00762,256991192095.54,162139213224.63
2020-05-25,002714,牧原股份,894.575,907.401,920.227,894.575,22153464,2662616613.0,0,912.182,0.02565,2204608322,1390917159,0.01005,263582970978.32,166298055530.04
2020-05-26,002714,牧原股份,910.74,890.097,914.459,881.369,12515256,1467454932.0,0,889.892,-0.01907,2204608322,1390917159,0.00568,258556464004.16,163126764407.52
2020-05-27,002714,牧原股份,885.847,872.338,887.972,865.203,10497448,1210694073.0,0,875.313,-0.01995,2204608322,1390917159,0.00476,253397680530.68,159872018255.46
2020-05-28,002714,牧原股份,880.382,875.07,886.454,865.583,9526961,1099369137.0,0,875.798,0.00313,2204608322,1390917159,0.00432,254191339526.6,160372748432.7
2020-05-29,002714,牧原股份,867.632,912.182,913.7,867.632,16269893,1924867458.0,0,897.907,0.04241,2204608322,1390917159,0.00738,264971874221.18,167174333340.21
2020-06-01,002714,牧原股份,914.611,910.665,929.866,897.838,13032823,1558921554.0,0,907.819,-0.00166,2204608322,1390917159,0.00591,264530952556.78,166896149908.41
2020-06-02,002714,牧原股份,910.74,923.263,948.612,910.665,14232123,1743446644.0,0,929.722,0.01383,2204608322,1390917159,0.00646,268190602371.3,169205072392.35
2020-06-03,002714,牧原股份,935.33,912.941,944.893,907.022,12347197,1494654788.0,0,918.725,-0.01118,2204608322,1390917159,0.0056,265192335053.38,167313425056.11
2020-06-04,002714,牧原股份,915.015,928.753,928.753,895.704,17887337,1267589205.0,0,918.449,0.01732,3747834147,2364559170,0.00477,268569794974.02,169444310122.2
2020-06-05,002714,牧原股份,928.753,896.611,929.012,895.833,23541054,1643705819.0,0,904.944,-0.03461,3747834147,2364559170,0.00628,259275166289.46,163580203380.6
2020-06-08,002714,牧原股份,911.127,901.017,912.423,887.798,15499704,1079365224.0,0,902.547,0.00491,3747834147,2364559170,0.00414,260549429899.44,164384153498.4
2020-06-09,002714,牧原股份,903.739,899.462,913.46,892.982,11965997,830470200.0,0,899.501,-0.00173,3747834147,2364559170,0.00319,260099689801.8,164100406398.0
2020-06-10,002714,牧原股份,899.462,902.313,924.346,895.963,20756337,1459847397.0,0,911.554,0.00317,3747834147,2364559170,0.00554,260924213314.14,164620609415.4
2020-06-11,002714,牧原股份,899.462,856.692,899.462,853.323,46135110,3099406555.0,0,870.703,-0.05056,3747834147,2364559170,0.01231,247731837116.7,156297361137.0
2020-06-12,002714,牧原股份,848.398,864.469,866.802,844.769,23001906,1526725002.0,0,860.244,0.00908,3747834147,2364559170,0.00614,249980537604.9,157716096639.0
2020-06-15,002714,牧原股份,881.317,897.259,916.829,881.188,32638928,2271597849.0,0,902.028,0.03793,3747834147,2364559170,0.00871,259462557996.81,163698431339.1
2020-06-16,002714,牧原股份,907.239,893.76,907.627,875.874,19968932,1361480359.0,0,883.65,-0.0039,3747834147,2364559170,0.00533,258450642777.12,163060000363.2
2020-06-17,002714,牧原股份,891.686,907.239,915.533,881.317,23389344,1626630998.0,0,901.354,0.01508,3747834147,2364559170,0.00624,262348390290.0,165519141900.0
2020-06-18,002714,牧原股份,912.812,934.585,948.453,910.867,31554289,2277549894.0,0,935.48,0.03014,3747834147,2364559170,0.00842,270256320340.17,170508361748.7
2020-06-19,002714,牧原股份,942.232,971.134,976.966,930.956,33428706,2469929262.0,0,957.603,0.03911,3747834147,2364559170,0.00892,280825212634.71,177176418608.1
2020-06-22,002714,牧原股份,973.337,984.224,1003.147,956.618,31974943,2423282056.0,0,982.241,0.01348,3747834147,2364559170,0.00853,284610525123.18,179564623369.8
2020-06-23,002714,牧原股份,985.52,984.872,993.556,972.171,22560103,1710135299.0,0,982.462,0.00066,3747834147,2364559170,0.00602,284797916830.53,179682851328.3
2020-06-24,002714,牧原股份,986.427,974.633,1007.942,971.652,19214297,1457195049.0,0,982.915,-0.0104,3747834147,2364559170,0.00513,281837127854.4,177814849584.0
2020-06-25,002714,牧原股份,974.633,974.633,974.633,974.633,0,0.0,2,,0.0,3747834147,2364559170,0.0,281837127854.4,177814849584.0
2020-06-26,002714,牧原股份,974.633,974.633,974.633,974.633,0,0.0,2,,0.0,3747834147,2364559170,0.0,281837127854.4,177814849584.0
2020-06-29,002714,牧原股份,991.612,1010.923,1023.883,983.447,30654653,2382206456.0,0,1007.177,0.03723,3747834147,2364559170,0.00818,292331063466.0,184435615260.0
2020-06-30,002714,牧原股份,1012.349,1062.765,1064.32,1010.923,30876818,2484088057.0,0,1042.702,0.05128,3747834147,2364559170,0.00824,307322400054.0,193893851940.0
2020-07-01,002714,牧原股份,1071.189,1079.355,1114.478,1066.135,41061351,3459277246.0,0,1091.887,0.01561,3747834147,2364559170,0.01096,312119627762.16,196920487677.6
2020-07-02,002714,牧原股份,1080.651,1056.285,1093.87,1043.713,42317849,3466827732.0,0,1061.78,-0.02137,3747834147,2364559170,0.01129,305448482980.5,192711572355.0
2020-07-03,002714,牧原股份,1049.416,1073.004,1074.43,1018.051,29504642,2390776702.0,0,1050.206,0.01583,3747834147,2364559170,0.00787,310283189030.13,195761853684.3
2020-07-06,002714,牧原股份,1082.206,1140.269,1145.324,1082.206,42249734,3649533274.0,0,1119.532,0.06269,3747834147,2364559170,0.01127,329734448253.06,208033915776.6
2020-07-07,002714,牧原股份,1201.443,1127.568,1201.443,1126.531,57938510,5165059230.0,0,1155.394,-0.01114,3747834147,2364559170,0.01546,326061570789.0,205716647790.0
2020-07-08,002714,牧原股份,1128.605,1138.584,1156.859,1122.384,31073957,2724988595.0,0,1136.562,0.00977,3747834147,2364559170,0.00829,329247229813.95,207726523084.5
2020-07-09,002714,牧原股份,1134.048,1176.17,1188.482,1128.605,41785034,3748579925.0,0,1162.704,0.03301,3747834147,2364559170,0.01115,340115948840.25,214583744677.5
2020-07-10,002714,牧原股份,1157.377,1158.803,1175.392,1147.009,26177844,2339290566.0,0,1158.168,-0.01477,3747834147,2364559170,0.00698,335093851083.27,211415235389.7
2020-07-13,002714,牧原股份,1158.932,1213.496,1226.068,1158.803,43289972,4021332852.0,0,1203.944,0.0472,3747834147,2364559170,0.01155,350909711183.61,221393675087.1
2020-07-14,002714,牧原股份,1214.144,1248.101,1253.026,1185.89,39087101,3673040837.0,0,1217.916,0.02852,3747834147,2364559170,0.01043,360916428356.1,227707048071.0
2020-07-15,002714,牧原股份,1248.101,1249.786,1283.224,1218.292,38230276,3724187273.0,0,1262.552,0.00135,3747834147,2364559170,0.0102,361403646795.21,228014440763.1
2020-07-16,002714,牧原股份,1250.693,1166.709,1263.654,1166.45,44169837,4104275179.0,0,1204.294,-0.06647,3747834147,2364559170,0.01179,337380029912.94,212857616483.4
2020-07-17,002714,牧原股份,1166.45,1224.513,1224.513,1166.45,35943678,3340411161.0,0,1204.489,0.04954,3747834147,2364559170,0.00959,354095370208.56,223403550381.6
2020-07-20,002714,牧原股份,1244.213,1256.914,1283.094,1231.252,39552084,3836873362.0,0,1257.277,0.02646,3747834147,2364559170,0.01055,363464955576.06,229314948306.6
2020-07-21,002714,牧原股份,1262.358,1238.64,1262.876,1207.664,30572028,2909346351.0,0,1233.378,-0.01454,3747834147,2364559170,0.00816,358180509428.79,225980919876.9
2020-07-22,002714,牧原股份,1229.956,1212.071,1243.435,1208.053,44130605,4161348348.0,0,1222.128,-0.02145,3747834147,2364559170,0.01177,350497449427.44,221133573578.4
2020-07-23,002714,牧原股份,1204.683,1192.5,1217.644,1168.394,35762857,3278140647.0,0,1188.003,-0.01615,3747834147,2364559170,0.00954,344838219865.47,217563089231.7
2020-07-24,002714,牧原股份,1189.778,1156.729,1226.068,1134.048,51648933,4721790523.0,0,1184.866,-0.03,3747834147,2364559170,0.01378,334494197619.75,211036905922.5
2020-07-27,002714,牧原股份,1179.41,1129.642,1192.111,1117.07,32953495,2914717594.0,0,1146.348,-0.02342,3747834147,2364559170,0.00879,326661224252.52,206094977257.2
2020-07-28,002714,牧原股份,1143.25,1169.56,1176.688,1137.936,32752354,2936424168.0,0,1161.978,0.03534,3747834147,2364559170,0.00874,338204553425.28,213377819500.8
2020-07-29,002714,牧原股份,1169.56,1180.706,1181.873,1147.009,28614139,2583462977.0,0,1170.156,0.00953,3747834147,2364559170,0.00763,341427690791.7,215411340387.0
2020-07-30,002714,牧原股份,1177.984,1179.928,1203.776,1171.504,28025552,2569780886.0,0,1188.405,-0.00066,3747834147,2364559170,0.00748,341202820742.88,215269466836.8
2020-07-31,002714,牧原股份,1179.928,1185.631,1196.777,1159.969,22571368,2055860630.0,0,1180.486,0.00483,3747834147,2364559170,0.00602,342851867767.56,216309872871.6
2020-08-03,002714,牧原股份,1192.371,1210.775,1238.381,1192.111,34159672,3198467204.0,0,1213.535,0.02121,3747834147,2364559170,0.00911,350122666012.74,220897117661.4
2020-08-04,002714,牧原股份,1201.443,1206.498,1224.772,1195.092,21940357,2046320363.0,0,1208.792,-0.00353,3747834147,2364559170,0.00585,348885880744.23,220116813135.3
2020-08-05,002714,牧原股份,1216.996,1227.364,1231.252,1195.87,32457362,3059912100.0,0,1221.856,0.01729,3747834147,2364559170,0.00866,354919893720.9,223923753399.0
2020-08-06,002714,牧原股份,1245.509,1205.331,1256.525,1195.222,41197326,3900370081.0,0,1227.04,-0.01795,3747834147,2364559170,0.01099,348548575671.0,219904002810.0
2020-08-07,002714,牧原股份,1190.815,1177.077,1207.664,1161.006,32275429,2929792091.0,0,1176.494,-0.02344,3747834147,2364559170,0.00861,340378297230.54,214749263819.4
2020-08-10,002714,牧原股份,1174.355,1189.13,1189.13,1161.395,22594447,2053132668.0,0,1177.712,0.01024,3747834147,2364559170,0.00603,343863782987.25,216948303847.5
2020-08-11,002714,牧原股份,1185.89,1217.384,1255.359,1185.89,44673496,4244501728.0,0,1231.408,0.02376,3747834147,2364559170,0.01192,352034061427.71,222103042838.1
2020-08-12,002714,牧原股份,1219.977,1201.443,1228.401,1170.338,28045475,2572281287.0,0,1188.716,-0.01309,3747834147,2364559170,0.00748,347424225426.9,219194635059.0
2020-08-13,002714,牧原股份,1202.739,1192.371,1226.846,1188.742,22344656,2079365873.0,0,1206.096,-0.00755,3747834147,2364559170,0.00596,344800741524.0,217539443640.0
2020-08-14,002714,牧原股份,1192.63,1196.0,1203.517,1176.818,15588173,1430110534.0,0,1189.04,0.00304,3747834147,2364559170,0.00416,345850135085.16,218201520207.6
2020-08-17,002714,牧原股份,1195.87,1188.612,1210.256,1182.65,25594380,2351628973.0,0,1190.828,-0.00618,3747834147,2364559170,0.00683,343713869621.37,216853721480.7
2020-08-18,002714,牧原股份,1192.241,1181.613,1197.425,1179.41,25737037,2353193819.0,0,1185.009,-0.00589,3747834147,2364559170,0.00687,341690039181.99,215576859528.9
2020-08-19,002714,牧原股份,1183.298,1161.265,1187.186,1161.006,23453781,2118384100.0,0,1170.623,-0.01722,3747834147,2364559170,0.00626,335805939571.2,211864501632.0
2020-08-20,002714,牧原股份,1160.617,1163.987,1172.8,1140.917,16295026,1456059756.0,0,1158.103,0.00234,3747834147,2364559170,0.00435,336592984742.07,212361059057.7
2020-08-21,002714,牧原股份,1168.134,1163.08,1172.671,1154.137,17774561,1596048791.0,0,1163.78,-0.00078,3747834147,2364559170,0.00474,336330636351.78,212195539915.8
2020-08-24,002714,牧原股份,1173.189,1175.392,1189.13,1170.208,24093160,2195528970.0,0,1181.056,0.01059,3747834147,2364559170,0.00643,339891078791.43,214441871127.3
2020-08-25,002714,牧原股份,1179.54,1169.042,1183.687,1167.616,13241530,1198877073.0,0,1173.435,-0.0054,3747834147,2364559170,0.00353,338054640059.4,213283237134.0
2020-08-26,002714,牧原股份,1179.151,1156.081,1183.298,1147.009,19760248,1766293170.0,0,1158.492,-0.01109,3747834147,2364559170,0.00527,334306805912.4,210918677964.0
2020-08-27,002714,牧原股份,1155.433,1148.305,1155.433,1135.992,14764282,1304413147.0,0,1145.052,-0.00673,3747834147,2364559170,0.00394,332058105424.2,209499942462.0
2020-08-28,002714,牧原股份,1148.305,1162.95,1166.061,1145.324,20744293,1852130165.0,0,1157.17,0.01275,3747834147,2364559170,0.00554,336293158010.31,212171894324.1
2020-08-31,002714,牧原股份,1135.085,1137.936,1150.508,1107.738,35655671,3111943875.0,0,1131.171,-0.02151,3747834147,2364637278,0.00951,329059838106.6,207615153008.4
2020-09-01,002714,牧原股份,1136.64,1152.452,1152.971,1130.16,18138507,1598337699.0,0,1142.058,0.01276,3747834147,2364637278,0.00484,333257412351.24,210263546759.76
2020-09-02,002714,牧原股份,1157.507,1157.248,1205.331,1153.489,38936972,3539877028.0,0,1178.282,0.00416,3747834147,2364637278,0.01039,334644110985.63,211138462552.62
2020-09-03,002714,牧原股份,1156.081,1140.917,1156.081,1133.141,25418772,2236557989.0,0,1140.373,-0.01411,3747834147,2494965398,0.00678,329921839960.41,219631803985.94
2020-09-04,002714,牧原股份,1121.217,1133.4,1138.714,1114.607,18156222,1580941517.0,0,1128.527,-0.00659,3747834147,2494965398,0.00484,327748096155.15,218184724055.1
2020-09-07,002714,牧原股份,1127.568,1073.393,1140.399,1062.765,40360191,3409856662.0,0,1094.985,-0.05294,3747834147,2494965398,0.01077,310395624054.54,206633034262.36
2020-09-08,002714,牧原股份,1073.393,1072.874,1084.15,1050.971,27806171,2283468466.0,0,1064.333,-0.00048,3747834147,2494965398,0.00742,310245710688.66,206533235646.44
2020-09-09,002714,牧原股份,1061.469,1029.068,1061.469,1025.05,26177983,2096835132.0,0,1038.127,-0.04083,3747834147,2494965398,0.00698,297578031271.8,198100252601.2
2020-09-10,002714,牧原股份,1049.805,1026.476,1058.359,1021.421,18406054,1475235895.0,0,1038.775,-0.00252,3747834147,2494965398,0.00491,296828464442.4,197601259521.6
2020-09-11,002714,牧原股份,1036.844,1014.941,1042.676,1004.313,21102463,1655431033.0,0,1016.716,-0.01124,3747834147,2494965398,0.00563,293492892051.57,195380740317.38
2020-09-14,002714,牧原股份,1030.234,1012.608,1047.083,1002.369,22075933,1738437005.0,0,1020.617,-0.0023,3747834147,2494965398,0.00589,292818281905.11,194931646545.74
2020-09-15,002714,牧原股份,1013.515,1020.125,1022.458,998.87,14757215,1153294877.0,0,1012.88,0.00742,3747834147,2494965398,0.00394,294992025710.37,196378726476.58
2020-09-16,002714,牧原股份,1013.385,977.873,1018.051,943.398,44631381,3364636231.0,0,977.057,-0.04142,3747834147,2494965398,0.01191,282774086391.15,188245139279.1
2020-09-17,002714,牧原股份,972.041,960.247,973.726,941.066,29568516,2178983090.0,0,955.102,-0.01802,3747834147,2494965398,0.00789,277677031951.23,184851986337.82
2020-09-18,002714,牧原股份,959.081,975.929,986.946,956.618,22895280,1720045060.0,0,973.687,0.01633,3747834147,2494965398,0.00611,282211911269.1,187870894469.4
2020-09-21,002714,牧原股份,975.929,956.877,976.059,946.768,18643937,1377837219.0,0,957.824,-0.01952,3747834147,2494965398,0.00497,276702595073.01,184203295334.34
2020-09-22,002714,牧原股份,959.081,944.824,966.727,941.973,18143139,1335641031.0,0,954.117,-0.0126,3747834147,2494965398,0.00484,273217109316.3,181882977514.2
2020-09-23,002714,牧原股份,944.824,965.82,970.486,941.714,18579733,1376558181.0,0,960.234,0.02222,3747834147,2494965398,0.00496,279288600634.44,185924821458.96
2020-09-24,002714,牧原股份,964.265,955.322,969.838,950.268,18579391,1371633592.0,0,956.826,-0.01087,3747834147,2494965398,0.00496,276252854975.37,183903899486.58
2020-09-25,002714,牧原股份,961.673,958.433,972.689,953.508,20014975,1487818875.0,0,963.422,0.00326,3747834147,2494965398,0.00534,277152335170.65,184502691182.1
2020-09-28,002714,牧原股份,961.673,915.922,964.135,913.848,24519138,1765242185.0,0,933.082,-0.04435,3747834147,2494965398,0.00654,264859439168.49,176319204676.66
2020-09-29,002714,牧原股份,938.733,959.081,962.839,922.143,24499956,1798383308.0,0,951.356,0.04712,3747834147,2494965398,0.00654,277339726878.0,184627439452.0
2020-09-30,002714,牧原股份,962.71,959.081,974.374,948.194,18769960,1391978613.0,0,961.154,0.0,3747834147,2494965398,0.00501,277339726878.0,184627439452.0
2020-10-01,002714,牧原股份,959.081,959.081,959.081,959.081,0,0.0,2,,0.0,3747834147,2494965398,0.0,277339726878.0,184627439452.0
2020-10-02,002714,牧原股份,959.081,959.081,959.081,959.081,0,0.0,2,,0.0,3747834147,2494965398,0.0,277339726878.0,184627439452.0
2020-10-05,002714,牧原股份,959.081,959.081,959.081,959.081,0,0.0,2,,0.0,3747834147,2494965398,0.0,277339726878.0,184627439452.0
2020-10-06,002714,牧原股份,959.081,959.081,959.081,959.081,0,0.0,2,,0.0,3747834147,2494965398,0.0,277339726878.0,184627439452.0
2020-10-07,002714,牧原股份,959.081,959.081,959.081,959.081,0,0.0,2,,0.0,3747834147,2494965398,0.0,277339726878.0,184627439452.0
2020-10-08,002714,牧原股份,959.081,959.081,959.081,959.081,0,0.0,2,,0.0,3747834147,2494965398,0.0,277339726878.0,184627439452.0
2020-10-09,002714,牧原股份,971.912,940.677,971.912,933.289,24727431,1797825607.0,0,942.31,-0.01919,3747834147,2494965398,0.0066,272017802389.26,181084588586.84
2020-10-12,002714,牧原股份,945.731,982.799,988.372,940.158,40522372,3034647045.0,0,970.59,0.04478,3747834147,2494965398,0.01081,284198263367.01,189193226130.34
2020-10-13,002714,牧原股份,984.872,1054.341,1061.339,972.3,39259229,3077153005.0,0,1015.848,0.07279,3747834147,2494965398,0.01048,304886307858.45,202965435127.3
2020-10-14,002714,牧原股份,1043.324,1010.923,1050.841,1008.59,35553019,2804885879.0,0,1022.497,-0.04118,3747834147,2494965398,0.00949,292331063466.0,194607301044.0
2020-10-15,002714,牧原股份,1004.443,988.89,1005.35,977.096,22013251,1677991921.0,0,987.931,-0.02179,3747834147,2494965398,0.00587,285959745416.1,190365859867.4
2020-10-16,002714,牧原股份,991.352,975.281,993.167,969.838,14289975,1079374858.0,0,978.962,-0.01376,3747834147,2494965398,0.00381,282024519561.75,187746146199.5
2020-10-19,002714,牧原股份,979.818,961.673,995.37,956.748,17528390,1320570307.0,0,976.435,-0.01395,3747834147,2494965398,0.00468,278089293707.4,185126432531.6
2020-10-20,002714,牧原股份,965.561,970.745,973.597,950.527,14611152,1084726985.0,0,962.191,0.00943,3747834147,2494965398,0.0039,280712777610.3,186872908310.2
2020-10-21,002714,牧原股份,970.745,946.639,970.875,944.435,17401408,1277143606.0,0,951.214,-0.02483,3747834147,2494965398,0.00464,273741806096.88,182232272669.92
2020-10-22,002714,牧原股份,947.416,923.31,950.656,920.458,19946026,1432381013.0,0,930.736,-0.02464,3747834147,2494965398,0.00532,266995704632.28,177741334953.52
2020-10-23,002714,牧原股份,920.199,894.537,925.902,892.982,21884957,1531392217.0,0,906.914,-0.03116,3747834147,2494965398,0.00584,258675512825.94,172202511769.96
2020-10-26,002714,牧原股份,894.408,913.071,921.236,877.04,14116652,984452163.0,0,903.83,0.02072,3747834147,2494965398,0.00377,264034915656.15,175770312289.1
2020-10-27,002714,牧原股份,912.941,925.254,927.716,908.535,13073251,929749061.0,0,921.728,0.01334,3747834147,2494965398,0.00349,267557879754.33,178115579763.22
2020-10-28,002714,牧原股份,927.716,911.775,934.456,911.775,14196542,1010530734.0,0,922.545,-0.01457,3747834147,2494965398,0.00379,263660132241.45,175520815749.3
2020-10-29,002714,牧原股份,902.184,933.16,943.528,895.574,18075166,1285493590.0,0,921.741,0.02345,3747834147,2494965398,0.00482,269844058584.0,179637508656.0
2020-10-30,002714,牧原股份,931.864,918.644,943.528,917.607,14544999,1039435102.0,0,926.2,-0.01556,3747834147,2494965398,0.00388,265646484339.36,176843147410.24
2020-11-02,002714,牧原股份,921.754,931.864,949.231,921.495,17461230,1260395215.0,0,935.518,0.01439,3747834147,2494965398,0.00466,269469275169.3,179388012116.2
2020-11-03,002714,牧原股份,934.067,928.364,943.398,923.05,13246336,952047261.0,0,931.501,-0.00376,3747834147,2494965398,0.00353,268457359949.61,178714371458.74
2020-11-04,002714,牧原股份,925.383,922.143,938.344,913.719,12626154,900426762.0,0,924.269,-0.0067,3747834147,2494965398,0.00337,266658399559.05,177516788067.7
2020-11-05,002714,牧原股份,923.698,931.734,940.806,922.273,13228664,950215844.0,0,930.956,0.0104,3747834147,2494965398,0.00353,269431796827.83,179363062462.22
2020-11-06,002714,牧原股份,937.696,915.792,937.696,903.48,17787267,1251624681.0,0,911.982,-0.01711,3747834147,2494965398,0.00475,264821960827.02,176294255022.68
2020-11-09,002714,牧原股份,913.719,928.623,936.529,906.59,21999974,1576070018.0,0,928.494,0.01401,3747834147,2494965398,0.00587,268532316632.55,178764270766.7
2020-11-10,002714,牧原股份,929.012,917.996,931.604,912.034,14944557,1058579878.0,0,918.048,-0.01144,3747834147,2494965398,0.00399,265459092632.01,176718399140.34
2020-11-11,002714,牧原股份,912.552,913.33,925.124,910.608,12315162,870277207.0,0,915.883,-0.00508,3747834147,2494965398,0.00329,264109872339.09,175820211597.06
2020-11-12,002714,牧原股份,910.738,882.743,912.812,877.559,24504099,1676342338.0,0,886.644,-0.03349,3747834147,2494965398,0.00654,255264983752.17,169932093257.78
2020-11-13,002714,牧原股份,882.873,908.275,911.127,877.688,18994865,1307808637.0,0,892.347,0.02892,3747834147,2494965398,0.00507,262648217021.76,174847175091.84
2020-11-16,002714,牧原股份,915.274,943.917,945.472,904.776,30755116,2211479389.0,0,931.941,0.03924,3747834147,2494965398,0.00821,272954760926.01,181708329936.34
2020-11-17,002714,牧原股份,940.547,937.696,953.637,930.567,17819052,1292413878.0,0,940.029,-0.00659,3747834147,2494965398,0.00475,271155800535.45,180510746545.3
2020-11-18,002714,牧原股份,939.64,940.936,945.472,924.087,14800027,1067248647.0,0,934.598,0.00346,3747834147,2494965398,0.00395,272092759072.2,181134487894.8
2020-11-19,002714,牧原股份,944.694,974.504,988.501,935.752,31124380,2332128758.0,0,971.121,0.03568,3747834147,2494965398,0.0083,281799649512.93,187596448275.62
2020-11-20,002714,牧原股份,969.449,945.731,972.041,933.16,23960894,1753206151.0,0,948.31,-0.02953,3747834147,2494965398,0.00639,273479457706.59,182057625092.06
2020-11-23,002714,牧原股份,942.232,933.16,942.491,921.236,17364958,1246510662.0,0,930.347,-0.01329,3747834147,2494965398,0.00463,269844058584.0,179637508656.0
2020-11-24,002714,牧原股份,926.679,938.603,952.6,922.921,11880109,860268030.0,0,938.499,0.00583,3747834147,2494965398,0.00317,271418148925.74,180685394123.16
2020-11-25,002714,牧原股份,938.992,940.677,948.712,933.03,9717430,705069507.0,0,940.379,0.00221,3747834147,2494965398,0.00259,272017802389.26,181084588586.84
2020-11-26,002714,牧原股份,947.416,972.041,975.929,943.398,27518703,2048190090.0,0,964.641,0.03334,3747834147,2494965398,0.00734,281087561025.0,187122404850.0
2020-11-27,002714,牧原股份,989.927,1000.295,1023.754,989.927,33572336,2603226472.0,0,1004.974,0.02907,3747834147,2494965398,0.00896,289257839465.46,192561429417.64
2020-11-30,002714,牧原股份,1017.403,997.962,1022.069,997.962,26342864,2051504746.0,0,1009.329,-0.00233,3747834147,2494965398,0.00703,288583229319.0,192112335646.0
2020-12-01,002714,牧原股份,997.962,1014.163,1019.736,996.666,17416718,1359158157.0,0,1011.415,0.01623,3747834147,2494965398,0.00465,293268022002.75,195231042393.5
2020-12-02,002714,牧原股份,1022.587,1026.735,1036.326,1011.441,16642933,1313687203.0,0,1023.028,0.0124,3747834147,2494965398,0.00444,296903421125.34,197651158829.56
2020-12-03,002714,牧原股份,1033.085,1024.791,1033.993,1012.349,16656550,1315903318.0,0,1023.909,-0.00189,3747834147,2494965398,0.00444,296341246003.29,197276914019.86
2020-12-04,002714,牧原股份,1022.587,1012.737,1029.975,1002.887,15471856,1208885492.0,0,1012.66,-0.01176,3747834147,2494965398,0.00413,292855760246.58,194956596199.72
2020-12-07,002714,牧原股份,1009.238,1020.903,1021.291,996.537,22916815,1783837181.0,0,1008.849,0.00806,3747834147,2494965398,0.00611,295216895759.19,196528424400.46
2020-12-08,002714,牧原股份,1023.106,1013.774,1030.364,1013.515,19710641,1553922120.0,0,1021.771,-0.00698,3747834147,2494965398,0.00526,293155586978.34,195156193431.56
2020-12-09,002714,牧原股份,1017.403,992.519,1023.754,990.056,18184645,1411091598.0,0,1005.713,-0.02097,3747834147,2494965398,0.00485,287009138977.26,191064450178.84
2020-12-10,002714,牧原股份,989.538,972.041,997.055,972.041,16442484,1247096928.0,0,983.006,-0.02063,3747834147,2494965398,0.00439,281087561025.0,187122404850.0
2020-12-11,002714,牧原股份,973.208,955.193,976.966,942.232,24273389,1790273055.0,0,955.905,-0.01733,3747834147,2494965398,0.00648,276215376633.9,183878949832.6
2020-12-14,002714,牧原股份,972.041,970.097,978.392,949.619,18954333,1412908943.0,0,966.118,0.0156,3747834147,2494965398,0.00506,280525385902.95,186748160040.3
2020-12-15,002714,牧原股份,971.912,972.819,977.744,957.137,15140104,1133409377.0,0,970.24,0.00281,3747834147,2494965398,0.00404,281312431073.82,187272102773.88
2020-12-16,002714,牧原股份,973.337,965.95,979.17,954.545,13812238,1029189109.0,0,965.729,-0.00706,3747834147,2494965398,0.00369,279326078975.91,185949771112.94
2020-12-17,002714,牧原股份,965.691,968.542,974.633,961.673,13745299,1027994431.0,0,969.307,0.00268,3747834147,2494965398,0.00367,280075645805.31,186448764192.54
2020-12-18,002714,牧原股份,972.171,948.842,974.633,947.157,15262626,1126939651.0,0,956.968,-0.02034,3747834147,2494965398,0.00407,274378937901.87,182656416787.58
2020-12-21,002714,牧原股份,940.288,959.081,959.081,926.679,16823803,1229977785.0,0,947.533,0.01079,3747834147,2494965398,0.00449,277339726878.0,184627439452.0
2020-12-22,002714,牧原股份,950.786,924.735,955.841,923.31,19315090,1394348840.0,0,935.622,-0.03581,3747834147,2494965398,0.00515,267407966388.45,178015781147.3
2020-12-23,002714,牧原股份,924.217,932.9,937.177,912.293,16161592,1150489458.0,0,922.623,0.00883,3747834147,2494965398,0.00431,269769101901.06,179587609348.04
2020-12-24,002714,牧原股份,932.9,980.466,980.595,924.087,29432085,2194674053.0,0,966.429,0.05099,3747834147,2494965398,0.00785,283523653220.55,188744132358.7
2020-12-25,002714,牧原股份,972.041,963.358,979.299,961.154,13453813,1004132474.0,0,967.324,-0.01745,3747834147,2494965398,0.00359,278576512146.51,185450778033.34
2020-12-28,002714,牧原股份,965.431,1004.443,1005.739,961.673,27859282,2120837315.0,0,986.648,0.04265,3747834147,2494965398,0.00743,290457146392.5,193359818345.0
2020-12-29,002714,牧原股份,1004.572,990.834,1008.072,981.762,18175775,1389055596.0,0,990.484,-0.01355,3747834147,2494965398,0.00485,286521920538.15,190740104677.1
2020-12-30,002714,牧原股份,989.02,988.501,1003.665,981.762,16686839,1276570113.0,0,991.508,-0.00235,3747834147,2494965398,0.00445,285847310391.69,190291010905.46
2020-12-31,002714,牧原股份,981.762,999.258,1014.681,981.762,17675202,1361546836.0,0,998.364,0.01088,3747834147,2494965398,0.00472,288958012733.7,192361832185.8
2021-01-01,002714,牧原股份,999.258,999.258,999.258,999.258,0,0.0,2,,0.0,3747834147,2494965398,0.0,288958012733.7,192361832185.8
2021-01-04,002714,牧原股份,1043.324,1099.184,1099.184,1036.714,39149448,3265083789.0,0,1080.923,0.1,3747834147,2494965398,0.01045,317853814007.07,211598015404.38
2021-01-05,002714,牧原股份,1145.583,1209.09,1209.09,1140.528,83553797,7671463109.0,0,1189.973,0.09999,3747834147,2494965398,0.02229,349635447573.63,232755321979.42
2021-01-06,002714,牧原股份,1263.654,1244.213,1288.019,1209.09,64926692,6196567510.0,0,1236.942,0.02905,3747834147,2494965398,0.01732,359792078112.0,239516678208.0
2021-01-07,002714,牧原股份,1237.214,1268.449,1268.449,1197.555,58527238,5572916082.0,0,1234.091,0.01948,3747834147,2494965398,0.01562,366800527966.89,244182263502.26
2021-01-08,002714,牧原股份,1283.094,1253.026,1283.094,1223.865,44345914,4276198409.0,0,1249.76,-0.01216,3747489397,2494965398,0.01183,362307274901.96,241213254678.64
2021-01-11,002714,牧原股份,1231.252,1153.619,1231.252,1139.751,63029739,5749836622.0,0,1182.313,-0.07933,3747489397,2494965398,0.01682,333564031226.97,222076870075.98
2021-01-12,002714,牧原股份,1153.619,1169.56,1172.8,1141.954,33442021,2992054086.0,0,1159.58,0.01382,3747489397,2494965398,0.00892,338173443185.28,225145677515.52
2021-01-13,002714,牧原股份,1169.69,1146.879,1175.522,1122.643,30822768,2725044385.0,0,1145.842,-0.01939,3759330297,2494965398,0.0082,332663137981.53,220779488069.02
2021-01-14,002714,牧原股份,1147.009,1087.131,1157.248,1084.15,37524594,3215711821.0,0,1110.667,-0.0521,3759330297,2494965398,0.00998,315332625312.36,209277697584.24
2021-01-15,002714,牧原股份,1101.388,1065.357,1112.015,1049.805,30469669,2538690414.0,0,1079.86,-0.02003,3759330297,2494965398,0.00811,309016950413.4,205086155715.6
2021-01-18,002714,牧原股份,1088.816,1081.428,1096.203,1063.413,29241835,2441976290.0,0,1082.336,0.01509,3759330297,2494965398,0.00778,313678519981.68,208179912809.12
2021-01-19,002714,牧原股份,1081.428,1063.932,1082.206,1052.526,25210427,2073120370.0,0,1065.785,-0.01618,3759330297,2494965398,0.00671,308603424080.73,204811709521.82
2021-01-20,002714,牧原股份,1056.414,1069.893,1086.483,1052.137,25697261,2120246061.0,0,1069.362,0.0056,3759330297,2494965398,0.00684,310332716017.35,205959393604.9
2021-01-21,002714,牧原股份,1075.596,1083.243,1093.87,1058.877,29299374,2433309192.0,0,1076.374,0.01248,3759330297,2494965398,0.00779,314204826223.26,208529207964.84
2021-01-22,002714,牧原股份,1083.502,1062.635,1084.28,1043.324,30516233,2490266981.0,0,1057.646,-0.01902,3759330297,2494965398,0.00812,308227491051.03,204562212982.02
2021-01-25,002714,牧原股份,1062.895,1055.766,1074.43,1049.805,30126627,2462760794.0,0,1059.486,-0.00646,3759330297,2494965398,0.00801,306235045993.62,203239881321.08
2021-01-26,002714,牧原股份,1089.593,1132.752,1161.395,1065.487,75733161,6555884118.0,0,1121.943,0.07292,3759330297,2494965398,0.02015,328565467957.8,218059975785.2
2021-01-27,002714,牧原股份,1141.824,1202.869,1226.457,1141.824,62176461,5723335498.0,0,1193.019,0.0619,3759330297,2494965398,0.01654,348903444864.57,231557738588.38
2021-01-28,002714,牧原股份,1179.54,1203.128,1236.825,1146.749,49201881,4537761174.0,0,1195.313,0.00022,3759330297,2494965398,0.01309,348978631470.51,231607637896.34
2021-01-29,002714,牧原股份,1203.387,1152.193,1216.996,1149.342,38190960,3456375795.0,0,1172.956,-0.04234,3759330297,2494965398,0.01016,334204463403.3,221802423882.2
2021-02-01,002714,牧原股份,1179.41,1256.914,1257.173,1159.192,53587614,5085598821.0,0,1229.995,0.09089,3759330297,2494965398,0.01425,364579852203.06,241961744298.04
2021-02-02,002714,牧原股份,1276.614,1263.135,1286.983,1239.677,43730497,4257433425.0,0,1261.787,0.00495,3759330297,2494965398,0.01163,366384330745.62,243159327689.08
2021-02-03,002714,牧原股份,1244.213,1387.038,1389.501,1231.771,77832994,8076469254.0,0,1344.877,0.09809,3759330297,2494965398,0.0207,402323528384.94,267011196893.96
2021-02-04,002714,牧原股份,1373.818,1380.687,1403.368,1335.196,54360017,5773836478.0,0,1376.605,-0.00458,3759330297,2494965398,0.01446,400481456539.41,265788663848.94
2021-02-05,002714,牧原股份,1399.739,1380.687,1503.424,1373.17,70432496,7793055568.0,0,1434.033,0.0,3759330297,2494965398,0.01874,400481456539.41,265788663848.94
2021-02-08,002714,牧原股份,1441.213,1508.608,1513.792,1436.029,62293528,7119969759.0,0,1481.352,0.09265,3759330297,2504179770,0.01657,437586046570.8,291486525228.0
2021-02-09,002714,牧原股份,1503.424,1522.865,1542.824,1486.316,47851677,5585156579.0,0,1512.729,0.00945,3759330297,2537875470,0.01273,441721309897.5,298200367725.0
2021-02-10,002714,牧原股份,1506.275,1614.237,1639.25,1492.407,66047125,8098144896.0,0,1589.119,0.06,3759330297,2537875470,0.01757,468224588491.35,316092389788.5
2021-02-11,002714,牧原股份,1614.237,1614.237,1614.237,1614.237,0,0.0,2,,0.0,3759330297,2537875470,0.0,468224588491.35,316092389788.5
2021-02-12,002714,牧原股份,1614.237,1614.237,1614.237,1614.237,0,0.0,2,,0.0,3759330297,2537875470,0.0,468224588491.35,316092389788.5
2021-02-15,002714,牧原股份,1614.237,1614.237,1614.237,1614.237,0,0.0,2,,0.0,3759330297,2537875470,0.0,468224588491.35,316092389788.5
2021-02-16,002714,牧原股份,1614.237,1614.237,1614.237,1614.237,0,0.0,2,,0.0,3759330297,2537875470,0.0,468224588491.35,316092389788.5
2021-02-17,002714,牧原股份,1614.237,1614.237,1614.237,1614.237,0,0.0,2,,0.0,3759330297,2537875470,0.0,468224588491.35,316092389788.5
2021-02-18,002714,牧原股份,1663.487,1539.713,1664.135,1513.533,61594805,7410242383.0,0,1559.232,-0.04617,3759330297,2537875470,0.01638,446608439283.6,301499605836.0
2021-02-19,002714,牧原股份,1528.956,1644.694,1692.389,1528.567,56927252,7101409604.0,0,1616.764,0.06818,3759330297,2537875470,0.01514,477059014689.3,322056397143.0
2021-02-22,002714,牧原股份,1675.67,1619.421,1697.832,1595.444,46008216,5844131288.0,0,1646.301,-0.01537,3759330297,2537875470,0.01224,469728320610.15,317107539976.5
2021-02-23,002714,牧原股份,1589.482,1579.632,1648.064,1553.192,38417334,4726518213.0,0,1594.549,-0.02457,3759330297,2537875470,0.01022,458187176598.36,309316262283.6
2021-02-24,002714,牧原股份,1560.58,1580.28,1678.391,1560.58,42222314,5247586686.0,0,1610.802,0.00041,3759330297,2537875470,0.01123,458375143113.21,309443156057.1
2021-02-25,002714,牧原股份,1607.108,1616.051,1636.529,1563.561,23808727,2954840835.0,0,1608.495,0.02264,3759330297,2537875470,0.00633,468750894732.93,316447692354.3
2021-02-26,002714,牧原股份,1557.988,1476.207,1574.707,1476.207,48518803,5674338996.0,0,1515.749,-0.08653,3759330297,2537875470,0.01291,428187720828.3,289064016033.0
2021-03-01,002714,牧原股份,1516.514,1540.75,1562.394,1508.738,31675883,3766747469.0,0,1541.204,0.04372,3759330297,2537875470,0.00843,446909185707.36,301702635873.6
2021-03-02,002714,牧原股份,1568.227,1545.157,1572.763,1506.146,21039345,2499910803.0,0,1539.986,0.00286,3759330297,2537875470,0.0056,448187358008.34,302565513533.4
2021-03-03,002714,牧原股份,1553.84,1568.097,1572.115,1535.825,16763816,2011728485.0,0,1555.318,0.01485,3759330297,2537875470,0.00446,454841372634.03,307057553115.3
2021-03-04,002714,牧原股份,1555.007,1534.529,1555.136,1496.944,20899008,2458719205.0,0,1524.783,-0.02141,3759330297,2537875470,0.00556,445104707164.8,300484455648.0
2021-03-05,002714,牧原股份,1509.904,1463.376,1513.663,1434.733,30313859,3423859102.0,0,1463.855,-0.04637,3759330297,2537875470,0.00806,424465983834.27,286551519317.7
2021-03-08,002714,牧原股份,1529.734,1428.253,1555.007,1425.661,32634230,3754161609.0,0,1490.956,-0.024,3759330297,2537875470,0.00868,414278198729.4,279673876794.0
2021-03-09,002714,牧原股份,1419.18,1371.745,1436.029,1365.524,28581072,3078431582.0,0,1395.968,-0.03956,3759330297,2537875470,0.0076,397887518634.48,268608739744.8
2021-03-10,002714,牧原股份,1402.98,1369.282,1410.626,1360.858,16722333,1780734983.0,0,1380.143,-0.0018,3759330297,2537875470,0.00445,397173245878.05,268126543405.5
2021-03-11,002714,牧原股份,1393.13,1388.853,1401.813,1347.897,18385687,1953731040.0,0,1377.24,0.01429,3759330297,2537875470,0.00489,402849834626.52,271958735365.2
2021-03-12,002714,牧原股份,1399.739,1395.462,1405.701,1361.247,14873087,1589251645.0,0,1384.887,0.00476,3759330297,2537875470,0.00396,404767093077.99,273253051854.9
2021-03-15,002714,牧原股份,1360.858,1345.564,1391.315,1322.365,39496725,4119334546.0,0,1351.734,-0.03576,3759330297,2537875470,0.01051,390293671434.54,263482231295.4
2021-03-16,002714,牧原股份,1347.897,1315.107,1376.41,1302.665,24684734,2519319352.0,0,1322.754,-0.02264,3759330297,2537875470,0.00657,381459245236.59,257518223940.9
2021-03-17,002714,牧原股份,1360.987,1419.31,1440.954,1355.026,30353044,3274064707.0,0,1398.003,0.07924,3759330297,2537875470,0.00807,411684260824.47,277922742719.7
2021-03-18,002714,牧原股份,1424.364,1424.883,1430.197,1383.539,18313568,1991024297.0,0,1409.058,0.00393,3759330297,2537875470,0.00487,413300772852.18,279014029171.8
2021-03-19,002714,牧原股份,1397.147,1360.21,1407.516,1333.511,25418168,2669362030.0,0,1361.091,-0.04539,3759330297,2537875470,0.00676,394541714670.15,266350030576.5
2021-03-22,002714,牧原股份,1334.807,1360.08,1360.08,1313.293,18601345,1923827265.0,0,1340.432,-0.0001,3759330297,2537875470,0.00495,394504121367.18,266324651821.8
2021-03-23,002714,牧原股份,1373.818,1325.216,1377.058,1311.608,16369678,1683634920.0,0,1333.006,-0.02563,3759330297,2537875470,0.00435,384391522868.25,259497766807.5
2021-03-24,002714,牧原股份,1332.345,1308.497,1337.27,1304.091,18156419,1844269380.0,0,1316.494,-0.01262,3759330297,2537875470,0.00483,379541986785.12,256223907451.2
2021-03-25,002714,牧原股份,1321.846,1279.206,1324.698,1279.206,19314969,1927499861.0,0,1293.372,-0.02239,3759330297,2537875470,0.00514,371045900313.9,250488308889.0
2021-03-26,002714,牧原股份,1289.186,1264.95,1289.575,1246.805,23873204,2330688928.0,0,1265.313,-0.01114,3759330297,2537875470,0.00635,366910636987.2,247696645872.0
2021-03-29,002714,牧原股份,1270.264,1272.596,1319.125,1264.95,20943416,2083271817.0,0,1289.199,0.00604,3759330297,2537875470,0.00557,369128641862.43,249193992399.3
2021-03-30,002714,牧原股份,1276.744,1300.721,1329.752,1263.654,17908599,1796272729.0,0,1299.969,0.0221,3759330297,2537875470,0.00476,377286388606.92,254701182169.2
2021-03-31,002714,牧原股份,1283.094,1296.444,1328.197,1282.835,11220746,1123312960.0,0,1297.481,-0.00329,3759330297,2537875470,0.00298,376045809608.91,253863683264.1
2021-04-01,002714,牧原股份,1316.533,1347.897,1354.377,1316.533,15667521,1619142269.0,0,1339.395,0.03969,3759330297,2537875470,0.00417,390970350888.0,263939048880.0
2021-04-02,002714,牧原股份,1368.504,1372.522,1383.928,1335.066,15899138,1667303015.0,0,1359.147,0.01827,3759330297,2537875470,0.00423,398113078452.3,268761012273.0
2021-04-05,002714,牧原股份,1372.522,1372.522,1372.522,1372.522,0,0.0,2,,0.0,3759330297,2537875470,0.0,398113078452.3,268761012273.0
2021-04-06,002714,牧原股份,1359.562,1361.765,1363.709,1334.937,10879243,1134200626.0,0,1351.189,-0.00784,3759330297,2537875470,0.00289,394992834305.79,266654575632.9
2021-04-07,002714,牧原股份,1377.706,1346.601,1394.296,1320.68,17999400,1869355401.0,0,1346.044,-0.01114,3759330297,2537875470,0.00479,390594417858.3,263685261333.0
2021-04-08,002714,牧原股份,1333.122,1324.05,1343.491,1309.664,13001377,1327064115.0,0,1322.896,-0.01675,3759330297,2537875470,0.00346,384053183141.52,259269358015.2
2021-04-09,002714,牧原股份,1324.309,1327.808,1340.51,1287.501,10489055,1063096345.0,0,1313.591,0.00284,3759330297,2537875470,0.00279,385143388927.65,260005341901.5
2021-04-12,002714,牧原股份,1333.511,1317.181,1354.377,1303.183,13390411,1367783159.0,0,1323.868,-0.008,3759330297,2537875470,0.00356,382060738084.11,257924284016.1
2021-04-13,002714,牧原股份,1315.496,1330.141,1360.21,1315.496,13557665,1400355536.0,0,1338.682,0.00984,3759330297,2537875470,0.00361,385820068381.11,260462159486.1
2021-04-14,002714,牧原股份,1296.055,1324.309,1333.641,1284.391,15340840,1551300569.0,0,1310.597,-0.00438,3759330297,2537875470,0.00408,384128369747.46,259320115524.6
2021-04-15,002714,牧原股份,1361.635,1352.822,1384.187,1336.233,18820926,1970207835.0,0,1356.736,0.02153,3759330297,2537875470,0.00501,392398896400.86,264903441558.6
2021-04-16,002714,牧原股份,1347.897,1309.275,1349.064,1307.719,13369300,1366387797.0,0,1324.607,-0.03219,3759330297,2537875470,0.00356,379767546602.94,256376179979.4
2021-04-19,002714,牧原股份,1309.016,1386.001,1386.649,1285.557,26088036,2730969362.0,0,1356.749,0.0586,3759330297,2537875470,0.00694,402022781961.18,271400402761.8
2021-04-20,002714,牧原股份,1374.726,1450.286,1489.945,1374.726,25735680,2874961248.0,0,1447.836,0.04638,3759330297,2537875470,0.00685,420669060234.3,283988265093.0
2021-04-21,002714,牧原股份,1424.364,1433.437,1454.174,1417.625,9652539,1067620423.0,0,1433.502,-0.01162,3759330297,2537875470,0.00257,415781930848.2,280689026982.0
2021-04-22,002714,牧原股份,1445.101,1425.531,1445.101,1404.405,9259487,1015308289.0,0,1421.137,-0.00552,3759330297,2537875470,0.00246,413488739367.03,279140922945.3
2021-04-23,002714,牧原股份,1441.213,1440.565,1461.95,1427.086,9991509,1114062808.0,0,1445.114,0.01055,3759330297,2537875470,0.00266,417849562511.55,282084858490.5
2021-04-26,002714,牧原股份,1440.306,1386.39,1460.136,1385.483,16904396,1839414105.0,0,1410.276,-0.03761,3759330297,2537875470,0.0045,402135561870.09,271476539025.9
2021-04-27,002714,牧原股份,1386.52,1360.987,1401.295,1338.825,14318543,1502767310.0,0,1360.249,-0.01832,3759330297,2537875470,0.00381,394767274487.97,266502303104.7
2021-04-28,002714,牧原股份,1360.987,1404.016,1436.418,1356.192,14216980,1538269091.0,0,1402.319,0.03162,3759330297,2537875470,0.00378,407248251074.01,274928049665.1
2021-04-29,002714,牧原股份,1425.661,1486.316,1486.316,1395.203,18557343,2069168783.0,0,1445.114,0.05862,3759330297,2537875470,0.00494,431119998459.96,291043558899.6
2021-04-30,002714,牧原股份,1490.463,1465.968,1491.759,1451.711,17506104,1986064858.0,0,1470.374,-0.01369,3759330297,2535795122,0.00466,425217849893.67,286823786249.42
2021-05-03,002714,牧原股份,1465.968,1465.968,1465.968,1465.968,0,0.0,2,,0.0,3759330297,2535795122,0.0,425217849893.67,286823786249.42
2021-05-04,002714,牧原股份,1465.968,1465.968,1465.968,1465.968,0,0.0,2,,0.0,3759330297,2535795122,0.0,425217849893.67,286823786249.42
2021-05-05,002714,牧原股份,1465.968,1465.968,1465.968,1465.968,0,0.0,2,,0.0,3759330297,2535795122,0.0,425217849893.67,286823786249.42
2021-05-06,002714,牧原股份,1464.542,1358.266,1465.838,1356.451,20717494,2233684131.0,0,1397.355,-0.07347,3759330297,2535795122,0.00551,393977815125.6,265751328785.6
2021-05-07,002714,牧原股份,1353.081,1374.985,1435.381,1353.081,19982932,2152069725.0,0,1395.786,0.01231,3759330297,2535795122,0.00532,398827351208.73,269022504492.98
2021-05-10,002714,牧原股份,1353.859,1296.055,1360.858,1285.557,31447608,3181933103.0,0,1311.374,-0.0574,3759330297,2535795122,0.00837,375933029700.0,253579512200.0
2021-05-11,002714,牧原股份,1296.314,1298.258,1314.2,1257.173,14850831,1489003737.0,0,1299.477,0.0017,3759330297,2535795122,0.00395,376572115850.49,254010597370.74
2021-05-12,002714,牧原股份,1303.831,1309.016,1339.862,1298.258,14625907,1484233376.0,0,1315.237,0.00829,3759330297,2535795122,0.00389,379692359997.0,256115307322.0
2021-05-13,002714,牧原股份,1276.744,1276.614,1294.759,1253.285,13466514,1325433693.0,0,1275.629,-0.02475,3759330297,2535795122,0.00358,370294034254.5,249775819517.0
2021-05-14,002714,牧原股份,1279.077,1295.407,1320.68,1279.077,15872554,1590502865.0,0,1298.712,0.01472,3759330297,2535795122,0.00422,375745063185.15,253452722443.9
2021-05-17,002714,牧原股份,1313.552,1319.384,1328.197,1297.481,14332275,1454134167.0,0,1314.964,0.01851,3759330297,2535795122,0.00381,382699824234.6,258143943419.6
2021-05-18,002714,牧原股份,1320.421,1298.388,1321.458,1279.984,13591160,1357654326.0,0,1294.655,-0.01591,3759330297,2535795122,0.00362,376609709153.46,254035955321.96
2021-05-19,002714,牧原股份,1297.61,1302.276,1311.219,1276.355,11226591,1120550114.0,0,1293.618,0.00299,3759330297,2535795122,0.00299,377737508242.56,254796693858.56
2021-05-20,002714,牧原股份,1296.055,1315.366,1324.568,1287.631,15281133,1535544476.0,0,1302.354,0.01005,3759330297,2535795122,0.00406,381534431842.53,257357846931.78
2021-05-21,002714,牧原股份,1319.254,1282.187,1341.158,1276.614,16657319,1664043924.0,0,1294.746,-0.02522,3759330297,2535795122,0.00443,371910546282.21,250866211419.46
2021-05-24,002714,牧原股份,1284.391,1172.152,1285.557,1154.007,58880289,5360893296.0,0,1180.019,-0.08582,3759330297,2535795122,0.01566,339993832060.68,229337310833.68
2021-05-25,002714,牧原股份,1165.801,1192.371,1217.773,1127.568,32262623,2953319876.0,0,1186.409,0.01725,3759330297,2535795122,0.00858,345858387324.0,233293151224.0
2021-05-26,002714,牧原股份,1192.371,1192.111,1204.942,1162.561,16807716,1529290316.0,0,1179.242,-0.00022,3759330297,2535795122,0.00447,345783200718.06,233242435321.56
2021-05-27,002714,牧原股份,1176.818,1190.038,1198.203,1159.969,14449255,1317765362.0,0,1182.002,-0.00174,3759330297,2535795122,0.00384,345181707870.54,232836708102.04
2021-05-28,002714,牧原股份,1192.371,1171.115,1198.721,1165.153,17145018,1548467481.0,0,1170.545,-0.0159,3759330297,2535791372,0.00456,339693085636.92,229134108373.92
2021-05-31,002714,牧原股份,1153.619,1154.526,1164.635,1127.568,27199474,2413420317.0,0,1149.99,-0.01417,3759330297,2535791372,0.00724,334881142856.76,225888295417.76
2021-06-01,002714,牧原股份,1167.486,1166.32,1172.8,1114.607,34805502,3070285180.0,0,1143.289,0.01022,3759330297,2535791372,0.00926,338302133427.03,228195865566.28
2021-06-02,002714,牧原股份,1166.19,1206.757,1228.271,1155.174,31182697,2886957640.0,0,1199.914,0.03467,3759330297,2535791372,0.00829,350031243953.67,236107534646.92
2021-06-03,002714,牧原股份,1216.711,1221.32,1284.921,1190.349,40018868,2695589684.0,0,1241.746,0.01207,5263062415,3550107920,0.0076,348677884993.75,235194649700.0
2021-06-04,002714,牧原股份,1217.449,1249.894,1269.804,1186.847,28612925,1928239585.0,0,1242.355,0.0234,5263062415,3550107920,0.00544,356835631737.0,240697316976.0
2021-06-07,002714,牧原股份,1227.772,1187.215,1228.694,1173.02,33614602,2174098513.0,0,1192.322,-0.05015,5263062415,3550107920,0.00639,338941219526.0,228626950048.0
2021-06-08,002714,牧原股份,1194.958,1194.589,1210.259,1175.786,17102594,1109647243.0,0,1196.101,0.00621,5263062415,3550107920,0.00325,341046444492.0,230046993216.0
2021-06-09,002714,牧原股份,1189.981,1198.276,1213.946,1172.467,18769475,1217054107.0,0,1195.364,0.00309,5263062415,3550107920,0.00357,342099056975.0,230757014800.0
2021-06-10,002714,牧原股份,1190.902,1178.182,1196.617,1173.02,18239060,1169610183.0,0,1182.183,-0.01677,5263062415,3550107920,0.00347,336362318942.65,226887397167.2
2021-06-11,002714,牧原股份,1178.92,1157.719,1184.45,1157.719,18554263,1176190256.0,0,1168.633,-0.01737,5263062415,3550107920,0.00353,330520319662.0,222946777376.0
2021-06-14,002714,牧原股份,1157.719,1157.719,1157.719,1157.719,0,0.0,2,,0.0,5263062415,3550107920,0.0,330520319662.0,222946777376.0
2021-06-15,002714,牧原股份,1148.871,1139.284,1149.055,1115.319,24964496,1533728950.0,0,1132.574,-0.01592,5263062415,3550107920,0.00474,325257257247.0,219396669456.0
2021-06-16,002714,牧原股份,1153.479,1113.66,1161.406,1110.526,19864747,1217329736.0,0,1129.717,-0.02249,5263062415,3550107920,0.00377,317941600490.15,214462019447.2
2021-06-17,002714,牧原股份,1113.844,1080.292,1118.268,1072.55,33938690,1998064294.0,0,1085.325,-0.02996,5263062415,3550107920,0.00645,308415457519.0,208036324112.0
2021-06-18,002714,牧原股份,1080.292,1053.562,1085.454,1041.579,41797798,2407088131.0,0,1061.654,-0.02474,5263062415,3550107920,0.00794,300784017017.25,202888667628.0
2021-06-21,002714,牧原股份,1037.892,995.491,1054.299,995.491,54880575,3021313275.0,0,1014.903,-0.05512,5263062415,3550107920,0.01043,284205370410.0,191705827680.0
2021-06-22,002714,牧原股份,1007.658,1002.865,1022.222,981.112,43388015,2356680744.0,0,1001.317,0.00741,5263062415,3550107920,0.00824,286310595376.0,193125870848.0
2021-06-23,002714,牧原股份,1016.138,1050.796,1057.433,1006.921,56244785,3152507911.0,0,1033.283,0.04779,5263062415,3550107920,0.01069,299994557655.0,202356151440.0
2021-06-24,002714,牧原股份,1050.612,1035.68,1050.612,1027.199,22014849,1239190389.0,0,1037.689,-0.01439,5263062415,3550107920,0.00418,295678846474.7,199445062945.6
2021-06-25,002714,牧原股份,1049.875,1079.002,1081.398,1047.109,38487014,2228111016.0,0,1067.259,0.04183,5263062415,3550107920,0.00731,308047043149.95,207787816557.6
2021-06-28,002714,牧原股份,1124.536,1167.859,1176.523,1109.788,63397414,3952015808.0,0,1149.184,0.08235,5263062415,3550107920,0.01205,333415003990.25,224899336732.0
2021-06-29,002714,牧原股份,1161.406,1149.792,1167.859,1117.9,39427024,2436671807.0,0,1139.321,-0.01547,5263062415,3550107920,0.00749,328257202823.55,221420230970.4
2021-06-30,002714,牧原股份,1146.843,1121.218,1146.843,1117.347,22803449,1390107926.0,0,1123.799,-0.02485,5263062415,3550086604,0.00433,320099456080.3,215916267255.28
2021-07-01,002714,牧原股份,1130.989,1102.414,1142.787,1091.169,23717446,1424035428.0,0,1106.876,-0.01677,5263062415,3550086604,0.00451,314731132417.0,212295178919.2
2021-07-02,002714,牧原股份,1087.666,1091.538,1121.587,1084.348,23945804,1427295979.0,0,1098.819,-0.00987,5263062415,3550086604,0.00455,311625925592.15,210200627822.84
2021-07-05,002714,牧原股份,1085.454,1093.197,1111.632,1058.723,26230705,1543350054.0,0,1084.68,0.00152,5263062415,3550086604,0.00498,312099601209.5,210520135617.2
2021-07-06,002714,牧原股份,1107.392,1093.012,1111.447,1078.633,16382691,968297328.0,0,1089.602,-0.00017,5263062415,3550086604,0.00311,312046970585.35,210484634751.16
2021-07-07,002714,牧原股份,1090.063,1067.388,1108.314,1063.332,22747119,1325430002.0,0,1074.172,-0.02344,5263062415,3550086604,0.00432,304731313828.5,205550014371.6
2021-07-08,002714,牧原股份,1065.36,1054.115,1067.388,1051.718,19666680,1128017054.0,0,1057.378,-0.01244,5263062415,3550086604,0.00374,300941908889.7,202993952016.72
2021-07-09,002714,牧原股份,1063.332,1045.266,1073.656,1032.177,24809548,1409705113.0,0,1047.496,-0.00839,5263062415,3550086604,0.00471,298415638930.5,201289910446.8
2021-07-12,002714,牧原股份,1044.528,1060.382,1074.393,1024.987,29040554,1660166332.0,0,1053.875,0.01446,5263062415,3550086604,0.00552,302731350110.8,204200981462.08
2021-07-13,002714,牧原股份,1060.567,1067.203,1078.08,1050.612,20976499,1215831302.0,0,1068.531,0.00643,5263062415,3550086604,0.00399,304678683204.35,205514513505.56
2021-07-14,002714,牧原股份,1062.595,1040.657,1079.924,1039.367,23317021,1334998600.0,0,1055.479,-0.02487,5263062415,3550086604,0.00443,297099873326.75,200402388795.8
2021-07-15,002714,牧原股份,1087.666,1050.059,1093.197,1041.947,40135760,2322945717.0,0,1066.964,0.00903,5263062415,3550086604,0.00763,299784035158.4,202212932963.84
2021-07-16,002714,牧原股份,1050.796,1001.943,1053.008,995.491,45175594,2471592046.0,0,1008.598,-0.04582,5263062415,3550086604,0.00858,286047442255.25,192947206927.4
2021-07-19,002714,牧原股份,989.592,954.197,990.882,945.717,53346661,2774493297.0,0,958.787,-0.04765,5263062415,3550086604,0.01014,272416110600.4,183752482623.04
2021-07-20,002714,牧原股份,955.118,967.839,969.129,945.901,28354551,1476134635.0,0,959.727,0.0143,5263062415,3550086604,0.00539,276310776787.5,186379546710.0
2021-07-21,002714,牧原股份,967.839,933.918,976.687,923.41,49071484,2510029657.0,0,942.951,-0.03505,5263062415,3550086604,0.00932,266626741943.9,179847387358.64
2021-07-22,002714,牧原股份,949.588,935.209,956.409,927.282,33161905,1685451825.0,0,936.96,0.00138,5263062415,3550086604,0.0063,266995156312.95,180095893420.92
2021-07-23,002714,牧原股份,930.969,874.004,932.812,848.195,92498176,4426179096.0,0,882.153,-0.06545,5263062415,3550086604,0.01757,249521789095.15,168309605895.64
2021-07-26,002714,牧原股份,880.641,849.67,888.015,840.821,53757017,2518639684.0,0,863.718,-0.02784,5263062415,3550086604,0.01021,242574546707.35,163623491578.36
2021-07-27,002714,牧原股份,859.994,789.572,863.681,789.019,72691684,3220130592.0,0,816.635,-0.07073,5263062415,3550086604,0.01381,225416963234.45,152050209249.32
2021-07-28,002714,牧原股份,783.304,754.177,783.488,719.15,89664516,3651932320.0,0,750.84,-0.04483,5263062415,3550086604,0.01704,215311883397.65,145234042969.64
2021-07-29,002714,牧原股份,776.483,768.925,791.969,757.311,63573374,2667273817.0,0,773.46,0.01956,5263062415,3550086604,0.01208,219522333329.65,148074112252.84
2021-07-30,002714,牧原股份,774.455,779.248,792.337,750.674,55236841,2330886219.0,0,777.921,0.01343,5263062415,3550086604,0.0105,222469648282.05,150062160751.08
2021-08-02,002714,牧原股份,760.445,825.889,856.491,745.697,93468786,4144720211.0,0,817.464,0.05985,5263062415,3550086604,0.01776,235785196192.0,159043879859.2
2021-08-03,002714,牧原股份,825.889,808.56,850.961,804.689,65016239,2894749958.0,0,820.782,-0.02098,5263062415,3550086604,0.01235,230837917521.9,155706798451.44
2021-08-04,002714,牧原股份,805.61,795.656,807.638,784.963,53306427,2299409398.0,0,795.213,-0.01596,5263062415,3550086604,0.01013,227153773831.4,153221737828.64
2021-08-05,002714,牧原股份,786.807,771.506,804.504,771.321,44148143,1875268349.0,0,783.064,-0.03035,5263062415,3550086604,0.00839,220259162067.75,148571124377.4
2021-08-06,002714,牧原股份,771.321,779.433,793.996,757.864,44988990,1897021826.0,0,777.331,0.01027,5263062415,3550086604,0.00855,222522278906.2,150097661617.12
2021-08-09,002714,牧原股份,786.807,857.413,857.413,786.622,89085396,4033856132.0,0,834.756,0.10005,5263062415,3550086604,0.01693,244785032921.65,165114527952.04
2021-08-10,002714,牧原股份,875.664,888.199,897.048,839.9,112729735,5314816798.0,0,869.156,0.03591,5263062415,3550086604,0.02142,253574347154.7,171043172580.72
2021-08-11,002714,牧原股份,875.664,888.199,899.629,869.396,61444612,2943781589.0,0,883.222,0.0,5263062415,3550086604,0.01167,253574347154.7,171043172580.72
2021-08-12,002714,牧原股份,921.751,875.664,931.522,866.446,68807633,3309714962.0,0,886.743,-0.01411,5263062415,3550086604,0.01307,249995464712.5,168629113690.0
2021-08-13,002714,牧原股份,875.848,863.681,876.217,853.542,51674937,2414553850.0,0,861.395,-0.01368,5263062415,3550086604,0.00982,246574474142.75,166321557397.4
2021-08-16,002714,牧原股份,850.592,873.82,888.199,837.134,48138895,2263134216.0,0,866.686,0.01174,5263062415,3550086604,0.00915,249469158471.0,168274105029.6
2021-08-17,002714,牧原股份,866.262,835.291,887.831,832.71,48706532,2264815006.0,0,857.21,-0.04409,5263062415,3550086604,0.00925,238469358023.65,160854424027.24
2021-08-18,002714,牧原股份,828.839,838.794,845.983,814.459,34404832,1551135770.0,0,831.143,0.00419,5263062415,3550086604,0.00654,239469339882.5,161528940482.0
2021-08-19,002714,牧原股份,829.576,827.364,850.408,824.045,29212318,1319245940.0,0,832.544,-0.01363,5263062415,3550086604,0.00555,236206241185.2,159327886787.52
2021-08-20,002714,牧原股份,827.364,817.409,829.392,801.923,29942863,1319888811.0,0,812.616,-0.01203,5263062415,3550086604,0.00569,233364187481.1,157410840021.36
2021-08-23,002714,牧原股份,811.694,819.252,838.794,800.08,36022316,1604440827.0,0,821.096,0.00225,5263062415,3550086604,0.00684,233890493722.6,157765848681.76
2021-08-24,002714,牧原股份,820.358,831.051,847.642,812.8,37572141,1697545764.0,0,832.913,0.0144,5263062415,3550086604,0.00714,237258853668.2,160037904108.32
2021-08-25,002714,牧原股份,820.358,827.548,846.168,817.593,29260749,1322040740.0,0,832.913,-0.00422,5263062415,3550086604,0.00556,236258871809.35,159363387653.56
2021-08-26,002714,牧原股份,827.548,803.03,828.47,802.108,34821792,1525985228.0,0,807.878,-0.02963,5263062415,3550086604,0.00662,229258998797.4,154641772470.24
2021-08-27,002714,牧原股份,793.443,791.231,817.225,789.203,34590302,1503271554.0,0,801.168,-0.01469,5263062415,3550086604,0.00657,225890638851.8,152369717043.68
2021-08-30,002714,牧原股份,786.807,776.114,793.812,766.528,38785660,1638383799.0,0,778.732,-0.01911,5263062415,3550086604,0.00737,221574927671.5,149458646028.4
2021-08-31,002714,牧原股份,791.6,779.986,819.068,775.561,48351370,2080604609.0,0,793.277,0.00499,5263062415,3550086604,0.00919,222680170778.65,150204164215.24
2021-09-01,002714,牧原股份,774.271,825.52,827.179,764.132,67342297,2933913839.0,0,803.159,0.05838,5263062415,3550086604,0.0128,235679934943.7,158972878127.12
2021-09-02,002714,牧原股份,825.152,795.656,825.152,790.125,50454838,2187126701.0,0,799.121,-0.03618,5263062415,3550086604,0.00959,227153773831.4,153221737828.64
2021-09-03,002714,牧原股份,785.332,845.246,856.122,776.299,68368785,3036534030.0,0,818.773,0.06233,5263062415,3550086604,0.01299,241311411727.75,162771470793.4
2021-09-06,002714,牧原股份,827.364,869.211,877.507,823.492,66191425,3088912356.0,0,860.289,0.02835,5263062415,3550086604,0.01258,248153392867.25,167386583378.6
2021-09-07,002714,牧原股份,864.603,863.496,872.53,851.329,41759817,1952609630.0,0,861.985,-0.00657,5263062415,3550086604,0.00793,246521843518.6,166286056531.36
2021-09-08,002714,牧原股份,857.229,846.721,875.664,844.324,39497422,1824446381.0,0,851.551,-0.01943,5263062415,3550086604,0.0075,241732456720.95,163055477721.72
2021-09-09,002714,牧原股份,841.006,841.006,854.095,831.051,30870132,1405852603.0,0,839.549,-0.00675,5263062415,3550086604,0.00587,240100907372.3,161954950874.48
2021-09-10,002714,牧原股份,842.112,837.872,857.229,834.553,34037341,1560391326.0,0,845.135,-0.00373,5263062415,3550086604,0.00647,239206186761.75,161351436151.8
2021-09-13,002714,牧原股份,829.576,805.242,829.576,799.711,47448125,2087029978.0,0,810.883,-0.03894,5263062415,3550086604,0.00902,229890566287.2,155067782862.72
2021-09-14,002714,牧原股份,811.694,796.577,817.962,792.706,32055542,1397438899.0,0,803.656,-0.01076,5263062415,3550086604,0.00609,227416926952.15,153399242158.84
2021-09-15,002714,牧原股份,794.549,791.047,798.421,785.885,24233617,1039331046.0,0,790.641,-0.00694,5263062415,3550086604,0.0046,225838008227.65,152334216177.64
2021-09-16,002714,牧原股份,783.488,814.828,851.698,783.12,80794897,3601028991.0,0,821.649,0.03006,5263062415,3550086604,0.01535,232627358743.0,156913827896.8
2021-09-17,002714,牧原股份,819.805,823.861,839.9,792.522,52484210,2319775790.0,0,814.81,0.01109,5263062415,3550086604,0.00997,235206259326.35,158653370332.76
2021-09-20,002714,牧原股份,823.861,823.861,823.861,823.861,0,0.0,2,,0.0,5263062415,3550086604,0.0,235206259326.35,158653370332.76
2021-09-21,002714,牧原股份,823.861,823.861,823.861,823.861,0,0.0,2,,0.0,5263062415,3550086604,0.0,235206259326.35,158653370332.76
2021-09-22,002714,牧原股份,806.717,797.315,814.828,794.734,28730346,1248524802.0,0,801.131,-0.03222,5263062415,3550086604,0.00546,227627449448.75,153541245623.0
2021-09-23,002714,牧原股份,794.734,815.197,821.28,793.812,35922004,1565422502.0,0,803.361,0.02243,5263062415,3550086604,0.00683,232732619991.3,156984829628.88
2021-09-24,002714,牧原股份,810.772,837.134,848.195,805.979,54516946,2465868612.0,0,833.834,0.02691,5263062415,3550086604,0.01036,238995664265.15,161209432687.64
2021-09-27,002714,牧原股份,831.419,902.394,915.852,822.755,109558465,5245494341.0,0,882.632,0.07796,5263062415,3550086604,0.02082,257626905214.25,173776739265.8
2021-09-28,002714,牧原股份,888.568,889.49,894.099,870.133,56811802,2714227098.0,0,880.752,-0.0143,5263062415,3550086604,0.01079,253942761523.75,171291678643.0
2021-09-29,002714,牧原股份,876.954,938.343,962.677,864.234,97321427,4840679851.0,0,916.94,0.05492,5263062415,3550086604,0.01849,267889876923.5,180699408143.6
2021-09-30,002714,牧原股份,938.158,956.778,995.491,933.918,92280755,4844530497.0,0,967.802,0.01965,5263062415,3550086604,0.01753,273152939338.5,184249494747.6
2021-10-01,002714,牧原股份,956.778,956.778,956.778,956.778,0,0.0,2,,0.0,5263062415,3550086604,0.0,273152939338.5,184249494747.6
2021-10-04,002714,牧原股份,956.778,956.778,956.778,956.778,0,0.0,2,,0.0,5263062415,3550086604,0.0,273152939338.5,184249494747.6
2021-10-05,002714,牧原股份,956.778,956.778,956.778,956.778,0,0.0,2,,0.0,5263062415,3550086604,0.0,273152939338.5,184249494747.6
2021-10-06,002714,牧原股份,956.778,956.778,956.778,956.778,0,0.0,2,,0.0,5263062415,3550086604,0.0,273152939338.5,184249494747.6
2021-10-07,002714,牧原股份,956.778,956.778,956.778,956.778,0,0.0,2,,0.0,5263062415,3550086604,0.0,273152939338.5,184249494747.6
2021-10-08,002714,牧原股份,956.962,1008.396,1029.965,934.471,88425433,4798397156.0,0,1000.376,0.05395,5263062415,3550086604,0.0168,287889514100.5,194189737238.8
2021-10-11,002714,牧原股份,1008.396,1017.06,1056.88,973.922,118255003,6504042982.0,0,1013.926,0.00859,5263062415,3550086604,0.02247,290363153435.55,195858277942.68
2021-10-12,002714,牧原股份,1013.926,994.016,1036.97,991.804,72491191,3981974175.0,0,1012.636,-0.02266,5263062415,3550086604,0.01377,283784325416.8,191420669687.68
2021-10-13,002714,牧原股份,997.519,1020.01,1021.485,960.465,71856459,3867218059.0,0,992.154,0.02615,5263062415,3550086604,0.01365,291205243421.95,196426291799.32
2021-10-14,002714,牧原股份,1008.949,978.531,1013.558,975.397,53082611,2849352580.0,0,989.555,-0.04067,5263062415,3550086604,0.01009,279363352988.2,188438596940.32
2021-10-15,002714,牧原股份,960.465,1021.3,1048.584,960.465,104069975,5765980412.0,0,1021.392,0.04371,5263062415,3550086604,0.01977,291573657791.0,196674797861.6
2021-10-18,002714,牧原股份,1016.691,1032.546,1056.88,1001.022,61366695,3433918925.0,0,1031.569,0.01101,5263062415,3550086604,0.01166,294784125864.15,198840350690.04
2021-10-19,002714,牧原股份,1028.674,1098.727,1126.38,1028.674,108470935,6413710000.0,0,1090.026,0.06409,5263062415,3550086604,0.02061,313678519934.0,211585161598.4
2021-10-20,002714,牧原股份,1089.325,1061.857,1112.185,1060.014,66962880,3899659128.0,0,1073.582,-0.03356,5263062415,3550086604,0.01272,303152395104.0,204484988390.4
2021-10-21,002714,牧原股份,1061.857,1048.953,1074.762,1031.439,53040656,3011228811.0,0,1046.593,-0.01215,5263062415,3550086604,0.01008,299468251413.5,201999927767.6
2021-10-22,002714,牧原股份,1048.4,1051.349,1059.829,1034.205,34015540,1935193044.0,0,1048.787,0.00228,5263062415,3550086604,0.00646,300152449527.45,202461439026.12
2021-10-25,002714,牧原股份,1088.035,1041.763,1098.543,1032.361,64953544,3727756024.0,0,1058.004,-0.00912,5263062415,3550086604,0.01234,297415657071.65,200615393992.04
2021-10-26,002714,牧原股份,1026.831,1007.658,1036.048,1005.815,57175874,3148921443.0,0,1015.29,-0.03274,5263062415,3550086604,0.01086,287678991603.9,194047733774.64
2021-10-27,002714,牧原股份,1010.239,1018.535,1032.361,1002.312,36930015,2037848022.0,0,1017.263,0.01079,5263062415,3550086604,0.00702,290784198428.75,196142284871.0
2021-10-28,002714,牧原股份,1005.63,1015.77,1033.836,1000.653,35540601,1963002883.0,0,1018.222,-0.00271,5263062415,3550086604,0.00675,289994739066.5,195609771880.4
2021-10-29,002714,牧原股份,1016.138,1052.824,1056.695,1016.138,54117757,3069949837.0,0,1045.763,0.03648,5263062415,3550086604,0.01028,300573494520.65,202745445954.44
2021-11-01,002714,牧原股份,1032.546,1062.41,1072.181,1026.831,41963377,2399118847.0,0,1053.967,0.00911,5263062415,3550086604,0.00797,303310286976.45,204591490988.52
2021-11-02,002714,牧原股份,1053.93,1069.784,1080.845,1042.685,46862850,2699944801.0,0,1062.115,0.00694,5263062415,3550086604,0.0089,305415511942.45,206011525630.12
2021-11-03,002714,牧原股份,1069.231,1095.962,1118.821,1057.986,65883503,3942733781.0,0,1103.225,0.02447,5263062415,3550086604,0.01252,312889060571.75,211052648607.8
2021-11-04,002714,牧原股份,1087.666,1088.957,1118.637,1078.633,51110034,3048269488.0,0,1099.483,-0.00639,5263062415,3550086604,0.00971,310889096854.05,209703615698.28
2021-11-05,002714,牧原股份,1105.917,1073.103,1118.453,1067.572,43929419,2590659130.0,0,1087.169,-0.01456,5263062415,3550082854,0.00835,306362863177.15,206650322931.34
2021-11-08,002714,牧原股份,1085.454,1067.019,1087.298,1062.779,30245336,1758990253.0,0,1072.126,-0.00567,5262358594,3550082854,0.00575,304585315420.72,205478795589.52
2021-11-09,002714,牧原股份,1061.304,1050.243,1069.969,1047.109,35316450,2021663114.0,0,1055.294,-0.01572,5262358594,3550082854,0.00671,299796569100.18,202248220192.38
2021-11-10,002714,牧原股份,1045.45,1034.02,1048.953,1023.144,36758918,2058638931.0,0,1032.435,-0.01545,5262358594,3550082854,0.00699,295165693537.46,199124147280.86
2021-11-11,002714,牧原股份,1039.182,1049.137,1063.885,1030.518,30835363,1755228890.0,0,1049.377,0.01462,5262358594,3550082854,0.00586,299480827584.54,202035215221.14
2021-11-12,002714,牧原股份,1050.059,1079.924,1091.169,1050.059,46393115,2712926272.0,0,1078.025,0.02935,5262358594,3550082854,0.00882,308268966436.52,207963853587.32
2021-11-15,002714,牧原股份,1092.828,1085.454,1096.515,1074.577,30067080,1770968933.0,0,1085.841,0.00512,5262358594,3550082854,0.00571,309847674014.72,209028878443.52
2021-11-16,002714,牧原股份,1085.454,1082.873,1095.225,1079.739,24682297,1452179028.0,0,1084.625,-0.00238,5262358594,3550082854,0.00469,309110943811.56,208531866843.96
2021-11-17,002714,牧原股份,1074.946,1072.918,1085.27,1060.198,19884195,1157655398.0,0,1073.287,-0.00919,5262358594,3550082854,0.00378,306269270170.8,206614822102.8
2021-11-18,002714,牧原股份,1073.287,1074.577,1085.638,1061.673,19356426,1128037949.0,0,1074.338,0.00155,5262358594,3550082854,0.00368,306742882444.26,206934329559.66
2021-11-19,002714,牧原股份,1069.231,1061.304,1077.896,1047.478,26013268,1493956967.0,0,1058.742,-0.01235,5262358594,3550082854,0.00494,302953984256.58,204378269904.78
2021-11-22,002714,牧原股份,1050.796,1053.562,1068.863,1050.428,24770366,1419764202.0,0,1056.64,-0.00729,5262358594,3550082854,0.00471,300743793647.1,202887235106.1
2021-11-23,002714,牧原股份,1054.483,1054.668,1067.019,1047.294,19223510,1102714118.0,0,1057.488,0.00105,5262358594,3550082854,0.00365,301059535162.74,203100240077.34
2021-11-24,002714,牧原股份,1050.981,1028.674,1069.231,1026.831,36049327,2026115835.0,0,1036.122,-0.02465,5262358594,3550082854,0.00685,293639609545.2,198094623253.2
2021-11-25,002714,牧原股份,1027.015,1030.149,1038.813,1024.987,17207880,963029457.0,0,1031.698,0.00143,5262358594,3550082854,0.00327,294060598232.72,198378629881.52
2021-11-26,002714,牧原股份,1033.836,1007.474,1034.02,1002.128,29033768,1594374785.0,0,1012.341,-0.02201,5262358594,3550082854,0.00552,287587897162.1,194012027971.1
2021-11-29,002714,牧原股份,995.491,1004.709,1013.926,987.195,23279435,1266834657.0,0,1003.215,-0.00274,5262358594,3550082854,0.00442,286798543373.0,193479515543.0
2021-11-30,002714,牧原股份,1003.787,965.995,1003.787,951.247,60463551,3196199982.0,0,974.512,-0.03853,5262358594,3550082854,0.01149,275747590325.6,186024341549.6
2021-12-01,002714,牧原股份,962.308,956.04,966.548,948.298,40073044,2077175905.0,0,955.579,-0.01031,5262358594,3550082854,0.00762,272905916684.84,184107296808.44
2021-12-02,002714,牧原股份,949.404,963.046,978.347,943.689,31782874,1667012313.0,0,966.917,0.00733,5262358594,3550082854,0.00604,274905612950.56,185456328292.96
2021-12-03,002714,牧原股份,958.621,982.955,982.955,956.409,28046168,1483630554.0,0,975.213,0.02067,5262358594,3550082854,0.00533,280588960232.08,189290417775.28
2021-12-06,002714,牧原股份,978.9,951.431,978.9,949.404,37771025,1962902749.0,0,958.031,-0.03207,5262358594,3550082854,0.00718,271590327036.34,183219776094.94
2021-12-07,002714,牧原股份,894.099,902.763,925.069,891.149,110477424,5421641872.0,0,904.699,-0.05115,5262358594,3550082854,0.02099,257697700348.18,173847557360.38
2021-12-08,002714,牧原股份,922.304,940.739,958.621,913.271,73610910,3755682506.0,0,940.573,0.04207,5262358594,3550082854,0.01399,268538159051.82,181160728039.62
2021-12-09,002714,牧原股份,941.108,944.242,958.621,933.734,43448810,2229869649.0,0,946.122,0.00372,5262358594,3550082854,0.00826,269538007184.68,181835243781.88
2021-12-10,002714,牧原股份,939.817,939.264,949.404,934.656,31853496,1622748189.0,0,939.154,-0.00527,5262358594,3550082854,0.00605,268117170364.3,180876721411.3
2021-12-13,002714,牧原股份,932.812,923.963,942.398,922.857,36382015,1836082694.0,0,930.36,-0.01629,5262358594,3550082854,0.00691,263749412731.28,177930152642.48
2021-12-14,002714,牧原股份,923.963,919.723,943.32,916.221,35758770,1797468870.0,0,926.673,-0.00459,5262358594,3550082854,0.0068,262539070254.66,177113633586.06
2021-12-15,002714,牧原股份,918.248,904.422,923.595,903.316,31053271,1534883880.0,0,911.188,-0.01664,5262358594,3550082854,0.0059,258171312621.64,174167064817.24
2021-12-16,002714,牧原股份,886.909,880.272,895.573,859.256,69633799,3310518020.0,0,876.438,-0.0267,5262358594,3550082854,0.01323,251277622863.5,169516456278.5
2021-12-17,002714,牧原股份,879.351,873.083,897.233,866.446,42705762,2030418629.0,0,876.475,-0.00817,5262358594,3550082854,0.00812,249225303011.84,168131923965.44
2021-12-20,002714,牧原股份,866.815,853.357,877.876,851.882,34139712,1596516831.0,0,862.095,-0.02259,5262358594,3550082854,0.00649,243594579316.26,164333335311.66
2021-12-21,002714,牧原股份,864.418,854.648,865.893,848.011,28449056,1319986897.0,0,855.348,0.00151,5262358594,3550082854,0.00541,243962944417.84,164581841111.44
2021-12-22,002714,牧原股份,858.703,886.172,895.02,856.491,66909190,3207186684.0,0,883.646,0.03689,5262358594,3550082854,0.01271,252961577613.58,170652482791.78
2021-12-23,002714,牧原股份,899.629,924.332,943.504,897.417,77636435,3890942917.0,0,923.908,0.04306,5262358594,3550082854,0.01475,263854659903.16,178001154299.56
2021-12-24,002714,牧原股份,923.779,963.783,967.839,907.003,71016183,3649778783.0,0,947.45,0.04268,5262358594,3550082854,0.0135,275116107294.32,185598331607.12
2021-12-27,002714,牧原股份,971.157,975.213,1004.34,949.588,56967646,3023905151.0,0,978.549,0.01186,5262358594,3550082854,0.01083,278378769622.6,187799382976.6
2021-12-28,002714,牧原股份,971.526,965.073,991.989,958.621,44879558,2364294154.0,0,971.175,-0.0104,5262358594,3550082854,0.00853,275484472395.9,185846837406.9
2021-12-29,002714,牧原股份,964.336,949.957,973.922,948.666,32440281,1682623213.0,0,956.188,-0.01566,5262358594,3550082854,0.00616,271169338348.82,182935769466.62
2021-12-30,002714,牧原股份,949.404,961.202,973.554,947.56,25733615,1340510895.0,0,960.317,0.01184,5262358594,3550082854,0.00489,274379377091.16,185101320007.56
2021-12-31,002714,牧原股份,955.856,983.693,989.223,955.487,33902464,1799412965.0,0,978.457,0.0234,5262358594,3550082854,0.00644,280799454575.84,189432421089.44
2022-01-03,002714,牧原股份,983.693,983.693,983.693,983.693,0,0.0,2,,0.0,5262358594,3550082854,0.0,280799454575.84,189432421089.44
2022-01-04,002714,牧原股份,995.491,1065.544,1072.918,995.491,84781587,4777187004.0,0,1038.758,0.08321,5262358594,3550082854,0.01611,304164326733.2,205194788961.2
2022-01-05,002714,牧原股份,1063.701,1069.047,1106.101,1054.668,76153452,4450352218.0,0,1077.324,0.00329,5262358594,3550082854,0.01447,305164174866.06,205869304703.46
2022-01-06,002714,牧原股份,1057.986,1045.081,1069.047,1026.093,51169725,2901595246.0,0,1045.358,-0.02242,5262358594,3550082854,0.00972,298323108693.86,201254196993.26
2022-01-07,002714,牧原股份,1045.45,1037.339,1060.014,1029.78,32046678,1812712429.0,0,1042.777,-0.00741,5262358594,3550082854,0.00609,296112918084.38,199763162194.58
2022-01-10,002714,牧原股份,1032.177,1092.828,1092.828,1030.518,66724268,3892941300.0,0,1075.573,0.05349,5262358594,3550079179,0.01268,311952617452.32,210448693731.12
2022-01-11,002714,牧原股份,1087.666,1043.791,1087.666,1043.422,42941996,2470584888.0,0,1060.622,-0.04487,5262358594,3550079179,0.00816,297954743592.28,201005483114.98
2022-01-12,002714,牧原股份,1048.953,1056.327,1064.807,1028.674,30318875,1726501466.0,0,1049.782,0.01201,5262358594,3550079179,0.00576,301533147436.2,203419536956.7
2022-01-13,002714,牧原股份,1050.796,1018.535,1076.605,1011.898,34709101,1955059434.0,0,1038.389,-0.03578,5262358594,3550079179,0.0066,290745312318.5,196141874639.75
2022-01-14,002714,牧原股份,1013.926,1026.831,1050.059,1010.608,26753400,1495788509.0,0,1030.702,0.00815,5262358594,3550079179,0.00508,293113373685.8,197739410270.3
2022-01-17,002714,牧原股份,1026.831,1032.361,1038.813,1006.552,23605564,1313478873.0,0,1025.78,0.00539,5262358594,3550079179,0.00449,294692081264.0,198804434024.0
2022-01-18,002714,牧原股份,1024.987,1028.674,1037.707,1011.161,27602898,1534225557.0,0,1024.655,-0.00357,5262358594,3550079179,0.00525,293639609545.2,198094418188.2
2022-01-19,002714,牧原股份,1032.361,1005.262,1036.048,993.832,35943189,1962223735.0,0,1006.405,-0.02276,5262358594,3550079179,0.00683,286956414130.82,193585817630.87
2022-01-20,002714,牧原股份,1006.921,1054.483,1060.014,1001.022,58010789,3292051094.0,0,1046.169,0.04896,5262358594,3550079179,0.01102,301006911576.8,203064529038.8
2022-01-21,002714,牧原股份,1051.349,1013.926,1053.746,1013.742,38844196,2160356740.0,0,1025.282,-0.03846,5262358594,3603259261,0.00738,289429722670.0,198179259355.0
2022-01-24,002714,牧原股份,1015.77,992.173,1030.149,990.329,29763165,1624669818.0,0,1006.313,-0.02145,5262358594,3603259261,0.00566,283220139529.08,193927413427.02
2022-01-25,002714,牧原股份,991.804,958.621,1001.943,958.621,27404784,1450962870.0,0,976.061,-0.03382,5262358594,3603259261,0.00521,273642646888.0,187369481572.0
2022-01-26,002714,牧原股份,969.313,1001.943,1004.709,968.76,30754776,1647567323.0,0,987.583,0.04519,5262358594,3603259261,0.00584,286009189583.9,195837140835.35
2022-01-27,002714,牧原股份,995.122,979.268,1034.942,977.056,29178241,1585392310.0,0,1001.667,-0.02263,5262358594,3603259261,0.00554,279536488513.28,191405131944.32
2022-01-28,002714,牧原股份,993.279,1006.368,1024.619,986.642,40380802,2219634067.0,0,1013.336,0.02767,5262358594,3603259261,0.00767,287272155646.46,196701923057.99
2022-01-31,002714,牧原股份,1006.368,1006.368,1006.368,1006.368,0,0.0,2,,0.0,5262358594,3603259261,0.0,287272155646.46,196701923057.99
2022-02-01,002714,牧原股份,1006.368,1006.368,1006.368,1006.368,0,0.0,2,,0.0,5262358594,3603259261,0.0,287272155646.46,196701923057.99
2022-02-02,002714,牧原股份,1006.368,1006.368,1006.368,1006.368,0,0.0,2,,0.0,5262358594,3603259261,0.0,287272155646.46,196701923057.99
2022-02-03,002714,牧原股份,1006.368,1006.368,1006.368,1006.368,0,0.0,2,,0.0,5262358594,3603259261,0.0,287272155646.46,196701923057.99
2022-02-04,002714,牧原股份,1006.368,1006.368,1006.368,1006.368,0,0.0,2,,0.0,5262358594,3603259261,0.0,287272155646.46,196701923057.99
2022-02-07,002714,牧原股份,1028.49,1018.166,1039.735,963.414,51032094,2774930258.0,0,1002.423,0.01172,5262358594,3603259261,0.0097,290640065146.62,199008008985.03
2022-02-08,002714,牧原股份,1010.239,1026.831,1034.758,999.731,30224372,1666409528.0,0,1016.415,0.00851,5262358594,3603259261,0.00574,293113373685.8,200701540837.7
2022-02-09,002714,牧原股份,1025.54,1081.767,1085.454,1023.697,66189129,3848760233.0,0,1071.96,0.0535,5262358594,3603259261,0.01258,308795202295.92,211439253435.48
2022-02-10,002714,牧原股份,1076.237,1135.966,1155.507,1069.416,98123147,6003187853.0,0,1127.855,0.0501,5262358594,3603259261,0.01865,324266536562.28,222032835662.82
2022-02-11,002714,牧原股份,1135.782,1119.006,1141.497,1113.107,40673653,2482279060.0,0,1125.071,-0.01493,5262358594,3603259261,0.00773,319425166655.8,218717837142.7
2022-02-14,002714,牧原股份,1117.347,1090.985,1133.57,1073.103,36084416,2143374767.0,0,1095.022,-0.02504,5262358594,3603259261,0.00686,311426381592.92,213240883065.98
2022-02-15,002714,牧原股份,1087.666,1090.985,1097.806,1071.075,32428064,1907799795.0,0,1084.569,0.0,5262358594,3603259261,0.00616,311426381592.92,213240883065.98
2022-02-16,002714,牧原股份,1087.666,1073.84,1091.538,1063.701,33169117,1931900597.0,0,1073.729,-0.01572,5262358594,3603259261,0.0063,306532388100.5,209889851953.25
2022-02-17,002714,牧原股份,1068.494,1098.727,1104.258,1041.947,46245411,2715191156.0,0,1082.375,0.02318,5262358594,3603259261,0.00879,313636572202.4,214754251955.6
2022-02-18,002714,牧原股份,1087.666,1105.917,1124.536,1082.136,32636559,1955799518.0,0,1104.756,0.00654,5262358594,3603259261,0.0062,315688892054.06,216159523067.39
2022-02-21,002714,牧原股份,1093.197,1097.437,1113.107,1087.113,21056952,1255547198.0,0,1099.207,-0.00767,5262358594,3603259261,0.004,313268207100.82,214502023807.33
2022-02-22,002714,牧原股份,1089.141,1079.186,1096.331,1065.913,25150711,1469100784.0,0,1076.827,-0.01663,5262358594,3603259261,0.00478,308058472092.76,210934797138.94
2022-02-23,002714,牧原股份,1096.884,1058.539,1103.889,1056.142,34436046,1996434494.0,0,1068.77,-0.01913,5262358594,3603259261,0.00654,302164630467.48,206899146766.62
2022-02-24,002714,牧原股份,1057.986,1043.422,1065.176,1034.02,30039724,1707806185.0,0,1048.068,-0.01428,5262358594,3603259261,0.00571,297849496420.4,203944474172.6
2022-02-25,002714,牧原股份,1059.461,1054.483,1062.963,1034.942,23357624,1328256569.0,0,1048.326,0.0106,5262358594,3603259261,0.00444,301006911576.8,206106429729.2
2022-02-28,002714,牧原股份,1054.483,1052.271,1064.807,1043.607,20454341,1167474894.0,0,1052.216,-0.0021,5262358594,3603259261,0.00389,300375428545.52,205674038617.88
2022-03-01,002714,牧原股份,1065.544,1117.347,1117.531,1047.109,61222782,3623517352.41,0,1091.095,0.06184,5262358594,3603259261,0.01163,318951554382.34,218393543809.21
2022-03-02,002714,牧原股份,1104.811,1100.386,1120.665,1095.225,31586065,1890496174.29,0,1103.373,-0.01518,5262358594,3603259261,0.006,314110184475.86,215078545289.09
2022-03-03,002714,牧原股份,1095.225,1083.058,1103.705,1077.158,21590519,1271593033.62,0,1085.749,-0.01575,5262358594,3603259261,0.0041,309163567397.5,211691481583.75
2022-03-04,002714,牧原股份,1080.845,1082.873,1107.207,1071.628,27582414,1628671040.55,0,1088.533,-0.00017,5262358594,3603259261,0.00524,309110943811.56,211655448991.14
2022-03-07,002714,牧原股份,1080.292,1055.405,1093.197,1042.685,29754772,1722727320.13,0,1067.351,-0.02537,5262358594,3603259261,0.00565,301270029506.5,206286592692.25
2022-03-08,002714,牧原股份,1048.031,1003.971,1072.918,999.178,35933781,2006704448.19,0,1029.504,-0.04873,5262358594,3603259261,0.00683,286588049029.24,196233499354.06
2022-03-09,002714,牧原股份,995.676,1007.474,1030.518,958.621,33665144,1825309395.46,0,999.547,0.00349,5262358594,3603259261,0.0064,287587897162.1,196918118613.65
2022-03-10,002714,牧原股份,1028.306,1008.764,1030.518,1001.022,22877071,1259354698.67,0,1014.83,0.00128,5262358594,3603259261,0.00435,287956262263.68,197170346761.92
2022-03-11,002714,牧原股份,991.435,1025.725,1033.836,981.296,30551940,1682614565.98,0,1015.29,0.01681,5262358594,3603259261,0.00581,292797632170.16,200485345282.04
2022-03-14,002714,牧原股份,1013.189,964.705,1023.144,964.705,40231428,2150561257.37,0,985.444,-0.05949,5262358594,3603259261,0.00765,275379225224.02,188558557128.13
2022-03-15,002714,牧原股份,969.867,907.372,973.185,907.003,47618042,2407673103.04,0,932.112,-0.05943,5262387699,3601029950,0.00905,259014722544.78,177242694139.0
2022-03-16,002714,牧原股份,918.064,920.092,929.125,875.11,43085973,2120012709.11,0,907.077,0.01402,5262387699,3601029950,0.00819,262645770057.09,179727404804.5
2022-03-17,002714,牧原股份,936.499,977.978,994.385,928.203,42801468,2249226299.04,0,968.76,0.06291,5262387699,3601029950,0.00813,279169667431.95,191034638847.5
2022-03-18,002714,牧原股份,973.369,1008.396,1013.926,968.392,38553140,2094789346.37,0,1001.667,0.0311,5262387699,3601029950,0.00733,287852607135.3,196976338265.0
2022-03-21,002714,牧原股份,1014.295,1012.636,1040.104,1001.206,34618928,1909998691.14,0,1017.097,0.0042,5262387699,3601029950,0.00658,289062956306.07,197804575153.5
2022-03-22,002714,牧原股份,1006.552,1035.495,1051.902,1006.552,33670708,1891928985.5,0,1035.845,0.02257,5262387699,3601029950,0.0064,295588317052.83,202269852291.5
2022-03-23,002714,牧原股份,1032.361,1026.646,1037.154,1012.083,27387192,1520124883.35,0,1023.236,-0.00855,5262387699,3601029950,0.0052,293062370957.31,200541357915.5
2022-03-24,002714,牧原股份,1013.926,1013.742,1032.361,1004.709,21117354,1162335993.66,0,1014.7,-0.01257,5262387699,3601029950,0.00401,289378699568.01,198020636950.5
2022-03-25,002714,牧原股份,1013.926,1013.004,1047.662,1005.446,29996112,1669152675.04,0,1025.835,-0.00073,5322072890,3601029950,0.00564,292447905305.5,197876595752.5
2022-03-28,002714,牧原股份,1004.709,1005.446,1019.457,993.832,21591292,1176568486.04,0,1004.58,-0.00746,5322072890,3601029950,0.00406,290265855420.6,196400173473.0
2022-03-29,002714,牧原股份,1004.893,1049.875,1053.377,1000.653,35010566,1972742586.46,0,1038.758,0.04419,5322072890,3601029950,0.00658,303092051085.5,205078655652.5
2022-03-30,002714,牧原股份,1036.233,1057.249,1064.069,1031.624,28952595,1650019157.77,0,1050.612,0.00702,5322072890,3601029950,0.00544,305220880241.5,206519067632.5
2022-03-31,002714,牧原股份,1057.249,1048.215,1062.779,1030.333,21296499,1205858827.5,0,1043.828,-0.00854,5322078466,3601035526,0.004,302613381576.76,204754880008.36
2022-04-01,002714,牧原股份,1050.428,1058.539,1079.371,1034.573,29360158,1688879667.72,0,1060.438,0.00985,5322078466,3601035526,0.00552,305593745517.72,206771459902.92
2022-04-04,002714,牧原股份,1058.539,1058.539,1058.539,1058.539,0,0.0,2,,0.0,5322078466,3601035526,0.0,305593745517.72,206771459902.92
2022-04-05,002714,牧原股份,1058.539,1058.539,1058.539,1058.539,0,0.0,2,,0.0,5322078466,3601035526,0.0,305593745517.72,206771459902.92
2022-04-06,002714,牧原股份,1050.796,1033.283,1066.835,1029.78,25959486,1469875306.19,0,1043.828,-0.02386,5322078466,3601035526,0.00488,298302498019.3,201838041232.3
2022-04-07,002714,牧原股份,1023.328,997.519,1036.048,991.989,37485922,2049575727.4,0,1007.953,-0.03461,5322078466,3601035526,0.00704,287977665795.26,194852032311.86
2022-04-08,002714,牧原股份,995.122,990.145,1008.211,975.213,24134771,1293103515.87,0,987.712,-0.00739,5322078466,3601035526,0.00453,285848834408.86,193411618101.46
2022-04-11,002714,牧原股份,994.754,1008.396,1025.172,983.693,31059122,1701926369.51,0,1010.165,0.01843,5322078466,3601035526,0.00584,291117692090.2,196976643272.2
2022-04-12,002714,牧原股份,1008.396,1017.613,1024.619,997.519,18615426,1023728475.14,0,1013.816,0.00914,5322078466,3601035526,0.0035,293778731323.2,198777161035.2
2022-04-13,002714,牧原股份,1013.926,987.011,1028.674,985.721,22613403,1230419331.95,0,1003.068,-0.03007,5322078466,3601035526,0.00425,284944081069.64,192799442062.04
2022-04-14,002714,牧原股份,990.882,981.665,991.067,965.995,25737867,1367662532.67,0,979.6,-0.00542,5322078466,3601035526,0.00484,283400678314.5,191755141759.5
2022-04-15,002714,牧原股份,977.056,966.733,987.564,957.146,22802153,1202558354.35,0,972.245,-0.01521,5322078466,3601035526,0.00428,279089794757.04,188838302983.44
2022-04-18,002714,牧原股份,966.733,1012.636,1013.558,966.733,29450214,1581426477.3,0,989.924,0.04748,5322078466,3601035526,0.00553,292341770137.38,197804881443.18
2022-04-19,002714,牧原股份,1032.361,1059.092,1087.482,1032.361,65213984,3752155539.84,0,1060.677,0.04588,5322078466,3601035526,0.01225,305753407871.7,206879490968.7
2022-04-20,002714,牧原股份,1058.17,1053.193,1079.739,1050.059,41013008,2368972649.9,0,1064.825,-0.00557,5322078466,3601035526,0.00771,304050342762.58,205727159600.38
2022-04-21,002714,牧原股份,1050.796,1031.993,1081.951,1024.065,39499311,2250961132.39,0,1050.557,-0.02013,5322078466,3601035526,0.00742,297929952526.68,201585968745.48
2022-04-22,002714,牧原股份,1024.065,1013.926,1026.831,986.274,31423395,1718421670.58,0,1008.138,-0.01751,5322078466,3601035526,0.0059,292714315630.0,198056953930.0
2022-04-25,002714,牧原股份,1014.111,976.319,1038.998,974.844,40084811,2195986916.72,0,1009.944,-0.03709,5322078466,3601035526,0.00753,281857275559.36,190710841456.96
2022-04-26,002714,牧原股份,976.319,942.214,991.067,940.739,36617929,1912140767.42,0,962.658,-0.03493,5322078466,3601035526,0.00688,272011430397.26,184048925733.86
2022-04-27,002714,牧原股份,930.969,1005.077,1005.262,913.824,40125270,2116810357.44,0,972.54,0.06672,5322078466,3601035526,0.00754,290159717966.32,196328456877.52
2022-04-28,002714,牧原股份,999.178,989.961,1006.552,972.816,25355624,1358423711.7,0,987.656,-0.01504,5322081966,3601039026,0.00476,285795801574.2,193375795696.2
2022-04-29,002714,牧原股份,995.307,962.861,997.703,947.376,48987022,2567355868.51,0,966.161,-0.02737,5322081966,3601039026,0.0092,277972341084.18,188082268327.98
2022-05-02,002714,牧原股份,962.861,962.861,962.861,962.861,0,0.0,2,,0.0,5322081966,3601039026,0.0,277972341084.18,188082268327.98
2022-05-03,002714,牧原股份,962.861,962.861,962.861,962.861,0,0.0,2,,0.0,5322081966,3601039026,0.0,277972341084.18,188082268327.98
2022-05-04,002714,牧原股份,962.861,962.861,962.861,962.861,0,0.0,2,,0.0,5322081966,3601039026,0.0,277972341084.18,188082268327.98
2022-05-05,002714,牧原股份,973.369,963.046,984.615,958.99,34712007,1824244418.92,0,968.834,0.00019,5322081966,3601039026,0.00652,278025561903.84,188118278718.24
2022-05-06,002714,牧原股份,952.722,947.56,962.861,940.37,21199061,1093410570.75,0,950.842,-0.01608,5322081966,3601039026,0.00398,273555013052.4,185093405936.4
2022-05-09,002714,牧原股份,958.068,949.404,976.319,925.622,29900180,1542193849.15,0,950.842,0.00195,5322081966,3601039026,0.00562,274087221249.0,185453509839.0
2022-05-10,002714,牧原股份,940.924,951.985,958.252,922.304,28556176,1459492745.31,0,942.214,0.00272,5322081966,3601039026,0.00537,274832312724.24,185957655302.64
2022-05-11,002714,牧原股份,954.565,949.588,960.465,936.499,39482527,2030833801.75,0,948.224,-0.00252,5322081966,3601039026,0.00742,274140442068.66,185489520229.26
2022-05-12,002714,牧原股份,946.638,927.466,956.409,918.617,38889262,1969381762.4,0,933.568,-0.0233,5322081966,3601039026,0.00731,267753943709.46,181168273398.06
2022-05-13,002714,牧原股份,930.231,908.478,931.337,895.205,43027535,2120447513.55,0,908.496,-0.02047,5322081966,3601039026,0.00808,262272199284.48,177459203201.28
2022-05-16,002714,牧原股份,914.377,945.532,945.717,905.344,45839213,2313361416.83,0,930.36,0.04079,5322081966,3601039026,0.00861,272969584036.14,184697291643.54
2022-05-17,002714,牧原股份,944.795,933.918,954.565,930.969,34755681,1773429749.24,0,940.665,-0.01228,5322081966,3601039026,0.00653,269616672397.56,182428637057.16
2022-05-18,002714,牧原股份,934.103,920.645,936.499,915.668,27379693,1368420989.71,0,921.364,-0.01421,5322081966,3601039026,0.00514,265784773382.04,179835888958.44
2022-05-19,002714,牧原股份,892.255,895.573,905.16,879.351,48990372,2369801449.52,0,891.757,-0.02723,5322081966,3601039026,0.00921,258546741908.28,174938475883.08
2022-05-20,002714,牧原股份,890.412,898.707,908.847,881.747,33240201,1614166513.46,0,895.223,0.0035,5322081966,3601039026,0.00625,259451495842.5,175550652517.5
2022-05-23,002714,牧原股份,904.791,918.801,925.807,903.869,33038773,1643132282.65,0,916.829,0.02236,5322081966,3601039026,0.00621,265252565185.44,179475785055.84
2022-05-24,002714,牧原股份,914.377,894.836,917.142,894.099,28934427,1416254090.8,0,902.339,-0.02608,5322081966,3601039026,0.00544,258333858629.64,174794434322.04
2022-05-25,002714,牧原股份,894.467,924.885,936.499,890.596,41602085,2069202693.71,0,916.921,0.03358,5322081966,3601039026,0.00782,267008852234.22,180664127934.42
2022-05-26,002714,牧原股份,936.499,919.17,937.974,918.433,31919306,1603702775.53,0,926.212,-0.00618,5322081966,3601039026,0.006,265359006824.76,179547805836.36
2022-05-27,002714,牧原股份,926.913,909.031,930.416,904.238,22828573,1133398580.92,0,915.262,-0.01103,5322081966,3601039026,0.00429,262431861743.46,177567234372.06
2022-05-30,002714,牧原股份,911.981,906.081,923.042,899.076,26889987,1324493378.42,0,908.035,-0.00325,5322081966,3601039026,0.00505,261580328628.9,176991068127.9
2022-05-31,002714,牧原股份,905.16,943.504,943.504,901.841,49630309,2505634138.28,0,930.711,0.0413,5322081966,3601039026,0.00933,272384155019.88,184301177350.68
2022-06-01,002714,牧原股份,943.136,924.516,943.136,918.064,28401514,1428991085.7,0,927.54,-0.02012,5322081966,3601039026,0.00534,266902410594.9,180592107153.9
2022-06-02,002714,牧原股份,918.433,920.645,922.304,906.081,20758338,1029378267.92,0,914.174,-0.00419,5322081966,3601039026,0.0039,265784773382.04,179835888958.44
2022-06-03,002714,牧原股份,920.645,920.645,920.645,920.645,0,0.0,2,,0.0,5322081966,3601039026,0.0,265784773382.04,179835888958.44
2022-06-06,002714,牧原股份,920.829,909.768,921.751,897.786,38682472,1899949495.59,0,905.473,-0.01181,5322081966,3601039026,0.00727,262644745022.1,177711275933.1
2022-06-07,002714,牧原股份,915.299,930.047,944.795,912.718,38992942,1966490074.57,0,929.715,0.02229,5322081966,3601039026,0.00733,268499035184.7,181672418861.7
2022-06-08,002714,牧原股份,921.751,928.756,943.873,918.064,36167792,1822355811.39,0,928.867,-0.00139,5322081966,3601039026,0.0068,268126489447.08,181420346129.88
2022-06-09,002714,牧原股份,933.573,959.511,974.147,926.533,54086030,2785637793.53,0,954.212,0.03311,5322081966,3601039026,0.01016,275630625019.14,186497811156.54
2022-06-10,002714,牧原股份,954.138,955.62,957.844,942.281,34060145,1745876014.19,0,949.673,-0.00406,5322081966,3601039026,0.0064,274512987806.28,185741592961.08
2022-06-13,002714,牧原股份,959.696,992.86,1016.389,957.844,64058546,3434937340.75,0,993.452,0.03897,5322081966,3601039026,0.01204,285210372557.94,192979681403.34
2022-06-14,002714,牧原股份,979.705,1006.014,1020.65,979.335,56244087,3054409479.17,0,1006.125,0.01325,5322081966,3601039026,0.01057,288989050753.8,195536419111.8
2022-06-15,002714,牧原股份,1006.384,993.415,1018.612,989.71,41547306,2239171892.04,0,998.51,-0.01252,5322081966,3601039026,0.00781,285370035016.92,193087712574.12
2022-06-16,002714,牧原股份,994.898,1018.242,1032.507,994.898,48603239,2668451681.66,0,1017.186,0.02499,5322081966,3601039026,0.00913,292501624851.36,197913104868.96
2022-06-17,002714,牧原股份,1012.313,1016.204,1030.84,1010.46,32902741,1809433847.54,0,1018.853,-0.002,5322081966,3601039026,0.00618,291916195835.1,197516990576.1
2022-06-20,002714,牧原股份,1029.172,1036.213,1056.407,1023.614,38383891,2154158725.58,0,1039.751,0.01969,5322081966,3601039026,0.00721,297664044358.38,201406112724.18
2022-06-21,002714,牧原股份,1041.956,1033.804,1056.037,1022.688,28918389,1614083980.05,0,1034.082,-0.00232,5322081966,3601039026,0.00543,296972173702.8,200937977650.8
2022-06-22,002714,牧原股份,1042.327,1060.668,1070.858,1025.097,43055391,2446208746.59,0,1052.609,0.02599,5322081966,3601039026,0.00809,304689192553.5,206159484238.5
2022-06-23,002714,牧原股份,1060.668,1061.409,1077.898,1044.92,29207382,1667812632.9,0,1057.926,0.0007,5322081966,3601039026,0.00549,304902075832.14,206303525799.54
2022-06-24,002714,牧原股份,1063.447,1054.184,1065.3,1042.141,38980097,2212906698.44,0,1051.775,-0.00681,5322081966,3601039026,0.00732,302826463865.4,204899120579.4
2022-06-27,002714,牧原股份,1070.858,1085.309,1095.499,1070.858,50523914,2956457713.0,0,1084.123,0.02953,5322081966,3601039026,0.00949,311767561568.28,210948866143.08
2022-06-28,002714,牧原股份,1090.311,1080.307,1097.722,1067.523,34586192,2020690995.73,0,1082.437,-0.00461,5322081966,3601039026,0.0065,310330599437.46,209976585606.06
2022-06-29,002714,牧原股份,1074.564,1016.574,1076.416,1012.683,66223641,3703387747.29,0,1036.064,-0.059,5322081966,3601039026,0.01244,292022637474.42,197589011356.62
2022-06-30,002714,牧原股份,1021.576,1023.985,1032.878,1008.978,33110320,1826602844.91,0,1022.077,0.00729,5322103451,3601049336,0.00622,294152657736.77,199029996800.72
2022-07-01,002714,牧原股份,1026.949,1037.324,1052.331,1022.317,30339070,1702796692.15,0,1039.844,0.01303,5322103451,3601049336,0.0057,297984572221.49,201622752322.64
2022-07-04,002714,牧原股份,1070.858,1141.075,1141.075,1070.858,87792732,5243725268.52,0,1106.578,0.10002,5322103451,3601049336,0.0165,327788351547.09,221788628604.24
2022-07-05,002714,牧原股份,1157.935,1176.462,1179.611,1136.999,97762013,6111672905.79,0,1158.231,0.03101,5322103451,3601049336,0.01837,337953569138.5,228666632836.0
2022-07-06,002714,牧原股份,1139.408,1133.664,1179.426,1122.548,66724194,4124803050.13,0,1145.318,-0.03638,5322103451,3601049336,0.01254,325659510166.69,220348208869.84
2022-07-07,002714,牧原股份,1149.042,1153.859,1173.497,1131.812,56743016,3538172954.08,0,1155.23,0.01781,5322103451,3601049336,0.01066,331460602928.28,224273352646.08
2022-07-08,002714,牧原股份,1161.084,1164.234,1187.948,1146.819,49158189,3096075181.26,0,1166.865,0.00899,5322103451,3601049336,0.00924,334440980860.84,226289940274.24
2022-07-11,002714,牧原股份,1164.234,1206.846,1219.815,1164.049,71724810,4644440094.74,0,1199.695,0.0366,5322103451,3601049336,0.01348,346681818798.14,234572353747.04
2022-07-12,002714,牧原股份,1215.368,1176.462,1222.594,1168.68,48265326,3107267633.39,0,1192.747,-0.02518,5322103451,3601049336,0.00907,337953569138.5,228666632836.0
2022-07-13,002714,牧原股份,1187.578,1183.687,1193.321,1151.45,37982793,2403177978.09,0,1172.201,0.00614,5322103451,3601049336,0.00714,340029189484.39,230071042077.04
2022-07-14,002714,牧原股份,1183.687,1177.573,1197.953,1156.267,29992050,1911317899.2,0,1180.667,-0.00517,5322103451,3601049336,0.00564,338272895345.56,228882695796.16
2022-07-15,002714,牧原股份,1165.346,1157.935,1188.134,1154.415,33878969,2137031013.75,0,1168.643,-0.01668,5322103451,3601049336,0.00637,332631465687.5,225065583500.0
2022-07-18,002714,牧原股份,1145.151,1150.524,1159.788,1112.729,41053212,2528715625.2,0,1141.186,-0.0064,5322103451,3601049336,0.00771,330502624307.1,223625163765.6
2022-07-19,002714,牧原股份,1146.263,1143.299,1163.308,1126.439,27354948,1683994631.4,0,1140.538,-0.00628,5322103451,3601049336,0.00514,328427003961.21,222220754524.56
2022-07-20,002714,牧原股份,1152.377,1110.135,1153.488,1098.649,47522900,2866669479.75,0,1117.583,-0.02901,5322103451,3601049336,0.00893,318900438783.92,215774876213.12
2022-07-21,002714,牧原股份,1107.356,1109.024,1131.627,1093.09,28341659,1704205913.37,0,1114.044,-0.001,5322103451,3601049336,0.00533,318581112576.86,215558813252.96
2022-07-22,002714,牧原股份,1107.912,1089.385,1109.209,1080.122,27849456,1642872101.17,0,1092.924,-0.01771,5322103451,3601049336,0.00523,312939682918.8,211741700956.8
2022-07-25,002714,牧原股份,1087.162,1074.934,1091.052,1069.376,22753539,1322371220.0,0,1076.731,-0.01327,5322103451,3601049336,0.00428,308788442227.02,208932882474.72
2022-07-26,002714,牧原股份,1085.865,1076.787,1096.425,1070.488,22175748,1294042904.83,0,1081.122,0.00172,5322103451,3601049336,0.00417,309320652572.12,209292987408.32
2022-07-27,002714,牧原股份,1072.34,1075.49,1085.309,1068.635,21016174,1219607004.18,0,1075.156,-0.0012,5322103451,3601049336,0.00395,308948105330.55,209040913954.8
2022-07-28,002714,牧原股份,1085.309,1078.269,1106.059,1075.86,35394463,2085496444.87,0,1091.645,0.00258,5322103451,3601049336,0.00665,309746420848.2,209581071355.2
2022-07-29,002714,牧原股份,1083.827,1104.207,1121.437,1071.784,45205628,2692317972.01,0,1103.41,0.02406,5322103451,3601049336,0.00849,317197365679.6,214622540425.6
2022-08-01,002714,牧原股份,1105.318,1088.829,1106.615,1070.488,29592361,1734463862.62,0,1085.902,-0.01393,5322103451,3601049336,0.00556,312780019815.27,211633669476.72
2022-08-02,002714,牧原股份,1074.749,1075.86,1099.945,1059.742,29579364,1721012628.03,0,1077.954,-0.01191,5322103451,3601049336,0.00556,309054547399.57,209112934941.52
2022-08-03,002714,牧原股份,1076.416,1050.849,1089.385,1050.293,29048355,1669509329.54,0,1064.8,-0.02325,5322103451,3601049336,0.00546,301869707740.72,204251518337.92
2022-08-04,002714,牧原股份,1048.626,1073.637,1079.936,1048.626,22019381,1272818278.43,0,1070.932,0.02169,5322103451,3601049336,0.00414,308415894985.45,208680809021.2
2022-08-05,002714,牧原股份,1074.564,1082.16,1083.456,1065.3,15951129,926826757.01,0,1076.49,0.00794,5322103451,3601049336,0.003,310864062572.91,210337291715.76
2022-08-08,002714,牧原股份,1093.09,1072.155,1105.874,1070.488,22012046,1288019092.75,0,1084.086,-0.00925,5322103451,3601049336,0.00414,307990126709.37,208392725074.32
2022-08-09,002714,牧原股份,1070.858,1040.659,1070.858,1032.878,37549164,2113029469.71,0,1042.586,-0.02938,5322103451,3601049336,0.00706,298942550842.67,202270941203.12
2022-08-10,002714,牧原股份,1044.92,1033.063,1050.478,1022.873,22714978,1266646546.69,0,1033.119,-0.0073,5322103451,3601049336,0.00427,296760488427.76,200794510975.36
2022-08-11,002714,牧原股份,1039.177,1042.141,1042.882,1030.099,19907136,1115780566.84,0,1038.417,0.00879,5322103451,3601049336,0.00374,299368319118.75,202559025150.0
2022-08-12,002714,牧原股份,1043.068,1032.878,1043.623,1028.617,17148589,956247924.89,0,1033.1,-0.00889,5322103451,3601049336,0.00322,296707267393.25,200758500482.0
2022-08-15,002714,牧原股份,1031.952,1036.769,1043.994,1022.132,21168005,1180906684.4,0,1033.563,0.00377,5322103451,3601049336,0.00398,297824909117.96,201514720842.56
2022-08-16,002714,牧原股份,1036.954,1063.447,1063.447,1031.581,35957376,2039868325.46,0,1051.034,0.02573,5322103451,3601049336,0.00676,305488738087.4,206700231886.4
2022-08-17,002714,牧原股份,1063.633,1067.153,1067.894,1050.108,26374321,1510639418.16,0,1061.169,0.00348,5322103451,3601049336,0.00496,306553158777.6,207420441753.6
2022-08-18,002714,牧原股份,1065.115,1031.025,1065.115,1030.099,31449097,1765819624.62,0,1040.27,-0.03385,5322103451,3601049336,0.00591,296175057048.15,200398395548.4
2022-08-19,002714,牧原股份,1024.726,1079.751,1088.088,1024.355,51895331,2988962095.39,0,1067.079,0.04726,5322103451,3601049336,0.00975,310172189124.28,209869155302.08
2022-08-22,002714,牧原股份,1080.122,1089.57,1118.102,1080.122,37474648,2217120999.71,0,1096.11,0.00909,5322103451,3601049336,0.00704,312992903953.31,211777711450.16
2022-08-23,002714,牧原股份,1089.57,1094.758,1111.062,1080.492,26099848,1549319331.75,0,1099.779,0.00476,5322103451,3601049336,0.0049,314483092919.59,212786005264.24
2022-08-24,002714,牧原股份,1095.684,1097.537,1122.178,1090.867,41610243,2480611893.91,0,1104.485,0.00254,5322103451,3601049336,0.00782,315281408437.24,213326162664.64
2022-08-25,002714,牧原股份,1109.579,1104.948,1113.47,1093.461,30930022,1840389390.14,0,1102.391,0.00675,5322103451,3601049336,0.00581,317410249817.64,214766582399.04
2022-08-26,002714,牧原股份,1104.762,1093.09,1104.762,1081.604,23541993,1389138361.42,0,1093.22,-0.01073,5322103451,3601049336,0.00442,314004103609.0,212461910824.0
2022-08-29,002714,牧原股份,1111.617,1089.385,1125.142,1078.269,32933345,1954142315.53,0,1099.316,-0.00339,5322103451,3601049336,0.00619,312939682918.8,211741700956.8
2022-08-30,002714,牧原股份,1081.974,1096.055,1101.428,1070.117,22037096,1290990718.29,0,1085.365,0.00612,5322103451,3601049336,0.00414,314855640161.16,213038078717.76
2022-08-31,002714,牧原股份,1085.68,1086.05,1102.724,1077.898,26639941,1565717300.01,0,1088.885,-0.00913,5322103451,3601049336,0.00501,311981704297.62,211093512076.32
2022-09-01,002714,牧原股份,1083.827,1087.532,1100.316,1076.416,21026406,1238463197.47,0,1091.238,0.00136,5322103451,3601049336,0.00395,312407472573.7,211381596023.2
2022-09-02,002714,牧原股份,1091.608,1093.09,1100.501,1076.972,22729327,1338674616.6,0,1091.164,0.00511,5322103451,3601049336,0.00427,314004103609.0,212461910824.0
2022-09-05,002714,牧原股份,1095.87,1112.729,1114.396,1087.903,36057171,2143565586.87,0,1101.409,0.01797,5322103451,3601049336,0.00677,319645533267.06,216279023120.16
2022-09-06,002714,牧原股份,1112.914,1106.986,1122.548,1104.577,26440469,1584157023.29,0,1110.024,-0.00516,5322103451,3601049336,0.00497,317995681197.25,215162697826.0
2022-09-07,002714,牧原股份,1100.316,1086.05,1104.207,1080.677,31679665,1865271672.32,0,1090.849,-0.01891,5322103451,3601049336,0.00595,311981704297.62,211093512076.32
2022-09-08,002714,牧原股份,1086.05,1081.974,1101.983,1078.825,22708249,1334069422.77,0,1088.422,-0.00375,5322103451,3601049336,0.00427,310810841538.4,210301281222.4
2022-09-09,002714,牧原股份,1087.532,1083.827,1087.532,1063.633,21028724,1221601017.04,0,1076.268,0.00171,5322103451,3601049336,0.00395,311343051883.5,210661386156.0
2022-09-12,002714,牧原股份,1083.827,1083.827,1083.827,1083.827,0,0.0,2,,0.0,5322103451,3601049336,0.0,311343051883.5,210661386156.0
2022-09-13,002714,牧原股份,1090.311,1123.104,1128.292,1084.198,44427142,2670775889.7,0,1113.767,0.03624,5322103451,3601049336,0.00835,322625911199.62,218295610748.32
2022-09-14,002714,牧原股份,1117.546,1120.696,1129.403,1111.988,20773300,1255001830.52,0,1119.288,-0.00214,5322103451,3601049336,0.0039,321934037750.99,217827474334.64
2022-09-15,002714,牧原股份,1115.323,1100.316,1121.807,1095.87,31855327,1900887044.45,0,1105.559,-0.01819,5322103451,3601049336,0.00599,316079723954.89,213866320065.04
2022-09-16,002714,牧原股份,1101.057,1091.238,1115.138,1091.238,29322526,1744973767.01,0,1102.539,-0.00825,5322103451,3601049336,0.00551,313471893263.9,212101805890.4
2022-09-19,002714,牧原股份,1098.649,1112.173,1126.439,1096.796,31488616,1890089785.29,0,1112.081,0.01918,5322103451,3601049336,0.00592,319485870163.53,216170991640.08
2022-09-20,002714,牧原股份,1111.432,1090.867,1115.323,1084.012,27270101,1612227099.56,0,1095.332,-0.01916,5322103451,3601049336,0.00512,313365451194.88,212029784903.68
2022-09-21,002714,牧原股份,1090.867,1048.44,1090.867,1046.032,31705280,1810067791.19,0,1057.704,-0.03889,5322103451,3601049336,0.00596,301177834292.09,203783381924.24
2022-09-22,002714,牧原股份,1044.92,1041.215,1057.519,1038.621,16824824,950238389.8,0,1046.365,-0.00689,5322103451,3601049336,0.00316,299102213946.2,202378972683.2
2022-09-23,002714,牧原股份,1040.474,1033.804,1043.068,1005.643,27509996,1524238711.47,0,1026.523,-0.00712,5322103451,3601049336,0.00517,296973372565.8,200938552948.8
2022-09-26,002714,牧原股份,1022.873,997.677,1037.51,996.75,25002470,1368288616.07,0,1013.906,-0.03495,5322103451,3601049336,0.0047,286595270836.35,193916506743.6
2022-09-27,002714,牧原股份,1000.456,1017.686,1018.797,989.34,24277121,1315891135.68,0,1004.217,0.02006,5322103451,3601049336,0.00456,292343142563.43,197805640026.48
2022-09-28,002714,牧原股份,1015.277,1013.239,1031.21,1011.572,19782736,1089487967.81,0,1020.335,-0.00437,5322103451,3601049336,0.00372,291065837735.19,196941388185.84
2022-09-29,002714,牧原股份,1022.688,1008.052,1029.728,1001.197,16965296,929720910.44,0,1015.296,-0.00512,5322103451,3601049336,0.00319,289575648768.91,195933094371.76
2022-09-30,002714,牧原股份,1009.904,1010.09,1014.907,991.192,18970945,1029883444.06,0,1005.773,0.00202,5322167365,3601113250,0.00356,290164564739.8,196332694390.0
2022-10-03,002714,牧原股份,1010.09,1010.09,1010.09,1010.09,0,0.0,2,,0.0,5322167365,3601113250,0.0,290164564739.8,196332694390.0
2022-10-04,002714,牧原股份,1010.09,1010.09,1010.09,1010.09,0,0.0,2,,0.0,5322167365,3601113250,0.0,290164564739.8,196332694390.0
2022-10-05,002714,牧原股份,1010.09,1010.09,1010.09,1010.09,0,0.0,2,,0.0,5322167365,3601113250,0.0,290164564739.8,196332694390.0
2022-10-06,002714,牧原股份,1010.09,1010.09,1010.09,1010.09,0,0.0,2,,0.0,5322167365,3601113250,0.0,290164564739.8,196332694390.0
2022-10-07,002714,牧原股份,1010.09,1010.09,1010.09,1010.09,0,0.0,2,,0.0,5322167365,3601113250,0.0,290164564739.8,196332694390.0
2022-10-10,002714,牧原股份,1046.773,1075.49,1086.977,1038.621,54924119,3174572187.01,0,1070.84,0.06475,5322167365,3601113250,0.01032,308951815538.25,209044624162.5
2022-10-11,002714,牧原股份,1074.564,1079.381,1083.827,1056.778,22834317,1324130633.74,0,1074.36,0.00362,5322167365,3601113250,0.00429,310069470684.9,209800857945.0
2022-10-12,002714,牧原股份,1081.974,1091.052,1101.428,1070.858,29013357,1703392126.02,0,1087.736,0.01081,5322167365,3601113250,0.00545,313422436124.85,212069559292.5
2022-10-13,002714,牧原股份,1083.827,1091.423,1106.986,1076.046,26869085,1583575037.59,0,1091.923,0.00034,5322167365,3601113250,0.00505,313528879472.15,212141581557.5
2022-10-14,002714,牧原股份,1093.09,1083.086,1097.722,1076.416,24931365,1460645752.09,0,1085.439,-0.00764,5322167365,3601113250,0.00468,311133904157.9,210521080595.0
2022-10-17,002714,牧原股份,1068.82,1079.751,1089.756,1058.816,22152705,1287471696.78,0,1076.75,-0.00308,5322167365,3601113250,0.00416,310175914032.2,209872880210.0
2022-10-18,002714,牧原股份,1081.048,1087.532,1108.838,1077.343,25475431,1499174430.73,0,1090.274,0.00721,5322167365,3601113250,0.00479,312411224325.5,211385347775.0
2022-10-19,002714,牧原股份,1083.827,1048.626,1099.76,1048.626,30692545,1763419048.59,0,1064.448,-0.03577,5322167365,3601113250,0.00577,301234672859.0,203823009950.0
2022-10-20,002714,牧原股份,1048.255,1038.065,1056.963,1035.101,20720039,1167179245.46,0,1043.642,-0.01007,5322167365,3601113250,0.00389,298201037460.95,201770375397.5
2022-10-21,002714,牧原股份,1034.731,1036.027,1043.068,1025.652,18623902,1038930005.49,0,1033.526,-0.00196,5322167365,3601113250,0.0035,297615599050.8,201374252940.0
2022-10-24,002714,牧原股份,1029.172,1006.014,1037.324,998.603,30332464,1659891027.92,0,1013.851,-0.02897,5322167365,3601113250,0.0057,288993687919.5,195540449475.0
2022-10-25,002714,牧原股份,1011.572,1004.346,1023.059,996.75,34313726,1867769396.73,0,1008.459,-0.00166,5322167365,3601113250,0.00645,288514692856.65,195216349282.5
2022-10-26,002714,牧原股份,1013.425,940.058,1015.277,917.084,76278495,3962371109.7,0,962.401,-0.06401,5322167365,3601113250,0.01433,270046772100.1,182720486305.0
2022-10-27,002714,牧原股份,926.348,917.27,935.426,898.557,63768141,3149841444.74,0,915.139,-0.02424,5322167365,3601113250,0.01198,263500506241.15,178291117007.5
2022-10-28,002714,牧原股份,905.598,880.586,909.488,877.251,54755081,2627159371.43,0,888.923,-0.03999,5322167365,3601113250,0.01029,252962614858.45,171160912772.5
2022-10-31,002714,牧原股份,859.095,866.691,886.144,856.131,42485906,1999342156.38,0,871.86,-0.01578,5322167365,3601113250,0.00798,248970989334.7,168460077835.0
2022-11-01,002714,牧原股份,866.321,898.187,899.669,866.321,38687309,1862319885.65,0,891.851,0.03634,5322167365,3601113250,0.00727,258018673855.2,174581970360.0
2022-11-02,002714,牧原股份,896.705,893.926,903.189,885.589,33954393,1637714698.53,0,893.611,-0.00474,5322167365,3601113250,0.00638,256794575361.25,173753714312.5
2022-11-03,002714,牧原股份,889.294,881.883,889.479,867.062,31956927,1517004648.34,0,879.475,-0.01347,5322167365,3601113250,0.006,253335166574.0,171412990700.0
2022-11-04,002714,牧原股份,883.736,902.263,908.747,883.365,41296170,1999203937.33,0,896.909,0.02311,5322167365,3601113250,0.00776,259189550675.5,175374215275.0
2022-11-07,002714,牧原股份,907.636,918.937,929.127,903.56,37457249,1858784694.93,0,919.382,0.01848,5322167365,3601113250,0.00704,263979501304.0,178615217200.0
2022-11-08,002714,牧原股份,918.937,905.042,932.462,895.223,30798459,1512215299.62,0,909.674,-0.01512,5322167365,3601113250,0.00579,259987875780.25,175914382262.5
2022-11-09,002714,牧原股份,897.261,891.147,903.004,890.591,20407052,985219459.96,0,894.444,-0.01535,5322167365,3601113250,0.00383,255996250256.5,173213547325.0
2022-11-10,002714,牧原股份,884.477,894.296,898.002,879.66,22805308,1092578878.75,0,887.608,0.00353,5322167365,3601113250,0.00428,256901018708.55,173825736577.5
2022-11-11,002714,牧原股份,917.084,901.522,920.604,893.185,35653665,1736077913.63,0,902.133,0.00808,5322167365,3601113250,0.0067,258976663980.9,175230170745.0
2022-11-14,002714,牧原股份,904.301,894.852,912.453,890.406,33453137,1628083871.55,0,901.67,-0.0074,5322167365,3601113250,0.00629,257060683729.5,173933769975.0
2022-11-15,002714,牧原股份,894.296,902.078,903.189,886.7,32501438,1570976275.42,0,895.519,0.00808,5322167365,3601113250,0.00611,259136329001.85,175338204142.5
2022-11-16,002714,牧原股份,905.598,895.778,906.524,893.555,25405671,1232579862.33,0,898.854,-0.00698,5322167365,3601113250,0.00477,257326792097.75,174113825637.5
2022-11-17,002714,牧原股份,892.073,891.702,907.08,884.847,32379931,1560906381.74,0,893.11,-0.00455,5322167365,3601113250,0.00608,256155915277.45,173321580722.5
2022-11-18,002714,牧原股份,891.702,874.472,895.037,873.546,36263604,1723432544.42,0,880.494,-0.01932,5322167365,3601113250,0.00681,251206299628.0,169972545400.0
2022-11-21,002714,牧原股份,866.691,872.99,873.917,856.501,21990916,1027331978.92,0,865.505,-0.00169,5322167365,3601113250,0.00413,250780526238.8,169684456340.0
2022-11-22,002714,牧原股份,872.99,866.876,879.845,864.097,18043436,848358086.07,0,871.1,-0.007,5322167365,3601113250,0.00339,249024211008.35,168496088967.5
2022-11-23,002714,牧原股份,865.209,852.055,865.209,844.644,30484888,1403594352.93,0,853.018,-0.0171,5322167365,3601113250,0.00573,244766477116.35,165615198367.5
2022-11-24,002714,牧原股份,852.24,850.758,862.8,850.017,21285750,982018222.27,0,854.741,-0.00152,5322167365,3601113250,0.004,244393925400.8,165363120440.0
2022-11-25,002714,牧原股份,849.276,868.544,872.99,847.052,26743093,1246961711.46,0,863.856,0.02091,5322167365,3601113250,0.00502,249503206071.2,168820189160.0
2022-11-28,002714,牧原股份,860.577,855.945,862.986,845.015,23719553,1093378379.74,0,854.019,-0.01451,5322167365,3601113250,0.00446,245884132263.0,166371432150.0
2022-11-29,002714,牧原股份,853.907,869.841,870.026,853.907,25476686,1191097027.18,0,866.172,0.01623,5322167365,3601113250,0.00479,249875757786.75,169072267087.5
2022-11-30,002714,牧原股份,871.693,890.591,903.745,871.323,42804326,2058240651.8,0,890.869,0.02385,5322167365,3601113250,0.00804,255836585235.55,173105513927.5
2022-12-01,002714,牧原股份,900.225,890.776,902.263,886.144,29748559,1434657900.92,0,893.481,0.00021,5322167365,3601113250,0.00559,255889806909.2,173141525060.0
2022-12-02,002714,牧原股份,891.147,905.968,912.638,886.885,38692287,1880484969.12,0,900.429,0.01705,5322167365,3601113250,0.00727,260253984148.5,176094437925.0
2022-12-05,002714,牧原股份,913.379,912.267,921.716,905.968,37586064,1850525404.85,0,912.156,0.00695,5322167365,3601113250,0.00706,262063521052.6,177318816430.0
2022-12-06,002714,牧原股份,917.084,921.716,929.868,910.6,33092389,1644008488.06,0,920.401,0.01036,5322167365,3601113250,0.00622,264777826408.75,179155384187.5
2022-12-07,002714,牧原股份,922.087,925.422,948.395,918.567,41273373,2077714985.63,0,932.647,0.00402,5322167365,3601113250,0.00775,265842259881.75,179875606837.5
2022-12-08,002714,牧原股份,917.64,902.078,920.79,900.04,37869983,1856339378.91,0,908.173,-0.02523,5322167365,3601113250,0.00712,259136329001.85,175338204142.5
2022-12-09,002714,牧原股份,904.116,903.93,906.895,890.22,28704601,1390161243.96,0,897.261,0.00205,5472279949,3601113250,0.00525,266992538711.71,175698315467.5
2022-12-12,002714,牧原股份,889.294,891.517,902.263,886.515,23530195,1133136189.66,0,892.203,-0.01373,5472279949,3601113250,0.0043,263326111145.88,173285569590.0
2022-12-13,002714,牧原股份,904.671,909.303,919.493,896.334,41187235,2023534851.41,0,910.229,0.01995,5472283785,3601117086,0.00753,268579688167.8,176742826580.88
2022-12-14,002714,牧原股份,907.821,911.526,916.899,898.743,22656561,1111689262.97,0,909.062,0.00244,5472283785,3601117086,0.00414,269236362222.0,177174960631.2
2022-12-15,002714,牧原股份,911.897,899.113,920.234,896.705,22433088,1095080726.93,0,904.393,-0.01362,5472283785,3601117086,0.0041,265569932086.05,174762212183.58
2022-12-16,002714,牧原股份,895.223,895.778,897.261,885.218,20386050,981240508.77,0,891.758,-0.00371,5472283827,3601117128,0.00373,264584923035.45,174114013138.8
2022-12-19,002714,牧原股份,890.406,873.175,896.519,872.249,26719079,1269924892.56,0,880.568,-0.02523,5472283827,3601117128,0.00488,257908736766.51,169720650242.64
2022-12-20,002714,牧原股份,874.658,856.872,883.18,855.019,24324537,1133824630.77,0,863.579,-0.01867,5472283827,3601117128,0.00445,253093126998.75,166551667170.0
2022-12-21,002714,牧原股份,856.872,873.175,882.439,853.722,26505116,1248227001.7,0,872.509,0.01903,5472283827,3601117128,0.00484,257908736766.51,169720650242.64
2022-12-22,002714,牧原股份,877.251,895.037,904.671,877.251,34175589,1652799908.94,0,896.001,0.02504,5472283827,3601117128,0.00625,264366031682.37,173969968453.68
2022-12-23,002714,牧原股份,895.778,887.256,899.669,884.292,15735269,755063184.83,0,889.016,-0.00869,5472283827,3601117128,0.00288,262067672475.03,172457499259.92
2022-12-26,002714,牧原股份,895.964,898.002,907.45,892.073,19916634,967469531.0,0,899.965,0.01211,5472283827,3601117128,0.00364,265241597094.69,174546147194.16
2022-12-27,002714,牧原股份,898.002,908.933,913.75,895.964,23631300,1156746616.29,0,906.895,0.01217,5472283827,3601117128,0.00432,268470244552.62,176670806299.68
2022-12-28,002714,牧原股份,904.301,904.301,912.267,901.892,16881196,825730750.85,0,906.228,-0.0051,5472283827,3601117128,0.00308,267102173595.87,175770527017.68
2022-12-29,002714,牧原股份,902.263,892.999,904.116,890.22,15813497,763574908.78,0,894.593,-0.0125,5472283827,3601117128,0.00289,263764080461.4,173573845569.6
2022-12-30,002714,牧原股份,892.814,903.189,905.968,892.814,15146422,736335237.73,0,900.669,0.01141,5472283827,3601117128,0.00277,266773836566.25,175554459990.0
2023-01-02,002714,牧原股份,903.189,903.189,903.189,903.189,0,0.0,2,,0.0,5472283869,3601117170,0.0,266773836566.25,175554459990.0
2023-01-03,002714,牧原股份,893.74,878.919,895.778,866.135,36821153,1739904923.3,0,875.454,-0.02687,5472283869,3601117170,0.00673,259605146745.36,170836998544.8
2023-01-04,002714,牧原股份,878.178,879.289,882.624,867.988,17901405,848422016.54,0,878.067,0.00042,5472283869,3601117170,0.00327,259714592422.74,170909020888.2
2023-01-05,002714,牧原股份,884.662,883.921,886.885,868.914,34307635,1621977890.3,0,875.899,0.00527,5472283869,3601117170,0.00627,261082663389.99,171809300180.7
2023-01-06,002714,牧原股份,881.142,879.845,890.961,874.102,21764444,1035632435.92,0,881.587,-0.00461,5472283953,3601378879,0.00398,259878764927.97,171029482963.71
2023-01-09,002714,牧原股份,881.698,902.078,909.488,872.62,41035803,1976032476.73,0,892.147,0.02527,5472283953,3601378879,0.0075,266445505671.57,175351137618.51
2023-01-10,002714,牧原股份,900.41,894.667,904.486,885.589,24794842,1194358617.03,0,892.444,-0.00822,5472283953,3601378879,0.00453,264256592090.37,173910586066.91
2023-01-11,002714,牧原股份,896.519,897.446,903.745,886.33,22862752,1105722830.27,0,896.038,0.00311,5472283953,3601378879,0.00418,265077434683.32,174450792898.76
2023-01-12,002714,牧原股份,898.557,893.926,905.227,892.073,19769602,958459360.3,0,898.205,-0.00392,5472283953,3601378879,0.00361,264037700732.25,173766530911.75
2023-01-13,002714,牧原股份,895.223,915.232,923.384,892.999,42487103,2097498541.27,0,914.639,0.02383,5472283953,3601378879,0.00776,270330827278.2,177908116622.6
2023-01-16,002714,牧原股份,922.642,926.348,931.165,909.859,35331630,1759614924.48,0,922.698,0.01215,5472283953,3609045874,0.00646,273614197650.0,180452293700.0
2023-01-17,002714,牧原股份,927.274,915.787,929.497,909.488,26426070,1306857634.55,0,916.214,-0.0114,5472283953,3609045874,0.00483,270494995796.79,178395137551.82
2023-01-18,002714,牧原股份,915.602,899.484,915.602,898.372,23584117,1150359651.75,0,903.689,-0.0178,5472283953,3609045874,0.00431,265679385918.15,175219177182.7
2023-01-19,002714,牧原股份,899.484,889.109,899.484,882.995,27670931,1325506019.56,0,887.478,-0.01153,5472283953,3609045874,0.00506,262614906904.47,173198111493.26
2023-01-20,002714,牧原股份,892.629,891.147,895.778,887.812,19619406,944057140.93,0,891.499,0.00229,5472283953,3609045874,0.00359,263216858139.3,173595106539.4
2023-01-23,002714,牧原股份,891.147,891.147,891.147,891.147,0,0.0,2,,0.0,5472283953,3609045874,0.0,263216858139.3,173595106539.4
2023-01-24,002714,牧原股份,891.147,891.147,891.147,891.147,0,0.0,2,,0.0,5472283953,3609045874,0.0,263216858139.3,173595106539.4
2023-01-25,002714,牧原股份,891.147,891.147,891.147,891.147,0,0.0,2,,0.0,5472283953,3609045874,0.0,263216858139.3,173595106539.4
2023-01-26,002714,牧原股份,891.147,891.147,891.147,891.147,0,0.0,2,,0.0,5472283953,3609045874,0.0,263216858139.3,173595106539.4
2023-01-27,002714,牧原股份,891.147,891.147,891.147,891.147,0,0.0,2,,0.0,5472283953,3609045874,0.0,263216858139.3,173595106539.4
2023-01-30,002714,牧原股份,894.852,892.073,905.412,885.774,44714514,2164689034.44,0,896.909,0.00104,5472283953,3609045874,0.00817,263490472336.95,173775558833.1
2023-01-31,002714,牧原股份,912.082,925.236,952.1,912.082,77287999,3876705220.25,0,929.294,0.03718,5472283953,3609045874,0.01412,273285860612.82,180235750947.56
2023-02-01,002714,牧原股份,926.533,935.611,942.652,926.533,39457611,1989280742.28,0,934.055,0.01121,5472283953,3609045874,0.00721,276350339626.5,182256816637.0
2023-02-02,002714,牧原股份,938.39,935.797,941.169,922.642,30906348,1553770161.12,0,931.406,0.0002,5472283953,3609045874,0.00565,276405062466.03,182292907095.74
2023-02-03,002714,牧原股份,932.091,928.571,950.248,926.348,39189550,1975343006.23,0,933.851,-0.00772,5472283953,3609045874,0.00716,274270871724.36,180885379204.88
2023-02-06,002714,牧原股份,918.937,931.906,931.906,911.712,29421259,1465945850.24,0,923.124,0.00359,5472283953,3609045874,0.00538,275255882835.9,181535007462.2
2023-02-07,002714,牧原股份,932.832,919.863,938.946,917.084,28955214,1445271104.53,0,924.755,-0.01292,5472283953,3609045874,0.00529,271698898266.45,179189127644.1
2023-02-08,002714,牧原股份,919.863,912.638,922.457,912.082,16086154,794922853.73,0,915.547,-0.00785,5472283953,3609045874,0.00294,269564707524.78,177781599753.24
2023-02-09,002714,牧原股份,912.638,915.417,918.196,909.303,18922645,932621243.06,0,913.12,0.00305,5472283953,3609045874,0.00346,270385550117.73,178322956634.34
2023-02-10,002714,牧原股份,914.676,909.118,921.16,905.968,23978065,1180710183.78,0,912.286,-0.00688,5472283953,3609045874,0.00438,268524973573.71,177095881037.18
2023-02-13,002714,牧原股份,915.046,911.341,919.308,903.745,28657913,1407812478.62,0,910.137,0.00245,5472283953,3609045874,0.00524,269181647648.07,177528966542.06
2023-02-14,002714,牧原股份,916.899,919.308,929.127,911.526,33742640,1674430095.39,0,919.382,0.00874,5472283953,3609045874,0.00617,271534729747.86,179080856267.88
2023-02-15,002714,牧原股份,915.973,900.225,916.899,897.631,35767480,1742950855.85,0,902.819,-0.02076,5472283953,3609045874,0.00654,265898277276.27,175363539017.66
2023-02-16,002714,牧原股份,899.484,890.591,908.191,882.624,32602679,1579586809.46,0,897.631,-0.0107,5472283953,3609045874,0.00596,263052689620.71,173486835163.18
2023-02-17,002714,牧原股份,891.147,887.997,895.223,887.441,19397002,932364255.4,0,890.535,-0.00291,5472283953,3609045874,0.00354,262286569867.29,172981568740.82
2023-02-20,002714,牧原股份,892.629,903.374,904.671,883.365,27419978,1324062597.29,0,894.63,0.01732,5472283953,3609045874,0.00501,266828565548.28,175977076816.24
2023-02-21,002714,牧原股份,902.263,915.417,923.198,897.261,35801029,1762818691.11,0,912.249,0.01333,5472283953,3609045874,0.00654,270385550117.73,178322956634.34
2023-02-22,002714,牧原股份,915.232,943.022,949.321,914.676,76486896,3861109359.56,0,935.259,0.03016,5472283953,3609045874,0.01398,278539253207.7,183700434986.6
2023-02-23,002714,牧原股份,942.652,933.573,953.212,929.683,33953151,1720357427.68,0,938.742,-0.01002,5472283953,3609045874,0.0062,275748388391.67,181859821590.86
2023-02-24,002714,牧原股份,933.573,922.457,935.611,920.234,21716596,1085180046.74,0,925.792,-0.01191,5472283953,3609045874,0.00397,272465018019.87,179694394066.46
2023-02-27,002714,牧原股份,926.348,913.564,932.091,910.785,21679101,1072481251.15,0,916.547,-0.00964,5472283953,3609045874,0.00396,269838321722.43,177962052046.94
2023-02-28,002714,牧原股份,917.27,917.825,920.79,911.526,23601171,1167575861.61,0,916.547,0.00466,5472283953,3609045874,0.00431,271096947031.62,178792132597.96
2023-03-01,002714,牧原股份,918.011,929.683,930.239,916.158,26983673,1346738024.89,0,924.662,0.01292,5472283953,3609045874,0.00493,274599208761.54,181101921957.32
2023-03-02,002714,牧原股份,928.386,925.051,930.239,921.716,16106256,804443046.76,0,925.347,-0.00498,5472283953,3609045874,0.00294,273231137773.29,180199660488.82
2023-03-03,002714,牧原股份,925.051,921.901,928.201,914.491,19818384,983978274.27,0,919.863,-0.00341,5472283953,3609045874,0.00362,272300849501.28,179586122690.24
2023-03-06,002714,牧原股份,915.973,918.752,924.125,911.897,21262033,1052849581.92,0,917.418,-0.00342,5472283953,3609045874,0.00389,271370561229.27,178972584891.66
2023-03-07,002714,牧原股份,916.899,897.261,917.27,896.334,27271563,1332198716.04,0,905.023,-0.02339,5472283953,3609045874,0.00498,265022711843.79,174786091677.82
2023-03-08,002714,牧原股份,895.964,890.035,896.149,884.847,21898499,1051172739.59,0,889.331,-0.00805,5472283953,3609045874,0.004,262888521102.12,173378563786.96
2023-03-09,002714,牧原股份,894.852,886.885,897.446,883.736,23526846,1128302706.3,0,888.516,-0.00354,5472283953,3609045874,0.0043,261958232830.11,172765025988.38
2023-03-10,002714,牧原股份,885.774,870.026,885.774,868.173,28347276,1335207458.71,0,872.657,-0.01901,5472287224,3609049145,0.00518,256978608039.04,169480947849.2
2023-03-13,002714,牧原股份,867.247,887.812,891.147,865.579,25687145,1217812522.45,0,878.345,0.02044,5472287224,3609049145,0.00469,262232003774.08,172945635028.4
2023-03-14,002714,牧原股份,889.109,933.759,935.241,889.109,92000018,4601017405.49,0,926.552,0.05175,5472287224,3609049145,0.01681,275803276089.6,181896076908.0
2023-03-15,002714,牧原股份,935.611,933.759,951.915,929.127,48322536,2446643228.42,0,938.057,0.0,5472287224,3609049145,0.00883,275803276089.6,181896076908.0
2023-03-16,002714,牧原股份,933.759,899.113,933.759,898.743,34972410,1718823824.53,0,910.563,-0.0371,5472287224,3609049145,0.00639,265570098980.72,175147155006.85
2023-03-17,002714,牧原股份,908.562,888.553,910.229,883.365,42264559,2031057958.66,0,890.331,-0.01174,5472287224,3609049145,0.00772,262450895263.04,173089996994.2
2023-03-20,002714,牧原股份,888.553,875.584,890.22,872.99,32527078,1540070582.73,0,877.196,-0.0146,5472287224,3609049145,0.00594,258620294206.24,170563662592.7
2023-03-21,002714,牧原股份,875.769,880.957,882.254,872.434,23462259,1111165705.33,0,877.437,0.00614,5472287224,3609049145,0.00429,260207257501.2,171610286844.75
2023-03-22,002714,牧原股份,883.736,880.216,888.553,876.325,20622185,982051686.19,0,882.272,-0.00084,5472287224,3609049145,0.00377,259988366012.24,171465924878.95
2023-03-23,002714,牧原股份,875.399,879.475,884.106,874.102,21206104,1004470799.71,0,877.566,-0.00084,5472287224,3609049145,0.00388,259769474523.28,171321562913.15
2023-03-24,002714,牧原股份,880.957,879.845,885.959,875.213,18480190,877839391.04,0,880.068,0.00042,5472287224,3609049145,0.00338,259878920267.76,171393743896.05
2023-03-27,002714,牧原股份,879.66,898.372,899.669,874.102,37038670,1780136054.31,0,890.443,0.02106,5472287224,3636288826,0.00677,265351207491.76,176323645172.74
2023-03-28,002714,牧原股份,896.334,897.446,906.895,890.035,24301178,1179003503.22,0,898.854,-0.00103,5472287224,3636288826,0.00444,265077593130.56,176141830731.44
2023-03-29,002714,牧原股份,898.557,883.18,901.151,881.142,20353917,973135204.22,0,885.792,-0.0159,5472287224,3636288826,0.00372,260863931968.08,173341888335.42
2023-03-30,002714,牧原股份,883.736,891.517,895.778,880.03,19838778,951801629.47,0,888.868,0.00944,5472287224,3636288826,0.00363,263326461218.88,174978218307.12
2023-03-31,002714,牧原股份,920.975,907.821,933.203,903.189,62092193,3080036476.18,0,919.011,0.01829,5472289401,3636090678,0.01135,268142180649.0,178168443222.0
2023-04-03,002714,牧原股份,902.448,924.125,935.611,898.557,52970436,2648090154.32,0,926.2,0.01796,5472289401,3636090678,0.00968,272957795321.88,181368203018.64
2023-04-04,002714,牧原股份,924.125,938.576,955.991,922.642,61779441,3135317382.07,0,940.243,0.01564,5472289401,3636090678,0.01129,277226181054.66,184204353747.48
2023-04-05,002714,牧原股份,938.576,938.576,938.576,938.576,0,0.0,2,,0.0,5472289401,3636090678,0.0,277226181054.66,184204353747.48
2023-04-06,002714,牧原股份,933.573,929.683,957.103,922.272,38108651,1927450147.16,0,937.056,-0.00947,5472289401,3636090678,0.00696,274599482142.18,182459030222.04
2023-04-07,002714,牧原股份,926.348,915.787,934.685,914.861,22977509,1143071315.19,0,921.661,-0.01495,5472289401,3636090678,0.0042,270495265091.43,179731962213.54
2023-04-10,002714,牧原股份,915.787,914.861,925.236,908.562,20693987,1022723427.96,0,915.621,-0.00101,5472289401,3636090678,0.00378,270221650621.38,179550157679.64
2023-04-11,002714,牧原股份,916.158,909.674,918.196,904.671,24755259,1216407329.34,0,910.359,-0.00567,5472289401,3636090678,0.00452,268689409589.1,178532052289.8
2023-04-12,002714,牧原股份,910.6,901.151,912.638,896.519,23609521,1148632252.9,0,901.355,-0.00937,5472289401,3636090678,0.00431,266172156464.64,176859450577.92
2023-04-13,002714,牧原股份,897.816,897.631,904.857,893.555,18799959,911922843.42,0,898.687,-0.00391,5472289550,3636090827,0.00344,265132428697.5,176168600568.15
2023-04-14,002714,牧原股份,901.707,894.111,902.263,889.294,20717972,999398399.72,0,893.703,-0.00392,5469778889,3636090827,0.00379,263971529183.14,175477743311.02
2023-04-17,002714,牧原股份,894.296,901.892,901.892,889.664,24518448,1187010277.81,0,896.946,0.0087,5469778889,3636090827,0.00448,266268836316.52,177004901458.36
2023-04-18,002714,牧原股份,901.707,898.187,905.968,894.481,24874176,1207303185.55,0,899.224,-0.00411,5469778889,3636090827,0.00455,265174880538.72,176277683292.96
2023-04-19,002714,牧原股份,898.002,894.111,904.116,890.776,29274199,1413906520.49,0,894.833,-0.00454,5469778889,3636090827,0.00535,263971529183.14,175477743311.02
2023-04-20,002714,牧原股份,894.111,892.999,899.298,884.847,22347663,1075138936.57,0,891.332,-0.00124,5469778889,3636090827,0.00409,263643342449.8,175259577861.4
2023-04-21,002714,牧原股份,894.852,885.033,896.519,883.921,22571822,1081877385.91,0,887.997,-0.00892,5469778889,3636090827,0.00413,261291337527.53,173696058805.79
2023-04-24,002714,牧原股份,885.033,876.696,887.071,870.952,25118165,1189467646.33,0,877.344,-0.00942,5469778889,3636090827,0.00459,258829937027.48,172059817933.64
2023-04-25,002714,牧原股份,874.472,884.477,884.477,872.62,19094231,905230639.92,0,878.345,0.00888,5469778889,3636090827,0.00349,261127244160.86,173586976080.98
2023-04-26,002714,牧原股份,883.551,880.03,885.959,876.325,16088897,763869577.4,0,879.623,-0.00503,5469779066,3636091004,0.00294,259814505635.0,172714322690.0
2023-04-27,002714,牧原股份,879.104,883.18,883.365,873.175,14572229,689883241.62,0,877.103,0.00358,5469779066,3636091004,0.00266,260744368076.22,173332458160.68
2023-04-28,002714,牧原股份,898.557,886.885,900.41,882.068,22587894,1082816538.78,0,888.145,0.0042,5469779066,3636091004,0.00413,261838323889.42,174059676361.48
2023-05-01,002714,牧原股份,886.885,886.885,886.885,886.885,0,0.0,2,,0.0,5469779066,3636091004,0.0,261838323889.42,174059676361.48
2023-05-02,002714,牧原股份,886.885,886.885,886.885,886.885,0,0.0,2,,0.0,5469779066,3636091004,0.0,261838323889.42,174059676361.48
2023-05-03,002714,牧原股份,886.885,886.885,886.885,886.885,0,0.0,2,,0.0,5469779066,3636091004,0.0,261838323889.42,174059676361.48
2023-05-04,002714,牧原股份,884.292,872.434,884.292,870.211,23357777,1101432998.27,0,873.639,-0.01629,5469779066,3636091004,0.00427,257571896217.94,171223525378.36
2023-05-05,002714,牧原股份,871.693,873.546,875.399,856.686,26355140,1232078261.75,0,866.117,0.00127,5469779066,3636091004,0.00482,257900082961.9,171441690838.6
2023-05-08,002714,牧原股份,872.62,863.356,872.62,862.615,19384294,905362949.98,0,865.32,-0.01167,5469779066,3636091004,0.00354,254891704475.6,169441840786.4
2023-05-09,002714,牧原股份,862.986,869.1,874.102,855.945,17513838,817930480.08,0,865.246,0.00665,5469779066,3636091004,0.0032,256587335986.06,170569028997.64
2023-05-10,002714,牧原股份,868.914,861.504,868.914,857.057,11982984,557239506.59,0,861.559,-0.00874,5469779066,3636091004,0.00219,254344726569.0,169078231686.0
2023-05-11,002714,牧原股份,861.318,867.988,868.914,857.798,10089169,470939743.83,0,864.801,0.00753,5469779066,3636091004,0.00184,256259149242.1,170350863537.4
2023-05-12,002714,牧原股份,867.062,865.394,875.399,863.727,11386094,533771708.16,0,868.525,-0.00299,5469779066,3636091004,0.00208,255493380172.86,169841810796.84
2023-05-15,002714,牧原股份,861.874,855.76,863.356,849.09,21447415,989121016.18,0,854.426,-0.01113,5469779066,3636091004,0.00392,252649095058.54,167951043474.76
2023-05-16,002714,牧原股份,855.945,853.166,860.577,852.425,11695354,540155364.06,0,855.668,-0.00303,5469779066,3636091004,0.00214,251883325989.3,167441990734.2
2023-05-17,002714,牧原股份,852.24,848.349,855.945,848.349,14475712,664296910.18,0,850.202,-0.00565,5469779066,3636091004,0.00265,250461183432.14,166496607073.16
2023-05-18,002714,牧原股份,848.349,796.474,849.461,794.621,65911445,2899042388.34,0,814.89,-0.06115,5469779066,3636091004,0.01205,235145802047.34,156315552261.96
2023-05-19,002714,牧原股份,786.655,791.657,793.51,776.279,30259532,1284130666.94,0,786.228,-0.00605,5469779066,3636091004,0.00553,233723659490.18,155370168600.92
2023-05-22,002714,牧原股份,789.989,797.4,799.068,786.469,21306598,912800787.21,0,793.713,0.00725,5469779066,3636091004,0.0039,235419291000.64,156497356812.16
2023-05-23,002714,牧原股份,798.882,796.474,802.217,794.436,20017495,862745475.55,0,798.512,-0.00116,5469779066,3636091004,0.00366,235145802047.34,156315552261.96
2023-05-24,002714,牧原股份,795.177,799.994,804.44,784.061,17976183,772033419.17,0,795.696,0.00442,5469779452,3636091390,0.00329,236185076737.36,157006426220.2
2023-05-25,002714,牧原股份,796.474,793.695,799.994,787.581,13060858,558791459.52,0,792.657,-0.00787,5469779452,3636091390,0.00239,234325351723.68,155770155147.6
2023-05-26,002714,牧原股份,795.733,793.324,796.103,787.581,8538536,364521951.12,0,790.934,-0.00047,5469779452,3636091390,0.00156,234215956134.64,155697433319.8
2023-05-29,002714,牧原股份,792.027,773.315,796.659,759.605,30264695,1261823845.59,0,772.444,-0.02522,5469779452,3636091390,0.00553,228308594326.48,151770454618.6
2023-05-30,002714,牧原股份,773.315,774.427,780.911,760.902,16427336,681259135.74,0,768.331,0.00144,5469779452,3636091390,0.003,228636781093.6,151988620102.0
2023-05-31,002714,牧原股份,771.833,742.005,771.833,728.48,49716734,1999867665.7,0,745.247,-0.04187,5469779452,3636091390,0.00909,219064667052.6,145625460169.5
2023-06-01,002714,牧原股份,737.929,747.748,761.273,733.853,30998059,1253344560.41,0,749.1,0.00774,5469779452,3636091390,0.00567,220760298682.72,146752648500.4
2023-06-02,002714,牧原股份,747.748,755.159,759.42,747.007,16292794,662844887.77,0,753.732,0.00991,5469779452,3636091390,0.00298,222948210463.52,148207085056.4
2023-06-05,002714,牧原股份,755.9,748.119,757.011,739.411,15613830,628020756.75,0,745.191,-0.00932,5469779452,3636091390,0.00285,220869694271.76,146825370328.2
2023-06-06,002714,牧原股份,747.933,745.525,753.306,742.931,13469116,543875866.44,0,748.1,-0.00347,5469779452,3636091390,0.00246,220103925148.48,146316317533.6
2023-06-07,002714,牧原股份,747.192,740.522,749.23,739.226,11854713,475226281.91,0,742.709,-0.00671,5469779452,3636091390,0.00217,218627084696.44,145334572858.3
2023-06-08,002714,牧原股份,739.596,754.232,763.311,736.261,28890884,1175496800.85,0,753.806,0.01851,5469779452,3636091390,0.00528,222674721490.92,148025280486.9
2023-06-09,002714,牧原股份,753.862,755.715,757.938,743.487,20302614,824627610.07,0,752.509,0.00197,5469779452,3636091390,0.00371,223112303847.08,148316167798.1
2023-06-12,002714,牧原股份,754.973,755.715,761.458,749.786,13632632,556037232.48,0,755.659,0.0,5469779452,3636091390,0.00249,223112303847.08,148316167798.1
2023-06-13,002714,牧原股份,754.232,755.159,764.237,752.194,12667129,516979339.43,0,756.141,-0.00074,5469779452,3636091390,0.00232,222948210463.52,148207085056.4
2023-06-14,002714,牧原股份,755.159,753.491,760.532,752.194,11352650,463412411.19,0,756.27,-0.00221,5469779452,3636091390,0.00208,222455930312.84,147879836831.3
2023-06-15,002714,牧原股份,753.862,764.237,764.608,753.677,20485450,840471102.23,0,760.124,0.01426,5469779452,3636091390,0.00375,225628402395.0,149988769837.5
2023-06-16,002714,牧原股份,765.163,786.099,788.693,765.163,30679477,1294556621.06,0,781.763,0.02861,5469779452,3636091390,0.00561,232082742148.36,154279357677.7
2023-06-19,002714,牧原股份,784.431,786.099,802.588,779.244,25907833,1106523455.93,0,791.286,0.0,5469779452,3636091390,0.00474,232082742148.36,154279357677.7
2023-06-20,002714,牧原股份,783.69,788.322,794.436,781.467,15724969,670192214.24,0,789.619,0.00283,5469779452,3636091390,0.00287,232739115682.6,154715688644.5
2023-06-21,002714,牧原股份,783.69,780.911,792.954,778.317,12687161,537551132.24,0,784.987,-0.0094,5469779452,3636091390,0.00232,230551203901.8,153261252088.5
2023-06-22,002714,牧原股份,780.911,780.911,780.911,780.911,0,0.0,2,,0.0,5469779452,3636091390,0.0,230551203901.8,153261252088.5
2023-06-23,002714,牧原股份,780.911,780.911,780.911,780.911,0,0.0,2,,0.0,5469779452,3636091390,0.0,230551203901.8,153261252088.5
2023-06-26,002714,牧原股份,780.726,784.246,788.693,772.018,17925551,754717459.66,0,780.04,0.00427,5469779452,3636091390,0.00328,231535764203.16,153915748538.7
2023-06-27,002714,牧原股份,782.023,784.802,787.766,773.13,14584547,615578197.22,0,781.986,0.00071,5469779452,3636091390,0.00267,231699857586.72,154024831280.4
2023-06-28,002714,牧原股份,782.208,780.911,787.396,774.427,12052226,507488428.45,0,780.115,-0.00496,5469779452,3636091390,0.0022,230551203901.8,153261252088.5
2023-06-29,002714,牧原股份,778.132,778.132,796.474,773.315,20576062,873375649.21,0,786.395,-0.00356,5469779452,3636091390,0.00376,229730736984.0,152715838380.0
2023-06-30,002714,牧原股份,776.279,780.911,786.284,772.574,12955115,546733119.34,0,781.875,0.00357,5469779452,3636091390,0.00237,230551203901.8,153261252088.5
2023-07-03,002714,牧原股份,783.69,779.8,788.137,776.835,15020392,633291869.69,0,781.134,-0.00142,5469779473,3636091411,0.00275,230223018018.57,153043087488.99
2023-07-04,002714,牧原股份,782.393,783.32,792.954,770.721,19547798,822578452.93,0,779.614,0.00451,5465349355,3636091411,0.00358,231074970729.4,153733944857.08
2023-07-05,002714,牧原股份,781.838,761.273,781.838,758.864,23648850,976663719.64,0,765.145,-0.02815,5465349355,3636091411,0.00433,224571204996.95,149406996077.99
2023-07-06,002714,牧原股份,757.382,762.94,771.833,754.232,18941137,780415771.16,0,763.348,0.00219,5465349355,3636091411,0.00347,225063086438.9,149734244304.98
2023-07-07,002714,牧原股份,759.049,772.204,779.429,755.529,22272076,925127317.85,0,769.573,0.01214,5465349355,3636091411,0.00408,227795761116.4,151552290010.48
2023-07-10,002714,牧原股份,772.389,778.132,783.505,772.018,15974177,670723181.92,0,777.91,0.00768,5465349355,3636091411,0.00292,229544672910.0,152715839262.0
2023-07-11,002714,牧原股份,782.023,778.873,782.208,774.797,11673456,490712586.73,0,778.818,0.00095,5465349355,3636091411,0.00214,229763286884.2,152861282918.44
2023-07-12,002714,牧原股份,778.132,782.579,785.172,772.945,16566891,698681993.98,0,781.337,0.00476,5465349355,3636091411,0.00303,230856356755.2,153588501200.64
2023-07-13,002714,牧原股份,787.292,789.177,790.874,781.824,13134150,548517302.97,0,787.348,0.00843,5465349355,3636091411,0.0024,228779524000.3,152206786464.46
2023-07-14,002714,牧原股份,788.989,784.087,792.005,782.39,11345791,472672376.82,0,785.425,-0.00645,5465349355,3636091411,0.00208,227303879674.45,151225041783.49
2023-07-17,002714,牧原股份,784.087,808.784,819.153,780.882,28811375,1229954470.73,0,804.825,0.0315,5465349355,3636091411,0.00527,234463487329.5,155988321531.9
2023-07-18,002714,牧原股份,804.825,801.997,811.8,798.98,17498082,747373356.72,0,805.24,-0.00839,5465349355,3636091411,0.0032,232495961561.7,154679328623.94
2023-07-19,002714,牧原股份,798.226,800.3,809.538,795.587,11179445,475306884.24,0,801.544,-0.00212,5465349355,3636091411,0.00205,232004080119.75,154352080396.95
2023-07-20,002714,牧原股份,800.112,799.546,805.956,798.415,11051602,470165752.64,0,802.053,-0.00094,5465349355,3636091411,0.00202,231785466145.55,154206636740.51
2023-07-21,002714,牧原股份,799.735,811.046,817.079,799.546,17779770,763960736.41,0,810.066,0.01438,5465349355,3636091411,0.00325,235119329252.1,156424652501.22
2023-07-24,002714,牧原股份,812.932,805.767,823.489,802.185,18949073,813406988.11,0,809.274,-0.00651,5465349355,3636091411,0.00347,233589031432.7,155406546906.14
2023-07-25,002714,牧原股份,810.669,805.013,812.366,795.587,19008453,807887275.51,0,801.262,-0.00094,5465349355,3636091411,0.00348,233370417458.5,155261103249.7
2023-07-26,002714,牧原股份,805.013,811.235,812.554,803.128,12293007,527775866.52,0,809.406,0.00773,5465349355,3636091411,0.00225,235173982745.65,156461013415.33
2023-07-27,002714,牧原股份,812.932,820.096,824.997,812.177,20426327,888101563.18,0,819.681,0.01092,5465349355,3636091411,0.00374,237742696942.5,158169976378.5
2023-07-28,002714,牧原股份,819.719,820.85,823.301,813.309,17667936,767559086.79,0,819.04,0.00092,5465349355,3636091411,0.00323,237961310916.7,158315420034.94
2023-07-31,002714,牧原股份,827.448,838.006,838.948,821.981,38082802,1678587166.03,0,830.974,0.0209,5465349355,3636091411,0.00697,242934778829.75,161624263218.95
2023-08-01,002714,牧原股份,829.522,827.26,837.063,823.866,24273543,1066739346.36,0,828.523,-0.01282,5465349355,3636091411,0.00444,239819529697.4,159551691114.68
2023-08-02,002714,牧原股份,827.448,811.235,829.333,810.669,21079360,914079569.52,0,817.532,-0.01937,5465349355,3636091411,0.00386,235173982745.65,156461013415.33
2023-08-03,002714,牧原股份,811.046,815.571,819.153,810.292,12890684,557258170.52,0,815.005,0.00534,5465349355,3636091411,0.00236,236431013097.3,157297314439.86
2023-08-04,002714,牧原股份,821.038,816.514,821.981,812.366,14605280,632604589.06,0,816.57,0.00116,5465349355,3636091411,0.00267,236704280565.05,157479119010.41
2023-08-07,002714,牧原股份,821.981,820.85,827.637,818.022,17698434,771789713.36,0,822.132,0.00531,5465349355,3636091411,0.00324,237961310916.7,158315420034.94
2023-08-08,002714,牧原股份,819.153,807.841,819.341,805.013,18245077,783514451.09,0,809.613,-0.01585,5465349355,3636091411,0.00334,234190219861.75,155806516961.35
2023-08-09,002714,牧原股份,802.563,804.825,809.161,801.808,10020251,427555854.51,0,804.429,-0.00373,5465349355,3636091411,0.00183,233315763964.95,155224742335.59
2023-08-10,002714,牧原股份,802.185,816.514,817.645,801.431,14959879,644649655.05,0,812.404,0.01452,5465349355,3636091411,0.00274,236704280565.05,157479119010.41
2023-08-11,002714,牧原股份,814.063,794.833,814.063,794.267,15089509,642487157.59,0,802.713,-0.02655,5465349355,3636091411,0.00276,230419128806.8,153297613887.76
2023-08-14,002714,牧原股份,786.349,790.497,791.816,778.431,13439638,559279357.34,0,784.539,-0.00546,5465349355,3636091411,0.00246,229162098455.15,152461312863.23
2023-08-15,002714,牧原股份,789.554,787.292,791.439,781.259,9130270,380879128.08,0,786.462,-0.00405,5465349355,3636091411,0.00167,228232989064.8,151843177323.36
2023-08-16,002714,牧原股份,782.39,777.111,788.046,776.357,9932478,411200456.11,0,780.505,-0.01293,5465349355,3636091411,0.00182,225281700413.1,149879687961.42
2023-08-17,002714,牧原股份,772.964,783.71,784.275,767.685,11586497,476304828.59,0,775.019,0.00849,5465349355,3636091411,0.00212,227194572687.35,151152319955.27
2023-08-18,002714,牧原股份,783.898,773.152,785.972,772.964,8147841,336454921.82,0,778.506,-0.01347,5465349355,3636091411,0.00149,224133977048.55,149116108765.11
2023-08-21,002714,牧原股份,773.152,755.619,773.529,755.619,14072902,568763345.42,0,761.935,-0.02268,5465349355,3636091411,0.00257,219051202148.4,145734543752.88
2023-08-22,002714,牧原股份,757.881,755.619,762.972,747.701,12879319,515852216.48,0,755.11,0.0,5465349355,3636091411,0.00236,219051202148.4,145734543752.88
2023-08-23,002714,牧原股份,755.619,749.775,759.578,749.398,10996926,439482678.11,0,753.432,-0.00773,5465349355,3636091411,0.00201,217356943848.35,144607355415.47
2023-08-24,002714,牧原股份,751.66,757.504,760.709,737.143,14533170,579814848.27,0,752.15,0.01031,5465349355,3636091411,0.00266,219597737083.9,146098152893.98
2023-08-25,002714,牧原股份,757.881,769.005,783.71,757.881,21371653,874579395.24,0,771.493,0.01518,5465349355,3636091411,0.00391,222931600190.45,148316168654.69
2023-08-28,002714,牧原股份,799.358,770.513,804.825,765.423,23037476,955652154.42,0,782.07,0.00196,5465349355,3636091411,0.00422,223368828138.85,148607055967.57
2023-08-29,002714,牧原股份,769.759,775.603,779.562,761.841,14430067,592152905.81,0,773.642,0.00661,5465349355,3636091411,0.00264,224844472464.7,149588800648.54
2023-08-30,002714,牧原股份,775.603,768.25,780.316,768.25,12113894,495331847.81,0,770.89,-0.00948,5465349355,3636091411,0.00222,222712986216.25,148170724998.25
2023-08-31,002714,牧原股份,769.193,765.045,772.398,763.914,8537655,347473528.63,0,767.289,-0.00417,5465349355,3636091411,0.00156,221783876825.9,147552589458.38
2023-09-01,002714,牧原股份,769.193,770.701,771.644,764.668,7596171,309761089.98,0,768.797,0.00739,5465349355,3636091411,0.00139,223423481632.4,148643416881.68
2023-09-04,002714,牧原股份,772.021,772.021,772.587,762.218,14897538,607207643.54,0,768.42,0.00171,5465349355,3636091411,0.00273,223806056087.25,148897943280.45
2023-09-05,002714,牧原股份,769.193,768.628,770.701,765.045,7791770,317170170.29,0,767.421,-0.00439,5465349355,3636091411,0.00143,222822293203.35,148243446826.47
2023-09-06,002714,牧原股份,768.628,766.742,770.513,764.668,7810015,317849022.35,0,767.27,-0.00245,5465349355,3636091411,0.00143,222275758267.85,147879837685.37
2023-09-07,002714,牧原股份,766.554,759.013,771.078,758.824,11184040,453548995.72,0,764.536,-0.01008,5465349355,3636091411,0.00205,220034965032.3,146389040206.86
2023-09-08,002714,牧原股份,755.054,755.996,757.693,750.717,7458820,298675922.39,0,754.922,-0.00397,5465349355,3636091411,0.00136,219160509135.5,145807265581.1
2023-09-11,002714,牧原股份,755.996,766.177,766.742,755.996,10960114,443241889.62,0,762.425,0.01347,5465349355,3636091411,0.00201,222111797787.2,147770754943.04
2023-09-12,002714,牧原股份,766.931,775.603,782.39,764.48,19156932,788650660.76,0,776.131,0.0123,5465349355,3636091411,0.00351,224844472464.7,149588800648.54
2023-09-13,002714,牧原股份,775.792,772.398,778.619,769.947,8717116,357443386.62,0,773.058,-0.00413,5465349355,3636091411,0.00159,223915363074.35,148970665108.67
2023-09-14,002714,牧原股份,776.734,768.062,777.3,763.914,7513047,306461813.6,0,769.023,-0.00561,5465349355,3636091411,0.00137,222658332722.7,148134364084.14
2023-09-15,002714,牧原股份,767.308,763.16,773.529,760.709,9025931,366570544.51,0,765.668,-0.00638,5465349355,3636091411,0.00165,221237341890.4,147188980317.28
2023-09-18,002714,牧原股份,763.726,763.914,766.554,758.07,10407920,421105261.48,0,762.783,0.00099,5465349355,3636091411,0.0019,221455955864.6,147334423973.72
2023-09-19,002714,牧原股份,764.103,762.406,768.439,758.636,8423066,340451655.52,0,762.01,-0.00197,5465349355,3636091411,0.00154,221018727916.2,147043536660.84
2023-09-20,002714,牧原股份,765.045,762.029,770.136,759.955,13232373,537144623.68,0,765.291,-0.00049,5465349355,3636091411,0.00242,220909420929.1,146970814832.62
2023-09-21,002714,牧原股份,761.652,744.684,762.972,744.684,15693285,626279451.93,0,752.358,-0.02276,5465349355,3636091411,0.00287,215881299522.5,143625610734.5
2023-09-22,002714,牧原股份,744.684,750.529,751.66,738.275,14535837,575692010.89,0,746.664,0.00785,5465349355,3636091411,0.00266,217575557822.55,144752799071.91
2023-09-25,002714,牧原股份,753.545,750.529,753.545,745.627,9564602,380137805.7,0,749.285,0.0,5465349355,3636091411,0.00175,217575557822.55,144752799071.91
2023-09-26,002714,牧原股份,748.267,748.832,750.906,746.004,6760569,268520758.96,0,748.813,-0.00226,5465349355,3636091411,0.00124,217083676380.6,144425550844.92
2023-09-27,002714,牧原股份,748.644,748.455,751.849,743.93,9816107,389967288.26,0,748.964,-0.0005,5465349355,3636091411,0.0018,216974369393.5,144352829016.7
2023-09-28,002714,牧原股份,748.455,714.332,750.34,714.332,46648198,1794295857.67,0,725.153,-0.04559,5465349355,3636091411,0.00854,207082087060.95,137771503562.79
2023-09-29,002714,牧原股份,714.332,714.332,714.332,714.332,0,0.0,2,,0.0,5465349355,3636091411,0.0,207082087060.95,137771503562.79
2023-10-02,002714,牧原股份,714.332,714.332,714.332,714.332,0,0.0,2,,0.0,5465349529,3636091585,0.0,207082087060.95,137771503562.79
2023-10-03,002714,牧原股份,714.332,714.332,714.332,714.332,0,0.0,2,,0.0,5465349529,3636091585,0.0,207082087060.95,137771503562.79
2023-10-04,002714,牧原股份,714.332,714.332,714.332,714.332,0,0.0,2,,0.0,5465349529,3636091585,0.0,207082087060.95,137771503562.79
2023-10-05,002714,牧原股份,714.332,714.332,714.332,714.332,0,0.0,2,,0.0,5465349529,3636091585,0.0,207082087060.95,137771503562.79
2023-10-06,002714,牧原股份,714.332,714.332,714.332,714.332,0,0.0,2,,0.0,5465349529,3636091585,0.0,207082087060.95,137771503562.79
2023-10-09,002714,牧原股份,707.545,659.847,707.545,650.232,64893449,2291823206.63,0,665.823,-0.07627,5465349529,3636091585,0.01187,191287233515.0,127263205475.0
2023-10-10,002714,牧原股份,659.847,679.265,686.241,659.847,37272139,1337476557.83,0,676.513,0.02943,5465349529,3636091585,0.00682,196916543529.87,131008379807.55
2023-10-11,002714,牧原股份,680.585,672.101,689.823,669.839,19826877,712217568.5,0,677.229,-0.01055,5465349529,3636091585,0.00363,194839710708.85,129626665005.25
2023-10-12,002714,牧原股份,678.511,679.454,683.602,669.65,18535749,665487644.78,0,676.871,0.01094,5465349529,3636091585,0.00339,196971197025.16,131044740723.4
2023-10-13,002714,牧原股份,675.495,678.888,685.487,673.044,14516861,521720527.49,0,677.55,-0.00083,5465349529,3636091585,0.00266,196807236539.29,130935657975.85
2023-10-16,002714,牧原股份,679.077,672.478,683.036,671.347,13951703,501092056.97,0,677.116,-0.00944,5465349529,3636091585,0.00255,194949017699.43,129699386836.95
2023-10-17,002714,牧原股份,672.29,674.741,675.872,668.519,9362785,334051484.58,0,672.648,0.00337,5465349529,3636091585,0.00171,195604859642.91,130135717827.15
2023-10-18,002714,牧原股份,674.929,663.995,675.683,661.355,16882007,597210953.66,0,666.936,-0.01593,5465349529,3636091585,0.00309,192489610411.38,128063145623.7
2023-10-19,002714,牧原股份,661.355,606.117,661.355,597.633,89348786,2928723748.47,0,617.975,-0.08717,5465349529,3636091585,0.01635,175710987357.35,116900344457.75
2023-10-20,002714,牧原股份,603.289,596.502,617.24,592.731,41861766,1334193466.19,0,600.857,-0.01586,5465349529,3636091585,0.00766,172923659097.56,115045937749.4
2023-10-23,002714,牧原股份,594.051,596.502,604.985,587.641,29828140,941615065.72,0,595.144,0.0,5465349529,3636091585,0.00546,172923659097.56,115045937749.4
2023-10-24,002714,牧原股份,596.879,598.576,605.174,593.862,27124145,862101356.23,0,599.217,0.00348,5465349529,3636091585,0.00496,173524847545.75,115445907823.75
2023-10-25,002714,牧原股份,617.428,635.527,638.166,613.281,54734548,1821885518.37,0,627.533,0.06173,5465349529,3636091585,0.01001,184236932622.59,122572647330.35
2023-10-26,002714,牧原股份,635.527,647.404,657.585,629.683,45785726,1564327724.11,0,644.124,0.01869,5465349529,3636091585,0.00838,187680102825.86,124863385028.9
2023-10-27,002714,牧原股份,647.593,681.528,684.356,641.56,50478113,1787098280.45,0,667.445,0.05271,5465349529,3636091585,0.00924,197572385473.35,131444710797.75
2023-10-30,002714,牧原股份,678.7,712.823,713.577,675.872,46181544,1715773401.2,0,700.437,0.04592,5465349529,3636091585,0.00845,206644865691.49,137480622828.85
2023-10-31,002714,牧原股份,714.332,711.881,715.463,697.553,29489107,1106400188.88,0,707.337,-0.00132,5465349529,3636091585,0.0054,206371598215.04,137298818249.6
2023-11-01,002714,牧原股份,707.922,713.766,723.192,705.282,23626210,896278803.63,0,715.199,0.00265,5465349529,3636091585,0.00432,206918133167.94,137662427408.1
2023-11-02,002714,牧原股份,721.119,712.635,730.733,711.692,22267758,850528357.75,0,720.1,-0.00158,5465349529,3636091585,0.00407,206590212196.2,137444261913.0
2023-11-03,002714,牧原股份,712.635,720.364,723.758,704.717,29361851,1112124200.5,0,714.086,0.01085,5465349529,3636091585,0.00537,208831005503.09,138935059462.85
2023-11-06,002714,牧原股份,720.364,706.979,720.364,693.782,31378942,1174189950.3,0,705.471,-0.01858,5465349529,3636091585,0.00574,204950607337.5,136353434437.5
2023-11-07,002714,牧原股份,703.963,703.397,710.372,697.553,20139916,751503523.08,0,703.472,-0.00507,5465349529,3636091585,0.00369,203912190926.99,135662577036.35
2023-11-08,002714,牧原股份,702.643,698.872,705.659,693.782,15859240,587108851.47,0,697.93,-0.00643,5465349529,3636091585,0.0029,202600507040.03,134789915055.95
2023-11-09,002714,牧原股份,698.684,701.7,708.864,694.159,13718559,511006125.31,0,702.247,0.00405,5465349529,3636091585,0.00251,203420309469.38,135335328793.7
2023-11-10,002714,牧原股份,701.323,705.282,709.053,696.044,15852110,591448265.59,0,703.397,0.0051,5465349529,3636091585,0.0029,204458725879.89,136026186194.85
2023-11-13,002714,牧原股份,707.356,706.225,707.922,691.897,18700451,694592653.64,0,700.249,0.00134,5465349529,3636091585,0.00342,204731993356.34,136207990774.1
2023-11-14,002714,牧原股份,706.036,706.413,713.766,702.266,12584807,472377917.96,0,707.658,0.00027,5465349529,3636091585,0.0023,204786646851.63,136244351689.95
2023-11-15,002714,牧原股份,706.413,706.225,712.446,701.323,12577062,470962852.98,0,705.961,-0.00027,5465349529,3636091585,0.0023,204731993356.34,136207990774.1
2023-11-16,002714,牧原股份,706.225,699.815,709.618,699.438,9529064,355200888.99,0,702.756,-0.00908,5465349529,3636091585,0.00174,202873774516.48,134971719635.2
2023-11-17,002714,牧原股份,697.741,696.61,702.266,694.159,10533953,389345766.97,0,696.817,-0.00458,5465349529,3636091585,0.00193,201944665096.55,134353584065.75
2023-11-20,002714,牧原股份,696.798,718.668,722.438,696.798,31900174,1209444450.98,0,714.765,0.03166,5465349529,3636091585,0.00584,208339124045.48,138607811220.2
2023-11-21,002714,牧原股份,719.422,721.684,732.053,716.782,25437473,977282820.76,0,724.305,0.0042,5465349529,3636091585,0.00465,209213579970.12,139189585873.8
2023-11-22,002714,牧原股份,716.217,726.774,737.143,716.217,23930443,925495650.69,0,729.112,0.00705,5465349529,3636091585,0.00438,210689224342.95,140171330601.75
2023-11-23,002714,牧原股份,727.717,725.643,732.43,720.176,14034587,540158390.1,0,725.605,-0.00156,5465349529,3636091585,0.00257,210361303371.21,139953165106.65
2023-11-24,002714,牧原股份,724.889,734.127,738.652,721.119,23583649,916672506.72,0,732.788,0.01169,5465349529,3636091585,0.00432,212820710659.26,141589406319.9
2023-11-27,002714,牧原股份,735.258,742.988,749.963,733.938,28806123,1133251672.82,0,741.687,0.01207,5465349529,3636091585,0.00527,215389424937.89,143298369364.85
2023-11-28,002714,牧原股份,742.611,731.11,742.799,726.963,18399405,714378001.52,0,731.978,-0.01599,5465349529,3636091585,0.00337,211946254734.62,141007631666.3
2023-11-29,002714,牧原股份,724.135,732.053,737.52,724.135,16507397,637897510.14,0,728.528,0.00129,5465349529,3636091585,0.00302,212219522211.07,141189436245.55
2023-11-30,002714,牧原股份,735.258,736.766,738.652,730.733,12827372,499689992.44,0,734.41,0.00644,5465350536,3636092592,0.00235,213585898946.88,142098498495.36
2023-12-01,002714,牧原股份,736.766,727.34,736.766,726.02,13105211,507957227.32,0,730.733,-0.01279,5465350536,3636092592,0.0024,210853223678.88,140280452199.36
2023-12-04,002714,牧原股份,725.832,752.414,760.709,717.914,40882704,1619906788.05,0,747.003,0.03447,5465350536,3636092592,0.00748,218122139891.76,145116455346.72
2023-12-05,002714,牧原股份,758.07,740.914,764.48,740.348,25336503,1011816989.14,0,752.885,-0.01528,5465350536,3636092592,0.00464,214788276064.8,142898438865.6
2023-12-06,002714,牧原股份,738.652,765.988,772.775,735.258,36832065,1476674882.84,0,755.845,0.03384,5465350536,3636092592,0.00674,222057192277.68,147734442012.96
2023-12-07,002714,牧原股份,762.218,770.701,774.095,756.373,27847371,1133177959.44,0,767.157,0.00615,5465350536,3636092592,0.0051,223423529911.68,148643465160.96
2023-12-08,002714,牧原股份,771.078,755.996,775.226,755.054,21196716,856676740.81,0,761.954,-0.01908,5465350536,3636092592,0.00388,219160556493.6,145807312939.2
2023-12-11,002714,牧原股份,752.226,768.062,771.078,744.873,18132524,731473458.11,0,760.521,0.01596,5465350536,3636092592,0.00332,222658380836.64,148134412198.08
2023-12-12,002714,牧原股份,768.062,762.972,770.701,754.111,11476833,463273620.41,0,761.011,-0.00663,5465350536,3636092592,0.0021,221182736191.92,147152667198.24
2023-12-13,002714,牧原股份,762.406,753.922,765.234,752.037,14786443,593065009.83,0,756.166,-0.01186,5465350536,3636092592,0.00271,218559367934.64,145407342754.08
2023-12-14,002714,牧原股份,759.39,744.119,761.463,720.364,29212853,1146260522.04,0,739.745,-0.013,5465350536,3636092592,0.00535,215717385655.92,143516574606.24
2023-12-15,002714,牧原股份,745.627,742.611,748.078,733.373,15303213,602627019.95,0,742.403,-0.00203,5465350536,3636092592,0.0028,215280157613.04,143225687198.88
2023-12-18,002714,牧原股份,740.914,753.545,760.332,737.332,17017014,678575835.38,0,751.773,0.01472,5465350536,3636092592,0.00311,218450060923.92,145334620902.24
2023-12-19,002714,牧原股份,750.34,750.529,755.431,742.045,9682566,385008046.06,0,749.643,-0.004,5465350536,3636092592,0.00177,217575604838.16,144752846087.52
2023-12-20,002714,牧原股份,750.717,739.029,753.357,735.824,12842407,506355061.09,0,743.327,-0.01532,5465350536,3636092592,0.00235,214241741011.2,142534829606.4
2023-12-21,002714,牧原股份,735.447,744.873,748.078,724.324,16839406,658559071.24,0,737.294,0.00791,5465350536,3636092592,0.00308,215935999677.36,143662018309.92
2023-12-22,002714,牧原股份,744.684,752.414,759.578,740.537,15904140,635230652.67,0,752.999,0.01012,5465350536,3636092592,0.00291,218122139891.76,145116455346.72
2023-12-25,002714,牧原股份,752.226,748.078,755.054,735.447,12251834,483200071.95,0,743.534,-0.00576,5465350536,3636092592,0.00224,216865109268.48,144280154050.56
2023-12-26,002714,牧原股份,745.062,743.93,750.34,740.914,9234697,365287368.81,0,745.74,-0.00554,5465350536,3636092592,0.00169,215662732150.56,143480213680.32
2023-12-27,002714,牧原股份,744.684,772.587,772.775,744.684,31647041,1280698494.97,0,762.934,0.03852,5465350536,3636092592,0.00579,223970064965.28,149007074420.16
2023-12-28,002714,牧原股份,772.398,768.816,774.472,763.914,18077904,738088220.24,0,769.721,-0.00488,5465350536,3636092592,0.00331,222876994858.08,148279855901.76
2023-12-29,002714,牧原股份,769.193,776.357,785.406,765.423,21017105,862967865.72,0,774.095,0.00981,5465350578,3636073584,0.00385,225063136802.04,149733510189.12
2024-01-01,002714,牧原股份,776.357,776.357,776.357,776.357,0,0.0,2,,0.0,5465350578,3636073584,0.0,225063136802.04,149733510189.12
2024-01-02,002714,牧原股份,776.357,782.39,789.177,771.078,17324253,718078086.45,0,781.429,0.00777,5465350578,3636073584,0.00317,226812048987.0,150897053736.0
2024-01-03,002714,牧原股份,782.39,774.283,792.759,768.628,15142407,623769724.8,0,776.621,-0.01036,5465350578,3636073584,0.00277,224461948238.46,149333542094.88
2024-01-04,002714,牧原股份,771.078,772.21,776.546,766.177,13103602,536174340.59,0,771.418,-0.00268,5465350578,3636073584,0.0024,223860759674.88,148933574000.64
2024-01-05,002714,牧原股份,772.964,762.406,772.964,757.881,16109095,654743944.65,0,766.252,-0.0127,5465350578,3636073584,0.00295,221018777374.32,147042815736.96
2024-01-08,002714,牧原股份,761.652,736.578,766.177,736.578,25356529,1002625253.25,0,745.457,-0.03388,5465350578,3636073584,0.00464,213531247082.46,142061394926.88
2024-01-09,002714,牧原股份,736.389,728.66,738.463,727.717,17449103,678445630.25,0,733.015,-0.01075,5465350578,3636073584,0.00319,211235799839.7,140534244021.6
2024-01-10,002714,牧原股份,728.283,692.462,732.242,664.56,60063998,2200945357.6,0,690.822,-0.04968,5465350578,3636073584,0.01099,200742326729.94,133552982740.32
2024-01-11,002714,牧原股份,687.938,696.044,715.651,687.938,38506924,1442995015.55,0,706.489,0.00517,5465350578,3636073584,0.00705,201780743339.76,134243836721.28
2024-01-12,002714,牧原股份,693.028,710.938,718.479,685.298,23938779,900464879.24,0,709.147,0.0214,5465350578,3636073584,0.00438,206098370296.38,137116334852.64
2024-01-15,002714,牧原股份,707.356,698.118,718.668,696.61,18748295,698017609.22,0,701.908,-0.01803,5465350578,3636073584,0.00343,202381931903.34,134643804815.52
2024-01-16,002714,牧原股份,694.725,708.299,712.446,694.725,20395842,765154165.0,0,707.262,0.01458,5465350578,3636073584,0.00373,205333221215.46,136607284550.88
2024-01-17,002714,牧原股份,706.036,692.651,719.233,692.274,19078685,708228641.89,0,699.834,-0.02209,5465350578,3636073584,0.00349,200796980235.72,133589343476.16
2024-01-18,002714,牧原股份,690.954,699.815,703.02,672.855,25548353,927214912.12,0,684.224,0.01034,5465350578,3636073584,0.00467,202873813455.36,134971051438.08
2024-01-19,002714,牧原股份,699.438,692.462,704.905,688.126,16137284,593825959.21,0,693.744,-0.01051,5465350578,3636073584,0.00295,200742326729.94,133552982740.32
2024-01-22,002714,牧原股份,693.405,676.06,695.667,669.273,22251928,808007969.7,0,684.582,-0.02369,5465350578,3636073584,0.00407,195987471727.08,130389598722.24
2024-01-23,002714,牧原股份,674.175,675.495,680.585,667.577,16702994,596971343.3,0,673.798,-0.00084,5465350578,3636073584,0.00306,195823511209.74,130280516514.72
2024-01-24,002714,牧原股份,683.036,676.249,684.356,657.396,19821610,702929532.13,0,668.576,0.00112,5465350578,3636073584,0.00363,196042125232.86,130425959458.08
2024-01-25,002714,牧原股份,679.265,679.265,681.339,669.085,18198660,653519331.49,0,677.003,0.00446,5465350578,3636073584,0.00333,196916581325.34,131007731231.52
2024-01-26,002714,牧原股份,673.232,673.044,679.265,656.076,25390411,900326953.93,0,668.5,-0.00916,5465350578,3636073584,0.00465,195113015634.6,129807826948.8
2024-01-29,002714,牧原股份,673.044,678.134,690.011,671.159,22066480,798617171.17,0,682.301,0.00756,5465350578,3636073584,0.00404,196588660290.66,130789566816.48
2024-01-30,002714,牧原股份,676.815,671.536,688.126,670.028,18057908,648318560.15,0,676.852,-0.00973,5465350578,3636073584,0.0033,194675787588.36,129516941062.08
2024-01-31,002714,牧原股份,662.675,664.56,672.101,651.929,20974113,739091624.49,0,664.334,-0.01039,5465350578,3636073584,0.00384,192653607874.5,128171593836.0
2024-02-01,002714,牧原股份,662.675,663.995,673.044,656.454,20363248,717214844.5,0,664.013,-0.00085,5465350578,3636073584,0.00373,192489647357.16,128062511628.48
2024-02-02,002714,牧原股份,661.732,666.257,682.47,650.609,30053899,1068436284.16,0,670.235,0.00341,5465350578,3636073584,0.0055,193145489426.52,128498840458.56
2024-02-05,002714,牧原股份,659.847,673.044,678.7,645.519,30715965,1083524600.19,0,665.05,0.01019,5465350578,3636073584,0.00562,195113015634.6,129807826948.8
2024-02-06,002714,牧原股份,669.273,697.741,699.438,665.503,28895657,1055019957.71,0,688.334,0.03669,5465350578,3636073584,0.00529,202272624891.78,134571083343.84
2024-02-07,002714,牧原股份,697.553,706.602,706.979,686.241,27007851,1001099849.49,0,698.816,0.0127,5465350578,3636073584,0.00494,204841339663.44,136280037928.32
2024-02-08,002714,牧原股份,702.831,712.823,716.594,699.815,21701643,814496335.39,0,707.582,0.0088,5465350578,3636073584,0.00397,206644905354.18,137479942211.04
2024-02-09,002714,牧原股份,712.823,712.823,712.823,712.823,0,0.0,2,,0.0,5465350578,3636073584,0.0,206644905354.18,137479942211.04
2024-02-12,002714,牧原股份,712.823,712.823,712.823,712.823,0,0.0,2,,0.0,5465350578,3636073584,0.0,206644905354.18,137479942211.04
2024-02-13,002714,牧原股份,712.823,712.823,712.823,712.823,0,0.0,2,,0.0,5465350578,3636073584,0.0,206644905354.18,137479942211.04
2024-02-14,002714,牧原股份,712.823,712.823,712.823,712.823,0,0.0,2,,0.0,5465350578,3636073584,0.0,206644905354.18,137479942211.04
2024-02-15,002714,牧原股份,712.823,712.823,712.823,712.823,0,0.0,2,,0.0,5465350578,3636073584,0.0,206644905354.18,137479942211.04
2024-02-16,002714,牧原股份,712.823,712.823,712.823,712.823,0,0.0,2,,0.0,5465350578,3636073584,0.0,206644905354.18,137479942211.04
2024-02-19,002714,牧原股份,714.52,705.094,718.479,693.971,22247302,829516170.22,0,702.944,-0.01084,5465350578,3636073584,0.00407,204404111617.2,135989152041.6
2024-02-20,002714,牧原股份,702.643,722.061,723.946,696.044,18589732,704443036.03,0,714.407,0.02406,5465350578,3636073584,0.0034,209322927137.4,139261618267.2
2024-02-21,002714,牧原股份,721.496,724.889,731.488,716.405,17762817,685364228.55,0,727.415,0.00392,5465350578,3636073584,0.00325,210142729724.1,139807029304.8
2024-02-22,002714,牧原股份,722.627,725.078,727.906,718.856,10359488,397821537.68,0,723.984,0.00026,5465350578,3636073584,0.0019,210197383229.88,139843390040.64
2024-02-23,002714,牧原股份,726.774,723.569,728.66,717.725,11594872,443613465.49,0,721.288,-0.00208,5465350578,3636073584,0.00212,209760155183.64,139552504153.92
2024-02-26,002714,牧原股份,719.233,718.668,725.832,713.2,14487911,553050840.99,0,719.667,-0.00677,5465350578,3636073584,0.00265,208339164033.36,138607125022.08
2024-02-27,002714,牧原股份,716.028,732.619,740.16,715.274,16744954,649955221.07,0,731.77,0.01941,5465350578,3636073584,0.00306,212383523461.08,141297819474.24
2024-02-28,002714,牧原股份,734.881,721.119,734.881,720.553,16812383,647835620.57,0,726.454,-0.0157,5465350578,3636073584,0.00308,209049659608.5,139079814588.0
2024-02-29,002714,牧原股份,720.93,725.643,728.848,719.422,15084065,579465605.55,0,724.248,0.00627,5465350578,3636073584,0.00276,210361343747.22,139952472248.16
2024-03-01,002714,牧原股份,725.832,719.61,725.832,708.676,23738161,900418053.91,0,715.104,-0.00831,5465350578,3636073584,0.00434,208612431562.26,138788928701.28
2024-03-04,002714,牧原股份,719.61,710.938,719.61,707.356,21572305,814624558.38,0,711.937,-0.01205,5465350578,3636073584,0.00395,206098370296.38,137116334852.64
2024-03-05,002714,牧原股份,706.979,735.258,737.143,706.979,31752443,1229855474.99,0,730.224,0.03421,5465350578,3636073584,0.00581,213148672542.0,141806869776.0
2024-03-06,002714,牧原股份,732.43,738.652,740.16,727.906,15661355,609588626.54,0,733.806,0.00462,5465350578,3636073584,0.00287,214132435646.04,142461363021.12
2024-03-07,002714,牧原股份,740.537,743.742,751.094,735.258,23883218,941393459.38,0,743.12,0.00689,5465350578,3636073584,0.00437,215608080302.1,143443102888.8
2024-03-08,002714,牧原股份,738.086,737.143,743.365,731.676,13207793,515839492.73,0,736.314,-0.00887,5465350691,3636075947,0.00242,213695212018.1,142170569527.7
2024-03-11,002714,牧原股份,736.955,754.111,755.996,736.201,20061458,797740135.0,0,749.68,0.02302,5465350691,3636075947,0.00367,218614027640.0,145443037880.0
2024-03-12,002714,牧原股份,753.357,755.996,756.939,742.799,18539211,737866797.25,0,750.34,0.0025,5465350691,3636075947,0.00339,219160562709.1,145806645474.7
2024-03-13,002714,牧原股份,754.111,735.447,756.75,734.504,20814901,819320863.05,0,742.083,-0.02718,5465350691,3636075947,0.00381,213203330455.91,141843322692.47
2024-03-14,002714,牧原股份,734.881,724.701,739.406,724.135,14158426,547694202.55,0,729.282,-0.01461,5465350691,3636075947,0.00259,210088080562.04,139770759402.68
2024-03-15,002714,牧原股份,724.701,723.946,730.545,719.987,12647667,485484381.91,0,723.664,-0.00104,5465350691,3636075947,0.00231,209869466534.4,139625316364.8
2024-03-18,002714,牧原股份,725.643,726.963,729.414,709.807,22572501,863090732.98,0,720.855,0.00417,5465350691,3636075947,0.00413,210743922644.96,140207088516.32
2024-03-19,002714,牧原股份,731.865,763.16,767.873,729.979,50368184,2014471176.94,0,754.017,0.04979,5465350691,3636075947,0.00922,221237395971.68,147188354334.56
2024-03-20,002714,牧原股份,757.693,773.718,786.349,755.054,33140292,1357864977.56,0,772.455,0.01383,5465350691,3636075947,0.00606,224297992358.64,149224556864.88
2024-03-21,002714,牧原股份,773.718,805.013,810.104,773.529,48854610,2074715552.75,0,800.621,0.04045,5465350691,3636075947,0.00894,233370474505.7,155260442936.9
2024-03-22,002714,牧原股份,805.202,796.53,808.595,785.218,34258553,1444459463.54,0,794.889,-0.01054,5465350691,3636075947,0.00627,230911066694.75,153624208760.75
2024-03-25,002714,牧原股份,796.53,795.021,801.243,789.177,22245501,939790335.09,0,796.454,-0.00189,5465350691,3660854325,0.00407,230473838639.47,154378226885.25
2024-03-26,002714,牧原股份,795.964,794.644,813.686,790.685,26485109,1124849252.04,0,800.696,-0.00047,5465350691,3660854325,0.00485,230364531625.65,154305009798.75
2024-03-27,002714,牧原股份,793.136,796.907,810.292,788.046,29674123,1258894823.12,0,799.81,0.00285,5465350691,3660854325,0.00543,231020373708.57,154744312317.75
2024-03-28,002714,牧原股份,794.644,792.759,804.448,788.046,25170739,1061315440.1,0,794.927,-0.00521,5465350691,3660854325,0.00461,229817996556.55,153938924366.25
2024-03-29,002714,牧原股份,792.759,813.497,813.497,787.669,31154571,1333095091.56,0,806.71,0.02616,5465350691,3660854325,0.0057,235829882316.65,157965864123.75
2024-04-01,002714,牧原股份,813.309,841.588,845.358,811.423,39587868,1754186246.72,0,835.385,0.03453,5465350691,3660602250,0.00724,243973254846.24,163409284440.0
2024-04-02,002714,牧原股份,838.948,835.743,842.907,822.735,23953523,1061611861.94,0,835.555,-0.00695,5465350691,3660602250,0.00438,242278996132.03,162274497742.5
2024-04-03,002714,牧原股份,831.407,853.276,859.309,831.407,31645855,1430505256.34,0,852.221,0.02098,5465350691,3660602250,0.00579,247361772274.66,165678857835.0
2024-04-04,002714,牧原股份,853.276,853.276,853.276,853.276,0,0.0,2,,0.0,5465350691,3660602250,0.0,247361772274.66,165678857835.0
2024-04-05,002714,牧原股份,853.276,853.276,853.276,853.276,0,0.0,2,,0.0,5465350691,3660602250,0.0,247361772274.66,165678857835.0
2024-04-08,002714,牧原股份,848.375,846.301,855.539,838.571,29321377,1317545233.21,0,847.149,-0.00817,5465350691,3660602250,0.00536,245339592518.99,164324435002.5
2024-04-09,002714,牧原股份,842.907,836.497,844.227,827.637,25011699,1107042176.21,0,834.443,-0.01158,5465350691,3660602250,0.00458,242497610159.67,162420921832.5
2024-04-10,002714,牧原股份,836.497,829.333,846.112,824.809,20050260,887332562.47,0,834.329,-0.00856,5465350691,3660602250,0.00367,240420776897.09,161029892977.5
2024-04-11,002714,牧原股份,821.981,813.309,828.391,810.104,30319051,1312340188.99,0,816.023,-0.01932,5465350691,3660602250,0.00555,235775228809.74,157918381065.0
2024-04-12,002714,牧原股份,813.12,795.21,818.399,791.816,33041675,1407340339.89,0,802.996,-0.02225,5465350691,3660602250,0.00605,230528492146.38,154404202905.0
2024-04-15,002714,牧原股份,790.308,800.866,810.104,790.308,23996766,1020663204.49,0,801.865,0.00711,5465350691,3660602250,0.00439,232168097353.68,155502383580.0
2024-04-16,002714,牧原股份,795.398,807.276,821.038,795.21,25562310,1097933941.62,0,809.745,0.008,5465350691,3660602250,0.00468,234026316588.62,156746988345.0
2024-04-17,002714,牧原股份,807.464,811.423,820.096,799.923,20347991,872570288.05,0,808.445,0.00514,5465350691,3660602250,0.00372,235228693740.64,157552320840.0
2024-04-18,002714,牧原股份,808.407,821.604,831.219,800.3,23720029,1034570670.96,0,822.283,0.01255,5465350691,3660602250,0.00434,238179983113.78,159529046055.0
2024-04-19,002714,牧原股份,821.604,819.719,828.391,809.161,17269074,750213156.26,0,819.021,-0.00229,5465350691,3660602250,0.00316,237633448044.68,159162985830.0
2024-04-22,002714,牧原股份,821.981,851.391,864.4,820.473,38657663,1742882573.33,0,849.977,0.03864,5465350691,3660602250,0.00707,246815237205.56,165312797610.0
2024-04-23,002714,牧原股份,851.391,848.186,859.309,845.547,22067242,996170428.45,0,851.052,-0.00376,5465350691,3660602250,0.00404,245886127588.09,164690495227.5
2024-04-24,002714,牧原股份,851.768,833.293,851.768,826.694,20751073,917554271.52,0,833.613,-0.01756,5465350691,3660602250,0.0038,241568500542.2,161798619450.0
2024-04-25,002714,牧原股份,828.202,835.178,838.948,821.981,16781355,739692338.01,0,830.992,0.00226,5465350691,3660602250,0.00307,242115035611.3,162164679675.0
2024-04-26,002714,牧原股份,834.989,837.817,847.621,830.653,20002840,890013956.96,0,838.835,0.00316,5465350691,3660602250,0.00366,242880184708.04,162677163990.0
2024-04-29,002714,牧原股份,831.784,822.358,837.063,822.358,25058736,1101244413.87,0,828.523,-0.01845,5465350691,3660602250,0.00459,238398597141.42,159675470145.0
2024-04-30,002714,牧原股份,820.096,822.358,838.006,818.776,17776998,781065760.91,0,828.334,0.0,5465350691,3660602250,0.00325,238398597141.42,159675470145.0
2024-05-01,002714,牧原股份,822.358,822.358,822.358,822.358,0,0.0,2,,0.0,5465350691,3660602250,0.0,238398597141.42,159675470145.0
2024-05-02,002714,牧原股份,822.358,822.358,822.358,822.358,0,0.0,2,,0.0,5465350691,3660602250,0.0,238398597141.42,159675470145.0
2024-05-03,002714,牧原股份,822.358,822.358,822.358,822.358,0,0.0,2,,0.0,5465350691,3660602250,0.0,238398597141.42,159675470145.0
2024-05-06,002714,牧原股份,837.063,833.293,838.76,817.268,22654614,998003889.14,0,830.521,0.0133,5465350691,3660602250,0.00415,241568500542.2,161798619450.0
2024-05-07,002714,牧原股份,837.063,850.449,855.916,830.088,32836585,1474936371.11,0,846.81,0.02059,5465350691,3660602250,0.00601,246541969671.01,165129767497.5
2024-05-08,002714,牧原股份,848.94,882.875,889.097,840.834,53880659,2499336135.68,0,874.524,0.03813,5465350691,3660602250,0.00986,255942372859.53,171426003367.5
2024-05-09,002714,牧原股份,880.424,885.138,887.777,874.392,27539001,1289352668.53,0,882.668,0.00256,5465350691,3660602250,0.00504,256598214942.45,171865275637.5
2024-05-10,002714,牧原股份,883.064,891.548,902.859,879.67,28051590,1325043081.07,0,890.53,0.00724,5465350691,3660602250,0.00513,258456434177.39,173109880402.5
2024-05-13,002714,牧原股份,872.883,898.9,903.802,868.547,44624221,2113438899.3,0,892.886,0.00825,5465350691,3660602250,0.00816,260587920946.88,174537515280.0
2024-05-14,002714,牧原股份,894.564,898.9,912.097,888.343,31564677,1504976955.99,0,898.881,0.0,5465350691,3660602250,0.00578,260587920946.88,174537515280.0
2024-05-15,002714,牧原股份,898.9,880.047,908.515,879.105,23617607,1110519618.98,0,886.476,-0.02097,5465350691,3660602250,0.00432,255122570255.88,170876913030.0
2024-05-16,002714,牧原股份,886.08,882.875,889.285,873.826,14805580,693905779.48,0,883.592,0.00321,5465350691,3660602250,0.00271,255942372859.53,171426003367.5
2024-05-17,002714,牧原股份,882.875,899.089,900.031,881.556,26805466,1271496228.05,0,894.262,0.01837,5465350691,3660602250,0.0049,260642574453.79,174574121302.5
2024-05-20,002714,牧原股份,898.9,930.384,939.622,897.392,40661910,1998791681.15,0,926.727,0.03481,5465350691,3660602250,0.00744,269715056600.85,180650721037.5
2024-05-21,002714,牧原股份,927.179,926.048,943.958,919.827,23889315,1177831783.05,0,929.517,-0.00466,5465350691,3660602250,0.00437,268458025941.92,179808782520.0
2024-05-22,002714,牧原股份,931.893,915.491,936.04,904.933,27836833,1349178459.06,0,913.737,-0.0114,5465350691,3660602250,0.00509,265397429554.96,177758845260.0
2024-05-23,002714,牧原股份,917.564,898.335,923.597,893.621,23400561,1122599834.62,0,904.424,-0.01874,5465350691,3660602250,0.00428,260423960426.15,174427697212.5
2024-05-24,002714,牧原股份,898.9,905.876,923.786,893.621,31450512,1518430211.45,0,910.212,0.00839,5465350691,3660602250,0.00575,262610100702.55,175891938112.5
2024-05-27,002714,牧原股份,909.081,913.605,916.056,890.228,21782224,1047115343.01,0,906.29,0.00853,5465350691,3660602250,0.00399,264850894485.86,177392785035.0
2024-05-28,002714,牧原股份,914.359,904.179,929.253,895.507,20900939,1004546667.93,0,906.102,-0.01032,5465350691,3660602250,0.00382,262118219140.36,175562483910.0
2024-05-29,002714,牧原股份,901.163,904.933,915.868,895.884,16224551,780012316.11,0,906.366,0.00083,5465350691,3660602250,0.00297,262336833168.0,175708908000.0
2024-05-30,002714,牧原股份,909.835,893.81,913.794,884.195,26076921,1235730416.52,0,893.395,-0.01229,5465350691,3660602250,0.00477,259112276260.31,173549152672.5
2024-05-31,002714,牧原股份,892.49,888.908,896.449,880.424,20309701,956424527.35,0,887.815,-0.00548,5465352559,3660604118,0.00372,257691373156.85,172597484163.7
2024-06-03,002714,牧原股份,887.4,911.532,917.753,887.4,31372452,1509635788.42,0,907.195,0.02545,5465352559,3660604118,0.00574,264249796227.65,176990209105.3
2024-06-04,002714,牧原股份,912.851,918.884,920.958,899.466,23372426,1131646156.42,0,912.814,0.00807,5465352559,3660604118,0.00428,266381283725.66,178417844711.32
2024-06-05,002714,牧原股份,918.507,908.704,922.089,903.048,15440769,745394602.02,0,910.099,-0.01108,5465352559,3660604118,0.00283,263429993343.8,176441118487.6
2024-06-06,002714,牧原股份,905.876,897.58,905.876,889.097,26333568,1253197265.09,0,897.185,-0.01224,5465352559,3660604118,0.00482,260205435333.99,174281362057.98
2024-06-07,002714,牧原股份,903.425,902.482,910.589,892.679,20672966,987569015.89,0,900.616,0.00546,5465352559,3660604118,0.00378,261626426999.33,175233119128.66
2024-06-10,002714,牧原股份,902.482,902.482,902.482,902.482,0,0.0,2,,0.0,5465352559,3660604118,0.0,261626426999.33,175233119128.66
2024-06-11,002714,牧原股份,901.163,887.966,909.835,876.842,24089297,1133994257.81,0,887.494,-0.01608,5465352559,3660604118,0.00441,257418105528.9,172414453957.8
2024-06-12,002714,牧原股份,887.966,882.31,897.203,878.728,15610280,732579842.04,0,884.742,-0.00637,5465352559,3660604118,0.00286,255778499761.2,171316272722.4
2024-06-13,002714,牧原股份,876.842,838.571,877.219,828.579,61645855,2769327696.03,0,846.923,-0.04957,5465352559,3660604118,0.01128,243098881824.32,162823671168.64
2024-06-14,002714,牧原股份,837.063,848.94,851.391,820.473,43396136,1927073596.26,0,837.195,0.01237,5465352559,3660604118,0.00794,246104825731.77,164837003433.54
2024-06-17,002714,牧原股份,848.94,851.391,854.973,837.252,16783064,754494074.18,0,847.545,0.00289,5465352559,3660604118,0.00307,246815321564.44,165312881968.88
2024-06-18,002714,牧原股份,858.932,841.399,864.965,832.915,23576612,1053207285.26,0,842.191,-0.01174,5465352559,3660604118,0.00431,243918684708.17,163372761786.34
2024-06-19,002714,牧原股份,838.948,832.915,841.211,830.465,14872089,657789976.5,0,833.858,-0.01008,5465352559,3660604118,0.00272,241459276056.62,161725489933.24
2024-06-20,002714,牧原股份,831.784,838.006,847.432,824.055,17169140,762992991.67,0,837.817,0.00611,5465352559,3660604118,0.00314,242934921247.55,162713853045.1
2024-06-21,002714,牧原股份,838.006,827.825,848.375,827.637,33795114,1501546044.21,0,837.648,-0.01215,5465352559,3660604118,0.00618,239983630865.69,160737126821.38
2024-06-24,002714,牧原股份,825.186,822.923,831.973,806.71,29911245,1301435938.57,0,820.284,-0.00592,5465352559,3810716702,0.00547,238562639200.35,166337784042.3
2024-06-25,002714,牧原股份,823.112,820.284,833.67,816.702,14499922,634045039.63,0,824.375,-0.00321,5465352559,3810716702,0.00265,237797489842.09,165804283704.02
2024-06-26,002714,牧原股份,817.456,814.44,820.284,799.923,20587253,881714193.87,0,807.427,-0.00712,5465352559,3810716702,0.00377,236103230548.8,164622961526.4
2024-06-27,002714,牧原股份,808.784,814.44,819.341,806.145,14924118,644257533.32,0,813.855,0.0,5465352559,3810716702,0.00273,236103230548.8,164622961526.4
2024-06-28,002714,牧原股份,810.669,821.981,832.915,807.841,20498907,893488226.38,0,821.736,0.00926,5465352559,3810716702,0.00375,238289371572.4,166147248207.2
2024-07-01,002714,牧原股份,827.637,848.186,853.465,827.637,23480614,1052696891.86,0,845.226,0.03188,5465352559,3810716702,0.0043,245886211629.41,171444144422.98
2024-07-02,002714,牧原股份,847.998,835.932,854.031,832.35,15269081,679993964.88,0,839.589,-0.01445,5465352559,3810716702,0.00279,242333732466.06,168967178566.68
2024-07-03,002714,牧原股份,832.35,831.784,843.662,825.374,11394352,502292793.99,0,831.087,-0.00496,5465352559,3810716702,0.00208,241131354903.08,168128820892.24
2024-07-04,002714,牧原股份,831.784,826.317,837.063,814.817,16174611,706552871.12,0,823.546,-0.00657,5465352559,3810716702,0.00296,239546402660.97,167023713048.66
2024-07-05,002714,牧原股份,824.809,826.128,829.333,806.899,15465200,671560724.01,0,818.663,-0.00023,5465352559,3810716702,0.00283,239491749135.38,166985605881.64
2024-07-08,002714,牧原股份,827.26,830.276,844.793,825.94,16292747,721560380.66,0,834.933,0.00502,5465352559,3810716702,0.00298,240694126698.36,167823963556.08
2024-07-09,002714,牧原股份,825.751,806.71,828.202,798.038,29726924,1274481051.86,0,808.275,-0.02838,5465352559,3810716702,0.00544,233862435999.61,163060567678.58
2024-07-10,002714,牧原股份,806.71,823.678,829.522,799.169,26022176,1131624747.81,0,819.85,0.02103,5465352559,3810716702,0.00476,238781253302.71,166490212710.38
2024-07-11,002714,牧原股份,835.366,831.596,840.268,825.751,21849282,965398485.37,0,832.991,0.00961,5465352559,3810716702,0.004,241076701377.49,168090713725.22
2024-07-12,002714,牧原股份,831.407,811.423,843.662,808.784,27265927,1188125392.05,0,821.51,-0.02426,5465352559,3810716702,0.00499,235228774139.36,164013246854.08
2024-07-15,002714,牧原股份,822.923,842.153,849.129,816.325,34622032,1536651440.72,0,836.761,0.03787,5465352559,3810716702,0.00633,244137298810.53,170224715078.34
2024-07-16,002714,牧原股份,838.948,854.031,870.998,837.063,33359159,1515304765.65,0,856.368,0.0141,5465352559,3810716702,0.0061,247580470922.7,172625466600.6
2024-07-17,002714,牧原股份,848.375,859.498,864.023,841.399,21601772,981932591.2,0,856.972,0.0064,5465352559,3810716702,0.00395,249165423164.81,173730574444.18
2024-07-18,002714,牧原股份,855.916,859.309,863.268,848.752,16597680,754271757.73,0,856.745,-0.00022,5465352559,3810716702,0.00304,249110769639.22,173692467277.16
2024-07-19,002714,牧原股份,855.916,864.965,867.793,844.604,20028439,913089938.21,0,859.498,0.00658,5465352559,3810716702,0.00366,250750375406.92,174835682287.76
2024-07-22,002714,牧原股份,865.719,849.883,867.793,842.719,25119345,1132144964.63,0,849.713,-0.01744,5465352559,3810716702,0.0046,246378093359.72,171787108926.16
2024-07-23,002714,牧原股份,851.203,825.374,857.613,823.866,18965386,841531594.06,0,836.535,-0.02884,5465352559,3810716702,0.00347,239273135033.02,166833177213.56
2024-07-24,002714,牧原股份,824.809,819.341,833.293,813.12,18820666,818260106.18,0,819.662,-0.00731,5465352559,3810716702,0.00344,237524222214.14,165613747868.92
2024-07-25,002714,牧原股份,816.325,816.325,819.341,808.407,15394324,664815807.53,0,814.176,-0.00368,5465352559,3810716702,0.00282,236649765804.7,165004033196.6
2024-07-26,002714,牧原股份,816.325,811.423,821.415,800.3,20866231,896104679.51,0,809.632,-0.006,5465352559,3810716702,0.00382,235228774139.36,164013246854.08
2024-07-29,002714,牧原股份,811.423,795.21,816.136,786.161,22363051,943261628.55,0,795.191,-0.01998,5465352559,3810716702,0.00409,230528570938.62,160736030490.36
2024-07-30,002714,牧原股份,793.702,810.292,813.309,787.292,16887972,719938662.98,0,803.694,0.01897,5465352559,3810716702,0.00309,234900852985.82,163784603851.96
2024-07-31,002714,牧原股份,809.727,824.243,826.506,798.98,19919156,862339997.24,0,816.174,0.01722,5465352559,3810716702,0.00364,238945213879.48,166604534211.44
2024-08-01,002714,牧原股份,823.866,818.964,837.44,815.948,15219099,665318735.85,0,824.168,-0.0064,5465352559,3810716702,0.00278,237414915162.96,165537533534.88
2024-08-02,002714,牧原股份,816.136,833.481,845.547,812.932,22040784,975217342.28,0,834.16,0.01773,5465352559,3810716702,0.00403,241623236633.39,168471785395.42
2024-08-05,002714,牧原股份,842.342,843.662,859.121,836.497,32085286,1444544758.41,0,848.79,0.01222,5465352559,3810716702,0.00587,244574527015.25,170529572414.5
2024-08-06,002714,牧原股份,847.621,842.53,849.883,830.842,21249224,946876976.83,0,840.098,-0.00134,5465352559,3810716702,0.00389,244246605861.71,170300929412.38
2024-08-07,002714,牧原股份,840.834,817.645,842.53,817.079,19334534,844439929.71,0,823.395,-0.02954,5465352559,3810716702,0.00354,237032340483.83,165270783365.74
2024-08-08,002714,牧原股份,817.079,824.809,830.842,816.514,14497191,634292007.8,0,824.865,0.00876,5465352559,3810716702,0.00265,239109174456.25,166718855712.5
2024-08-09,002714,牧原股份,824.997,816.325,828.956,815.571,12506445,544344128.56,0,820.567,-0.01029,5465352559,3810716702,0.00229,236649765804.7,165004033196.6
2024-08-12,002714,牧原股份,822.546,836.875,845.17,816.136,29461330,1307489228.81,0,836.686,0.02517,5465352559,3810716702,0.00539,242607000094.01,169157714401.78
2024-08-13,002714,牧原股份,835.932,837.063,852.145,828.956,17401720,775587686.09,0,840.268,0.00022,5465352559,3810716702,0.00318,242661653619.6,169195821568.8
2024-08-14,002714,牧原股份,837.063,829.522,837.629,820.284,13353853,586110873.19,0,827.467,-0.00901,5465352559,3810716702,0.00244,240475512596.0,167671534888.0
2024-08-15,002714,牧原股份,829.333,824.997,839.891,818.776,19675402,866405528.55,0,830.182,-0.00545,5465352559,3810716702,0.0036,239163827981.84,166756962879.52
2024-08-16,002714,牧原股份,820.284,809.915,821.981,806.145,18058488,776052876.18,0,810.179,-0.01828,5465352559,3810716702,0.0033,234791545934.64,163708389517.92
2024-08-19,002714,牧原股份,802.185,791.628,807.841,788.046,26087564,1099299957.11,0,794.437,-0.02258,5465352559,3810716702,0.00477,229490153952.41,160011994316.98
2024-08-20,002714,牧原股份,789.931,769.57,790.874,762.972,28082342,1152448842.41,0,773.68,-0.02786,5465352559,3810716702,0.00514,223095691458.38,155553455775.64
2024-08-21,002714,牧原股份,764.103,743.176,765.423,739.971,39548394,1571554018.34,0,749.153,-0.0343,5465352559,3810716702,0.00724,215444197875.78,150218452392.84
2024-08-22,002714,牧原股份,739.217,740.914,742.988,724.512,28534830,1110087608.32,0,733.429,-0.00304,5465352559,3810716702,0.00522,214788355568.7,149761166388.6
2024-08-23,002714,牧原股份,739.029,726.963,745.627,724.701,23051608,895419151.68,0,732.317,-0.01883,5465352559,3810716702,0.00422,210743994675.04,146941236029.12
2024-08-26,002714,牧原股份,726.02,729.037,736.766,719.799,20459500,790131838.84,0,728.075,0.00285,5465352559,3810716702,0.00374,211345183456.53,147360414866.34
2024-08-27,002714,牧原股份,725.832,708.11,728.283,704.528,25698398,969655998.06,0,711.353,-0.0287,5465352559,3810716702,0.0047,205278642116.04,143130519327.12
2024-08-28,002714,牧原股份,705.094,716.405,717.537,699.626,20418158,769674582.13,0,710.674,0.01171,5465352559,3810716702,0.00374,207683397242.0,144807234676.0
2024-08-29,002714,牧原股份,715.463,711.881,719.987,707.356,16866190,638695591.03,0,713.917,-0.00631,5465352559,3810716702,0.00309,206371712627.84,143892662667.52
2024-08-30,002714,牧原股份,709.807,726.963,735.258,703.397,36995652,1422783054.98,0,725.04,0.02119,5465352559,3810716702,0.00677,210743994675.04,146941236029.12
2024-09-02,002714,牧原股份,725.832,724.889,734.693,720.553,22896286,882674122.13,0,726.793,-0.00285,5465352559,3810716702,0.00419,210142805893.55,146522057191.9
2024-09-03,002714,牧原股份,720.553,739.406,744.684,720.364,20538081,802987723.34,0,737.106,0.02003,5465352559,3810716702,0.00376,214351127363.98,149456309052.44
2024-09-04,002714,牧原股份,736.201,718.291,742.045,717.348,18740169,722466621.09,0,726.812,-0.02856,5465352559,3810716702,0.00343,208229932497.9,145188306346.2
2024-09-05,002714,牧原股份,722.061,718.102,725.078,710.75,15118111,574743848.45,0,716.726,-0.00026,5465352559,3810716702,0.00277,208175278972.31,145150199179.18
2024-09-06,002714,牧原股份,720.364,718.291,728.283,717.348,13119680,503277519.34,0,723.211,0.00026,5465352559,3810716702,0.0024,208229932497.9,145188306346.2
2024-09-09,002714,牧原股份,712.446,727.34,730.545,705.471,19422558,742946016.15,0,721.156,0.0126,5465352559,3810716702,0.00355,210853301726.22,147017450363.16
2024-09-10,002714,牧原股份,727.151,726.209,737.332,718.479,15835988,611744318.96,0,728.283,-0.00155,5465352559,3810716702,0.0029,210525380572.68,146788807361.04
2024-09-11,002714,牧原股份,723.758,725.266,732.43,713.2,11355989,436641149.48,0,724.889,-0.0013,5465352559,3810716702,0.00208,210252112944.73,146598271525.94
2024-09-12,002714,牧原股份,725.643,706.602,728.094,706.413,20950950,792511850.74,0,713.144,-0.02573,5465352559,3810716702,0.00383,204841413911.32,142825661990.96
2024-09-13,002714,牧原股份,700.946,705.282,713.2,694.725,15840565,593363526.64,0,706.187,-0.00187,5465352559,3810716702,0.0029,204458839232.19,142558911821.82
2024-09-16,002714,牧原股份,705.282,705.282,705.282,705.282,0,0.0,2,,0.0,5465352559,3810716702,0.0,204458839232.19,142558911821.82
2024-09-17,002714,牧原股份,705.282,705.282,705.282,705.282,0,0.0,2,,0.0,5465352559,3810716702,0.0,204458839232.19,142558911821.82
2024-09-18,002714,牧原股份,704.528,681.716,706.979,678.7,26019547,947796703.02,0,686.731,-0.03341,5465352559,3810716702,0.00476,197627148533.44,137795515944.32
2024-09-19,002714,牧原股份,684.356,689.446,703.02,676.437,28863119,1057947879.07,0,691.03,0.01134,5465352559,3810716702,0.00528,199867943082.63,139357909792.14
2024-09-20,002714,牧原股份,688.503,677.38,688.503,660.224,38008336,1356978718.99,0,673.082,-0.0175,5465352559,3810716702,0.00695,196370117444.87,136919051102.86
2024-09-23,002714,牧原股份,667.388,671.724,684.167,662.675,17898688,641402519.73,0,675.589,-0.00835,5465352559,3810716702,0.00327,194730511677.17,135775836092.26
2024-09-24,002714,牧原股份,683.224,723.381,723.946,679.642,39721096,1480779103.43,0,702.812,0.0769,5465352559,3810716702,0.00727,209705577688.83,146217199855.74
2024-09-25,002714,牧原股份,735.447,723.569,742.234,722.25,30319545,1177980133.63,0,732.468,0.00026,5465352559,3810716702,0.00555,209760231214.42,146255307022.76
2024-09-26,002714,牧原股份,725.643,752.98,753.545,720.553,38881843,1526597622.42,0,740.198,0.04065,5465352559,3810716702,0.00711,218286181206.46,152200025077.88
2024-09-27,002714,牧原股份,791.816,813.686,825.751,791.816,66673504,2851506285.58,0,806.295,0.08062,5465352559,3810716702,0.0122,235884616446.44,164470532858.32
2024-09-30,002714,牧原股份,831.407,873.072,884.761,825.563,94400538,4275593467.31,0,853.88,0.07298,5465353161,3810717304,0.01727,253100504885.91,176474318348.24
2024-10-01,002714,牧原股份,873.072,873.072,873.072,873.072,0,0.0,2,,0.0,5465353161,3810717304,0.0,253100504885.91,176474318348.24
2024-10-02,002714,牧原股份,873.072,873.072,873.072,873.072,0,0.0,2,,0.0,5465353161,3810717304,0.0,253100504885.91,176474318348.24
2024-10-03,002714,牧原股份,873.072,873.072,873.072,873.072,0,0.0,2,,0.0,5465353161,3810717304,0.0,253100504885.91,176474318348.24
2024-10-04,002714,牧原股份,873.072,873.072,873.072,873.072,0,0.0,2,,0.0,5465353161,3810717304,0.0,253100504885.91,176474318348.24
2024-10-07,002714,牧原股份,873.072,873.072,873.072,873.072,0,0.0,2,,0.0,5465353161,3810717304,0.0,253100504885.91,176474318348.24
2024-10-08,002714,牧原股份,957.344,850.26,957.344,814.817,154155616,7195262700.54,0,879.953,-0.02613,5465353161,3810717304,0.02821,246487427561.1,171863350410.4
2024-10-09,002714,牧原股份,838.948,791.628,838.948,788.611,78325005,3372269925.83,0,811.706,-0.06896,5465353161,3810717304,0.01433,229490179230.39,160012019594.96
2024-10-10,002714,牧原股份,837.063,819.907,856.67,817.645,107493270,4780888627.55,0,838.496,0.03572,5465353161,3810717304,0.01967,237688208971.89,165728095550.96
2024-10-11,002714,牧原股份,819.719,797.095,819.719,788.8,39728925,1689715822.4,0,801.827,-0.02782,5465353161,3810717304,0.00727,231075131647.08,161117127613.12
2024-10-14,002714,牧原股份,799.358,816.136,821.227,794.644,42295067,1819548471.26,0,811.046,0.02389,5465353161,3810717304,0.00774,236595138339.69,164965952090.16
2024-10-15,002714,牧原股份,814.44,792.948,821.415,792.005,36113531,1541808473.51,0,804.881,-0.02841,5465353161,3810717304,0.00661,229872753951.66,160278769806.24
2024-10-16,002714,牧原股份,787.103,788.046,798.415,777.3,28993448,1212380324.79,0,788.348,-0.00618,5465353161,3810717304,0.0053,228451762129.8,159287983307.2
2024-10-17,002714,牧原股份,790.497,777.488,797.095,777.3,23929812,999569806.65,0,787.499,-0.0134,5465353161,3810717304,0.00438,225391164359.64,157153981616.96
2024-10-18,002714,牧原股份,774.849,795.398,809.915,769.382,47189356,1966180089.8,0,785.52,0.02304,5465353161,3810717304,0.00863,230583249862.59,160774163055.76
2024-10-21,002714,牧原股份,830.653,814.817,830.653,805.39,58005365,2506888594.4,0,814.779,0.02441,5465353161,3810717304,0.01061,236212563618.42,164699201878.88
2024-10-22,002714,牧原股份,810.669,829.145,834.235,807.087,42822628,1864905135.35,0,821.038,0.01758,5465353161,3810717304,0.00784,240366232020.78,167595347029.92
2024-10-23,002714,牧原股份,836.309,825.374,836.875,816.702,41112932,1795820818.17,0,823.489,-0.00455,5465353161,3810717304,0.00752,239273161388.58,166833203569.12
2024-10-24,002714,牧原股份,820.284,813.874,829.522,811.423,22057135,957917918.0,0,818.757,-0.01393,5465353161,3810717304,0.00404,235939295960.37,164508666013.68
2024-10-25,002714,牧原股份,812.554,812.554,828.391,810.858,36762858,1595891750.9,0,818.399,-0.00162,5465353161,3810717304,0.00673,235556721239.1,164241915802.4
2024-10-28,002714,牧原股份,811.235,820.661,823.489,803.128,42015262,1813376261.95,0,813.686,0.00998,5465353161,3810717304,0.00769,237906823098.33,165880524243.12
2024-10-29,002714,牧原股份,820.85,811.989,821.792,804.259,35648931,1534390567.76,0,811.461,-0.01057,5465353161,3810717304,0.00652,235392760644.27,164127594283.28
2024-10-30,002714,牧原股份,822.923,827.637,840.08,808.407,72055888,3141849992.72,0,822.037,0.01927,5465353161,3810717304,0.01318,239929003767.9,167290489645.6
2024-10-31,002714,牧原股份,828.202,822.735,832.35,818.587,49093319,2144887530.23,0,823.678,-0.00592,5465353161,3810717304,0.00898,238508011946.04,166299703146.56
2024-11-01,002714,牧原股份,822.735,829.522,844.416,820.85,54234187,2399444227.77,0,834.084,0.00825,5465353161,3810717304,0.00992,240475539084.0,167671561376.0
2024-11-04,002714,牧原股份,830.653,831.03,833.67,817.268,32980767,1446881826.08,0,827.071,0.00182,5465353161,3810717304,0.00603,240912767336.88,167976418760.32
2024-11-05,002714,牧原股份,829.522,839.137,839.514,823.678,53452107,2357083442.33,0,831.351,0.00976,5465353161,3810717304,0.00978,243262869196.11,169615027201.04
2024-11-06,002714,牧原股份,835.178,839.891,847.244,829.522,57053952,2532908686.4,0,836.969,0.0009,5465353161,3810717304,0.01044,243481483322.55,169767455893.2
2024-11-07,002714,牧原股份,836.497,864.965,864.965,833.67,67608082,3067913125.81,0,855.501,0.02985,5465353161,3810717304,0.01237,250750403026.68,174835709907.52
2024-11-08,002714,牧原股份,869.301,846.301,872.883,845.17,60562662,2739624297.83,0,852.824,-0.02158,5465353161,3810717304,0.01108,245339703397.29,171063099776.56
2024-11-11,002714,牧原股份,832.161,841.211,842.342,828.768,43131981,1912907221.84,0,836.12,-0.00601,5465353161,3810717304,0.00789,243864058043.82,170034206104.48
2024-11-12,002714,牧原股份,840.834,835.178,855.539,831.407,45742947,2048183396.14,0,844.152,-0.00717,5465353161,3810717304,0.00837,242115145032.3,168814776567.2
2024-11-13,002714,牧原股份,830.653,832.538,836.497,821.038,33529597,1474363028.67,0,828.994,-0.00316,5465353161,3810717304,0.00613,241349995589.76,168281276144.64
2024-11-14,002714,牧原股份,827.825,812.743,835.932,811.612,33888657,1480018979.3,0,823.357,-0.02378,5465353161,3810717304,0.0062,235611374770.71,164280022975.44
2024-11-15,002714,牧原股份,810.669,794.456,818.21,793.325,30596422,1305804962.56,0,804.599,-0.0225,5465353161,3810717304,0.0056,230309982204.54,160583627190.56
2024-11-18,002714,牧原股份,794.079,790.874,806.71,788.423,31467265,1328872001.7,0,796.153,-0.00451,5465353161,3810717304,0.00576,229271565103.95,159859590902.8
2024-11-19,002714,牧原股份,792.193,792.005,800.677,777.677,25327783,1058506301.76,0,787.895,0.00143,5465353161,3810717304,0.00463,229599486293.61,160088233941.04
2024-11-20,002714,牧原股份,787.857,792.382,794.079,784.652,19756559,827662266.0,0,789.799,0.00048,5465353161,3810717304,0.00361,229708793356.83,160164448287.12
2024-11-21,002714,牧原股份,791.816,798.603,800.3,790.12,22208799,937949936.59,0,796.209,0.00785,5465353161,3810717304,0.00406,231512359899.96,161421984997.44
2024-11-22,002714,牧原股份,797.095,772.21,798.415,771.267,27414460,1139088808.25,0,783.352,-0.03305,5465353161,3810717304,0.00502,223860865474.56,156086980771.84
2024-11-25,002714,牧原股份,770.136,763.914,778.619,759.578,24233303,988638808.6,0,769.137,-0.01074,5465353161,3810717304,0.00443,221456110083.72,154410265158.08
2024-11-26,002714,牧原股份,765.045,766.554,774.095,762.218,17594674,715765189.19,0,766.95,0.00346,5465353161,3810717304,0.00322,222221259526.26,154943765580.64
2024-11-27,002714,牧原股份,763.537,772.775,772.775,759.578,16622791,676742523.78,0,767.534,0.00812,5465353161,3810717304,0.00304,224024826069.39,156201302290.96
2024-11-28,002714,牧原股份,772.964,763.537,772.964,761.841,19080236,775266368.54,0,766.026,-0.01195,5465353161,3810717304,0.00349,221346803020.5,154334050812.0
2024-11-29,002714,牧原股份,765.611,767.873,771.455,759.767,24117546,980649147.88,0,766.573,0.00568,5465353161,3810717304,0.00441,222603834247.53,155210515791.92
2024-12-02,002714,牧原股份,765.423,772.21,775.98,758.824,26566690,1085091695.16,0,770.023,0.00565,5465353161,3810717304,0.00486,223860865474.56,156086980771.84
2024-12-03,002714,牧原股份,770.136,771.644,784.275,767.685,29503918,1211283230.8,0,774.001,-0.00073,5465353161,3810717304,0.0054,223696904879.73,155972659252.72
2024-12-04,002714,牧原股份,767.685,760.898,769.57,758.07,24833999,1005463140.85,0,763.292,-0.01393,5465353161,3810717304,0.00454,220581653577.96,153800550389.44
2024-12-05,002714,牧原股份,755.996,762.406,764.291,751.094,25628951,1029836372.88,0,757.561,0.00198,5465353161,3810717304,0.00469,221018881830.84,154105407773.76
2024-12-06,002714,牧原股份,759.39,761.841,768.25,759.39,23434886,949272873.71,0,763.669,-0.00074,5465353161,3810717304,0.00429,220854921236.01,153991086254.64
2024-12-09,002714,牧原股份,760.332,745.627,760.521,742.422,34768362,1382780852.86,0,749.794,-0.02128,5465353161,3810717304,0.00636,216154717517.55,150713869373.2
2024-12-10,002714,牧原股份,765.8,749.398,774.472,749.209,47245315,1907810343.07,0,761.294,0.00506,5465353161,3810717304,0.00864,217247788149.75,151476012834.0
2024-12-11,002714,牧原股份,749.775,764.857,768.25,748.832,32940650,1331620278.74,0,762.123,0.02063,5465353161,3810717304,0.00603,221729377741.77,154600801023.28
2024-12-12,002714,牧原股份,766.365,778.808,780.128,760.898,34912493,1430502136.23,0,772.473,0.01824,5465353161,3810717304,0.00639,225773739080.91,157420731828.24
2024-12-13,002714,牧原股份,774.095,760.521,774.66,760.521,32357622,1312778876.22,0,764.876,-0.02348,5465353161,3810717304,0.00592,220472346514.74,153724336043.36
2024-12-16,002714,牧原股份,760.709,752.791,763.914,748.832,23978067,959076763.31,0,754.073,-0.01016,5465353161,3810717304,0.00439,218231551718.73,152161941948.72
2024-12-17,002714,牧原股份,752.791,750.717,758.824,748.078,20308313,811088626.75,0,752.961,-0.00276,5465353999,3810718142,0.00372,217630396240.18,151742796414.44
2024-12-18,002714,牧原股份,752.226,744.684,754.488,742.799,23019025,911370047.89,0,746.419,-0.00804,5462763380,3810718142,0.00421,215779153510.0,150523366609.0
2024-12-19,002714,牧原股份,739.217,745.25,747.701,732.619,23354553,916371565.85,0,739.726,0.00076,5462763380,3810718142,0.00428,215943036411.4,150637688153.26
2024-12-20,002714,牧原股份,744.684,733.938,750.717,733.938,34896434,1374477757.97,0,742.554,-0.01518,5462763380,3810718142,0.00639,212665378383.4,148351257268.06
2024-12-23,002714,牧原股份,734.127,736.578,742.422,730.545,25569148,998583618.44,0,736.276,0.0036,5462763380,3810718142,0.00468,213430165256.6,148884757807.94
2024-12-24,002714,牧原股份,736.766,741.48,749.963,732.996,27136822,1068466600.44,0,742.29,0.00666,5462763380,3810718142,0.00497,214850483735.4,149875544524.86
2024-12-25,002714,牧原股份,745.816,736.578,746.57,733.75,19918432,778688732.54,0,737.03,-0.00661,5462763380,3810718142,0.00365,213430165256.6,148884757807.94
2024-12-26,002714,牧原股份,736.766,733.75,740.725,732.242,21144810,824079614.48,0,734.749,-0.00384,5462763380,3810718142,0.00387,212610750749.6,148313150086.64
2024-12-27,002714,牧原股份,733.938,742.045,749.398,726.02,31005309,1214610715.93,0,738.538,0.0113,5462763380,3810718142,0.00568,215014366636.8,149989866069.12
2024-12-30,002714,牧原股份,744.548,744.548,748.592,733.189,31322793,1211430206.65,0,744.664,0.00337,5462763380,3810718142,0.00573,211245059904.6,147360470551.14
2024-12-31,002714,牧原股份,741.66,740.12,755.716,739.927,27798047,1077820759.79,0,746.532,-0.00595,5462767761,3810722523,0.00509,209988792732.84,146484173784.12
2025-01-01,002714,牧原股份,740.12,740.12,740.12,740.12,0,0.0,2,,0.0,5462767761,3810722523,0.0,209988792732.84,146484173784.12
2025-01-02,002714,牧原股份,740.505,723.754,747.051,720.481,29709942,1133209447.59,0,734.382,-0.02211,5462767761,3810722523,0.00544,205345440135.99,143245059639.57
2025-01-03,002714,牧原股份,725.487,718.556,733.189,716.245,24418067,919700249.7,0,725.198,-0.00718,5462767761,3810722523,0.00447,203870492840.52,142216164558.36
2025-01-06,002714,牧原股份,722.792,721.829,729.915,717.786,23842709,895302752.08,0,722.984,0.00455,5462767761,3810722523,0.00436,204799163359.89,142863987387.27
2025-01-07,002714,牧原股份,722.984,725.487,732.226,716.245,21210188,799239248.71,0,725.526,0.00507,5462767761,3810722523,0.00388,205837089234.48,143588024666.64
2025-01-08,002714,牧原股份,722.406,717.208,729.338,714.512,24028083,899959632.41,0,721.136,-0.01141,5462767761,3810722523,0.0044,203488099097.25,141949413981.75
2025-01-09,002714,牧原股份,727.798,718.171,734.921,713.165,48934489,1834910494.23,0,721.964,0.00134,5462767761,3810722523,0.00896,203761237485.3,142139950107.9
2025-01-10,002714,牧原股份,714.897,696.991,715.86,696.029,40826460,1494123541.55,0,704.635,-0.02949,5462767761,3810722523,0.00747,197752192948.2,137948155332.6
2025-01-13,002714,牧原股份,689.482,697.954,706.618,687.749,25238098,914789614.81,0,697.877,0.00138,5462767761,3810722523,0.00462,198025331336.25,138138691458.75
2025-01-14,002714,牧原股份,698.532,713.165,713.357,694.103,34342340,1259618929.8,0,706.195,0.02179,5462767761,3810722523,0.00629,202340917867.44,141149162251.92
2025-01-15,002714,牧原股份,709.699,700.264,711.432,696.991,31732001,1156462608.72,0,701.708,-0.01809,5462767761,3810722523,0.00581,198680863467.57,138595978161.51
2025-01-16,002714,牧原股份,701.035,701.42,713.357,695.836,34711431,1269580785.81,0,704.212,0.00165,5462767761,3810722523,0.00635,199008629533.23,138824621512.89
2025-01-17,002714,牧原股份,701.227,706.426,710.469,696.029,27396415,1003481730.25,0,705.232,0.00714,5462767761,3810722523,0.00502,200428949151.09,139815409368.87
2025-01-20,002714,牧原股份,710.469,716.823,722.021,707.003,36418049,1351625621.94,0,714.589,0.01472,5462767761,3810722523,0.00667,203378843742.03,141873199531.29
2025-01-21,002714,牧原股份,720.096,710.469,720.289,706.811,22195324,819623151.04,0,711.008,-0.00886,5462767761,3810722523,0.00406,201576130380.9,140615661098.7
2025-01-22,002714,牧原股份,708.929,703.153,708.929,699.109,21341008,779868037.7,0,703.595,-0.0103,5462767761,3810722523,0.00391,199500278631.72,139167586539.96
2025-01-23,002714,牧原股份,709.506,708.736,715.09,706.233,27018512,998096811.73,0,711.258,0.00794,5462767761,3810722523,0.00495,201084481282.41,140272696071.63
2025-01-24,002714,牧原股份,707.003,710.084,712.202,703.923,20464997,753329005.27,0,708.755,0.0019,5462767761,3810722523,0.00375,201466875025.68,140539446648.24
2025-01-27,002714,牧原股份,710.854,716.438,725.487,710.854,26804282,1001340493.55,0,719.268,0.00895,5462767761,3810722523,0.00491,203269588386.81,141796985080.83
2025-01-28,002714,牧原股份,716.438,716.438,716.438,716.438,0,0.0,2,,0.0,5462767761,3810722523,0.0,203269588386.81,141796985080.83
2025-01-29,002714,牧原股份,716.438,716.438,716.438,716.438,0,0.0,2,,0.0,5462767761,3810722523,0.0,203269588386.81,141796985080.83
2025-01-30,002714,牧原股份,716.438,716.438,716.438,716.438,0,0.0,2,,0.0,5462767761,3810722523,0.0,203269588386.81,141796985080.83
2025-01-31,002714,牧原股份,716.438,716.438,716.438,716.438,0,0.0,2,,0.0,5462767761,3810722523,0.0,203269588386.81,141796985080.83
2025-02-03,002714,牧原股份,716.438,716.438,716.438,716.438,0,0.0,2,,0.0,5462767761,3810722523,0.0,203269588386.81,141796985080.83
2025-02-04,002714,牧原股份,716.438,716.438,716.438,716.438,0,0.0,2,,0.0,5462767761,3810722523,0.0,203269588386.81,141796985080.83
2025-02-05,002714,牧原股份,719.133,708.929,720.674,706.811,23284742,859393163.17,0,710.623,-0.01048,5462767761,3810722523,0.00426,201139108960.02,140310803296.86
2025-02-06,002714,牧原股份,709.121,708.544,709.699,699.302,27194483,995917817.35,0,705.116,-0.00054,5462767761,3810722523,0.00498,201029853604.8,140234588846.4
2025-02-07,002714,牧原股份,705.848,708.929,714.897,699.879,43310795,1591357172.56,0,707.446,0.00054,5462767761,3810722523,0.00793,201139108960.02,140310803296.86
2025-02-10,002714,牧原股份,707.003,704.308,708.544,701.42,32852613,1200884268.8,0,703.807,-0.00652,5462767761,3810722523,0.00601,199828044697.38,139396229891.34
2025-02-11,002714,牧原股份,704.5,697.761,707.581,696.606,31359971,1140191301.05,0,700.033,-0.0093,5462767761,3810722523,0.00574,197970703658.64,138100584233.52
2025-02-12,002714,牧原股份,695.066,699.109,699.302,689.867,34610751,1246572014.78,0,693.468,0.00193,5462767761,3810722523,0.00634,198353097401.91,138367334810.13
2025-02-13,002714,牧原股份,697.184,735.692,740.313,696.029,108772945,4098649186.15,0,725.506,0.05233,5462767761,3810722523,0.01991,208732356147.81,145607707603.83
2025-02-14,002714,牧原股份,727.798,726.065,733.189,720.289,48913936,1845601272.09,0,726.488,-0.01309,5462767761,3810722523,0.00895,206000972267.31,143702346342.33
2025-02-17,002714,牧原股份,725.487,728.953,733.381,716.823,41564234,1563059457.87,0,724.062,0.00398,5462767761,3810722523,0.00761,206820387431.46,144273954720.78
2025-02-18,002714,牧原股份,729.723,715.668,732.804,714.32,36163362,1359734479.42,0,723.947,-0.01822,5462767761,3810722523,0.00662,203051077676.37,141644556179.91
2025-02-19,002714,牧原股份,714.512,720.096,721.829,708.736,43671440,1621780540.29,0,715.013,0.00619,5462767761,3810722523,0.00799,204307514261.4,142521022360.2
2025-02-20,002714,牧原股份,719.711,710.854,719.711,710.469,30487063,1129984559.26,0,713.627,-0.01283,5462767761,3810722523,0.00558,201685385736.12,140691875549.16
2025-02-21,002714,牧原股份,712.394,712.394,732.804,710.084,52021573,1940455376.07,0,718.19,0.00217,5462767761,3810722523,0.00952,202122407157.0,140996733351.0
2025-02-24,002714,牧原股份,719.518,716.245,728.568,712.972,53492523,2000143785.09,0,719.923,0.00541,5462767761,3810722523,0.00979,203214960709.2,141758877855.6
2025-02-25,002714,牧原股份,712.779,704.5,712.779,702.96,33633047,1233074277.43,0,705.906,-0.0164,5462767761,3810722523,0.00616,199882672374.99,139434337116.57
2025-02-26,002714,牧原股份,704.693,709.121,709.506,700.457,29251400,1069654401.94,0,704.077,0.00656,5462767761,3810722523,0.00535,201193736637.63,140348910522.09
2025-02-27,002714,牧原股份,708.544,702.96,710.276,698.339,34096566,1244872035.91,0,702.96,-0.00869,5462767761,3810722523,0.00624,199445650954.11,139129479314.73
2025-02-28,002714,牧原股份,702.19,698.724,713.935,696.991,42785294,1567322314.46,0,705.309,-0.00603,5462767761,3810722523,0.00783,198243842046.69,138291120359.67
2025-03-03,002714,牧原股份,698.724,706.041,713.742,695.258,43188314,1586158717.82,0,707.138,0.01047,5462767761,3810722523,0.00791,200319693795.87,139739194918.41
2025-03-04,002714,牧原股份,706.233,713.742,718.363,698.532,36546477,1341874738.89,0,706.946,0.01091,5462767761,3810722523,0.00669,202504800900.27,141263483927.61
2025-03-05,002714,牧原股份,714.32,704.308,715.475,703.153,28675671,1052043572.25,0,706.387,-0.01322,5462767761,3810722523,0.00525,199828044697.38,139396229891.34
2025-03-06,002714,牧原股份,706.618,709.506,711.432,700.842,31755910,1167139353.13,0,707.639,0.00738,5462767761,3810722523,0.00581,201302991992.85,140425124972.55
2025-03-07,002714,牧原股份,707.581,710.469,717.4,705.078,37778193,1395578820.56,0,711.258,0.00136,5462767761,3810722523,0.00692,201576130380.9,140615661098.7
2025-03-10,002714,牧原股份,722.021,718.363,723.754,711.624,48554197,1810704828.85,0,718.017,0.01111,5462767761,3810722523,0.00889,203815865162.91,142178057333.13
2025-03-11,002714,牧原股份,710.662,733.574,734.151,709.699,69737007,2637006243.87,0,728.067,0.02117,5462767761,3810722523,0.01277,208131451694.1,145188528126.3
2025-03-12,002714,牧原股份,733.766,731.071,735.114,727.412,38051346,1445912639.49,0,731.629,-0.00341,5462767761,3810722523,0.00697,207421291885.17,144693134198.31
2025-03-13,002714,牧原股份,730.686,732.226,735.692,728.953,33598862,1277747803.81,0,732.207,0.00158,5462767761,3810722523,0.00615,207749057950.83,144921777549.69
2025-03-14,002714,牧原股份,735.307,741.275,744.548,732.611,48949416,1880506020.95,0,739.677,0.01236,5462767761,3810722523,0.00896,210316558798.5,146712817135.5
2025-03-17,002714,牧原股份,747.629,754.946,761.877,744.548,53219416,2087564857.88,0,755.254,0.01844,5462767761,3810722523,0.00974,214195123908.81,149418430126.83
2025-03-18,002714,牧原股份,754.56,743.778,754.56,741.275,42143288,1629191862.02,0,744.317,-0.01479,5462767761,3810722523,0.00771,211026718607.43,147208211063.49
2025-03-19,002714,牧原股份,743.201,745.896,746.089,737.039,30869276,1189734353.58,0,742.065,0.00285,5462767761,3810722523,0.00565,211627623061.14,147627390541.02
2025-03-20,002714,牧原股份,752.828,736.654,752.828,736.462,42559901,1638821168.35,0,741.391,-0.01239,5462767761,3810722523,0.00779,209005494535.86,145798243729.98
2025-03-21,002714,牧原股份,736.654,742.816,755.716,726.257,54262198,2082103680.81,0,738.792,0.00836,5462767761,3810722523,0.00993,210753580219.38,147017674937.34
2025-03-24,002714,牧原股份,735.499,736.462,738.965,723.177,30536884,1165570218.97,0,734.902,-0.00855,5462767761,3810722523,0.00559,208950866858.25,145760136504.75
2025-03-25,002714,牧原股份,737.232,743.201,743.201,731.071,30488245,1168050003.83,0,737.636,0.00915,5462767761,3810722523,0.00558,210862835574.6,147093889387.8
2025-03-26,002714,牧原股份,743.586,769.579,774.007,741.275,93708369,3714046976.67,0,763.109,0.03549,5462767761,3810722523,0.01715,218346827407.17,152314579244.31
2025-03-27,002714,牧原股份,769.001,766.113,772.659,764.572,35483251,1414412250.83,0,767.48,-0.0045,5462767761,3810722523,0.0065,217363529210.19,151628649190.17
2025-03-28,002714,牧原股份,766.113,763.225,766.305,758.411,27824853,1100633024.68,0,761.607,-0.00377,5462767761,3810722523,0.00509,216544114046.04,151057040811.72
2025-03-31,002714,牧原股份,759.759,745.704,768.423,744.356,35170760,1375551578.6,0,753.039,-0.02296,5462768177,3810722939,0.00644,211573011495.21,147589299427.47
2025-04-01,002714,牧原股份,745.319,746.666,759.181,744.356,30732073,1197449941.0,0,750.209,0.00129,5462768177,3810722939,0.00563,211846149904.06,147779835574.42
2025-04-02,002714,牧原股份,747.051,751.672,754.368,747.051,26366688,1028632600.07,0,751.153,0.0067,5462768177,3810722939,0.00483,213266469630.08,148770623538.56
2025-04-03,002714,牧原股份,745.126,760.337,763.802,745.126,36821985,1450500682.48,0,758.45,0.01153,5462768177,3810722939,0.00674,215724715309.73,150485448861.11
2025-04-04,002714,牧原股份,760.337,760.337,760.337,760.337,0,0.0,2,,0.0,5462768177,3810722939,0.0,215724715309.73,150485448861.11
2025-04-07,002714,牧原股份,748.014,746.666,773.814,722.599,107445371,4187117663.28,0,750.325,-0.01798,5462768177,3810722939,0.01967,211846149904.06,147779835574.42
2025-04-08,002714,牧原股份,746.666,796.149,808.664,729.915,134812554,5416628552.65,0,773.603,0.06627,5462768177,3810722939,0.02468,225885464118.95,157573393527.65
2025-04-09,002714,牧原股份,807.701,812.515,837.545,781.323,140982325,5960158637.07,0,813.978,0.02056,5462768177,3810722939,0.02581,230528817069.4,160812508025.8
2025-04-10,002714,牧原股份,789.41,807.509,814.055,782.671,94211537,3938993853.11,0,805.006,-0.00616,5462768177,3810722939,0.01725,229108497343.38,159821720061.66
2025-04-11,002714,牧原股份,805.198,788.062,805.968,781.323,60811885,2494837428.64,0,789.891,-0.02408,5462768177,3810722939,0.01113,223591101484.61,155972889893.27
2025-04-14,002714,牧原股份,788.062,784.404,793.261,783.249,43321575,1768657633.34,0,786.06,-0.00464,5462768177,3810722939,0.00793,222553175530.98,155248852534.86
2025-04-15,002714,牧原股份,782.864,781.901,783.441,774.585,34963311,1414608507.43,0,779.013,-0.00319,5462768177,3810722939,0.0064,221843015667.97,154753458552.79
2025-04-16,002714,牧原股份,775.932,785.559,789.41,768.231,49517917,2002334542.12,0,778.57,0.00468,5462768177,3810722939,0.00906,222880941621.6,155477495911.2
2025-04-17,002714,牧原股份,779.783,784.982,786.137,774.392,30616481,1241778021.21,0,780.919,-0.00073,5462768177,3810722939,0.0056,222717058576.29,155363174223.03
2025-04-18,002714,牧原股份,780.938,777.28,783.249,773.622,21271045,859017723.75,0,777.55,-0.00981,5462768177,3810722939,0.00389,220531951305.49,153838885047.43
2025-04-21,002714,牧原股份,775.355,779.783,780.361,771.504,20172909,813943881.57,0,776.856,0.00322,5462768177,3810722939,0.00369,221242111168.5,154334279029.5
2025-04-22,002714,牧原股份,778.435,778.628,786.137,775.162,23851877,966192587.25,0,779.937,-0.00148,5462768177,3810722939,0.00437,220914345077.88,154105635653.16
2025-04-23,002714,牧原股份,779.398,777.28,779.398,764.38,41256824,1650090976.45,0,770.079,-0.00173,5462768177,3810722939,0.00755,220531951305.49,153838885047.43
2025-04-24,002714,牧原股份,774.007,780.168,793.261,774.007,34562425,1407003245.33,0,783.807,0.00372,5462768177,3810722939,0.00633,221351366532.04,154410493488.28
2025-04-25,002714,牧原股份,785.559,770.734,790.95,770.349,29794653,1204558954.15,0,778.416,-0.01209,5462768177,3810722939,0.00545,218674610125.31,152543239248.17
2025-04-28,002714,牧原股份,770.734,764.958,773.429,764.38,22724137,907193098.32,0,768.654,-0.00749,5462768177,3810722939,0.00416,217035779672.21,151400022366.47
2025-04-29,002714,牧原股份,764.38,760.529,764.38,756.678,23926397,943735089.84,0,759.432,-0.00579,5462768177,3810722939,0.00438,215779342991.5,150523556090.5
2025-04-30,002714,牧原股份,760.337,763.802,765.535,758.411,22581329,893800463.91,0,762.089,0.0043,5462768177,3810722939,0.00413,216708013581.59,151171378990.13
2025-05-01,002714,牧原股份,763.802,763.802,763.802,763.802,0,0.0,2,,0.0,5462768177,3810722939,0.0,216708013581.59,151171378990.13
2025-05-02,002714,牧原股份,763.802,763.802,763.802,763.802,0,0.0,2,,0.0,5462768177,3810722939,0.0,216708013581.59,151171378990.13
2025-05-05,002714,牧原股份,763.802,763.802,763.802,763.802,0,0.0,2,,0.0,5462768177,3810722939,0.0,216708013581.59,151171378990.13
2025-05-06,002714,牧原股份,763.995,764.765,768.231,760.722,26206671,1041261868.97,0,765.015,0.00126,5462768177,3810722939,0.0048,216981151990.44,151361915137.08
2025-05-07,002714,牧原股份,768.808,764.958,769.579,762.069,25239605,1003775558.5,0,765.728,0.00025,5462768177,3810722939,0.00462,217035779672.21,151400022366.47
2025-05-08,002714,牧原股份,765.92,764.38,773.044,762.84,27452649,1093765800.9,0,767.114,-0.00076,5462768177,3810722939,0.00503,216871896626.9,151285700678.3
2025-05-09,002714,牧原股份,764.38,758.989,766.69,758.219,20972498,828681743.79,0,760.779,-0.00705,5462768177,3810722939,0.00384,215342321537.34,150218698255.38
2025-05-12,002714,牧原股份,759.566,755.523,759.759,751.672,25665873,1006720340.73,0,755.215,-0.00457,5462768177,3810722939,0.0047,214359023265.48,149532768126.36
2025-05-13,002714,牧原股份,756.678,757.449,759.374,752.635,22314001,875757561.27,0,755.658,0.00255,5462768177,3810722939,0.00408,214905300083.18,149913840420.26
2025-05-14,002714,牧原股份,757.449,769.579,770.349,753.79,34749172,1378563275.54,0,763.841,0.01601,5462768177,3810722939,0.00636,218346844034.69,152314595871.83
2025-05-15,002714,牧原股份,765.343,765.15,770.926,764.187,23042142,918609124.69,0,767.576,-0.00576,5462768177,3810722939,0.00422,217090407353.98,151438129595.86
2025-05-16,002714,牧原股份,764.38,755.716,766.305,753.79,21240460,835021311.98,0,756.929,-0.01233,5462768177,3810722939,0.00389,214413650947.25,149570875355.75
2025-05-19,002714,牧原股份,753.79,755.331,758.604,752.635,15660109,614820948.35,0,755.908,-0.00051,5462768177,3810722939,0.00287,214304395583.71,149494660896.97
2025-05-20,002714,牧原股份,755.331,761.492,765.15,752.635,19827965,782429542.62,0,759.778,0.00816,5462768177,3810722939,0.00363,216052481400.35,150714092237.45
2025-05-21,002714,牧原股份,761.492,769.964,776.51,760.722,33754023,1350649283.67,0,770.426,0.01113,5462768177,3810722939,0.00618,218456099398.23,152390810330.61
2025-05-22,002714,牧原股份,770.349,767.461,772.082,762.84,14644873,583231826.67,0,766.787,-0.00325,5462768177,3810722939,0.00268,217745939535.22,151895416348.54
2025-05-23,002714,牧原股份,766.305,760.722,773.429,760.529,19329334,769595776.92,0,766.594,-0.00878,5462768177,3810722939,0.00354,215833970673.27,150561663319.89
2025-05-26,002714,牧原股份,760.529,758.219,763.61,753.983,17350923,683323958.07,0,758.276,-0.00329,5462768177,3810722939,0.00318,215123810810.26,150066269337.82
2025-05-27,002714,牧原股份,756.678,746.859,762.84,746.859,19988114,782201654.06,0,753.463,-0.01498,5462768177,3810722939,0.00366,211900777585.83,147817942803.81
2025-05-28,002714,牧原股份,746.474,739.35,749.747,738.58,19706363,760865626.25,0,743.393,-0.01005,5462768177,3810722939,0.00361,209770297996.8,146331760857.6
2025-05-29,002714,牧原股份,738.195,744.356,745.126,734.729,19588113,753319699.61,0,740.467,0.00677,5462768177,3810722939,0.00359,211190617722.82,147322548821.74
2025-05-30,002714,牧原股份,747.822,778.628,782.864,746.859,82428749,3304627602.45,0,771.908,0.04604,5462768177,3810722939,0.01509,220914345077.88,154105635653.16
2025-06-02,002714,牧原股份,778.628,778.628,778.628,778.628,0,0.0,2,,0.0,5462768177,3810722939,0.0,220914345077.88,154105635653.16
2025-06-03,002714,牧原股份,771.311,799.807,804.428,770.734,63680086,2623707151.77,0,793.28,0.0272,5462768177,3810722939,0.01166,226923390072.58,158297430886.06
2025-06-04,002714,牧原股份,797.304,803.85,804.043,787.1,47224622,1953060783.3,0,796.284,0.00505,5462768177,3810722939,0.00864,228070571389.75,159097682703.25
2025-06-05,002714,牧原股份,800.962,785.559,803.658,784.019,27288598,1120815343.75,0,790.816,-0.02275,5462768177,3810722939,0.005,222880941621.6,155477495911.2
2025-06-06,002714,牧原股份,789.41,792.106,797.882,783.634,27227178,1120598837.79,0,792.433,0.00833,5462768177,3810722939,0.00498,224738282801.78,156773141710.46
2025-06-09,002714,牧原股份,792.106,824.645,827.34,789.025,62232061,2647502375.52,0,819.1,0.04108,5462768177,3810722939,0.01139,233970361020.91,163213263477.37
2025-06-10,002714,牧原股份,824.067,815.403,828.881,809.434,29521347,1253632494.38,0,817.617,-0.01121,5462768177,3810722939,0.0054,231348232295.95,161384116466.65
2025-06-11,002714,牧原股份,817.906,854.488,858.339,815.403,76039163,3346929345.88,0,847.48,0.04793,5462768177,3810722939,0.01392,242437651695.26,169119884032.82
2025-06-12,002714,牧原股份,847.172,842.936,852.37,838.315,29607721,1296650496.35,0,843.205,-0.01352,5462768177,3810722939,0.00542,239159990789.06,166833450269.42
2025-06-13,002714,牧原股份,839.855,842.936,849.097,830.806,37650374,1638899733.03,0,838.103,0.0,5462768177,3810722939,0.00689,239159990789.06,166833450269.42
2025-06-16,002714,牧原股份,839.663,827.148,839.663,826.185,33700801,1454401356.74,0,830.921,-0.01873,5462768177,3810722939,0.00617,234680520883.92,163708657459.44
2025-06-17,002714,牧原股份,827.918,828.688,836.004,824.645,17807652,768350585.56,0,830.748,0.00186,5462768177,3810722939,0.00326,235117542338.08,164013515294.56
2025-06-18,002714,牧原股份,827.533,818.098,833.116,817.136,19377202,826645431.76,0,821.391,-0.01278,5462768177,3810722939,0.00355,232113019840.73,161917617678.11
2025-06-19,002714,牧原股份,820.024,814.44,825.992,807.701,20569690,871201087.79,0,815.48,-0.00447,5462768177,3810722939,0.00377,231075093887.1,161193580319.7
2025-06-20,002714,牧原股份,816.173,805.391,822.142,805.391,28251961,1196303105.42,0,815.287,-0.01111,5462768177,3810722939,0.00517,228507592843.91,159402540538.37
2025-06-23,002714,牧原股份,808.856,802.503,824.645,799.037,23626421,986917256.31,0,804.274,-0.00359,5462768177,3810722939,0.00432,227688177617.36,158830932097.52
2025-06-24,002714,牧原股份,805.776,805.198,812.9,794.801,24976951,1045018165.54,0,805.564,0.00336,5462768177,3810722939,0.00457,228452965162.14,159364433308.98
2025-06-25,002714,牧原股份,804.621,809.242,810.397,796.341,28252576,1178629931.93,0,803.234,0.00502,5462768177,3810722939,0.00517,229600146479.31,160164685126.17
2025-06-26,002714,牧原股份,810.803,815.681,824.267,807.29,26903601,1124225625.95,0,815.428,0.00796,5462768177,3810722939,0.00492,228343709798.6,159288218850.2
2025-06-27,002714,牧原股份,815.486,813.145,821.145,810.022,17683370,739571321.29,0,816.13,-0.00311,5462768177,3810722939,0.00324,227633549935.59,158792824868.13
2025-06-30,002714,牧原股份,815.876,819.779,823.682,811.388,20327341,851060321.95,0,817.008,0.00816,5462768373,3810592508,0.00372,229490899349.73,160082991261.08
2025-07-01,002714,牧原股份,819.974,819.389,825.438,812.949,18509377,776784111.53,0,818.94,-0.00048,5462768373,3810592508,0.00339,229381643982.27,160006779410.92
2025-07-02,002714,牧原股份,819.584,830.707,831.878,817.633,32766854,1385865143.88,0,825.341,0.01381,5462768373,3810592508,0.006,232550049638.61,162216923065.56
2025-07-03,002714,牧原股份,835.39,846.513,850.416,827.39,41001223,1768292764.69,0,841.596,0.01903,5462768373,3810592508,0.00751,236974892020.74,165303502997.04
2025-07-04,002714,牧原股份,842.611,853.343,855.685,838.513,33184159,1445047077.62,0,849.753,0.00807,5462768373,3810592508,0.00607,238886860951.29,166637210374.84
2025-07-07,002714,牧原股份,850.806,847.684,855.685,844.172,20208028,880343021.51,0,850.104,-0.00663,5462768373,3810592508,0.0037,237302658123.12,165532138547.52
2025-07-08,002714,牧原股份,847.879,852.172,855.49,838.903,31998554,1388832867.86,0,846.962,0.00529,5462768373,3810592508,0.00586,238559094848.91,166408574824.36
2025-07-09,002714,牧原股份,851.782,880.077,889.834,851.392,68798779,3097354095.86,0,878.516,0.03275,5462768373,3810592508,0.01259,246370853622.3,171857722110.8
2025-07-10,002714,牧原股份,897.64,884.175,898.03,872.272,60399954,2735934115.85,0,883.921,0.00466,5462768373,3810592508,0.01106,247518034980.63,172657946537.48
2025-07-11,002714,牧原股份,894.908,891.59,914.422,887.493,49602135,2284530079.84,0,898.752,0.00839,5462768373,3810592508,0.00908,249593886962.37,174105971690.52
2025-07-14,002714,牧原股份,891.786,888.078,896.664,883.004,34033733,1551127282.51,0,889.366,-0.00394,5462768373,3810592508,0.00623,248610588655.23,173420065039.08
2025-07-15,002714,牧原股份,890.42,875.979,892.956,872.272,37813134,1705195662.81,0,879.98,-0.01362,5462768373,3810592508,0.00692,245223672263.97,171057497684.12
2025-07-16,002714,牧原股份,873.833,880.858,881.638,867.979,27443601,1230783565.28,0,875.16,0.00557,5462768373,3810592508,0.00502,246589364357.22,172010145811.12
2025-07-17,002714,牧原股份,880.858,883.59,901.933,880.858,24165661,1099343102.29,0,887.727,0.0031,5462768373,3810592508,0.00442,247354151929.44,172543628762.24
2025-07-18,002714,牧原股份,884.565,898.42,907.592,882.614,33523290,1543184128.15,0,898.284,0.01678,5462768373,3810592508,0.00614,251505855892.92,175439679068.32
2025-07-21,002714,牧原股份,900.957,923.593,926.911,900.177,52633820,2469501783.01,0,915.573,0.02802,5462768373,3810592508,0.00964,258552827094.09,180355343403.64
2025-07-22,002714,牧原股份,922.618,944.863,946.229,917.544,49976235,2392338405.83,0,934.131,0.02303,5462768373,3810592508,0.00915,264507244620.66,184508889237.36
2025-07-23,002714,牧原股份,967.5,957.938,977.257,950.522,80808810,3978845458.37,0,960.826,0.01384,5462768373,3810592508,0.01479,268167299430.57,187061986217.72
2025-07-24,002714,牧原股份,946.425,941.936,947.791,935.106,44909168,2164956560.88,0,940.707,-0.0167,5462768373,3810592508,0.00822,263687829364.71,183937300361.16
2025-07-25,002714,牧原股份,943.107,947.986,960.084,942.327,40359799,1963176553.25,0,949.196,0.00642,5462768373,3810592508,0.00739,265381287560.34,185118584038.64
2025-07-28,002714,牧原股份,944.473,943.302,956.181,937.643,35214330,1705176993.88,0,944.922,-0.00494,5462768373,3810592508,0.00645,264070223150.82,184204041836.72
2025-07-29,002714,牧原股份,938.619,922.618,942.912,919.105,43622032,2068463634.64,0,925.31,-0.02193,5462768373,3810592508,0.00799,258279688675.44,180164813778.24
2025-07-30,002714,牧原股份,922.618,922.422,942.522,915.007,41754116,1983188376.18,0,926.852,-0.00021,5462768373,3810592508,0.00764,258225060991.71,180126707853.16
2025-07-31,002714,牧原股份,912.861,904.665,916.959,899.591,39540983,1839261779.63,0,907.689,-0.01925,5462768373,3810592508,0.00724,253253941772.28,176659068670.88
2025-08-01,002714,牧原股份,905.64,893.932,909.153,891.786,29846989,1376368369.05,0,899.864,-0.01186,5462768373,3810592508,0.00546,250249419167.13,174563242791.48
2025-08-04,002714,牧原股份,893.737,895.884,900.957,890.615,22682436,1041612800.55,0,896.118,0.00218,5462768373,3810592508,0.00415,250795696004.43,174944302042.28
2025-08-05,002714,牧原股份,901.347,902.713,906.421,895.298,26578739,1229395510.47,0,902.616,0.00762,5462768373,3810592508,0.00487,252707664934.98,176278009420.08
2025-08-06,002714,牧原股份,902.323,912.665,919.105,899.591,31199504,1455030339.55,0,910.051,0.01102,5462768373,3810592508,0.00571,255493676805.21,178221411599.16
2025-08-07,002714,牧原股份,912.861,910.714,924.374,904.079,21322460,995846638.56,0,911.378,-0.00214,5462768373,3810592508,0.0039,254947399967.91,177840352348.36
2025-08-08,002714,牧原股份,915.007,916.178,924.764,909.348,25851675,1214658754.36,0,916.88,0.006,5462768373,3810592508,0.00473,256476975112.35,178907318250.6
2025-08-11,002714,牧原股份,921.447,912.275,921.447,903.494,26552387,1240327590.78,0,911.534,-0.00426,5462768373,3810592508,0.00486,255384421437.75,178145199749.0
2025-08-12,002714,牧原股份,912.275,917.544,922.032,911.3,23440999,1102111390.95,0,917.466,0.00578,5462768373,3810592508,0.00429,256859368898.46,179174059726.16
2025-08-13,002714,牧原股份,918.52,915.007,924.569,901.543,32375959,1510311102.43,0,910.304,-0.00276,5462768373,3810592508,0.00593,256149209009.97,178678682700.12
2025-08-14,002714,牧原股份,911.495,906.811,922.227,905.836,26490589,1240066360.5,0,913.485,-0.00896,5462768373,3810592508,0.00485,253854846293.31,177078233846.76
2025-08-15,002714,牧原股份,902.909,899.006,907.982,892.956,39907663,1839459948.25,0,899.455,-0.00861,5462768373,3810592508,0.00731,251669738944.11,175553996843.56
2025-08-18,002714,牧原股份,899.006,904.079,904.079,891.981,38658011,1779679123.58,0,898.342,0.00564,5462768373,3810592508,0.00708,253090058721.09,176544750895.64
2025-08-19,002714,牧原股份,905.055,911.495,924.569,904.665,38348433,1798218096.91,0,915.046,0.0082,5462768373,3810592508,0.00702,255165910702.83,177992776048.68
2025-08-20,002714,牧原股份,915.202,926.911,930.033,902.323,40971245,1930273582.78,0,919.359,0.01691,5462768373,3810592508,0.0075,259481497717.5,181003144130.0
2025-08-21,002714,牧原股份,968.475,979.793,1010.04,943.693,115120911,5763666205.42,0,976.983,0.05705,5462768373,3810592508,0.02107,274285600008.33,191329849826.68
2025-08-22,002714,牧原股份,985.062,982.525,990.136,967.5,56957170,2852098769.38,0,977.139,0.00279,5462768373,3810592508,0.01043,275050387580.55,191863332777.8
2025-08-25,002714,牧原股份,982.916,1002.625,1003.991,977.647,60264648,3062052407.09,0,991.502,0.02046,5462768373,3810592508,0.01103,280677039004.74,195788243061.04
2025-08-26,002714,牧原股份,1000.868,1074.436,1097.267,993.453,114327903,6213958331.98,0,1060.62,0.07162,5462768373,3810592508,0.02093,300780026617.38,209811223490.48
2025-08-27,002714,牧原股份,1067.411,1063.508,1092.584,1061.947,65769715,3620935996.45,0,1074.338,-0.01017,5462768373,3810592508,0.01204,297720876328.5,207677291686.0
2025-08-28,002714,牧原股份,1059.605,1063.508,1069.362,1043.994,57073146,3088030914.31,0,1055.839,0.0,5462768373,3810592508,0.01045,297720876328.5,207677291686.0
2025-08-29,002714,牧原股份,1063.508,1072.484,1083.022,1059.605,40805017,2239599637.24,0,1071.021,0.00844,5462768373,3810592508,0.00747,300233749780.08,209430164239.68
2025-09-01,002714,牧原股份,1077.753,1069.362,1082.632,1053.361,40504726,2212184540.95,0,1065.752,-0.00291,5462768373,3810592508,0.00741,299359706840.4,208820469438.4
2025-09-02,002714,牧原股份,1064.484,1068.386,1101.56,1063.508,56515914,3136069948.52,0,1082.827,-0.00091,5462768373,3810592508,0.01035,299086568421.75,208629939813.0
2025-09-03,002714,牧原股份,1068.386,1050.629,1089.852,1045.945,35867073,1944934808.84,0,1058.161,-0.01662,5462768373,3810592508,0.00657,294115449202.32,205162300630.72
2025-09-04,002714,牧原股份,1050.824,1030.92,1056.483,1015.699,48217920,2549417717.13,0,1031.759,-0.01876,5462768373,3810592508,0.00883,288598053145.59,201313602197.64
2025-09-05,002714,牧原股份,1032.091,1047.897,1047.897,1015.113,32301296,1711214212.98,0,1033.788,0.01647,5462768373,3810592508,0.00591,293350661630.1,204628817679.6
2025-09-08,002714,牧原股份,1063.508,1085.949,1098.633,1063.508,57340990,3188024926.22,0,1084.934,0.03631,5462768373,3810592508,0.0105,304003059957.45,212059473070.2
2025-09-09,002714,牧原股份,1085.754,1065.069,1090.242,1056.288,45024446,2476388792.72,0,1073.284,-0.01923,5462768373,3810592508,0.00824,298157897798.34,207982139086.64
2025-09-10,002714,牧原股份,1057.654,1061.557,1072.484,1036.579,34254175,1851947132.28,0,1055.019,-0.0033,5462768373,3810592508,0.00627,297174599491.2,207296232435.2
2025-09-11,002714,牧原股份,1072.289,1121.074,1141.368,1071.899,93201834,5359035949.84,0,1122.03,0.05607,5462768373,3810592508,0.01706,313836043028.85,218918539584.6
2025-09-12,002714,牧原股份,1120.098,1122.83,1140.783,1114.244,56295244,3250664548.59,0,1126.792,0.00157,5462768373,3810592508,0.01031,314327692182.42,219261492910.32
2025-09-15,002714,牧原股份,1122.05,1146.832,1164.59,1114.83,69812273,4100408986.31,0,1146.149,0.02138,5462768373,3810592508,0.01278,321046897281.21,223948521695.16
2025-09-16,002714,牧原股份,1147.418,1119.123,1148.589,1099.023,63067730,3609801694.99,0,1116.918,-0.02416,5462768373,3810592508,0.01155,313289766191.55,218537480333.8
2025-09-17,002714,牧原股份,1119.318,1096.486,1123.611,1085.168,54702873,3075589379.42,0,1097.15,-0.02023,5462768373,3810592508,0.01001,306952954878.87,214117193024.52
2025-09-18,002714,牧原股份,1096.682,1068.386,1102.536,1058.63,50084380,2771898584.38,0,1079.997,-0.02563,5462768373,3810592508,0.00917,299086568421.75,208629939813.0
2025-09-19,002714,牧原股份,1059.605,1061.166,1072.289,1048.482,44078688,2392336910.28,0,1059.098,-0.00676,5462768373,3810592508,0.00807,297065344123.74,207220020585.04
2025-09-22,002714,牧原股份,1050.629,1045.165,1050.629,1025.456,41808555,2219200340.78,0,1035.798,-0.01508,5462768373,3810592508,0.00765,292585874057.88,204095334728.48
2025-09-23,002714,牧原股份,1036.189,1038.53,1058.63,1028.773,39244643,2090627899.98,0,1039.545,-0.00635,5462768373,3810592508,0.00718,290728532811.06,202799733275.76
2025-09-24,002714,牧原股份,1036.189,1052.97,1058.63,1030.529,37008852,1981926989.44,0,1045.028,0.0139,5462768373,3810592508,0.00677,294770981407.08,205619571731.68
2025-09-25,002714,牧原股份,1053.166,1031.115,1057.654,1022.139,41027399,2170047496.87,0,1032.149,-0.02076,5462768373,3810592508,0.00751,288652680829.32,201351708122.72
2025-09-26,002714,牧原股份,1028.968,1023.895,1039.116,1020.577,35013880,1850912040.37,0,1031.544,-0.007,5462768373,3810592508,0.00641,286631456531.31,199941788894.76
2025-09-29,002714,牧原股份,1010.82,1034.237,1037.164,996.575,49505526,2577664659.89,0,1016.05,0.0101,5462768373,3810592508,0.00906,289526723769.0,201961402924.0
2025-09-30,002714,牧原股份,1031.895,1034.237,1040.872,1013.943,39590406,2088295989.81,0,1029.32,0.0,5462771029,3810595164,0.00725,289526864537.0,201961543692.0
2025-10-01,002714,牧原股份,1034.237,1034.237,1034.237,1034.237,0,0.0,2,,0.0,5462771029,3810595164,0.0,289526864537.0,201961543692.0
2025-10-02,002714,牧原股份,1034.237,1034.237,1034.237,1034.237,0,0.0,2,,0.0,5462771029,3810595164,0.0,289526864537.0,201961543692.0
2025-10-03,002714,牧原股份,1034.237,1034.237,1034.237,1034.237,0,0.0,2,,0.0,5462771029,3810595164,0.0,289526864537.0,201961543692.0
2025-10-06,002714,牧原股份,1034.237,1034.237,1034.237,1034.237,0,0.0,2,,0.0,5462771029,3810595164,0.0,289526864537.0,201961543692.0
2025-10-07,002714,牧原股份,1034.237,1034.237,1034.237,1034.237,0,0.0,2,,0.0,5462771029,3810595164,0.0,289526864537.0,201961543692.0
2025-10-08,002714,牧原股份,1034.237,1034.237,1034.237,1034.237,0,0.0,2,,0.0,5462771029,3810595164,0.0,289526864537.0,201961543692.0
2025-10-09,002714,牧原股份,1013.552,1031.31,1032.286,987.404,62696236,3247997689.89,0,1010.918,-0.00283,5462771029,3810595164,0.01148,288707448882.65,201389954417.4
2025-10-10,002714,牧原股份,1029.749,1038.53,1055.507,1021.358,54987291,2929512306.54,0,1039.623,0.007,5462771029,3810595164,0.01007,290728674163.38,202799874628.08
2025-10-13,002714,牧原股份,1019.992,1036.189,1057.264,1019.992,51517607,2732369415.06,0,1034.979,-0.00225,5462771029,3810595164,0.00943,290073141639.9,202342603208.4
2025-10-14,002714,牧原股份,1038.14,1047.897,1061.557,1031.895,58971789,3168934287.66,0,1048.599,0.0113,5462771029,3810595164,0.0108,293350804257.3,204628960306.8
2025-10-15,002714,牧原股份,1046.141,1039.506,1053.751,1025.066,35168456,1871493154.69,0,1038.433,-0.00801,5462771029,3810595164,0.00644,291001812714.83,202990404386.28
2025-10-16,002714,牧原股份,1046.059,1019.252,1046.257,1019.252,31718515,1647098961.66,0,1031.146,-0.01948,5462771029,3810595164,0.00581,280404036918.57,195597849768.12
2025-10-17,002714,牧原股份,1014.685,1005.153,1022.23,1000.388,32161387,1635658058.94,0,1009.879,-0.01383,5462771029,3810595164,0.00589,276525469487.98,192892327201.68
2025-10-20,002714,牧原股份,1004.756,982.517,1008.728,977.354,39460165,1968849043.56,0,990.757,-0.02252,5462771029,3810595164,0.00722,270297910514.92,188548248714.72
2025-10-21,002714,牧原股份,982.517,982.12,993.239,976.56,30627749,1517816850.24,0,984.046,-0.0004,5462771029,3810595164,0.00561,270188655094.34,188472036811.44
2025-10-22,002714,牧原股份,982.12,967.028,988.474,962.461,36451906,1785669848.97,0,972.727,-0.01537,5462771029,3810595164,0.00667,266036949112.3,185575984486.8
2025-10-23,002714,牧原股份,968.22,967.227,975.368,956.703,21465576,1044344009.96,0,966.075,0.00021,5462771029,3810595164,0.00393,266091576822.59,185614090438.44
2025-10-24,002714,牧原股份,973.383,970.205,985.694,962.064,29528258,1444493490.65,0,971.377,0.00308,5462771029,3810595164,0.00541,266910992476.94,186185679713.04
2025-10-27,002714,牧原股份,970.603,997.806,1004.558,965.043,44921961,2240376937.96,0,990.32,0.02845,5462771029,3810595164,0.00822,274504244207.25,191482406991.0
2025-10-28,002714,牧原股份,997.608,1001.182,1012.302,992.842,27267336,1376841720.53,0,1002.652,0.00338,5462771029,3810595164,0.00499,275432915282.18,192130208168.88
2025-10-29,002714,牧原股份,995.424,1000.785,1010.912,994.629,21661875,1091607698.15,0,1000.646,-0.0004,5462771029,3810595164,0.00397,275323659861.6,192053996265.6
2025-10-30,002714,牧原股份,1002.771,986.488,1003.764,981.127,29675196,1478651026.57,0,989.427,-0.01429,5462771029,3810595164,0.00543,271390464720.72,189310367747.52
2025-10-31,002714,牧原股份,993.239,998.799,1026.202,993.239,44199841,2245630883.04,0,1008.847,0.01248,5462771029,3810595164,0.00809,274777382758.7,191672936749.2
2025-11-03,002714,牧原股份,999.792,1016.472,1031.365,999.792,49345356,2527457058.12,0,1017.068,0.01769,5462771029,3810595164,0.00903,279639248974.51,195064366445.16
2025-11-04,002714,牧原股份,1012.699,982.914,1014.883,979.935,42011412,2096385080.04,0,990.857,-0.03301,5462771029,3810595164,0.00769,270407165935.5,188624460618.0
2025-11-05,002714,牧原股份,973.978,981.524,990.459,968.418,24137829,1192756478.9,0,981.206,-0.00141,5462771029,3810595164,0.00442,270024771963.47,188357718956.52
2025-11-06,002714,牧原股份,977.155,977.95,992.842,972.39,29438529,1455791667.92,0,981.961,-0.00364,5462771029,3810595164,0.00539,269041473178.25,187671811827.0
2025-11-07,002714,牧原股份,979.141,987.084,998.601,975.765,28554161,1422908494.11,0,989.506,0.00934,5462771029,3810595164,0.00523,271554347851.59,189424685602.44
2025-11-10,002714,牧原股份,1000.189,1026.003,1028.585,983.112,54980316,2808041634.73,0,1014.169,0.03943,5462771029,3810595164,0.01006,282261379068.43,196893452123.88
2025-11-11,002714,牧原股份,1025.606,1004.359,1025.606,1001.976,37340427,1897813606.92,0,1009.224,-0.0211,5462771029,3810595164,0.00684,276306958646.82,192739903395.12
2025-11-12,002714,牧原股份,1000.984,995.622,1009.522,990.459,24490691,1232610039.43,0,999.395,-0.0087,5462771029,3810595164,0.00448,273903339394.06,191063241522.96
2025-11-13,002714,牧原股份,994.828,1004.161,1006.345,985.892,28544502,1431070011.25,0,995.523,0.00858,5462771029,3810595164,0.00523,276252330936.53,192701797443.48
2025-11-14,002714,牧原股份,996.416,990.261,1007.338,990.261,24878685,1248191035.47,0,996.238,-0.01384,5462771029,3810595164,0.00455,272428391216.23,190034380828.68
2025-11-17,002714,牧原股份,984.9,962.263,985.892,945.782,44517500,2152111373.34,0,959.939,-0.02827,5462771029,3810595164,0.00815,264725884065.34,184661441647.44
2025-11-18,002714,牧原股份,953.129,965.043,971.993,952.334,21946017,1067274666.49,0,965.678,0.00289,5462771029,3810595164,0.00402,265490672009.4,185194924970.4
2025-11-19,002714,牧原股份,965.043,962.064,967.425,954.519,15878137,768695743.31,0,961.31,-0.00309,5462771029,3810595164,0.00291,264671256355.05,184623335695.8
2025-11-20,002714,牧原股份,962.064,957.497,971.0,955.313,16998656,823539141.12,0,962.005,-0.00475,5462771029,3810595164,0.00311,263414819018.38,183746898808.08
2025-11-21,002714,牧原股份,953.129,950.944,972.39,949.951,30323444,1463907260.29,0,958.609,-0.00684,5462771029,3810595164,0.00555,261612104578.81,182489402403.96
2025-11-24,002714,牧原股份,979.737,982.12,1008.926,972.39,48848543,2429511913.97,0,987.6,0.03278,5462771029,3810595164,0.00894,270188655094.34,188472036811.44
2025-11-25,002714,牧原股份,977.155,989.467,1004.756,967.227,43328370,2166308782.43,0,992.783,0.00748,5462771029,3810595164,0.00793,272209880375.07,189881957022.12
2025-11-26,002714,牧原股份,992.842,984.9,1010.316,983.311,24838855,1242430794.14,0,993.239,-0.00462,5462771029,3810595164,0.00455,270953443038.4,189005520134.4
2025-11-27,002714,牧原股份,987.084,990.857,1002.771,976.957,22994301,1149734028.52,0,992.862,0.00605,5462771029,3810595164,0.00421,272592274347.1,190148698683.6
2025-11-28,002714,牧原股份,993.041,1007.735,1008.728,988.474,28042473,1416516101.31,0,1003.029,0.01703,5462771029,3810595164,0.00513,277235629721.75,193387704573.0
2025-12-01,002714,牧原股份,1011.905,986.885,1012.302,980.332,37088106,1847549212.71,0,989.169,-0.02069,5462771029,3810595164,0.00679,271499720141.3,189386579650.8
2025-12-02,002714,牧原股份,983.907,975.567,989.268,974.177,17582863,868342705.55,0,980.65,-0.01147,5462771029,3810595164,0.00322,268385940654.77,187214540407.32
2025-12-03,002714,牧原股份,972.985,969.014,978.744,965.837,19142099,936243093.47,0,971.198,-0.00672,5462771029,3810595164,0.0035,266583226215.2,185957044003.2
2025-12-04,002714,牧原股份,967.028,972.191,979.737,967.028,15039396,738538742.54,0,975.11,0.00328,5462771029,3810595164,0.00275,267457269579.84,186566739229.44
2025-12-05,002714,牧原股份,970.404,969.61,978.744,965.44,17687098,864592480.33,0,970.662,-0.00265,5462771029,3810595164,0.00324,266747109346.07,186071361858.12
2025-12-08,002714,牧原股份,968.418,960.674,970.603,955.114,27116427,1310126882.41,0,959.383,-0.00922,5462771029,3810595164,0.00496,264288862383.02,184356594034.32
2025-12-09,002714,牧原股份,962.66,953.129,975.17,950.746,27302781,1317115433.01,0,957.914,-0.00785,5462771029,3810595164,0.005,262213009392.0,182908567872.0
2025-12-10,002714,牧原股份,949.157,952.93,954.519,940.222,19169542,916715188.24,0,949.574,-0.00021,5462771029,3810595164,0.00351,262158381681.71,182870461920.36
2025-12-11,002714,牧原股份,950.746,940.023,951.143,930.889,35034924,1656692088.84,0,938.971,-0.01354,5462771029,3810595164,0.00641,258607580512.86,180393575063.76
2025-12-12,002714,牧原股份,940.222,968.617,972.191,935.655,42584551,2058970904.65,0,960.078,0.03042,5462771029,3810595164,0.0078,266473970794.62,185880832099.92
2025-12-15,002714,牧原股份,968.021,977.95,990.857,965.44,29471049,1457974720.33,0,982.338,0.00964,5462771029,3810595164,0.00539,269041473178.25,187671811827.0
2025-12-16,002714,牧原股份,978.148,974.177,984.701,968.22,17109785,839063704.79,0,973.78,-0.00386,5462771029,3810595164,0.00313,268003546682.74,186947798745.84
2025-12-17,002714,牧原股份,987.878,984.701,990.459,959.086,27264277,1342167426.83,0,977.513,0.0108,5462771029,3810595164,0.00499,270898815328.11,188967414182.76
2025-12-18,002714,牧原股份,976.56,982.517,995.622,972.787,22506863,1117033287.88,0,985.515,-0.00222,5462771029,3810595164,0.00412,270297910514.92,188548248714.72
2025-12-19,002714,牧原股份,980.928,976.758,996.814,973.978,36131067,1798701209.97,0,988.533,-0.00586,5462771029,3810595164,0.00661,268713706916.51,187443176117.16
2025-12-22,002714,牧原股份,982.914,984.701,990.062,967.425,35988887,1771196021.97,0,977.255,0.00813,5462771029,3810595164,0.00659,270898815328.11,188967414182.76
2025-12-23,002714,牧原股份,983.907,979.737,988.871,977.354,19714986,975466909.28,0,982.477,-0.00504,5462771029,3810595164,0.00361,269533122570.86,188014765391.76
2025-12-24,002714,牧原股份,976.361,955.511,978.347,945.186,42107310,2024096242.97,0,954.519,-0.02473,5462771029,3810595164,0.00771,262868541915.48,183365839291.68
2025-12-25,002714,牧原股份,951.143,952.136,955.313,947.569,24053201,1151219273.95,0,950.368,-0.00353,5462771029,3810595164,0.0044,261939870840.55,182718038113.8
2025-12-26,002714,牧原股份,949.157,952.136,954.717,944.987,23195924,1109880959.15,0,950.11,0.0,5462771029,3810595164,0.00425,261939870840.55,182718038113.8
2025-12-29,002714,牧原股份,955.114,990.857,1004.558,955.114,67166231,3339037738.66,0,987.143,0.04067,5462771029,3810595164,0.0123,272592274347.1,190148698683.6
2025-12-30,002714,牧原股份,992.842,1010.515,1019.649,991.452,46030861,2340281645.15,0,1009.562,0.01984,5462771029,3810595164,0.00843,278000417665.81,193921187895.96
2025-12-31,002714,牧原股份,1002.771,1004.359,1008.132,993.239,26662980,1342276139.2,0,999.633,-0.00609,5462771148,3808793608,0.00488,276306964665.84,192648780692.64
2026-01-01,002714,牧原股份,1004.359,1004.359,1004.359,1004.359,0,0.0,2,,0.0,5462771148,3808793608,0.0,276306964665.84,192648780692.64
2026-01-02,002714,牧原股份,1004.359,1004.359,1004.359,1004.359,0,0.0,2,,0.0,5462771148,3808793608,0.0,276306964665.84,192648780692.64
2026-01-05,002714,牧原股份,1004.756,994.828,1007.139,988.474,29938518,1499133589.69,0,994.312,-0.00949,5462771148,3808793608,0.00548,273684834514.8,190820559760.8
2026-01-06,002714,牧原股份,989.467,1020.245,1021.635,982.715,43576227,2207428595.23,0,1005.888,0.02555,5462771148,3808793608,0.00798,280677181584.24,195695815579.04
2026-01-07,002714,牧原股份,1016.472,1008.728,1029.577,1006.345,35848353,1835579416.08,0,1016.75,-0.01129,5462771148,3808793608,0.00656,277508774318.4,193486715286.4
2026-01-08,002714,牧原股份,1018.259,996.019,1019.053,994.034,25923948,1308244520.15,0,1002.076,-0.0126,5462771148,3808793608,0.00475,274012600783.68,191049087377.28
2026-01-09,002714,牧原股份,994.828,988.077,1003.168,984.502,34581700,1724805909.09,0,990.38,-0.00797,5462771148,3808793608,0.00633,271827492324.48,189525569934.08
2026-01-12,002714,牧原股份,988.077,979.935,988.672,969.014,35757479,1760330349.17,0,977.552,-0.00824,5462771148,3808793608,0.00655,269587756153.8,187963964554.8
2026-01-13,002714,牧原股份,981.921,956.703,983.311,955.114,49896353,2432129615.71,0,967.902,-0.02371,5462771148,3808793608,0.00913,263196313910.64,183507676033.44
2026-01-14,002714,牧原股份,956.901,961.071,966.83,951.143,42783083,2066927661.32,0,959.324,0.00457,5462771148,3808793608,0.00783,264398123563.2,184345610627.2
2026-01-15,002714,牧原股份,962.66,959.086,967.624,956.703,35899731,1738850786.91,0,961.786,-0.00207,5462771148,3808793608,0.00657,263851846448.4,183964731266.4
2026-01-16,002714,牧原股份,959.284,939.824,961.27,935.655,57598199,2742952274.37,0,945.623,-0.02008,5462771148,3808793608,0.01054,258552958434.84,180270201466.64
2026-01-19,002714,牧原股份,939.824,936.846,948.363,933.272,37402663,1770150064.85,0,939.765,-0.00317,5462771148,3808793608,0.00685,257733542762.64,179698882425.44
2026-01-20,002714,牧原股份,937.839,930.095,941.413,928.308,39677417,1864526967.65,0,933.113,-0.00721,5462771148,3808793608,0.00726,255876200572.32,178403892598.72
2026-01-21,002714,牧原股份,930.889,918.776,932.477,915.798,45589060,2120707871.43,0,923.701,-0.01217,5462771148,3808793608,0.00835,252762421017.96,176232880242.16
2026-01-22,002714,牧原股份,917.982,905.869,924.336,903.288,50343402,2303499733.76,0,908.57,-0.01405,5462771148,3808793608,0.00922,249211619771.76,173757164396.96
2026-01-23,002714,牧原股份,905.869,913.613,913.613,902.494,44381570,2029289756.92,0,907.934,0.00855,5462771148,3808793608,0.00812,251342100519.48,175242593904.08
2026-01-26,002714,牧原股份,913.415,923.542,930.889,903.884,59143036,2736721028.19,0,918.836,0.01087,5462771148,3808793608,0.01083,254073486093.48,177146990708.08
2026-01-27,002714,牧原股份,923.542,894.154,923.74,893.558,58339881,2644550477.66,0,900.111,-0.03182,5462771148,3808793608,0.01068,245988584794.44,171509976168.24
2026-01-28,002714,牧原股份,891.175,896.338,900.111,877.673,61603438,2751040146.5,0,886.747,0.00244,5462771148,3808793608,0.01128,246589489620.72,171928943465.12
2026-01-29,002714,牧原股份,890.579,919.968,920.563,886.608,61784476,2824031663.04,0,907.617,0.02636,5462771148,3808793608,0.01131,253090187286.84,176461407858.64
2026-01-30,002714,牧原股份,915.401,913.415,948.959,911.032,91333571,4288734117.37,0,932.418,-0.00712,5462771148,3808793608,0.01672,251287472808.0,175204505968.0
2026-02-02,002714,牧原股份,914.011,895.544,919.968,891.771,57938569,2638164852.83,0,904.162,-0.01957,5462771148,3808793608,0.01061,246370978774.8,171776591720.8
2026-02-03,002714,牧原股份,893.757,907.061,907.656,886.608,37435385,1691231855.54,0,897.073,0.01286,5462771148,3808793608,0.00685,249539386040.64,173985692013.44
2026-02-04,002714,牧原股份,908.451,930.492,932.477,903.089,53840092,2503880762.86,0,923.462,0.02583,5462771148,3808793608,0.00986,255985455995.28,178480068470.88
2026-02-05,002714,牧原股份,930.095,927.91,943.002,921.358,41535903,1951278348.54,0,932.835,-0.00277,5462771326,3808793786,0.0076,255275304063.98,177984933619.78
2026-02-06,002714,牧原股份,915.202,921.556,934.265,914.408,35901968,1666070820.42,0,921.477,-0.00685,5736722739,4082745199,0.00626,266241302316.99,189480204685.59
2026-02-09,002714,牧原股份,916.592,926.322,939.03,915.003,33471965,1561810510.15,0,926.52,0.00517,5736722739,4082745199,0.00583,267618115774.35,190460063533.35
2026-02-10,002714,牧原股份,922.549,911.826,932.08,910.039,29733808,1369389166.73,0,914.507,-0.01565,5736722739,4082745199,0.00518,263430308174.88,187479659538.08
2026-02-11,002714,牧原股份,911.032,914.011,916.791,900.508,28609864,1308787202.05,0,908.371,0.0024,5736722739,4082745199,0.00499,264061347676.17,187928761509.97
2026-02-12,002714,牧原股份,909.642,898.324,915.003,896.934,27639138,1254800555.99,0,901.481,-0.01716,5736722739,4082745199,0.00482,259529336712.36,184703392802.76
2026-02-13,002714,牧原股份,898.324,900.508,915.003,893.955,29893378,1361870914.03,0,904.638,0.00243,5736722739,4082745199,0.00521,260160376213.65,185152494774.65
2026-02-16,002714,牧原股份,900.508,900.508,900.508,900.508,0,0.0,2,,0.0,5736722739,4082745199,0.0,260160376213.65,185152494774.65
2026-02-17,002714,牧原股份,900.508,900.508,900.508,900.508,0,0.0,2,,0.0,5736722739,4082745199,0.0,260160376213.65,185152494774.65
2026-02-18,002714,牧原股份,900.508,900.508,900.508,900.508,0,0.0,2,,0.0,5736722739,4082745199,0.0,260160376213.65,185152494774.65
2026-02-19,002714,牧原股份,900.508,900.508,900.508,900.508,0,0.0,2,,0.0,5736722739,4082745199,0.0,260160376213.65,185152494774.65
2026-02-20,002714,牧原股份,900.508,900.508,900.508,900.508,0,0.0,2,,0.0,5736722739,4082745199,0.0,260160376213.65,185152494774.65
2026-02-23,002714,牧原股份,900.508,900.508,900.508,900.508,0,0.0,2,,0.0,5736722739,4082745199,0.0,260160376213.65,185152494774.65
2026-02-24,002714,牧原股份,903.685,884.821,910.635,881.644,39137606,1752206260.67,0,888.991,-0.01742,5736722739,4082745199,0.00682,255628365249.84,181927126067.44
2026-02-25,002714,牧原股份,883.828,889.388,895.345,881.842,28359170,1270976854.47,0,889.924,0.00516,5736722739,4082745199,0.00494,256947811479.81,182866157463.21
2026-02-26,002714,牧原股份,894.154,896.139,913.018,891.771,38872497,1767240332.68,0,902.732,0.00759,5736722739,4082745199,0.00678,258898297211.07,184254290830.87
2026-02-27,002714,牧原股份,896.537,931.286,934.463,896.537,71846970,3345129695.52,0,924.515,0.03922,5736722739,4082745199,0.01252,269052296459.1,191480749833.1
2026-03-02,002714,牧原股份,923.343,929.499,955.909,921.755,51336918,2419022911.19,0,935.674,-0.00192,5736722741,4082745201,0.00895,268535991506.21,191113302858.81
2026-03-03,002714,牧原股份,927.315,923.939,943.2,922.549,44967844,2109667382.46,0,931.584,-0.00598,5736722741,4082745201,0.00784,266929709138.73,189970134202.53
2026-03-04,002714,牧原股份,927.116,935.853,937.839,918.578,54724688,2558352927.95,0,928.308,0.01289,5736722741,4082745201,0.00954,270371742783.33,192419781323.13
2026-03-05,002714,牧原股份,935.853,929.3,936.846,916.989,32351345,1509164199.63,0,926.302,-0.007,5736722741,4082745201,0.00564,268478624278.8,191072475406.8
2026-03-06,002714,牧原股份,926.719,979.737,983.51,924.336,90999749,4424914815.77,0,965.559,0.05427,5736722741,4082745201,0.01586,283049900040.94,201442648217.34
2026-03-09,002714,牧原股份,984.9,981.127,1007.933,977.155,83824293,4184045761.47,0,991.135,0.00142,5736722936,4082745396,0.01461,283451480267.76,201728450016.36
2026-03-10,002714,牧原股份,970.603,959.681,983.907,956.901,49294962,2399023648.81,0,966.373,-0.02186,5772994636,4119017096,0.00854,279008830757.88,199072096249.68
2026-03-11,002714,牧原股份,959.88,979.141,988.474,957.497,47550234,2332330031.11,0,973.978,0.02028,5772994636,4119017096,0.00824,284666365501.16,203108733003.76
2026-03-12,002714,牧原股份,982.914,1004.558,1006.345,972.985,62914622,3153533829.01,0,995.304,0.02596,5772994636,4119017096,0.0109,292055798635.24,208381074886.64
2026-03-13,002714,牧原股份,1002.771,988.672,1007.735,984.304,37632642,1883566594.96,0,993.855,-0.01581,5772994636,4119017096,0.00652,287437402926.44,205085861209.84
2026-03-16,002714,牧原股份,993.438,987.679,1008.728,985.694,38514278,1928526880.39,0,994.292,-0.001,5772994636,4119017096,0.00667,287148753194.64,204879910355.04
2026-03-17,002714,牧原股份,983.112,997.608,1022.23,976.957,52046374,2640848091.09,0,1007.536,0.01005,5772994636,4119017096,0.00902,290035250512.64,206939418903.04
2026-03-18,002714,牧原股份,996.416,986.687,1007.139,981.524,31488430,1568005948.98,0,988.791,-0.01095,5772994636,4119017096,0.00545,286860103462.84,204673959500.24
2026-03-19,002714,牧原股份,983.112,969.014,988.672,964.248,35395692,1732381114.59,0,971.854,-0.01791,5772994636,4119017096,0.00613,281722138236.8,201008034284.8
2026-03-20,002714,牧原股份,971.595,981.921,990.857,965.44,47235621,2319646293.22,0,975.13,0.01332,5772994636,4119017096,0.00818,285474584750.2,203685395397.2
2026-03-23,002714,牧原股份,963.057,897.529,964.447,888.792,92662586,4257260911.17,0,912.303,-0.08595,5772994636,4119017096,0.01605,260939357547.2,186179572739.2
2026-03-24,002714,牧原股份,897.529,863.773,903.486,839.945,99338194,4293925172.71,0,858.312,-0.03761,5772994636,4119017096,0.01721,251125266666.0,179177243676.0
2026-03-25,002714,牧原股份,856.227,884.027,891.175,854.241,45832056,2030698093.74,0,879.797,0.02345,5772994636,4119017096,0.00794,257013721194.72,183378641113.92
2026-03-26,002714,牧原股份,880.254,873.701,889.587,871.715,31247851,1381424058.68,0,877.851,-0.01168,5772994636,4119017096,0.00541,254011763984.0,181236752224.0
2026-03-27,002714,牧原股份,868.34,897.529,903.288,864.964,35499402,1597741544.15,0,893.717,0.02727,5772994636,4119017096,0.00615,260939357547.2,186179572739.2
2026-03-30,002714,牧原股份,889.19,858.411,889.587,854.241,53300705,2327743199.12,0,867.188,-0.04358,5772994636,4119017096,0.00923,249566558114.28,178065109060.08
2026-03-31,002714,牧原股份,856.426,828.229,860.794,818.698,65797009,2762797197.47,0,833.789,-0.03516,5772994680,4110412868,0.0114,240791608102.8,171445320724.28
2026-04-01,002714,牧原股份,832.995,837.959,840.937,822.272,37685693,1581985410.54,0,833.551,0.01175,5772994680,4110412868,0.00653,243620375496.0,173459423029.6
2026-04-02,002714,牧原股份,838.157,866.751,883.232,837.165,57703515,2522510218.25,0,868.042,0.03436,5772994680,4110412868,0.01,251991217782.0,179419521688.2
2026-04-03,002714,牧原股份,862.383,851.859,863.773,847.887,26413427,1135984174.03,0,854.003,-0.01718,5772994680,4110412868,0.00458,247661471772.0,176336712037.2
2026-04-06,002714,牧原股份,851.859,851.859,851.859,851.859,0,0.0,2,,0.0,5772994680,4110412868,0.0,247661471772.0,176336712037.2
2026-04-07,002714,牧原股份,852.256,862.78,890.778,841.93,47710862,2085471368.34,0,867.963,0.01282,5772994680,4110412868,0.00826,250836618846.0,178597439114.6
2026-04-08,002714,牧原股份,867.744,880.453,886.608,858.213,41118357,1820012102.42,0,878.924,0.02048,5772994680,4110412868,0.00712,255974584111.2,182255706567.12
2026-04-09,002714,牧原股份,872.311,869.73,875.687,863.773,23174396,1014010531.22,0,868.856,-0.01218,5772994680,4110412868,0.00401,252857166984.0,180036083618.4
2026-04-10,002714,牧原股份,870.326,854.043,873.701,850.667,44010493,1901612898.34,0,857.975,-0.01804,5772994680,4110412868,0.00762,248296501186.8,176788857452.68
2026-04-13,002714,牧原股份,853.844,877.077,883.63,846.894,51063215,2243900798.78,0,872.589,0.02697,5772994680,4110412868,0.00885,254993175015.6,181556936379.56
2026-04-14,002714,牧原股份,877.275,909.046,915.401,869.73,69644583,3155202286.79,0,899.595,0.03645,5772994680,4110412868,0.01206,264287696450.4,188174701097.04
2026-04-15,002714,牧原股份,908.649,914.408,920.96,897.529,50189182,2299952495.46,0,909.96,0.0059,5772994680,4110412868,0.00869,265846405014.0,189284512571.4
2026-04-16,002714,牧原股份,915.401,922.152,926.719,909.444,34993381,1620125505.93,0,919.332,0.00847,5772994680,4110412868,0.00606,268097872939.2,190887573589.92
2026-04-17,002714,牧原股份,916.592,904.082,917.982,900.309,38998170,1781876797.73,0,907.279,-0.0196,5772994680,4110412868,0.00676,262844447780.4,187147097880.04
2026-04-20,002714,牧原股份,912.223,899.912,917.783,897.529,33732333,1536158922.39,0,904.281,-0.00461,5772994680,4110412868,0.00584,261632118897.6,186283911177.76
2026-04-21,002714,牧原股份,900.309,903.089,916.592,896.139,31166493,1419849016.24,0,904.618,0.00353,5772994680,4110412868,0.0054,262555798046.4,186941577236.64
2026-04-22,002714,牧原股份,902.692,887.998,922.35,882.438,54952922,2486938574.13,0,898.641,-0.01671,5772994680,4110412868,0.00952,258168322089.6,183817663456.96
2026-04-23,002714,牧原股份,881.644,863.574,886.41,858.014,48246459,2108010386.28,0,867.605,-0.0275,5772994680,4110412868,0.00836,251067538633.2,178761855629.32
2026-04-24,002714,牧原股份,863.376,856.624,863.773,851.462,30392884,1309660150.92,0,855.651,-0.00805,5772994680,4110412868,0.00526,249046990495.2,177323211125.52
2026-04-27,002714,牧原股份,854.043,839.15,854.837,837.562,40943508,1738238731.38,0,843.022,-0.0204,5772994680,4110412868,0.00709,243966755176.8,173706047801.68
2026-04-28,002714,牧原股份,839.349,859.801,863.574,836.37,45467974,1945343139.02,0,849.575,0.02461,5772994680,4110412868,0.00788,249970669644.0,177980877184.4
2026-04-29,002714,牧原股份,862.581,886.012,901.302,861.589,69496713,3083446084.09,0,881.008,0.03048,5772994680,4110412868,0.01204,257591022621.6,183406622170.16
2026-04-30,002714,牧原股份,873.701,887.601,901.104,869.928,43324850,1941286550.75,0,889.746,0.00179,5772994747,4110412935,0.0075,258052865190.9,183735458194.5
2026-05-01,002714,牧原股份,887.601,887.601,887.601,887.601,0,0.0,2,,0.0,5772994747,4110412935,0.0,258052865190.9,183735458194.5
2026-05-04,002714,牧原股份,887.601,887.601,887.601,887.601,0,0.0,2,,0.0,5772994747,4110412935,0.0,258052865190.9,183735458194.5
2026-05-05,002714,牧原股份,887.601,887.601,887.601,887.601,0,0.0,2,,0.0,5772994747,4110412935,0.0,258052865190.9,183735458194.5
2026-05-06,002714,牧原股份,881.445,886.41,888.594,873.701,48114282,2138951833.7,0,882.756,-0.00134,5772994747,4110412935,0.00833,257706485506.08,183488833418.4
2026-05-07,002714,牧原股份,883.232,875.091,885.814,867.943,40919800,1800751141.65,0,873.84,-0.01277,5772994747,4110412935,0.00709,254415878500.29,181145898045.45
2026-05-08,002714,牧原股份,878.665,863.971,885.02,861.986,31723953,1388550833.57,0,869.134,-0.01271,5772994747,4110412935,0.0055,251183001441.97,178844066801.85
2026-05-11,002714,牧原股份,870.723,880.055,895.544,857.816,64378847,2855891073.71,0,880.87,0.01862,5772994747,4110412935,0.01115,255859127187.04,182173501279.2
2026-05-12,002714,牧原股份,879.658,852.454,879.857,850.072,54587669,2359383385.54,0,858.253,-0.03136,5772994747,4110412935,0.00946,247834664488.71,176460027299.55
2026-05-13,002714,牧原股份,849.674,841.533,855.433,839.945,38894684,1650881392.06,0,842.824,-0.01281,5772994747,4110412935,0.00674,244659517377.86,174199300185.3
2026-05-14,002714,牧原股份,843.916,846.497,865.163,843.122,58997829,2537283732.23,0,853.963,0.0059,5772994747,4110412935,0.01022,246102766064.61,175226903419.05
2026-05-15,002714,牧原股份,847.292,843.916,856.426,828.03,45138811,1918878881.02,0,844.134,-0.00305,5772994747,4110412935,0.00782,245352276747.5,174692549737.5
2026-05-18,002714,牧原股份,839.945,802.812,840.54,798.841,74406631,3042249201.65,0,811.887,-0.04871,5772994747,4110412935,0.01289,233402177621.21,166183994962.05
2026-05-19,002714,牧原股份,811.748,800.231,815.123,785.934,43640577,1750732475.74,0,796.597,-0.00321,5772994747,4110412935,0.00756,232651688304.1,165649641280.5
2026-05-20,002714,牧原股份,794.075,785.14,801.422,783.154,36708127,1455908726.05,0,787.562,-0.01886,5772994747,4110412935,0.00636,228264212296.38,162525727449.9
2026-05-21,002714,牧原股份,789.707,784.147,807.379,782.36,38535494,1543834118.14,0,795.525,-0.00126,5772994747,4110412935,0.00668,227975562559.03,162320206803.15
2026-05-22,002714,牧原股份,790.302,771.24,793.082,767.467,45270202,1760360511.3,0,772.153,-0.01646,5772994747,4110412935,0.00784,224223115973.48,159648438395.4
2026-05-25,002714,牧原股份,770.446,763.297,779.977,756.149,38032573,1465207629.17,0,764.985,-0.0103,5772994747,4110412935,0.00659,221913918074.68,158004273221.4
2026-05-26,002714,牧原股份,763.099,768.658,771.637,756.347,35923745,1383912707.54,0,764.965,0.00702,5772994747,4110412935,0.00622,223472626656.37,159114084713.85
2026-05-27,002714,牧原股份,767.053,758.019,767.856,752.8,41050177,1550980157.03,0,758.481,-0.01384,5772994747,4110412935,0.00711,217988281646.72,155209192425.6
2026-05-28,002714,牧原股份,754.606,743.766,757.417,737.744,41355786,1535015509.22,0,745.111,-0.0188,5772994747,4110412935,0.00716,213889455376.35,152290799241.75
2026-05-29,002714,牧原股份,743.967,764.242,774.48,737.744,55551005,2101920832.93,0,759.585,0.02753,5772994747,4110412935,0.00962,219777910018.29,156483420435.45
2026-06-01,002714,牧原股份,762.636,759.223,769.662,747.781,38711406,1468599370.28,0,761.572,-0.00657,5772996009,4110414197,0.00671,218334709060.38,155455864930.54
2026-06-02,002714,牧原股份,759.223,737.944,761.632,734.732,54370331,2005555194.65,0,740.494,-0.02803,5772996009,4110414197,0.00942,212215333290.84,151098825881.72
2026-06-03,002714,牧原股份,737.944,726.703,739.149,718.673,53882680,1945233137.54,0,724.715,-0.01523,5772996009,4110414197,0.00933,208982455525.8,148796993931.4
2026-06-04,002714,牧原股份,726.502,705.223,735.736,703.817,57511926,2040942298.57,0,712.389,-0.02956,5772996009,4110414197,0.00996,202805349796.17,144398850740.61
2026-06-05,002714,牧原股份,705.223,703.817,715.26,699.602,39170286,1378272676.66,0,706.367,-0.00199,5772996009,4110414197,0.00679,202401240075.54,144111121746.82
2026-06-08,002714,牧原股份,699.2,685.549,714.055,679.527,48885954,1684875084.6,0,691.873,-0.02596,5772996009,4110414197,0.00847,197147813707.35,140370644827.55
2026-06-09,002714,牧原股份,685.75,687.155,689.564,678.122,32307492,1099908976.46,0,683.442,0.00234,5772996009,4110414197,0.0056,197609653388.07,140699477963.31
2026-06-10,002714,牧原股份,681.535,691.17,700.806,680.129,38183014,1315533160.07,0,691.632,0.00584,5772996009,4110414197,0.00661,198764252589.87,141521560802.71
2026-06-11,002714,牧原股份,691.371,685.75,695.988,680.129,36398484,1241341590.4,0,684.626,-0.00784,5772996009,4110414197,0.0063,197205543667.44,140411748969.52
2026-06-12,002714,牧原股份,686.955,699.802,705.624,677.52,60076458,2079726298.91,0,694.944,0.02049,5772996009,4110414197,0.01041,201246640873.74,143289038907.42
2026-06-15,002714,牧原股份,702.613,708.234,715.26,694.784,45504114,1599396709.56,0,705.584,0.01205,5772996009,4110414197,0.00788,203671299197.52,145015412870.16
2026-06-16,002714,牧原股份,703.817,703.617,708.033,696.992,35360617,1236118075.19,0,701.75,-0.00652,5772996009,4110414197,0.00613,202343510115.45,144070017604.85
2026-06-17,002714,牧原股份,701.609,695.788,702.613,686.352,38401114,1323382954.06,0,691.813,-0.01113,5772996009,4110414197,0.00665,200092041671.94,142466956068.02
2026-06-18,002714,牧原股份,697.795,675.111,701.208,672.902,62314525,2112886716.0,0,680.671,-0.02972,5772996009,4110414197,0.01079,194145855782.67,138233229445.11
2026-06-19,002714,牧原股份,675.111,675.111,675.111,675.111,0,0.0,2,,0.0,5772996009,4110414197,0.0,194145855782.67,138233229445.11
2026-06-22,002714,牧原股份,671.698,681.535,686.352,662.263,54148193,1813195398.56,0,672.22,0.00952,5772996009,4110414197,0.00938,195993214505.55,139548561988.15
2026-06-23,002714,牧原股份,686.152,662.865,703.416,662.464,65890420,2245306330.07,0,684.064,-0.02739,5772996009,4110414197,0.01141,190624328217.18,135725876784.94
2026-06-24,002714,牧原股份,663.267,653.029,666.479,649.415,38912802,1267957877.57,0,654.133,-0.01484,5772996009,4110414197,0.00674,187795560172.77,133711773828.41
2026-06-25,002714,牧原股份,646.404,649.616,658.047,638.575,44174028,1424526200.8,0,647.367,-0.00523,5772996009,4110414197,0.00765,186814150851.24,133013003414.92
2026-06-26,002714,牧原股份,663.066,673.705,694.583,650.017,104854766,3521695469.38,0,674.227,0.03708,5772996009,4110414197,0.01816,193741746062.04,137945500451.32
2026-06-29,002714,牧原股份,674.508,722.487,725.498,664.672,139366013,4901253243.96,0,705.985,0.07241,5772996009,4110414197,0.02414,207770126363.91,147933806950.03
2026-06-30,002714,牧原股份,709.639,702.412,721.282,696.591,81686258,2866062789.42,0,704.339,-0.02779,5772996075,3590722351,0.01415,201997132664.25,125639375061.49
2026-07-01,002714,牧原股份,702.613,742.361,765.246,692.977,118698236,4362567549.69,0,737.804,0.05687,5772996075,3590722351,0.02056,213485394853.5,132784912539.98
2026-07-02,002714,牧原股份,735.535,749.788,761.833,730.717,97032699,3598769211.98,0,744.529,0.01,5772996075,3590722351,0.01681,215621403401.25,134113479809.85
2026-07-03,002714,牧原股份,747.781,740.755,764.041,728.308,74351761,2745517090.22,0,741.277,-0.01205,5772996075,3590722351,0.01288,213023555167.5,132497654751.9
2026-07-06,002714,牧原股份,752.8,776.488,782.711,748.985,100846269,3871001913.66,0,770.566,0.04824,5772996075,3590722351,0.01747,223299488181.0,138889140536.68
2026-07-07,002714,牧原股份,772.874,772.673,781.707,757.617,83964055,3212247242.08,0,767.996,-0.00491,5772996075,3590722351,0.01454,222202618926.75,138206903289.99
2026-07-08,002714,牧原股份,762.837,738.747,769.662,738.547,72292543,2696040364.74,0,748.644,-0.04391,5772996075,3590722351,0.01252,212446255560.0,132138582516.8
2026-07-09,002714,牧原股份,741.759,744.97,754.807,730.717,63035643,2332711966.21,0,742.883,0.00842,5772996075,3590722351,0.01092,214235884343.25,133251706445.61
2026-07-10,002714,牧原股份,737.543,765.647,772.071,722.888,86220786,3244878733.77,0,755.51,0.02776,5772996075,3590722351,0.01494,220182070300.5,136950150467.14
2026-07-13,002714,牧原股份,751.796,773.878,786.726,749.788,84182270,3232658943.22,0,770.887,0.01075,5772996075,3590722351,0.01458,222548998691.25,138422346631.05
2026-07-14,002714,牧原股份,768.859,764.443,770.064,753.201,55313569,2099443273.77,0,761.934,-0.01219,5772996075,3590722351,0.00958,219835690536.0,136734707126.08
2026-07-15,002714,牧原股份,757.015,795.96,804.994,756.413,84541946,3336653065.89,0,792.286,0.04123,5772996075,3590722351,0.01464,228899294373.75,142372141217.15
2026-07-16,002714,牧原股份,800.376,821.053,828.481,796.362,97914835,3982545709.42,0,816.517,0.03153,5772996075,3590722351,0.01696,236115539467.5,146860544155.9
2026-07-17,002714,牧原股份,821.254,799.574,834.102,787.127,91082851,3663562356.45,0,807.443,-0.02616,5772996075,3590722351,0.01578,229938433667.25,143018471240.33
2026-07-20,002714,牧原股份,788.532,815.232,819.849,771.268,83281758,3327300579.53,0,802.023,0.01958,5772996075,3590722351,0.01443,234441370605.75,145819234674.11
2026-07-21,002714,牧原股份,803.388,791.343,820.451,785.521,76584357,3047510903.65,0,798.831,-0.0293,5772996075,3590722351,0.01327,227571505276.5,141546275076.42
2026-07-22,002714,牧原股份,782.912,791.744,803.99,775.082,64722280,2541628881.39,0,788.332,0.00051,5772996075,3590722351,0.01121,227686965198.0,141618089523.44
2026-07-23,002714,牧原股份,782.109,796.964,806.198,772.272,61160173,2404952623.8,0,789.376,0.00659,5772996075,3590722351,0.01059,229187944177.5,142551677334.7
2026-07-24,002714,牧原股份,792.547,776.488,802.986,775.082,40804005,1591325672.68,0,782.891,-0.02569,5772996075,3590722351,0.00707,223299488181.0,138889140536.68
2026-07-27,002714,牧原股份,776.287,789.536,792.949,773.075,37263651,1458049237.72,0,785.481,0.0168,5772996075,3590722351,0.00645,227051935629.75,141223110064.83
2026-07-28,002714,牧原股份,784.919,788.934,793.752,780.101,40822000,1601009661.75,0,787.308,-0.00076,5772996075,3590722351,0.00707,226878745747.5,141115388394.3
2026-07-29,002714,牧原股份,788.934,780.503,799.975,775.082,53682893,2095392794.02,0,783.574,-0.01069,5772996075,3590722351,0.0093,224454087396.0,139607285006.88
2026-07-30,002714,牧原股份,778.495,801.38,809.009,774.079,79358299,3151523635.29,0,797.225,0.02675,5772996075,3590722351,0.01375,230458003314.0,143341636251.92
2026-07-31,002714,牧原股份,782.912,788.131,789.536,777.893,67898887,2650970132.46,0,783.775,-0.01653,5772996144,3590722420,0.01176,226647828613.44,140971762209.2
2026-08-03,002714,牧原股份,786.926,781.506,800.979,779.499,56675803,2229993487.67,0,789.857,-0.00841,5772996144,3590722420,0.00982,224742739885.92,139786823810.6
2026-08-04,002714,牧原股份,780.904,763.238,781.306,760.428,64805327,2469789850.65,0,765.065,-0.02338,5772996144,3590722420,0.01123,219489313394.88,136519266408.4
2026-08-05,002714,牧原股份,755.61,770.064,776.287,755.409,50876718,1944391155.12,0,767.213,0.00894,5772996144,3590722420,0.00881,221452132083.84,137740112031.2
2026-08-06,002714,牧原股份,770.867,770.265,774.882,758.822,41107390,1568114930.84,0,765.788,0.00026,5772996144,3590722420,0.00712,221509862045.28,137776019255.4
2026-08-07,002714,牧原股份,766.852,772.272,780.904,761.231,47081207,1813133948.35,0,773.095,0.00261,5772996144,3590722420,0.00816,222087161659.68,138135091497.4
2026-08-10,002714,牧原股份,779.7,807.804,809.009,778.897,90987838,3633100540.97,0,801.581,0.04601,5772996144,3590722420,0.01576,232305364834.56,144490670180.8
2026-08-11,002714,牧原股份,808.206,805.194,818.845,802.986,49898321,2011139630.95,0,809.109,-0.00323,5772996144,3590722420,0.00864,231554875335.84,144023876266.2
2026-08-12,002714,牧原股份,802.986,801.581,811.819,799.373,37019650,1481939710.63,0,803.609,-0.00449,5772996144,3590722420,0.00641,230515736029.92,143377546230.6
2026-08-13,002714,牧原股份,801.982,805.997,810.213,794.354,38534557,1541256969.53,0,802.926,0.00551,5772996144,3590722420,0.00667,231785795181.6,144167505163.0
2026-08-14,002714,牧原股份,802.986,788.733,804.994,783.514,44104804,1738833070.43,0,791.443,-0.02142,5772996144,3590722420,0.00764,226821018497.76,141079483881.8
2026-08-17,002714,牧原股份,794.956,788.733,803.789,781.105,44977487,1768487492.54,0,789.315,0.0,5772996144,3590722420,0.00779,226821018497.76,141079483881.8
2026-08-18,002714,牧原股份,789.938,801.581,805.797,788.733,59492315,2370625773.49,0,799.935,0.01629,5772996144,3590722420,0.01031,230515736029.92,143377546230.6
2026-08-19,002714,牧原股份,805.395,779.7,806.6,778.897,50462875,1979553465.24,0,787.489,-0.0273,5772996144,3590722420,0.00874,224223170232.96,139463658792.8
2026-08-20,002714,牧原股份,779.499,799.373,800.979,778.294,50942179,2008250038.99,0,791.383,0.02523,5772996144,3590722420,0.00882,229880706454.08,142982566764.4
2026-08-21,002714,牧原股份,794.153,784.317,801.38,783.514,36889992,1449569574.84,0,788.813,-0.01883,5772996144,3590722420,0.00639,225550959346.08,140289524949.4
2026-08-24,002714,牧原股份,779.298,779.499,781.707,766.852,40370608,1556472045.09,0,773.978,-0.00614,5772996144,3590722420,0.00699,224165440271.52,139427751568.6
2026-08-25,002714,牧原股份,778.094,801.581,802.585,775.283,53531829,2122281657.04,0,795.86,0.02833,5772996144,3590722420,0.00927,230515736029.92,143377546230.6
2026-08-26,002714,牧原股份,795.358,802.785,810.012,794.555,32450140,1299169116.94,0,803.709,0.0015,5772996144,3590722420,0.00562,230862115798.56,143592989575.8
2026-08-27,002714,牧原股份,797.165,819.046,822.459,795.157,47149034,1905668223.65,0,811.377,0.02026,5772996144,3590722420,0.00817,235538242675.2,146501474736.0
2026-08-28,002714,牧原股份,818.444,836.712,840.124,807.202,53076303,2178936350.54,0,824.125,0.02157,5772996144,3590722420,0.00919,240618479281.92,149661310465.6
2026-08-31,002714,牧原股份,841.931,849.359,856.184,841.329,63347953,2680925359.93,0,849.579,0.01512,5772996144,3590722420,0.01097,244255466852.64,151923465590.2
2026-09-01,002714,牧原股份,844.942,851.165,858.794,844.34,44075525,1873617290.76,0,853.354,0.00213,5772996144,3590722420,0.00763,244775036505.6,152246630608.0
2026-09-02,002714,牧原股份,849.158,843.738,855.381,842.132,30321658,1279399074.17,0,847.03,-0.00873,5772996144,3590722420,0.00525,242639027932.32,150918063312.6
2026-09-03,002714,牧原股份,842.734,844.741,849.158,837.314,26787118,1124682646.62,0,842.854,0.00119,5772996144,3590722420,0.00464,242927677739.52,151097599433.6
2026-09-04,002714,牧原股份,845.143,882.683,891.114,840.325,76789545,3351156402.46,0,876.078,0.04492,5772996144,3590722420,0.0133,253838640451.68,157884064807.4
2026-09-07,002714,牧原股份,880.073,881.478,884.289,871.441,45024923,1971522143.2,0,879.009,-0.00137,5772996144,3590722420,0.0078,253492260683.04,157668621462.2
2026-09-08,002714,牧原股份,879.069,867.827,880.876,865.218,38931679,1688595293.39,0,870.698,-0.01549,5772996144,3590722420,0.00674,249566623305.12,155226930216.6
2026-09-09,002714,牧原股份,865.218,868.229,870.437,860.6,28524349,1231218871.45,0,866.502,0.00046,5772996144,3590722420,0.00494,249682083228.0,155298744665.0
2026-09-10,002714,牧原股份,866.824,847.552,872.445,844.942,40137220,1704248119.04,0,852.39,-0.02382,5772996144,3590722420,0.00695,243735897199.68,151600300572.4
2026-09-11,002714,牧原股份,843.336,846.749,852.37,840.124,30888299,1302413319.98,0,846.448,-0.00095,5772996144,3590722420,0.00535,243504977353.92,151456671675.6
2026-09-14,002714,牧原股份,847.15,854.98,862.006,844.34,35879868,1523314640.38,0,852.29,0.00972,5772996144,3590722420,0.00622,245871905772.96,152928867867.8
2026-09-15,002714,牧原股份,854.377,850.563,870.236,847.552,40369367,1728799392.84,0,859.697,-0.00517,5772996144,3590722420,0.00699,244601846621.28,152138908935.4
2026-09-16,002714,牧原股份,842.935,824.667,850.162,819.849,48955865,2021314209.04,0,828.842,-0.03045,5772996144,3590722420,0.00848,237154681595.52,147506877013.6
2026-09-17,002714,牧原股份,823.061,828.682,833.901,815.834,30625727,1259805167.85,0,825.791,0.00487,5772996144,3590722420,0.0053,238309280824.32,148225021497.6
2026-09-18,002714,牧原股份,822.659,830.087,836.31,822.057,40527536,1677602359.29,0,830.97,0.0017,5772996144,3590722420,0.00702,238713390554.4,148476372067.0
2026-09-21,002714,牧原股份,830.689,850.764,851.768,823.864,28299995,1189180798.62,0,843.557,0.02491,5772996144,3590722420,0.0049,244659576582.72,152174816159.6
2026-09-22,002714,牧原股份,847.753,840.325,848.957,836.511,24877999,1043267615.39,0,841.831,-0.01227,5772996144,3590722420,0.00431,241657618587.84,150307640501.2
2026-09-23,002714,牧原股份,839.321,831.091,843.136,829.685,19879913,825293873.0,0,833.379,-0.01099,5772996144,3590722420,0.00344,239002040361.6,148655908188.0
2026-09-24,002714,牧原股份,829.083,812.622,829.886,811.418,27200597,1106455753.63,0,816.597,-0.02222,5772996144,3590722420,0.00471,233690883909.12,145352443561.6
2026-09-25,002714,牧原股份,812.622,812.622,812.622,812.622,0,0.0,2,,0.0,5772996144,3590722420,0.0,233690883909.12,145352443561.6
2026-09-28,002714,牧原股份,810.615,837.314,842.132,807.804,46567139,1922902763.74,0,828.943,0.03039,5772996144,3590722420,0.00807,240791669166.24,149769032138.2
2026-09-29,002714,牧原股份,836.712,848.957,851.366,832.697,31296819,1315904849.5,0,844.059,0.01391,5772996144,3590722420,0.00542,244140006929.76,151851651141.8
2026-09-30,002714,牧原股份,847.15,852.169,858.794,843.738,23165200,981447687.96,0,850.503,0.00378,5772996144,3590722420,0.00401,245063686312.8,152426166729.0
2026-10-01,002714,牧原股份,852.169,852.169,852.169,852.169,0,0.0,2,,0.0,5772996144,3590722420,0.0,245063686312.8,152426166729.0
2026-10-02,002714,牧原股份,852.169,852.169,852.169,852.169,0,0.0,2,,0.0,5772996144,3590722420,0.0,245063686312.8,152426166729.0
2026-10-05,002714,牧原股份,852.169,852.169,852.169,852.169,0,0.0,2,,0.0,5772996144,3590722420,0.0,245063686312.8,152426166729.0
2026-10-06,002714,牧原股份,852.169,852.169,852.169,852.169,0,0.0,2,,0.0,5772996144,3590722420,0.0,245063686312.8,152426166729.0
2026-10-07,002714,牧原股份,852.169,852.169,852.169,852.169,0,0.0,2,,0.0,5772996144,3590722420,0.0,245063686312.8,152426166729.0
