trade_date,open,close,high,low,volume,amount,turnover,pct_chg_ex,amplitude,ref_price,adj_factor,close_adj,open_adj,high_adj,low_adj,ret,total_share,mkt_cap,touch_limit_up,touch_limit_down,seal_limit_up,seal_limit_down,is_one_word_board,is_suspended,idx_close,idx_ret,em_hfq_close,em_qfq_close,close_qfq
2014-01-28,28.88,34.66,34.66,28.88,14352,49033776.0,2.37,44.0,24.01,,1.0,34.66,28.88,34.66,28.88,,242000000,8387719999.999999,0,0,0,0,0,0,2219.85,,34.66,-3.37,1.7244429046780092
2014-01-29,38.13,34.53,38.13,34.41,167086,613677568.0,27.62,-0.38,10.73,34.66,1.0,34.53,38.13,38.13,34.41,-0.0037507212925561584,242000000,8356260000.0,1,0,0,0,0,0,2227.78,0.003572313444602182,34.53,-3.37,1.717974999957636
2014-01-30,33.65,31.08,33.8,31.08,144359,461914480.0,23.86,-9.99,7.88,34.53,1.0,31.08,33.65,33.8,31.08,-0.09991311902693323,242000000,7521360000.0,0,1,0,1,0,0,2202.45,-0.011370063471258574,31.08,-3.58,1.5463267593015733
2014-02-07,30.4,30.62,31.0,29.9,79994,243463172.0,13.22,-1.48,3.54,31.08,1.0,30.62,30.4,31.0,29.9,-0.014800514800514697,242000000,7410040000.0,0,0,0,0,0,0,2212.48,0.004554019387500441,30.62,-3.6,1.5234403272140984
2014-02-10,30.86,32.69,32.8,30.82,119384,380857792.0,19.73,6.76,6.47,30.62,1.0,32.69,30.86,32.8,30.82,0.06760287393860209,242000000,7910979999.999999,0,0,0,0,0,0,2267.53,0.024881580850448337,32.69,-3.48,1.6264292716077358
2014-02-11,32.7,35.96,35.96,32.63,122427,419102576.0,20.24,10.0,10.19,32.69,1.0,35.96,32.7,35.96,32.63,0.10003059039461615,242000000,8702320000.0,1,0,1,0,0,0,2285.56,0.007951383223154584,35.96,-3.29,1.7891219518817432
2014-02-12,37.12,37.71,38.95,36.15,123965,463802000.0,20.49,4.87,7.79,35.96,1.0,37.71,37.12,38.95,36.15,0.04866518353726357,242000000,9125820000.0,0,0,0,0,0,0,2291.25,0.0024895430441556066,37.71,-3.19,1.8761899000406155
2014-02-13,36.81,36.35,37.55,36.21,70488,260624944.0,11.65,-3.61,3.55,37.71,1.0,36.35,36.81,37.55,36.21,-0.036064704322460894,242000000,8796700000.0,0,0,0,0,0,0,2279.55,-0.005106382978723345,36.35,-3.27,1.8085256660428632
2014-02-14,36.87,38.27,38.44,36.7,79267,299793952.0,13.1,5.28,4.79,36.35,1.0,38.27,36.87,38.44,36.7,0.05281980742778547,242000000,9261340000.0,0,0,0,0,0,0,2295.57,0.007027702836086114,38.27,-3.16,1.9040516434514547
2014-02-17,38.52,38.98,40.49,37.59,104755,408587104.0,17.31,1.86,7.58,38.27,1.0,38.98,38.52,40.49,37.59,0.018552390906715344,242000000,9433160000.0,0,0,0,0,0,0,2311.65,0.007004796194409302,38.98,-3.11,1.9393763538473399
2014-02-18,39.03,40.4,41.39,37.96,130490,517965296.0,21.57,3.64,8.8,38.98,1.0,40.4,39.03,41.39,37.96,0.03642893791688051,242000000,9776800000.0,0,0,0,0,0,0,2282.44,-0.01263599593364051,40.4,-3.03,2.010025774639111
2014-02-19,39.7,37.99,39.85,36.7,71848,274588224.0,11.88,-5.97,7.8,40.4,1.0,37.99,39.7,39.85,36.7,-0.059653465346534595,242000000,9193580000.0,0,0,0,0,0,0,2308.66,0.011487706139044151,37.99,-3.17,1.890120771746035
2014-02-20,38.0,37.89,39.2,36.77,50532,192237979.0,8.35,-0.26,6.4,37.99,1.0,37.89,38.0,39.2,36.77,-0.002632271650434337,242000000,9169380000.0,0,0,0,0,0,0,2287.44,-0.00919147903978923,37.89,-3.18,1.885145460422671
2014-02-21,37.3,38.18,38.38,36.87,47470,178405300.0,7.85,0.77,3.99,37.89,1.0,38.18,37.3,38.38,36.87,0.007653734494589504,242000000,9239560000.0,0,0,0,0,0,0,2264.29,-0.0101204840345539,38.18,-3.16,1.8995738632604269
2014-02-24,38.3,36.3,38.3,36.1,66176,243489841.0,10.94,-4.92,5.76,38.18,1.0,36.3,38.3,38.3,36.1,-0.0492404400209534,242000000,8784600000.0,0,0,0,0,0,0,2214.51,-0.021984816432524035,36.3,-3.27,1.806038010381181
2014-02-25,36.4,33.65,37.4,33.51,67153,240897201.0,11.1,-7.3,10.72,36.3,1.0,33.65,36.4,37.4,33.51,-0.07300275482093666,242000000,8143300000.0,0,0,0,0,0,0,2157.91,-0.02555870147346384,33.65,-3.43,1.6741922603120314
2014-02-26,33.59,33.0,33.79,31.9,46972,154705497.0,7.76,-1.93,5.62,33.65,1.0,33.0,33.59,33.79,31.9,-0.019316493313521477,242000000,7986000000.0,0,0,0,0,0,0,2163.41,0.002548762459972931,33.0,-3.46,1.6418527367101647
2014-02-27,33.5,33.0,34.8,32.7,42620,143486151.0,7.04,0.0,6.36,33.0,1.0,33.0,33.5,34.8,32.7,0.0,242000000,7986000000.0,0,0,0,0,0,0,2154.11,-0.004298769072898723,33.0,-3.46,1.6418527367101647
2014-02-28,32.6,34.85,35.56,32.3,48252,164475441.0,7.98,5.61,9.88,33.0,1.0,34.85,32.6,35.56,32.3,0.056060606060606144,242000000,8433700000.0,0,0,0,0,0,0,2178.97,0.011540729117825776,34.85,-3.36,1.7338959961924012
2014-03-03,34.75,37.0,37.39,34.62,70556,256543623.0,11.66,6.17,7.95,34.85,1.0,37.0,34.75,37.39,34.62,0.061692969870875025,242000000,8954000000.0,0,0,0,0,0,0,2190.37,0.005231829717710745,37.0,-3.23,1.8408651896447301
2014-03-04,36.5,36.18,38.27,35.08,74068,271015632.0,12.24,-2.22,8.62,37.0,1.0,36.18,36.5,38.27,35.08,-0.022162162162162158,242000000,8755560000.0,0,0,0,0,0,0,2184.27,-0.0027849176166583334,36.18,-3.28,1.800067636793144
2014-03-05,36.01,36.18,37.0,35.28,47531,172029889.0,7.86,0.0,4.75,36.18,1.0,36.18,36.01,37.0,35.28,0.0,242000000,8755560000.0,0,0,0,0,0,0,2163.98,-0.009289144657025017,36.18,-3.28,1.800067636793144
2014-03-06,36.16,36.81,37.42,34.0,50566,183353307.0,8.36,1.74,9.45,36.18,1.0,36.81,36.16,37.42,34.0,0.017412935323383172,242000000,8908020000.0,0,0,0,0,0,0,2173.63,0.004459375779813257,36.81,-3.24,1.8314120981303383
2014-03-07,36.33,34.29,36.82,34.28,38135,135050504.0,6.3,-6.85,6.9,36.81,1.0,34.29,36.33,36.82,34.28,-0.06845965770171158,242000000,8298180000.0,0,0,0,0,0,0,2168.36,-0.0024245156719404637,34.29,-3.39,1.706034252781562
2014-03-10,33.69,34.11,35.39,33.03,40232,136736718.0,6.65,-0.52,6.88,34.29,1.0,34.11,33.69,35.39,33.03,-0.005249343832021025,242000000,8254620000.0,0,0,0,0,0,0,2097.79,-0.03254533380066049,34.11,-3.4,1.6970786923995065
2014-03-11,34.0,34.14,34.91,33.55,19812,67921214.0,3.27,0.09,3.99,34.11,1.0,34.14,34.0,34.91,33.55,0.0008795074758136678,242000000,8261880000.0,0,0,0,0,0,0,2108.66,0.005181643539152958,34.14,-3.4,1.6985712857965158
2014-03-12,34.13,34.0,34.35,33.08,21494,72295184.0,3.55,-0.41,3.72,34.14,1.0,34.0,34.13,34.35,33.08,-0.004100761570005829,242000000,8228000000.0,0,0,0,0,0,0,2114.13,0.00259406447696664,34.0,-3.4,1.691605849943806
2014-03-13,33.98,35.99,36.7,33.9,52604,188148437.0,8.69,5.85,8.24,34.0,1.0,35.99,33.98,36.7,33.9,0.05852941176470594,242000000,8709580000.0,0,0,0,0,0,0,2140.33,0.012392804605203978,35.99,-3.29,1.7906145452787523
2014-03-14,35.5,34.78,36.1,34.51,21420,75351929.0,3.54,-3.36,4.42,35.99,1.0,34.78,35.5,36.1,34.51,-0.033620450125034784,242000000,8416760000.0,0,0,0,0,0,0,2122.84,-0.008171637084000927,34.78,-3.36,1.7304132782660464
2014-03-17,34.78,34.52,34.79,33.6,23541,80390897.0,3.89,-0.75,3.42,34.78,1.0,34.52,34.78,34.79,33.6,-0.0074755606670500185,242000000,8353840000.000001,0,0,0,0,0,0,2143.04,0.009515554634357715,34.52,-3.37,1.7174774688252996
2014-03-18,34.4,35.25,35.54,34.18,23944,83992175.0,3.96,2.11,3.94,34.52,1.0,35.25,34.4,35.54,34.18,0.021147161066048525,242000000,8530500000.0,0,0,0,0,0,0,2138.13,-0.0022911378229056867,35.25,-3.33,1.7537972414858578
2014-03-19,34.99,36.0,36.31,34.8,43906,157775721.0,7.26,2.13,4.28,35.25,1.0,36.0,34.99,36.31,34.8,0.02127659574468077,242000000,8712000000.0,0,0,0,0,0,0,2120.87,-0.008072474545514186,36.0,-3.29,1.7911120764110886
2014-03-20,35.72,34.94,35.97,34.94,23330,82939185.0,3.86,-2.94,2.86,36.0,1.0,34.94,35.72,35.97,34.94,-0.029444444444444495,242000000,8455479999.999999,0,0,0,0,0,0,2086.97,-0.01598400656334431,34.94,-3.35,1.7383737763834288
2014-03-21,34.49,35.04,35.28,33.61,20152,69204007.0,3.33,0.29,4.78,34.94,1.0,35.04,34.49,35.28,33.61,0.0028620492272466436,242000000,8479680000.0,0,0,0,0,0,0,2158.8,0.0344183193816876,35.04,-3.34,1.743349087706793
2014-03-24,34.81,35.0,36.17,34.2,20885,73320241.0,3.45,-0.11,5.62,35.04,1.0,35.0,34.81,36.17,34.2,-0.0011415525114154557,242000000,8470000000.0,0,0,0,0,0,0,2176.55,0.008222160459514516,35.0,-3.35,1.7413589631774473
2014-03-25,34.6,35.88,35.93,34.23,17857,62736642.0,2.95,2.51,4.86,35.0,1.0,35.88,34.6,35.93,34.23,0.025142857142857133,242000000,8682960000.0,0,0,0,0,0,0,2174.44,-0.0009694240885805838,35.88,-3.3,1.7851417028230518
2014-03-26,35.84,35.86,36.49,35.52,15833,57057998.0,2.62,-0.06,2.7,35.88,1.0,35.86,35.84,36.49,35.52,-0.0005574136008918984,242000000,8678120000.0,0,0,0,0,0,0,2171.05,-0.001559022093044593,35.86,-3.3,1.7841466405583788
2014-03-27,35.88,35.05,36.1,34.48,19383,68404386.0,3.2,-2.26,4.52,35.86,1.0,35.05,35.88,36.1,34.48,-0.022587841606246606,242000000,8482099999.999999,0,0,0,0,0,0,2155.71,-0.0070657055341886155,35.05,-3.34,1.7438466188391293
2014-03-28,35.2,34.51,35.98,33.51,25604,89701343.0,4.23,-1.54,7.05,35.05,1.0,34.51,35.2,35.98,33.51,-0.015406562054208206,242000000,8351419999.999999,0,0,0,0,0,0,2151.97,-0.0017349272397494397,34.51,-3.38,1.716979937692963
2014-03-31,31.06,31.06,32.02,31.06,28759,89668272.0,4.75,-10.0,2.78,34.51,1.0,31.06,31.06,32.02,31.06,-0.0999710228919154,242000000,7516520000.0,0,1,0,1,0,0,2146.3,-0.0026347950947269716,31.06,-3.58,1.5453316970369004
2014-04-01,29.6,31.0,31.21,29.02,44112,133420260.0,7.29,-0.19,7.05,31.06,1.0,31.0,29.6,31.21,29.02,-0.0019317450096586475,242000000,7502000000.0,0,0,0,0,0,0,2163.11,0.007832083119787558,31.0,-3.58,1.542346510242882
2014-04-02,30.49,30.84,31.19,29.53,36143,109360894.0,5.97,-0.52,5.35,31.0,1.0,30.84,30.49,31.19,29.53,-0.005161290322580614,242000000,7463280000.0,0,0,0,0,0,0,2180.73,0.00814567913790798,30.84,-3.59,1.5343860121254993
2014-04-03,30.29,31.32,32.33,30.29,22403,70896746.0,3.7,1.56,6.61,30.84,1.0,31.32,30.29,32.33,30.29,0.015564202334630295,242000000,7579440000.0,0,0,0,0,0,0,2165.01,-0.007208595286899211,31.32,-3.56,1.5582675064776472
2014-04-04,31.17,32.65,32.98,30.85,16455,52907266.0,2.72,4.25,6.8,31.32,1.0,32.65,31.17,32.98,30.85,0.042464878671775175,242000000,7901300000.0,0,0,0,0,0,0,2185.47,0.009450302769963947,32.65,-3.48,1.62443914707839
2014-04-08,32.08,32.45,32.98,31.99,14063,46009331.0,2.32,-0.61,3.03,32.65,1.0,32.45,32.08,32.98,31.99,-0.006125574272587975,242000000,7852900000.000001,0,0,0,0,0,0,2237.32,0.0237248738257676,32.45,-3.5,1.614488524431662
2014-04-09,32.5,32.78,33.0,32.31,13724,44688733.0,2.27,1.02,2.13,32.45,1.0,32.78,32.5,33.0,32.31,0.010169491525423568,242000000,7932760000.0,0,0,0,0,0,0,2238.62,0.0005810523304667914,32.78,-3.48,1.6309070517987636
2014-04-10,32.8,31.98,32.8,31.98,10452,33938041.0,1.73,-2.44,2.5,32.78,1.0,31.98,32.8,32.8,31.98,-0.02440512507626602,242000000,7739160000.0,0,0,0,0,0,0,2273.76,0.015697170578302888,31.98,-3.52,1.5911045612118504
2014-04-11,31.76,32.69,32.81,31.42,11802,37832768.0,1.95,2.22,4.35,31.98,1.0,32.69,31.76,32.81,31.42,0.022201375859912442,242000000,7910979999.999999,0,0,0,0,0,0,2270.67,-0.0013589824783618587,32.69,-3.48,1.6264292716077358
2014-04-14,32.68,35.59,35.96,32.67,46084,161998724.0,7.62,8.87,10.06,32.69,1.0,35.59,32.68,35.96,32.67,0.08871214438666275,242000000,8612780000.0,1,0,0,0,0,0,2268.61,-0.0009072212166453264,35.59,-3.31,1.770713299985296
2014-04-15,35.48,35.58,37.55,35.35,41842,151907040.0,6.92,-0.03,6.18,35.59,1.0,35.58,35.48,37.55,35.35,-0.0002809778027537124,242000000,8610360000.0,0,0,0,0,0,0,2229.46,-0.017257263258118494,35.58,-3.31,1.7702157688529592
2014-04-16,35.5,36.5,37.6,35.5,35170,129834420.0,5.81,2.59,5.9,35.58,1.0,36.5,35.5,37.6,35.5,0.025857223159078124,242000000,8833000000.0,0,0,0,0,0,0,2232.53,0.0013770150619434318,36.5,-3.26,1.8159886330279094
2014-04-17,36.01,36.0,37.03,35.89,21291,77424739.0,3.52,-1.37,3.12,36.5,1.0,36.0,36.01,37.03,35.89,-0.013698630136986356,242000000,8712000000.0,0,0,0,0,0,0,2224.8,-0.003462439474497536,36.0,-3.29,1.7911120764110886
2014-04-18,36.03,35.52,36.39,35.1,10909,38735341.0,1.8,-1.33,3.58,36.0,1.0,35.52,36.03,36.39,35.1,-0.013333333333333197,242000000,8595840000.0,0,0,0,0,0,0,2224.48,-0.00014383315354193904,35.52,-3.32,1.7672305820589411
2014-04-21,35.0,36.78,37.4,34.81,18958,69933804.0,3.13,3.55,7.29,35.52,1.0,36.78,35.0,37.4,34.81,0.035472972972972805,242000000,8900760000.0,0,0,0,0,0,0,2187.25,-0.016736495720348188,36.78,-3.24,1.829919504733329
2014-04-22,36.7,36.88,37.0,35.8,22988,83771848.0,3.8,0.27,3.26,36.78,1.0,36.88,36.7,37.0,35.8,0.002718868950516651,242000000,8924960000.0,0,0,0,0,0,0,2196.79,0.004361641330437704,36.88,-3.24,1.8348948160566931
2014-04-23,36.9,35.79,37.35,35.35,16919,61339250.0,2.8,-2.96,5.42,36.88,1.0,35.79,36.9,37.35,35.35,-0.0295553145336227,242000000,8661180000.0,0,0,0,0,0,0,2194.67,-0.0009650444512219192,35.79,-3.3,1.780663922632024
2014-04-24,35.79,35.16,36.48,35.11,7462,26639101.0,1.23,-1.76,3.83,35.79,1.0,35.16,35.79,36.48,35.11,-0.017602682313495488,242000000,8508719999.999999,0,0,0,0,0,0,2190.47,-0.0019137273485309025,35.16,-3.34,1.7493194612948297
2014-04-25,34.9,34.8,35.93,34.8,12371,43532679.0,2.04,-1.02,3.21,35.16,1.0,34.8,34.9,35.93,34.8,-0.010238907849829282,242000000,8421599999.999999,0,0,0,0,0,0,2167.83,-0.010335681383447315,34.8,-3.36,1.731408340530719
2014-04-28,34.19,33.8,34.66,33.42,15803,53868140.0,2.61,-2.87,3.56,34.8,1.0,33.8,34.19,34.66,33.42,-0.028735632183908066,242000000,8179599999.999999,0,0,0,0,0,0,2134.97,-0.015158015158015181,33.8,-3.42,1.6816552272970775
2014-04-29,33.8,35.73,35.96,33.6,10089,35565343.0,1.67,5.71,6.98,33.8,1.0,35.73,33.8,35.96,33.6,0.05710059171597637,242000000,8646660000.0,0,0,0,0,0,0,2158.47,0.011007180428764807,35.73,-3.3,1.7776787358380053
2014-04-30,36.3,35.19,36.3,34.97,7215,25489787.0,1.19,-1.51,3.72,35.73,1.0,35.19,36.3,36.3,34.97,-0.015113350125944613,242000000,8515979999.999999,0,0,0,0,0,0,2158.66,8.802531422724691e-05,35.19,-3.34,1.750812054691839
2014-05-05,34.95,37.71,38.71,34.81,46412,176742899.0,7.67,7.16,11.08,35.19,1.0,37.71,34.95,38.71,34.81,0.07161125319693107,242000000,9125820000.0,1,0,0,0,0,0,2156.47,-0.0010145182659613283,37.71,-3.19,1.8761899000406155
2014-05-06,36.91,38.7,39.3,36.7,44635,171367463.0,7.38,2.63,6.89,37.71,1.0,38.7,36.91,39.3,36.7,0.026252983293556076,242000000,9365400000.0,0,0,0,0,0,0,2157.33,0.00039879989056190723,38.7,-3.13,1.9254454821419205
2014-05-07,38.55,39.92,40.98,38.03,37468,148163233.0,6.19,3.15,7.62,38.7,1.0,39.92,38.55,40.98,38.03,0.031524547803617464,242000000,9660640000.0,0,0,0,0,0,0,2137.32,-0.009275354257345825,39.92,-3.06,1.9861442802869629
2014-05-08,39.8,39.21,40.5,38.81,20709,81919650.0,3.42,-1.78,4.23,39.92,1.0,39.21,39.8,40.5,38.81,-0.01778557114228463,242000000,9488820000.0,0,0,0,0,0,0,2135.5,-0.0008515336964048936,39.21,-3.1,1.9508195698910775
2014-05-09,38.89,38.19,39.21,36.89,27164,102324399.0,4.49,-2.6,5.92,39.21,1.0,38.19,38.89,39.21,36.89,-0.02601377199693966,242000000,9241980000.0,0,0,0,0,0,0,2133.91,-0.0007445563099977015,38.19,-3.16,1.9000713943927632
2014-05-12,37.95,39.25,39.47,37.27,18137,69780021.0,3.0,2.78,5.76,38.19,1.0,39.25,37.95,39.47,37.27,0.027755957056821323,242000000,9498500000.0,0,0,0,0,0,0,2180.05,0.021622280227376223,39.25,-3.1,1.9528096944204232
2014-05-13,39.35,37.75,39.76,37.56,16915,64766795.0,2.8,-3.82,5.61,39.25,1.0,37.75,39.35,39.76,37.56,-0.03821656050955413,242000000,9135500000.0,0,0,0,0,0,0,2174.85,-0.0023852663929727624,37.75,-3.19,1.8781800245699611
2014-05-14,37.6,38.22,38.46,37.18,9545,36345724.0,1.58,1.25,3.39,37.75,1.0,38.22,37.6,38.46,37.18,0.012450331125827718,242000000,9249240000.0,0,0,0,0,0,0,2172.37,-0.001140308527024847,38.22,-3.16,1.9015639877897725
2014-05-15,37.65,38.14,39.6,37.61,16247,63054459.0,2.69,-0.21,5.21,38.22,1.0,38.14,37.65,39.6,37.61,-0.002093144950287784,242000000,9229880000.0,0,0,0,0,0,0,2144.08,-0.013022643472336615,38.14,-3.16,1.8975837387310812
2014-05-16,38.0,39.85,40.12,37.06,17190,67074345.0,2.84,4.48,8.02,38.14,1.0,39.85,38.0,40.12,37.06,0.04483481908757203,242000000,9643700000.0,0,0,0,0,0,0,2145.95,0.0008721689489197271,39.85,-3.06,1.982661562360608
2014-05-19,39.64,39.7,40.63,38.18,17471,68884188.0,2.89,-0.38,6.15,39.85,1.0,39.7,39.64,40.63,38.18,-0.0037641154328732496,242000000,9607400000.0,0,0,0,0,0,0,2115.14,-0.014357277662573664,39.7,-3.07,1.975198595375562
2014-05-20,40.6,40.55,42.2,39.3,20444,82985528.0,3.38,2.14,7.3,39.7,1.0,40.55,40.6,42.2,39.3,0.021410579345088054,242000000,9813100000.0,0,0,0,0,0,0,2115.77,0.00029785262441262006,40.55,-3.02,2.017488741624157
2014-05-21,40.0,39.87,40.5,38.5,15001,59515989.0,2.48,-1.68,4.93,40.55,1.0,39.87,40.0,40.5,38.5,-0.01676942046855734,242000000,9648540000.0,0,0,0,0,0,0,2135.91,0.00951899308525972,39.87,-3.06,1.9836566246252807
2014-05-22,39.6,38.86,40.5,38.81,10968,43353644.0,1.81,-2.53,4.24,39.87,1.0,38.86,39.6,40.5,38.81,-0.025332330072736386,242000000,9404120000.0,0,0,0,0,0,0,2130.87,-0.002359649985252177,38.86,-3.12,1.9334059802593029
2014-05-23,38.88,39.65,39.67,38.51,12857,50360921.0,2.13,2.03,2.99,38.86,1.0,39.65,38.88,39.67,38.51,0.02032938754503344,242000000,9595300000.0,0,0,0,0,0,0,2148.41,0.008231379671214123,39.65,-3.08,1.9727109397138796
2014-05-26,39.23,39.79,39.98,38.63,14889,58409482.0,2.46,0.35,3.4,39.65,1.0,39.79,39.23,39.98,38.63,0.0035308953341739446,242000000,9629180000.0,0,0,0,0,0,0,2155.98,0.0035235360103518243,39.79,-3.07,1.9796763755665894
2014-05-27,39.93,40.45,41.9,39.29,14143,57591575.0,2.34,1.66,6.56,39.79,1.0,40.45,39.93,41.9,39.29,0.01658708218145266,242000000,9788900000.0,0,0,0,0,0,0,2147.28,-0.004035287896919204,40.45,-3.03,2.012513430300793
2014-05-28,40.04,41.3,41.3,39.0,11083,44235706.0,1.83,2.1,5.69,40.45,1.0,41.3,40.04,41.3,39.0,0.021013597033374465,242000000,9994600000.0,0,0,0,0,0,0,2169.35,0.010278119295108024,41.3,-2.98,2.054803576549388
2014-05-29,40.91,39.61,41.17,39.58,9396,37829966.0,1.55,-4.09,3.85,41.3,1.0,39.61,40.91,41.17,39.58,-0.040920096852300136,242000000,9585620000.0,0,0,0,0,0,0,2155.16,-0.006541129831516335,39.61,-3.08,1.970720815184534
2014-05-30,39.58,39.31,40.56,39.1,9855,39020986.0,1.63,-0.76,3.69,39.61,1.0,39.31,39.58,40.56,39.1,-0.007573844988639111,242000000,9513020000.0,0,0,0,0,0,0,2156.46,0.0006032034744520853,39.31,-3.09,1.9557948812144417
2014-06-03,39.35,39.55,39.7,38.82,3933,15517643.0,0.65,0.61,2.24,39.31,1.0,39.55,39.35,39.7,38.82,0.006105316713304276,242000000,9571100000.0,0,0,0,0,0,0,2149.92,-0.0030327481149662328,39.55,-3.08,1.9677356283905154
2014-06-04,39.67,37.87,39.68,37.71,13555,51660714.0,2.24,-4.25,4.98,39.55,1.0,37.87,39.67,39.68,37.71,-0.04247787610619469,242000000,9164540000.0,0,0,0,0,0,0,2128.27,-0.010070142144824046,37.87,-3.18,1.884150398157998
2014-06-05,37.52,37.73,37.96,37.31,12558,47189853.0,2.08,-0.37,1.72,37.87,1.0,37.73,37.52,37.96,37.31,-0.003696857670979714,242000000,9130660000.0,0,0,0,0,0,0,2150.6,0.010492089819430728,37.73,-3.19,1.877184962305288
2014-06-06,37.66,38.18,39.0,37.66,6748,25905238.0,1.12,1.19,3.55,37.73,1.0,38.18,37.66,39.0,37.66,0.0119268486615427,242000000,9239560000.0,0,0,0,0,0,0,2134.72,-0.007383985864410025,38.18,-3.16,1.8995738632604269
2014-06-09,38.18,38.5,39.06,37.8,10532,40766132.0,1.74,0.84,3.3,38.18,1.0,38.5,38.18,39.06,37.8,0.00838135149292829,242000000,9317000000.0,0,0,0,0,0,0,2134.28,-0.0002061160245838689,38.5,-3.14,1.9154948594951922
2014-06-10,38.78,39.9,40.41,38.53,12158,48074828.0,2.01,3.64,4.88,38.5,1.0,39.9,38.78,40.41,38.53,0.036363636363636376,242000000,9655800000.0,0,0,0,0,0,0,2161.27,0.012645950859305977,39.9,-3.06,1.9851492180222898
2014-06-11,39.88,39.3,39.98,39.21,4509,17810492.0,0.75,-1.5,1.93,39.9,1.0,39.3,39.88,39.98,39.21,-0.015037593984962405,242000000,9510600000.0,0,0,0,0,0,0,2160.77,-0.00023134545892000702,39.3,-3.1,1.9552973500821051
2014-06-12,39.48,39.4,40.02,39.12,5257,20840113.0,0.87,0.25,2.29,39.3,1.0,39.4,39.48,40.02,39.12,0.0025445292620864812,242000000,9534800000.0,0,0,0,0,0,0,2153.41,-0.003406193162622695,39.4,-3.09,1.9602726614054693
2014-06-13,39.36,39.58,40.1,39.13,7858,31226972.0,1.3,0.46,2.46,39.4,1.0,39.58,39.36,40.1,39.13,0.004568527918781706,242000000,9578360000.0,0,0,0,0,0,0,2176.24,0.010601789719560939,39.58,-3.08,1.9692282217875248
2014-06-16,39.98,40.98,41.5,39.61,16234,66258684.0,2.68,3.54,4.78,39.58,1.0,40.98,39.98,41.5,39.61,0.035371399696816574,242000000,9917160000.0,0,0,0,0,0,0,2191.85,0.007172922104179635,40.98,-3.0,2.0388825803146227
2014-06-17,40.81,41.11,41.35,40.55,8166,33515181.0,1.35,0.32,1.95,40.98,1.0,41.11,40.81,41.35,40.55,0.0031722791605661715,242000000,9948620000.0,0,0,0,0,0,0,2169.67,-0.010119305609416651,41.11,-2.99,2.045350485034996
2014-06-18,40.88,40.21,40.98,39.1,6658,26524578.0,1.1,-2.19,4.57,41.11,1.0,40.21,40.88,40.98,39.1,-0.021892483580637334,242000000,9730820000.0,0,0,0,0,0,0,2160.24,-0.00434628307530649,40.21,-3.04,2.000572683124719
2014-06-19,40.2,38.69,40.2,38.2,5696,22256273.0,0.94,-3.78,4.97,40.21,1.0,38.69,40.2,40.2,38.2,-0.03780154190499885,242000000,9362980000.0,0,0,0,0,0,0,2126.91,-0.015428841239862212,38.69,-3.13,1.924947951009584
2014-06-20,38.37,40.26,40.39,38.37,3556,14139842.0,0.59,4.06,5.22,38.69,1.0,40.26,38.37,40.39,38.37,0.04057896097182745,242000000,9742920000.0,0,0,0,0,0,0,2136.73,0.004617026578463745,40.26,-3.04,2.0030603387864008
2014-06-23,40.26,40.75,41.7,40.0,8306,34015828.0,1.37,1.22,4.22,40.26,1.0,40.75,40.26,41.7,40.0,0.012170889220069592,242000000,9861500000.0,0,0,0,0,0,0,2134.11,-0.0012261727031491754,40.75,-3.01,2.0274393642708852
2014-06-24,40.75,39.9,40.93,39.38,6292,25085912.0,1.04,-2.09,3.8,40.75,1.0,39.9,40.75,40.93,39.38,-0.020858895705521463,242000000,9655800000.0,0,0,0,0,0,0,2144.82,0.0050184854576380555,39.9,-3.06,1.9851492180222898
2014-06-25,39.62,42.58,42.58,39.05,13859,56937904.0,2.29,6.72,8.85,39.9,1.0,42.58,39.62,42.58,39.05,0.06716791979949877,242000000,10304360000.0,0,0,0,0,0,0,2133.37,-0.005338443319253039,42.58,-2.9,2.1184875614884486
2014-06-26,42.0,43.81,44.8,42.0,25892,112816751.0,4.28,2.89,6.58,42.58,1.0,43.81,42.0,44.8,42.0,0.028886801315171518,242000000,10602020000.0,0,0,0,0,0,0,2149.08,0.007363935932351184,43.81,-2.83,2.1796838907658276
2014-06-27,43.17,43.28,44.2,42.65,18636,80630001.0,3.08,-1.21,3.54,43.81,1.0,43.28,43.17,44.2,42.65,-0.012097694590276209,242000000,10473760000.0,0,0,0,0,0,0,2150.26,0.0005490721611109972,43.28,-2.86,2.153314740751998
2014-06-30,42.98,44.05,44.2,42.5,12530,54586418.0,2.07,1.78,3.93,43.28,1.0,44.05,42.98,44.2,42.5,0.017791127541589624,242000000,10660100000.0,0,0,0,0,0,0,2165.12,0.006910792183270731,44.05,-2.82,2.1916246379419015
2014-07-01,44.08,44.04,44.39,43.58,8716,38300586.0,1.44,-0.02,1.84,44.05,1.0,44.04,44.08,44.39,43.58,-0.00022701475595909848,242000000,10657680000.0,0,0,0,0,0,0,2164.56,-0.0002586461720366362,44.04,-2.82,2.191127106809565
2014-07-02,44.0,43.4,44.0,42.3,11472,49440969.0,1.9,-1.45,3.86,44.04,1.0,43.4,44.0,44.0,42.3,-0.014532243415077195,242000000,10502800000.0,0,0,0,0,0,0,2170.87,0.002915142107402957,43.4,-2.86,2.1592851143400345
2014-07-03,43.2,42.52,43.2,42.3,8772,37499464.0,1.45,-2.03,2.07,43.4,1.0,42.52,43.2,43.2,42.3,-0.02027649769585238,242000000,10289840000.0,0,0,0,0,0,0,2180.19,0.004293209634846917,42.52,-2.91,2.1155023746944304
2014-07-04,42.52,42.75,43.47,42.28,5498,23579420.0,0.91,0.54,2.8,42.286,1.0055337463936056,42.98656765832664,42.75529489665611,43.71055195573003,42.51396679752165,0.010972898831764555,242000000,10345500000.0,0,0,0,0,0,0,2178.7,-0.0006834266738221517,42.98,-2.88,2.1387155682303107
2014-07-07,42.58,42.0,43.15,41.25,8241,34501171.0,1.36,-1.75,4.44,42.75,1.0055337463936056,42.232417348531435,42.81562692143972,43.38878115688408,41.478267038736234,-0.01754385964912286,242000000,10164000000.0,0,0,0,0,0,0,2176.29,-0.0011061642263734406,42.23,-2.92,2.101194242471884
2014-07-08,41.91,42.0,42.88,41.3,11297,47478579.0,1.87,0.0,3.76,42.0,1.0055337463936056,42.232417348531435,42.141919311356006,43.11728704535781,41.52854372605591,0.0,242000000,10164000000.0,0,0,0,0,0,0,2180.47,0.0019206999067218344,42.23,-2.92,2.101194242471884
2014-07-09,41.93,41.44,42.44,41.0,8400,34971796.0,1.39,-1.33,3.43,42.0,1.0055337463936056,41.66931845055101,42.16202998628388,42.67485219694462,41.22688360213783,-0.01333333333333342,242000000,10028480000.0,0,0,0,0,0,0,2148.71,-0.014565667035088659,41.67,-2.96,2.0731783192389255
2014-07-10,41.05,41.2,41.68,41.05,7331,30214657.0,1.21,-0.58,1.52,41.44,1.0055337463936056,41.427990351416554,41.277160289457505,41.91064654968548,41.277160289457505,-0.005791505791505669,242000000,9970400000.0,0,0,0,0,0,0,2142.85,-0.0027272177259844987,41.43,-2.97,2.061171494996229
2014-07-11,41.1,41.95,41.99,40.21,12915,53090593.0,2.13,1.82,4.32,41.2,1.0055337463936056,42.182140661211754,41.32743697677719,42.2223620110675,40.43251194248688,0.01820388349514568,242000000,10151900000.0,0,0,0,0,0,0,2148.01,0.0024080080266934978,42.18,-2.93,2.0986928207546556
2014-07-14,42.0,44.24,44.98,41.97,14016,61617979.0,2.32,5.46,7.18,41.95,1.0055337463936056,44.48481294045311,42.232417348531435,45.22890791278438,42.202251336139625,0.054588796185935706,242000000,10706080000.0,0,0,0,0,0,0,2171.76,0.011056745545877433,44.47,-2.79,2.2132579354037176
2014-07-15,44.0,45.55,46.88,43.51,13835,63151398.0,2.29,2.96,7.62,44.24,1.0055337463936056,45.802062148228735,44.24348484131865,47.13942203093223,43.750773305585774,0.029611211573236762,242000000,11023100000.0,0,0,0,0,0,0,2174.98,0.0014826684348177022,45.78,-2.72,2.278795184395103
2014-07-16,45.21,45.5,47.1,44.26,8640,39440773.0,1.43,-0.11,6.23,45.55,1.0055337463936056,45.751785460909055,45.46018067445491,47.36063945513882,44.50492361538098,-0.001097694840834218,242000000,11011000000.0,0,0,0,0,0,0,2170.87,-0.001889672548713195,45.73,-2.72,2.2762937626778745
2014-07-17,45.73,45.6,45.9,44.36,3098,14027826.0,0.51,0.22,3.38,45.5,1.0055337463936056,45.852338835548416,45.98305822257958,46.1539989594665,44.60547699002034,0.00219780219780219,242000000,11035200000.0,0,0,0,0,0,0,2157.07,-0.0063568983863611095,45.83,-2.71,2.281296606112331
2014-07-18,45.0,46.4,46.57,44.6,5211,24066901.0,0.86,1.75,4.32,45.6,1.0055337463936056,46.6567658326633,45.24901858771225,46.827706569550216,44.84680508915481,0.01754385964912264,242000000,11228800000.0,0,0,0,0,0,0,2164.14,0.003277594143908047,46.63,-2.67,2.321319353587986
2014-07-21,46.4,47.2,47.46,45.08,7428,34582743.0,1.23,1.72,5.13,46.4,1.0055337463936056,47.461192829778184,46.6567658326633,47.722631603840526,45.32946128742374,0.017241379310344973,242000000,11422400000.0,0,0,0,0,0,0,2166.29,0.000993466226769213,47.43,-2.62,2.361342101063641
2014-07-22,46.33,49.29,51.78,46.13,9868,49100997.0,1.63,4.43,11.97,47.2,1.0055337463936056,49.56275835974082,46.586378470415745,52.0665373882609,46.38527172113703,0.044279661016949134,242000000,11928180000.0,0,0,0,0,0,0,2192.7,0.012191350188571093,49.52,-2.5,2.4659015288437898
2014-07-23,49.7,49.46,51.55,47.51,10491,51402465.0,1.73,0.34,8.2,49.29,1.0055337463936056,49.73369909662773,49.9750271957622,51.835264626590366,47.7729082911602,0.0034489754514099857,242000000,11969320000.0,0,0,0,0,0,0,2197.83,0.002339581338076435,49.69,-2.49,2.474406362682366
2014-07-24,49.7,48.5,49.91,46.87,9646,47008909.0,1.59,-1.94,6.15,49.46,1.0055337463936056,48.76838670008987,49.9750271957622,50.18618928250485,47.12936669346829,-0.01940962393853618,242000000,11737000000.0,0,0,0,0,0,0,2237.01,0.017826674492567696,48.73,-2.54,2.4263790657115805
2014-07-25,48.6,48.3,49.0,46.85,7543,35916717.0,1.25,-0.41,4.43,48.5,1.0055337463936056,48.56727995081115,48.86894007472923,49.271153573286675,47.10925601854042,-0.004123711340206282,242000000,11688600000.0,0,0,0,0,0,0,2260.45,0.010478272336734928,48.53,-2.56,2.4163733788426667
2014-07-28,48.2,49.24,50.0,46.87,7441,36088889.0,1.23,1.95,6.48,48.3,1.0055337463936056,49.51248167242114,48.466726576171794,50.27668731968028,47.12936669346829,0.01946169772256745,242000000,11916080000.0,0,0,0,0,0,0,2323.9,0.028069632152889934,49.47,-2.5,2.463400107126561
2014-07-29,49.2,48.4,49.22,47.76,9679,46792640.0,1.6,-1.71,2.97,49.24,1.0055337463936056,48.66783332545051,49.4722603225654,49.49237099749327,48.0242917277586,-0.0170593013809911,242000000,11712800000.0,0,0,0,0,0,0,2331.37,0.0032144240285725267,48.63,-2.55,2.4213762222771233
2014-07-30,46.02,47.55,48.0,46.02,8800,41478842.0,1.45,-1.76,4.09,48.4,1.0055337463936056,47.81312964101594,46.27466300903373,48.26561982689307,46.27466300903373,-0.017561983471074405,242000000,11507100000.0,0,0,0,0,0,0,2322.01,-0.004014806744532029,47.78,-2.6,2.37885205308424
2014-07-31,47.26,50.25,51.47,47.13,12615,62945796.0,2.09,5.68,9.13,47.55,1.0055337463936056,50.52807075627868,47.5215248545618,51.754821926878876,47.39080546753063,0.056782334384858135,242000000,12160500000.0,0,0,0,0,0,0,2350.25,0.012161876994500442,50.48,-2.44,2.5139288258145753
2014-08-01,50.23,50.96,52.5,49.8,6932,35570898.0,1.15,1.41,5.37,50.25,1.0055337463936056,51.24199971621814,50.50796008135081,52.790521685664295,50.075580570401556,0.01412935323383091,242000000,12332320000.0,0,0,0,0,0,0,2329.4,-0.008871396659929753,51.19,-2.4,2.549449014199219
2014-08-04,50.7,52.5,53.48,49.51,9853,51335788.0,1.63,3.02,7.79,50.96,1.0055337463936056,52.790521685664295,50.980560942155805,53.77594475713003,49.78397578394741,0.030219780219780112,242000000,12705000000.0,0,0,0,0,0,0,2375.62,0.01984201940413821,52.73,-2.31,2.626492803089855
2014-08-05,52.05,52.53,52.98,50.83,5013,26049337.0,0.83,0.06,4.1,52.5,1.0055337463936056,52.820687698056105,52.33803149978717,53.27317788393322,51.11128032918697,0.0005714285714286671,242000000,12712260000.0,0,0,0,0,0,0,2369.35,-0.0026393110009176324,52.76,-2.31,2.6279936561201924
2014-08-06,52.54,51.7,52.58,50.72,5669,29216698.0,0.94,-1.58,3.54,52.53,1.0055337463936056,51.986094688549414,52.83074303552004,52.87096438537578,51.000671617083675,-0.01580049495526359,242000000,12511400000.0,0,0,0,0,0,0,2363.22,-0.002587207461962171,51.93,-2.36,2.5864700556142
2014-08-07,51.7,50.3,51.99,49.88,15917,79717769.0,2.63,-2.71,4.08,51.7,1.0055337463936056,50.57834744359836,51.986094688549414,52.27769947500356,50.15602327011305,-0.027079303675048516,242000000,12172600000.0,0,0,0,0,0,0,2327.46,-0.015131896310965454,50.53,-2.44,2.516430247531804
2014-08-08,50.25,52.23,52.8,49.5,8172,41663725.0,1.35,3.84,6.56,50.3,1.0055337463936056,52.519027574138015,50.52807075627868,53.09218180958237,49.77392044648348,0.038369781312127316,242000000,12639660000.0,0,0,0,0,0,0,2331.13,0.001576826239763518,52.46,-2.33,2.612985125816821
2014-08-11,51.9,56.4,56.96,51.88,14060,76971234.0,2.32,7.98,9.73,52.23,1.0055337463936056,56.71210329659935,52.18720143782813,57.27520219457978,52.16709076290026,0.0798391728891441,242000000,13648800000.0,0,0,0,0,0,0,2365.35,0.01467957599962233,56.63,-2.08,2.8216036970336726
2014-08-12,56.9,56.0,57.04,54.8,8180,45554479.0,1.35,-0.71,3.97,56.4,1.0055337463936056,56.309889798041915,57.21487016979616,57.35564489429126,55.10324930236958,-0.007092198581560294,242000000,13552000000.0,0,0,0,0,0,0,2357.05,-0.0035089944405689577,56.23,-2.11,2.8015923232958455
2014-08-13,55.8,54.82,56.62,54.62,6656,36798006.0,1.1,-2.11,3.57,56.0,1.0055337463936056,55.12335997729746,56.108783048763186,56.933320720805945,54.92225322801873,-0.02107142857142852,242000000,13266440000.0,0,0,0,0,0,0,2358.9,0.000784879404340133,55.05,-2.18,2.7425587707692545
2014-08-14,54.55,54.12,55.36,53.91,5496,29923368.0,0.91,-1.28,2.65,54.82,1.0055337463936056,54.419486354821935,54.85186586577118,55.66634820035001,54.208324268079274,-0.012769062385990515,242000000,13097040000.0,0,0,0,0,0,0,2335.95,-0.009729111026325898,54.35,-2.22,2.7075388667280564
2014-08-15,54.16,54.12,54.75,54.01,3919,21296208.0,0.65,0.0,1.37,54.12,1.0055337463936056,54.419486354821935,54.459707704677676,55.0529726150499,54.308877642718635,0.0,242000000,13097040000.0,0,0,0,0,0,0,2360.64,0.010569575547421772,54.35,-2.22,2.7075388667280564
2014-08-18,54.15,54.2,55.3,53.85,7265,39603042.0,1.2,0.15,2.68,54.12,1.0055337463936056,54.499929054533425,54.449652367213744,55.60601617556639,54.14799224329566,0.0014781966001480296,242000000,13116400000.0,0,0,0,0,0,0,2374.56,0.005896705978039929,54.43,-2.21,2.711541141475622
2014-08-19,54.0,54.6,55.4,52.06,13920,74550112.0,2.3,0.74,6.16,54.2,1.0055337463936056,54.90214255309087,54.2988223052547,55.70656955020575,52.34808683725111,0.007380073800737907,242000000,13213200000.0,0,0,0,0,0,0,2374.77,8.843743683040195e-05,54.83,-2.19,2.7315525152134494
2014-08-20,54.21,53.4,54.56,53.22,7555,40628388.0,1.25,-2.2,2.45,54.6,1.0055337463936056,53.69550205741854,54.509984391997364,54.86192120323513,53.514505983067686,-0.02197802197802201,242000000,12922800000.0,0,0,0,0,0,0,2366.14,-0.0036340361382365405,53.63,-2.26,2.6715183939999667
2014-08-21,53.22,53.4,53.5,52.5,8690,45901814.0,1.44,0.0,1.87,53.4,1.0055337463936056,53.69550205741854,53.514505983067686,53.7960554320579,52.790521685664295,0.0,242000000,12922800000.0,0,0,0,0,0,0,2354.24,-0.005029288207798355,53.63,-2.26,2.6715183939999667
2014-08-22,53.5,54.6,54.65,52.8,7541,40593884.0,1.25,2.25,3.46,53.4,1.0055337463936056,54.90214255309087,53.7960554320579,54.95241924041054,53.09218180958237,0.022471910112359605,242000000,13213200000.0,0,0,0,0,0,0,2365.36,0.00472339268723676,54.83,-2.19,2.7315525152134494
2014-08-25,54.8,52.01,54.8,52.0,10872,57674370.0,1.8,-4.74,5.13,54.6,1.0055337463936056,52.29781014993142,55.10324930236958,55.10324930236958,52.28775481246749,-0.04743589743589749,242000000,12586420000.0,0,0,0,0,0,0,2342.86,-0.009512294111678532,52.24,-2.34,2.601978870261016
2014-08-26,52.12,51.92,52.6,51.0,8750,45160169.0,1.45,-0.17,3.08,52.01,1.0055337463936056,52.20731211275601,52.40841886203472,52.891075060303656,51.28222106607389,-0.0017304364545278617,242000000,12564640000.0,0,0,0,0,0,0,2324.09,-0.008011575595639475,52.15,-2.35,2.597476311170005
2014-08-27,51.92,50.92,52.43,50.79,6393,32713671.0,1.06,-1.93,3.16,51.92,1.0055337463936056,51.2017783663624,52.20731211275601,52.720134323416744,51.07105897933123,-0.01926040061633283,242000000,12322640000.0,0,0,0,0,0,0,2327.59,0.0015059657758520473,51.15,-2.4,2.5474478768254367
2014-08-28,51.01,50.01,51.5,49.86,6828,34375268.0,1.13,-1.79,3.22,50.92,1.0055337463936056,50.28674265714422,51.29227640353782,51.784987939270685,50.135912595185175,-0.017871170463472197,242000000,12102420000.0,0,0,0,0,0,0,2311.28,-0.007007247840040587,50.24,-2.46,2.501922001571879
2014-08-29,49.9,51.55,51.84,48.9,10157,51042476.0,1.68,3.08,5.88,50.01,1.0055337463936056,51.835264626590366,50.17613394504092,52.12686941304452,49.170600198647314,0.03079384123175366,242000000,12475100000.0,0,0,0,0,0,0,2338.29,0.011686165241770796,51.78,-2.37,2.5789657904625147
2014-09-01,51.3,51.4,51.4,49.76,9854,49665157.0,1.63,-0.29,3.18,51.55,1.0055337463936056,51.684434564631324,51.58388118999196,51.684434564631324,50.035359220545814,-0.0029097963142580285,242000000,12438800000.0,0,0,0,0,0,0,2355.32,0.007283100043194102,51.63,-2.38,2.5714615253108293
2014-09-02,50.99,51.79,51.9,50.2,6019,30868887.0,0.99,0.76,3.31,51.4,1.0055337463936056,52.076592725724836,51.27216572860995,52.18720143782813,50.47779406895901,0.007587548638132269,242000000,12533180000.0,0,0,0,0,0,0,2386.46,0.013221133434098142,52.02,-2.35,2.5909726147052115
2014-09-03,51.77,52.0,52.6,51.3,6332,33003538.0,1.05,0.41,2.51,51.79,1.0055337463936056,52.28775481246749,52.056482050796966,52.891075060303656,51.58388118999196,0.004054836841089093,242000000,12584000000.0,0,0,0,0,0,0,2408.84,0.009377907025468701,52.23,-2.34,2.6014785859175706
2014-09-04,52.0,52.35,52.45,50.35,6988,35999453.0,1.16,0.67,4.04,52.0,1.0055337463936056,52.639691623705254,52.28775481246749,52.740244998344615,50.62862413091804,0.006730769230769207,242000000,12668700000.0,0,0,0,0,0,0,2426.22,0.007215091081184122,52.58,-2.32,2.61898853793817
2014-09-05,51.36,52.17,52.6,51.28,4703,24308010.0,0.78,-0.34,2.52,52.35,1.0055337463936056,52.4586955493544,51.64421321477558,52.891075060303656,51.5637705150641,-0.0034383954154727503,242000000,12625140000.0,0,0,0,0,0,0,2449.26,0.009496253431263701,52.4,-2.33,2.6099834197561473
2014-09-09,51.79,51.9,52.07,50.54,5227,26899578.0,0.86,-0.52,2.93,52.17,1.0055337463936056,52.18720143782813,52.076592725724836,52.35814217471504,50.819675542732824,-0.005175388154111671,242000000,12559800000.0,0,0,0,0,0,0,2445.22,-0.001649477801458521,52.13,-2.35,2.596475742483114
2014-09-10,51.3,52.0,52.2,50.81,4585,23632353.0,0.76,0.19,2.68,51.9,1.0055337463936056,52.28775481246749,51.58388118999196,52.48886156174621,51.091169654259105,0.0019267822736031004,242000000,12584000000.0,0,0,0,0,0,0,2432.43,-0.005230613196358647,52.23,-2.34,2.6014785859175706
2014-09-11,51.98,51.3,52.22,51.02,4880,25225599.0,0.81,-1.35,2.31,52.0,1.0055337463936056,51.58388118999196,52.26764413753961,52.50897223667408,51.30233174100176,-0.013461538461538525,242000000,12414600000.0,0,0,0,0,0,0,2423.45,-0.0036917814695592854,51.53,-2.38,2.5664586818763726
2014-09-12,51.3,51.14,51.69,51.0,3926,20150427.0,0.65,-0.31,1.35,51.3,1.0055337463936056,51.42299579056899,51.58388118999196,51.97603935108547,51.28222106607389,-0.003118908382066188,242000000,12375880000.0,0,0,0,0,0,0,2438.36,0.0061523860611938375,51.37,-2.39,2.5584541323812418
2014-09-15,51.16,50.5,51.25,50.18,12001,60867578.0,1.98,-1.25,2.09,51.14,1.0055337463936056,50.77945419287708,51.44310646549686,51.53360450267229,50.45768339403113,-0.012514665623777899,242000000,12221000000.0,0,0,0,0,0,0,2437.19,-0.00047983070588430987,50.73,-2.43,2.526435934400718
2014-09-16,50.9,49.9,51.0,49.65,8807,44432145.0,1.46,-1.19,2.67,50.5,1.0055337463936056,50.17613394504092,51.18166769143453,51.28222106607389,49.924750508442514,-0.011881188118811892,242000000,12075800000.0,0,0,0,0,0,0,2388.76,-0.019871245163487372,50.13,-2.46,2.4964188737939765
2014-09-17,49.9,52.69,52.98,49.41,8711,45009087.0,1.44,5.59,7.15,49.9,1.0055337463936056,52.98157309747908,50.17613394504092,53.27317788393322,49.68342240930805,0.055911823647294634,242000000,12750980000.0,0,0,0,0,0,0,2401.33,0.0052621443761615705,52.92,-2.3,2.635998205615323
2014-09-18,53.06,52.99,53.79,52.7,12241,64999336.0,2.02,0.57,2.07,52.69,1.0055337463936056,53.28323322139716,53.35362058364471,54.08766021851204,52.99162843494302,0.005693680015183222,242000000,12823580000.0,0,0,0,0,0,0,2408.66,0.0030524750867226835,53.22,-2.28,2.6510067359186937
2014-09-19,53.27,52.28,53.27,52.07,3462,18102303.0,0.57,-1.34,2.26,52.99,1.0055337463936056,52.5693042614577,53.56478267038737,53.56478267038737,52.35814217471504,-0.013398754481977693,242000000,12651760000.0,0,0,0,0,0,0,2425.21,0.006871040329477829,52.51,-2.32,2.61548654753405
2014-09-22,52.28,50.38,52.28,50.15,4847,24673263.0,0.8,-3.63,4.07,52.28,1.0055337463936056,50.65879014330985,52.5693042614577,52.5693042614577,50.42751738163932,-0.03634276970160666,242000000,12191960000.0,0,0,0,0,0,0,2378.92,-0.019087006898371617,50.61,-2.44,2.5204325222793695
2014-09-23,49.88,50.4,51.24,49.88,3853,19445913.0,0.64,0.04,2.7,50.38,1.0055337463936056,50.67890081823772,50.15602327011305,51.52354916520835,50.15602327011305,0.00039698292973389115,242000000,12196800000.0,0,0,0,0,0,0,2399.46,0.00863417012762091,50.63,-2.43,2.521433090966261
2014-09-24,50.56,50.53,51.1,50.03,6029,30439838.0,1.0,0.26,2.12,50.4,1.0055337463936056,50.80962020526889,50.8397862176607,51.38277444071325,50.30685333207209,0.00257936507936507,242000000,12228260000.0,0,0,0,0,0,0,2441.86,0.017670642561242955,50.76,-2.43,2.527936787431055
2014-09-25,50.75,50.79,51.01,50.04,5380,27218507.0,0.89,0.51,1.92,50.53,1.0055337463936056,51.07105897933123,51.030837629475485,51.29227640353782,50.316908669536026,0.005145458143676951,242000000,12291180000.0,0,0,0,0,0,0,2436.97,-0.0020025718100138423,51.02,-2.41,2.5409441803606425
2014-09-26,50.87,50.52,50.95,49.96,6322,31729297.0,1.04,-0.53,1.95,50.79,1.0055337463936056,50.79956486780496,51.15150167904272,51.23194437875421,50.236465969824536,-0.005316007088009389,242000000,12225840000.0,0,0,0,0,0,0,2437.2,9.437949584945038e-05,50.75,-2.43,2.527436503087609
2014-09-29,50.7,53.1,54.0,50.7,12758,66831676.0,2.11,5.11,6.53,50.52,1.0055337463936056,53.39384193350046,50.980560942155805,54.2988223052547,50.980560942155805,0.051068883610451365,242000000,12850200000.0,0,0,0,0,0,0,2447.8,0.004349253241424655,53.33,-2.28,2.6565098636965963
2014-09-30,52.7,54.97,55.5,52.7,9931,53858087.0,1.64,3.52,5.27,53.1,1.0055337463936056,55.274190039256496,52.99162843494302,55.80712292484511,52.99162843494302,0.035216572504708,242000000,13302740000.0,0,0,0,0,0,0,2450.99,0.0013032110466539848,55.2,-2.17,2.7500630359209395
2014-10-08,54.9,54.5,55.86,54.06,4396,24075626.0,0.73,-0.86,3.27,54.97,1.0055337463936056,54.80158917845151,55.203802677008944,56.169115073546806,54.35915433003832,-0.00855011824631613,242000000,13189000000.0,0,0,0,0,0,0,2478.38,0.011175076193701505,54.73,-2.19,2.7265496717789923
2014-10-09,54.9,54.59,55.18,53.68,4036,21879272.0,0.67,0.17,2.75,54.5,1.0055337463936056,54.89208721562693,55.203802677008944,55.48535212599916,53.97705150640875,0.0016513761467891186,242000000,13210780000.0,0,0,0,0,0,0,2481.96,0.0014444919665264067,54.82,-2.19,2.7310522308700036
2014-10-10,54.56,53.42,54.56,53.3,5527,29657070.0,0.91,-2.14,2.31,54.59,1.0055337463936056,53.715612732346415,54.86192120323513,54.86192120323513,53.594948682779176,-0.021432496794284717,242000000,12927640000.0,0,0,0,0,0,0,2466.79,-0.006112104949314245,53.65,-2.26,2.6725189626868584
2014-10-13,53.4,50.8,53.4,50.6,9936,51158727.0,1.64,-4.9,5.24,53.42,1.0055337463936056,51.08111431679516,53.69550205741854,53.69550205741854,50.880007567516444,-0.049045301385249096,242000000,12293600000.0,0,0,0,0,0,0,2454.95,-0.004799760011999443,51.03,-2.41,2.541444464704088
2014-10-14,50.5,51.61,51.99,50.31,4692,24187541.0,0.78,1.59,3.31,50.8,1.0055337463936056,51.895596651373985,50.77945419287708,52.27769947500356,50.5884027810623,0.01594488188976384,242000000,12489620000.0,0,0,0,0,0,0,2446.56,-0.0034175848795290342,51.84,-2.36,2.581967496523189
2014-10-15,51.59,50.77,51.95,50.27,4877,24800994.0,0.81,-1.63,3.26,51.61,1.0055337463936056,51.050948304403356,51.875485976446114,52.23747812514782,50.54818143120656,-0.016275915520247985,242000000,12286340000.0,0,0,0,0,0,0,2463.87,0.007075240337453437,51.0,-2.41,2.5399436116737513
2014-10-16,50.3,49.24,50.5,48.07,11147,55200733.0,1.84,-3.01,4.79,50.77,1.0055337463936056,49.51248167242114,50.57834744359836,50.77945419287708,48.33600718914062,-0.03013590703171165,242000000,11916080000.0,0,0,0,0,0,0,2444.4,-0.007902202632444011,49.47,-2.5,2.463400107126561
2014-10-17,49.09,48.7,49.3,48.1,5824,28280958.0,0.96,-1.1,2.44,49.24,1.0055337463936056,48.96949344936859,49.361651610462104,49.57281369720475,48.36617320153243,-0.010966693744922762,242000000,11785400000.0,0,0,0,0,0,0,2441.73,-0.001092292587137944,48.93,-2.53,2.4363847525804943
2014-10-20,48.79,49.6,49.6,48.51,10106,49654708.0,1.67,1.85,2.24,48.7,1.0055337463936056,49.87447382112284,49.059991486544014,49.87447382112284,48.77844203755381,0.01848049281314168,242000000,12003200000.0,0,0,0,0,0,0,2454.71,0.00531590306872598,49.83,-2.48,2.481410343490606
2014-10-21,49.5,49.95,50.39,48.91,6597,32980210.0,1.09,0.71,2.98,49.6,1.0055337463936056,50.226410632360604,49.77392044648348,50.66884548077379,49.180655536111246,0.007056451612903247,242000000,12087900000.0,0,0,0,0,0,0,2433.39,-0.008685343686219649,50.18,-2.46,2.4989202955112053
2014-10-22,49.95,50.0,50.49,49.94,3643,18264733.0,0.6,0.1,1.1,49.95,1.0055337463936056,50.27668731968028,50.226410632360604,50.76939885541315,50.21635529489666,0.0010010010010008674,242000000,12100000000.0,0,0,0,0,0,0,2418.64,-0.006061502677334962,50.23,-2.46,2.501421717228433
2014-10-23,50.0,48.15,50.02,47.9,6269,30781957.0,1.04,-3.7,4.24,50.0,1.0055337463936056,48.41644988885211,50.27668731968028,50.296797994608156,48.165066452253704,-0.03700000000000003,242000000,11652300000.0,0,0,0,0,0,0,2395.94,-0.009385439751265046,48.38,-2.57,2.4088691136909812
2014-10-24,48.19,50.28,50.38,48.15,3993,19820628.0,0.66,4.42,4.63,48.15,1.0055337463936056,50.55823676867049,48.45667123870785,50.65879014330985,48.41644988885211,0.04423676012461075,242000000,12167760000.0,0,0,0,0,0,0,2390.71,-0.0021828593370452065,50.51,-2.44,2.5154296788449124
2014-10-27,50.0,50.04,51.0,49.08,8113,40851644.0,1.34,-0.48,3.82,50.28,1.0055337463936056,50.316908669536026,50.27668731968028,51.28222106607389,49.35159627299816,-0.004773269689737458,242000000,12109680000.0,0,0,0,0,0,0,2368.83,-0.009152092892906305,50.27,-2.46,2.503422854602216
2014-10-28,50.1,54.48,55.04,50.04,12361,65344455.0,2.04,8.87,9.99,50.04,1.0055337463936056,54.78147850352363,50.37724069431964,55.344577401504054,50.316908669536026,0.08872901678657064,242000000,13184160000.0,1,0,0,0,0,0,2416.65,0.02018718101341177,54.71,-2.2,2.7255491030921006
2014-10-29,55.49,53.0,55.49,52.51,10927,58190172.0,1.81,-2.72,5.47,54.48,1.0055337463936056,53.2932885588611,55.79706758738118,55.79706758738118,52.80057702312823,-0.027165932452276054,242000000,12826000000.0,0,0,0,0,0,0,2451.38,0.014371133594024865,53.23,-2.28,2.6515070202621396
2014-10-30,53.25,53.07,53.35,52.61,4869,25818112.0,0.8,0.13,1.4,53.0,1.0055337463936056,53.36367592110865,53.544671995459495,53.64522537009886,52.90113039776759,0.0013207547169811207,242000000,12842940000.0,0,0,0,0,0,0,2468.93,0.007159232758690903,53.3,-2.28,2.655009010666259
2014-10-31,52.89,52.77,53.25,51.28,7488,39015442.0,1.24,-0.57,3.71,53.07,1.0055337463936056,53.06201579719057,53.1826798467578,53.544671995459495,51.5637705150641,-0.005652911249293346,242000000,12770340000.0,0,0,0,0,0,0,2508.32,0.015954279789220482,53.0,-2.3,2.6400004803628887
2014-11-03,52.3,52.81,53.0,52.17,2982,15743722.0,0.49,0.08,1.57,52.77,1.0055337463936056,53.10223714704632,52.58941493638557,53.2932885588611,52.4586955493544,0.0007580064430547928,242000000,12780020000.0,0,0,0,0,0,0,2512.55,0.0016863877017285755,53.04,-2.29,2.6420016177366716
2014-11-04,52.7,51.7,52.96,51.62,2742,14313532.0,0.45,-2.1,2.54,52.81,1.0055337463936056,51.986094688549414,52.99162843494302,53.25306720900535,51.90565198883792,-0.021018746449536052,242000000,12511400000.0,0,0,0,0,0,0,2513.17,0.0002467612584824419,51.93,-2.36,2.5864700556142
2014-11-05,51.2,51.68,51.73,50.1,4563,23289587.0,0.75,-0.04,3.15,51.7,1.0055337463936056,51.96598401362154,51.48332781535261,52.01626070094122,50.37724069431964,-0.0003868471953578645,242000000,12506560000.0,0,0,0,0,0,0,2503.45,-0.0038676253496581214,51.91,-2.36,2.5854694869273085
2014-11-06,51.39,52.62,53.1,51.24,5151,26991960.0,0.85,1.82,3.6,51.68,1.0055337463936056,52.91118573523153,51.67437922716739,53.39384193350046,51.52354916520835,0.018188854489163964,242000000,12734040000.0,0,0,0,0,0,0,2506.07,0.001046555753061007,52.85,-2.3,2.6324962152112032
2014-11-07,52.96,51.89,52.96,50.55,10861,55778235.0,1.8,-1.39,4.58,52.62,1.0055337463936056,52.1771461003642,53.25306720900535,53.25306720900535,50.82973088019676,-0.013873052071455616,242000000,12557380000.0,0,0,0,0,0,0,2502.15,-0.0015642021172592724,52.12,-2.35,2.595975458139668
2014-11-10,51.4,50.43,51.4,50.0,8363,42102703.0,1.38,-2.81,2.7,51.89,1.0055337463936056,50.70906683062953,51.684434564631324,51.684434564631324,50.27668731968028,-0.02813644247446523,242000000,12204060000.0,0,0,0,0,0,0,2565.73,0.025410147273344785,50.66,-2.43,2.522933943996598
2014-11-11,50.4,49.59,50.68,49.11,9461,47333347.0,1.56,-1.67,3.11,50.43,1.0055337463936056,49.8644184836589,50.67890081823772,50.960450267227934,49.38176228538997,-0.016656751933372904,242000000,12000780000.0,0,0,0,0,0,0,2558.61,-0.002775038682947928,49.82,-2.48,2.4809100591471602
2014-11-12,49.79,52.58,52.75,49.79,15833,81435087.0,2.62,6.03,5.97,49.59,1.0055337463936056,52.87096438537578,50.065525232937624,53.0419051222627,50.065525232937624,0.06029441419641035,242000000,12724360000.0,0,0,0,0,0,0,2594.32,0.013956796854542208,52.81,-2.31,2.6304950778374203
2014-11-13,52.35,54.53,55.8,51.4,13293,72068281.0,2.2,3.71,8.37,52.58,1.0055337463936056,54.83175519084332,52.639691623705254,56.108783048763186,51.684434564631324,0.03708634461772542,242000000,13196260000.0,0,0,0,0,0,0,2579.75,-0.005616115205525962,54.76,-2.19,2.7280505248093294
2014-11-14,53.78,54.78,55.11,53.01,5612,30325032.0,0.93,0.46,3.85,54.53,1.0055337463936056,55.08313862744171,54.07760488104811,55.414964763751605,53.30334389632503,0.0045846323124885124,242000000,13256760000.0,0,0,0,0,0,0,2581.09,0.0005194301773427945,55.01,-2.18,2.7405576333954715
2014-11-17,55.07,54.21,55.18,53.32,4094,21996177.0,0.68,-1.04,3.4,54.78,1.0055337463936056,54.509984391997364,55.374743413895864,55.48535212599916,53.615059357707054,-0.010405257393209189,242000000,13118820000.0,0,0,0,0,0,0,2567.1,-0.005420190694629068,54.44,-2.21,2.7120414258190677
2014-11-18,54.11,59.63,59.63,53.83,12689,73167295.0,2.1,10.0,10.7,54.21,1.0055337463936056,59.959977297450706,54.409431017357996,59.959977297450706,54.12788156836779,0.0999815532189634,242000000,14430460000.0,1,0,1,0,0,0,2541.42,-0.010003505901600929,59.86,-1.9,2.98319553996663
2014-11-19,60.02,62.31,65.0,59.9,16519,102338882.0,2.73,4.49,8.55,59.63,1.0055337463936056,62.65480773778557,60.35213545854421,65.35969351558437,60.23147140897697,0.04494382022471899,242000000,15079020000.0,0,0,0,0,0,0,2537.22,-0.0016526194017518758,62.54,-1.74,3.1172717440100737
2014-11-20,61.98,61.66,62.96,60.58,12880,79200799.0,2.13,-1.04,3.82,62.31,1.0055337463936056,62.00121080262972,62.322981601475675,63.30840467294141,60.91523435652463,-0.0104317124057135,242000000,14921720000.0,0,0,0,0,0,0,2537.1,-4.729585924745372e-05,61.89,-1.78,3.084753261686104
2014-11-21,61.6,61.3,62.48,60.01,8512,52286563.0,1.41,-0.58,4.01,61.66,1.0055337463936056,61.63921865392802,61.94087877784611,62.82574847467247,60.34208012108027,-0.005838469023678239,242000000,14834600000.0,0,0,0,0,0,0,2583.46,0.018272831185211613,61.53,-1.8,3.066743025322059
2014-11-24,61.5,62.61,64.97,59.0,11909,75211077.0,1.97,2.14,9.74,61.3,1.0055337463936056,62.95646786170364,61.84032540320674,65.32952750319255,59.32649103722273,0.021370309951060484,242000000,15151620000.0,0,0,0,0,0,0,2649.26,0.02546971890410532,62.84,-1.72,3.132280274313444
2014-11-25,62.51,61.08,62.51,59.0,7023,42005358.0,1.16,-2.44,5.61,62.61,1.0055337463936056,61.418001229721426,62.85591448706428,62.85591448706428,59.32649103722273,-0.024436990896023025,242000000,14781360000.0,0,0,0,0,0,0,2685.56,0.013701939409495267,61.31,-1.81,3.055736769766254
2014-11-26,60.4,59.13,60.51,58.21,9877,58298040.0,1.63,-3.19,3.77,61.08,1.0055337463936056,59.4572104242539,60.73423828217378,60.84484699427707,58.53211937757178,-0.03192534381139478,242000000,14309460000.0,0,0,0,0,0,0,2723.02,0.013948673647209642,59.36,-1.92,2.958181322794345
2014-11-27,59.01,58.5,59.01,57.38,10906,63337518.0,1.8,-1.07,2.76,59.13,1.0055337463936056,58.823724164025926,59.33654637468666,59.33654637468666,57.69752636806509,-0.010654490106544956,242000000,14157000000.0,0,0,0,0,0,0,2754.49,0.011557021248466803,58.73,-1.96,2.9266634091572667
2014-11-28,58.46,57.8,58.46,57.15,9594,55344243.0,1.59,-1.2,2.24,58.5,1.0055337463936056,58.1198505415504,58.783502814170184,58.783502814170184,57.46625360639456,-0.011965811965812034,242000000,13987600000.0,0,0,0,0,0,0,2808.82,0.019724159463276436,58.03,-2.0,2.8916435051160687
2014-12-01,57.14,54.3,58.14,53.74,16535,90915209.0,2.73,-6.06,7.61,57.8,1.0055337463936056,54.60048242917278,57.45619826893063,58.46173201532423,54.03738353119237,-0.06055363321799312,242000000,13140600000.0,0,0,0,0,0,0,2819.81,0.003912675073518335,54.53,-2.21,2.7165439849100785
2014-12-02,54.49,54.86,55.97,54.25,12873,70685110.0,2.13,1.03,3.17,54.3,1.0055337463936056,55.1635813271532,54.79153384098757,56.279723785650106,54.550205741853105,0.010313075506445779,242000000,13276120000.0,0,0,0,0,0,0,2923.94,0.0369280199729769,55.09,-2.17,2.744559908143037
2014-12-03,55.88,54.33,55.89,53.21,17435,94392772.0,2.88,-0.97,4.89,54.86,1.0055337463936056,54.63064844156459,56.18922574847468,56.199281085938615,53.504450645603754,-0.00966095515858556,242000000,13147860000.0,0,0,0,0,0,0,2967.55,0.014914806733380415,54.56,-2.2,2.7180448379404156
2014-12-04,54.35,56.39,58.33,53.62,27706,152744760.0,4.58,3.79,8.67,54.33,1.0055337463936056,56.70204795913542,54.650759116492466,58.65278342713901,53.91671948162513,0.03791643659120192,242000000,13646380000.0,0,0,0,0,0,0,3104.35,0.04609863355293076,56.62,-2.08,2.8211034126902272
2014-12-05,55.96,53.9,55.96,52.85,22380,120361882.0,3.7,-4.42,5.52,56.39,1.0055337463936056,54.19826893061534,56.26966844818617,56.26966844818617,53.14245849690206,-0.044156765383933316,242000000,13043800000.0,0,0,0,0,0,0,3124.89,0.006616521977225398,54.13,-2.23,2.696532611172251
2014-12-08,53.77,51.6,54.6,51.46,24076,126744045.0,3.98,-4.27,5.83,53.9,1.0055337463936056,51.88554131391005,54.06754954358418,54.90214255309087,51.744766589414944,-0.042671614100185495,242000000,12487200000.0,0,0,0,0,0,0,3252.88,0.04095824173010887,51.83,-2.36,2.5814672121797435
2014-12-09,51.63,48.5,51.63,48.3,21751,108440013.0,3.6,-6.01,6.45,51.6,1.0055337463936056,48.76838670008987,51.91570732630186,51.91570732630186,48.56727995081115,-0.06007751937984496,242000000,11737000000.0,0,0,0,0,0,0,3106.91,-0.04487408081453981,48.73,-2.54,2.4263790657115805
2014-12-10,48.0,51.03,51.55,48.0,12915,64747691.0,2.13,5.22,7.32,48.5,1.0055337463936056,51.3123870784657,48.26561982689307,51.835264626590366,48.26561982689307,0.052164948453608195,242000000,12349260000.0,0,0,0,0,0,0,3221.55,0.036898397443118736,51.26,-2.4,2.5529510046033392
2014-12-11,51.16,50.02,51.87,49.7,9498,47991631.0,1.57,-1.98,4.25,51.03,1.0055337463936056,50.296797994608156,51.44310646549686,52.15703542543632,49.9750271957622,-0.019792279051538242,242000000,12104840000.0,0,0,0,0,0,0,3183.01,-0.011963185423165879,50.25,-2.46,2.502422285915325
2014-12-12,50.15,50.99,51.69,48.59,16833,84395861.0,2.78,1.94,6.2,50.02,1.0055337463936056,51.27216572860995,50.42751738163932,51.97603935108547,48.8588847372653,0.019392243102758888,242000000,12339580000.0,0,0,0,0,0,0,3193.23,0.0032107973270583123,51.22,-2.4,2.5509498672295563
2014-12-15,50.41,52.85,53.51,50.02,20423,106929270.0,3.38,3.65,6.84,50.99,1.0055337463936056,53.14245849690206,50.68895615570165,53.80611076952184,50.296797994608156,0.03647774073347709,242000000,12789700000.0,0,0,0,0,0,0,3217.23,0.007515900827688604,53.08,-2.29,2.644002755110454
2014-12-16,52.8,53.0,53.7,52.0,16092,85063174.0,2.66,0.28,3.22,52.85,1.0055337463936056,53.2932885588611,53.09218180958237,53.99716218133663,52.28775481246749,0.002838221381267658,242000000,12826000000.0,0,0,0,0,0,0,3303.4,0.026783910382534026,53.23,-2.28,2.6515070202621396
2014-12-17,52.75,53.43,55.19,52.38,19232,103682975.0,3.18,0.81,5.3,53.0,1.0055337463936056,53.72566806981035,53.0419051222627,55.49540746346309,52.66985763609706,0.00811320754716971,242000000,12930060000.0,0,0,0,0,0,0,3360.6,0.017315493128291948,53.66,-2.26,2.673019247030304
2014-12-18,53.05,52.79,53.9,52.38,6361,33896211.0,1.05,-1.2,2.84,53.43,1.0055337463936056,53.08212647211844,53.34356524618077,54.19826893061534,52.66985763609706,-0.011978289350552118,242000000,12775180000.0,0,0,0,0,0,0,3345.93,-0.00436529191215862,53.02,-2.29,2.64100104904978
2014-12-19,52.75,50.5,52.75,48.77,12605,63103946.0,2.08,-4.34,7.54,52.79,1.0055337463936056,50.77945419287708,53.0419051222627,53.0419051222627,49.03988081161615,-0.04337942792195493,242000000,12221000000.0,0,0,0,0,0,0,3383.17,0.011129939956902923,50.73,-2.43,2.526435934400718
2014-12-22,50.05,45.45,50.05,45.45,16999,78877566.0,2.81,-10.0,9.11,50.5,1.0055337463936056,45.701508773589374,50.32696400699996,50.32696400699996,45.701508773589374,-0.09999999999999998,242000000,10998900000.0,0,1,0,1,0,0,3394.48,0.0033430185299585524,45.68,-2.72,2.2737923409606458
2014-12-23,45.3,43.36,46.3,42.0,21568,94698459.0,3.56,-4.6,9.46,45.45,1.0055337463936056,43.59994324362674,45.55067871163033,46.556212458023936,42.232417348531435,-0.04598459845984604,242000000,10493120000.0,0,0,0,0,0,0,3324.92,-0.020492093045179183,43.59,-2.84,2.1692329131804975
2014-12-24,43.5,45.2,45.2,43.0,11382,50464013.0,1.88,4.24,5.07,43.36,1.0055337463936056,45.45012533699098,43.74071796812184,45.45012533699098,43.23795109492504,0.04243542435424352,242000000,10938400000.0,0,0,0,0,0,0,3230.39,-0.028430759236312553,45.43,-2.74,2.261285232374504
2014-12-25,45.0,45.5,46.46,44.4,16099,72650237.0,2.66,0.66,4.56,45.2,1.0055337463936056,45.751785460909055,45.24901858771225,46.717097857446916,44.645698339876084,0.006637168141592875,242000000,11011000000.0,0,0,0,0,0,0,3335.42,0.03251310213317904,45.73,-2.72,2.2762937626778745
2014-12-26,45.39,44.01,45.48,43.3,15177,67030345.0,2.51,-3.27,4.79,45.5,1.0055337463936056,44.25354017878258,45.64117674880576,45.73167478598118,43.53961121884312,-0.032747252747252764,242000000,10650420000.0,0,0,0,0,0,0,3445.84,0.033105276097163294,44.24,-2.81,2.2017513955044667
2014-12-29,42.74,42.78,43.64,41.86,19238,82075427.0,3.18,-2.79,4.04,44.01,1.0055337463936056,43.01673367071845,42.9765123208627,43.88149269261695,42.09164262403633,-0.027948193592365334,242000000,10352760000.0,0,0,0,0,0,0,3455.46,0.0027917721078170032,43.01,-2.88,2.140216421260648
2014-12-30,42.5,41.5,42.84,40.5,19673,81580441.0,3.25,-2.99,5.47,42.78,1.0055337463936056,41.72965047533463,42.73518422172824,43.077065695502064,40.72411672894103,-0.029920523609163197,242000000,10043000000.0,0,0,0,0,0,0,3457.55,0.0006048398766012042,41.73,-2.95,2.0761800252995997
2014-12-31,41.21,44.0,44.0,40.78,20058,86093573.0,3.32,6.02,7.76,41.5,1.0055337463936056,44.24348484131865,41.438045688880486,44.24348484131865,41.00566617793124,0.06024096385542177,242000000,10648000000.0,0,0,0,0,0,0,3533.71,0.022027157958670163,44.23,-2.81,2.2012511111610213
2015-01-05,43.21,44.1,44.65,42.1,12472,54342547.0,2.06,0.23,5.8,44.0,1.0055337463936056,44.34403821595801,43.4491131816677,44.89708177647449,42.332970723170796,0.002272727272727204,242000000,10672200000.0,0,0,0,0,0,0,3641.54,0.030514671549165095,44.33,-2.8,2.2062539545954785
2015-01-06,43.79,47.64,48.51,43.35,27564,129024262.0,4.56,8.03,11.7,44.1,1.0055337463936056,47.90362767819137,44.032322754575986,48.77844203755381,43.5898879061628,0.08027210884353742,242000000,11528880000.0,1,0,0,0,0,0,3641.06,-0.00013181236509829386,47.87,-2.6,2.383354612175251
2015-01-07,47.68,50.02,50.2,47.06,28575,140559420.0,4.72,5.0,6.59,47.64,1.0055337463936056,50.296797994608156,47.94384902804711,50.47779406895901,47.32041810528308,0.04995801847187242,242000000,12104840000.0,0,0,0,0,0,0,3643.79,0.0007497816569899118,50.25,-2.46,2.502422285915325
2015-01-08,49.9,52.0,54.98,49.19,17845,93666337.0,2.95,3.96,11.58,50.02,1.0055337463936056,52.28775481246749,50.17613394504092,55.284245376720435,49.46220498510146,0.03958416633346662,242000000,12584000000.0,0,0,0,0,0,0,3559.26,-0.023198373122490512,52.23,-2.34,2.6014785859175706
2015-01-09,51.83,53.01,54.49,51.56,9814,51964629.0,1.62,1.94,5.63,52.0,1.0055337463936056,53.30334389632503,52.11681407558058,54.79153384098757,51.845319964054305,0.019423076923076987,242000000,12828420000.0,0,0,0,0,0,0,3546.72,-0.0035232042615600534,53.24,-2.28,2.652007304605585
2015-01-12,52.04,51.2,53.97,50.0,11568,60637944.0,1.91,-3.41,7.49,53.01,1.0055337463936056,51.48332781535261,52.32797616232323,54.26865629286289,50.27668731968028,-0.034144501037539965,242000000,12390400000.0,0,0,0,0,0,0,3513.58,-0.00934384445346681,51.43,-2.39,2.561455838441916
2015-01-13,51.2,51.51,52.5,50.51,3455,17887697.0,0.57,0.61,3.89,51.2,1.0055337463936056,51.795043276734624,51.48332781535261,52.790521685664295,50.789509530341014,0.006054687499999822,242000000,12465420000.0,0,0,0,0,0,0,3514.04,0.00013092059950259305,51.74,-2.37,2.5769646530887322
2015-01-14,51.64,55.45,55.51,51.0,10015,54466359.0,1.66,7.65,8.76,51.51,1.0055337463936056,55.75684623752543,51.925762663765795,55.81717826230904,51.28222106607389,0.07649000194137079,242000000,13418900000.0,0,0,0,0,0,0,3502.42,-0.003306735267669114,55.68,-2.14,2.7740766844063325
2015-01-15,55.37,54.02,57.4,53.83,7530,41770583.0,1.24,-2.58,6.44,55.45,1.0055337463936056,54.31893298018258,55.67640353781394,57.71763704299296,54.12788156836779,-0.02578899909828669,242000000,13072840000.0,0,0,0,0,0,0,3604.12,0.029037065800218143,54.25,-2.22,2.7025360232935998
2015-01-16,53.9,55.65,56.0,52.88,6629,36334295.0,1.1,3.02,5.78,54.02,1.0055337463936056,55.95795298680415,54.19826893061534,56.309889798041915,53.17262450929387,0.030174009626064313,242000000,13467300000.0,0,0,0,0,0,0,3635.15,0.008609591245574588,55.88,-2.13,2.7840823712752463
2015-01-19,55.57,55.76,58.24,54.54,11410,64289070.0,1.89,0.2,6.65,55.65,1.0055337463936056,56.068561698907445,55.87751028709266,58.56228538996359,54.84181052830725,0.001976639712488737,242000000,13493920000.0,0,0,0,0,0,0,3355.16,-0.07702295641170243,55.99,-2.12,2.789585499053149
2015-01-20,55.99,54.73,56.92,53.51,6501,35695531.0,1.07,-1.85,6.12,55.76,1.0055337463936056,55.03286194012203,56.299834460577976,57.234980844724035,53.80611076952184,-0.018472022955523748,242000000,13244660000.0,0,0,0,0,0,0,3396.22,0.012237866450482304,54.96,-2.18,2.738056211678243
2015-01-21,54.73,55.01,55.55,53.73,8141,44396216.0,1.35,0.51,3.33,54.73,1.0055337463936056,55.314411389112244,55.03286194012203,55.85739961216479,54.02732819372842,0.005116024118399398,242000000,13312420000.0,0,0,0,0,0,0,3548.89,0.04495291824440106,55.24,-2.17,2.7520641732947224
2015-01-22,54.55,53.95,54.85,52.32,11763,62906580.0,1.94,-1.93,4.6,55.01,1.0055337463936056,54.24854561793502,54.85186586577118,55.15352598968927,52.609525611313444,-0.01926922377749496,242000000,13055900000.0,0,0,0,0,0,0,3567.61,0.005274888768037389,54.18,-2.23,2.6990340328894797
2015-01-23,53.89,53.39,53.89,52.6,4979,26509378.0,0.82,-1.04,2.39,53.95,1.0055337463936056,53.685446719954605,54.1882135931514,54.1882135931514,52.891075060303656,-0.010379981464318844,242000000,12920380000.0,0,0,0,0,0,0,3571.73,0.0011548347493139932,53.62,-2.26,2.6710181096565213
2015-01-26,53.39,54.11,54.2,52.8,10257,54891073.0,1.7,1.35,2.62,53.39,1.0055337463936056,54.409431017357996,53.685446719954605,54.499929054533425,53.09218180958237,0.013485671474058769,242000000,13094620000.0,0,0,0,0,0,0,3607.99,0.01015194317599577,54.34,-2.22,2.7070385823846106
2015-01-27,54.08,53.41,54.12,52.8,6581,35054296.0,1.09,-1.29,2.44,54.11,1.0055337463936056,53.70555739488247,54.379265004966186,54.419486354821935,53.09218180958237,-0.01293661060802076,242000000,12925220000.0,0,0,0,0,0,0,3574.93,-0.009162996571498216,53.64,-2.26,2.672018678343412
2015-01-28,53.14,50.96,53.38,50.6,17972,93047441.0,2.51,-4.59,5.21,53.41,1.0055337463936056,51.24199971621814,53.4340632833562,53.675391382490666,50.880007567516444,-0.04587155963302747,242000000,12332320000.0,0,0,0,0,0,0,3525.32,-0.013877194798219694,51.19,-2.4,2.549449014199219
2015-01-29,50.3,51.0,52.56,50.01,11891,61305082.0,1.66,0.08,5.0,50.96,1.0055337463936056,51.28222106607389,50.57834744359836,52.850853710447915,50.28674265714422,0.0007849293563579884,242000000,12342000000.0,0,0,0,0,0,0,3481.8,-0.012344978611870672,51.23,-2.4,2.551450151573002
2015-01-30,51.8,50.79,51.8,50.33,6303,32083652.0,0.88,-0.41,2.88,51.0,1.0055337463936056,51.07105897933123,52.08664806318877,52.08664806318877,50.60851345599017,-0.004117647058823559,242000000,12291180000.0,0,0,0,0,0,0,3434.39,-0.013616520190706027,51.02,-2.41,2.5409441803606425
2015-02-02,50.81,52.38,52.7,50.26,7392,38424400.0,1.03,3.13,4.8,50.79,1.0055337463936056,52.66985763609706,51.091169654259105,52.99162843494302,50.53812609374261,0.031305375073833464,242000000,12675960000.0,0,0,0,0,0,0,3353.96,-0.02341900599524216,52.61,-2.32,2.620489390968507
2015-02-03,52.38,51.82,53.0,51.5,13324,69326375.0,1.86,-1.07,2.86,52.38,1.0055337463936056,52.10675873811664,52.66985763609706,53.2932885588611,51.784987939270685,-0.010691103474608665,242000000,12540440000.0,0,0,0,0,0,0,3437.45,0.024892962348984415,52.05,-2.35,2.592473467735548
2015-02-04,51.81,50.79,51.82,50.35,6122,31112921.0,0.85,-1.99,2.84,51.82,1.0055337463936056,51.07105897933123,52.09670340065271,52.10675873811664,50.62862413091804,-0.019876495561559238,242000000,12291180000.0,0,0,0,0,0,0,3401.77,-0.010379787342361335,51.02,-2.41,2.5409441803606425
2015-02-05,50.79,48.1,51.38,48.0,11941,58811533.0,1.67,-5.3,6.65,50.79,1.0055337463936056,48.36617320153243,51.07105897933123,51.66432388970346,48.26561982689307,-0.05296318172868675,242000000,11640200000.0,0,0,0,0,0,0,3366.95,-0.010235847808640841,48.33,-2.57,2.406367691973753
2015-02-06,48.1,48.49,48.55,46.5,10794,51245435.0,1.51,0.81,4.26,48.1,1.0055337463936056,48.75833136262594,48.36617320153243,48.81866338740955,46.75731920730266,0.008108108108108025,242000000,11734580000.0,0,0,0,0,0,0,3312.42,-0.016195666701317113,48.72,-2.55,2.4258787813681346
2015-02-09,48.49,49.37,49.7,47.6,8852,43263567.0,1.23,1.81,4.33,48.49,1.0055337463936056,49.64320105945231,48.75833136262594,49.9750271957622,47.86340632833563,0.01814807176737454,242000000,11947540000.0,0,0,0,0,0,0,3345.92,0.010113451796571749,49.6,-2.49,2.469903803591355
2015-02-10,49.01,48.21,49.8,47.67,6248,30373150.0,0.87,-2.35,4.31,49.37,1.0055337463936056,48.476781913635726,49.28120891075061,50.075580570401556,47.93379369058318,-0.023496050232934884,242000000,11666820000.0,0,0,0,0,0,0,3406.94,0.01823713657230308,48.44,-2.56,2.4118708197516554
2015-02-11,48.38,47.3,48.49,47.21,7512,35841306.0,1.05,-1.89,2.66,48.21,1.0055337463936056,47.561746204417545,48.64772265052264,48.75833136262594,47.47124816724212,-0.018875751918689176,242000000,11446600000.0,0,0,0,0,0,0,3434.12,0.00797783348107095,47.53,-2.61,2.366344944498098
2015-02-12,47.98,49.8,51.49,47.18,15928,79364229.0,2.22,5.29,9.11,47.3,1.0055337463936056,50.075580570401556,48.245509151965194,51.77493260180675,47.441082154850314,0.052854122621564414,242000000,12051600000.0,0,0,0,0,0,0,3442.87,0.002547959884919626,50.03,-2.47,2.4914160303595194
2015-02-13,49.77,49.93,50.32,49.3,11908,59084616.0,1.66,0.26,2.05,49.8,1.0055337463936056,50.206299957432726,50.04541455800975,50.59845811852623,49.57281369720475,0.002610441767068261,242000000,12083060000.0,0,0,0,0,0,0,3469.83,0.007830676151001859,50.16,-2.46,2.4979197268243136
2015-02-16,49.89,50.68,50.9,49.52,11545,58272939.0,1.61,1.5,2.76,49.93,1.0055337463936056,50.960450267227934,50.166078607576985,51.18166769143453,49.79403112141135,0.015021029441217637,242000000,12264560000.0,0,0,0,0,0,0,3499.48,0.00854508722329328,50.91,-2.42,2.53544105258274
2015-02-17,50.68,50.14,51.1,50.0,9345,47199451.0,1.3,-1.07,2.17,50.68,1.0055337463936056,50.41746204417539,50.960450267227934,51.38277444071325,50.27668731968028,-0.010655090765588016,242000000,12133880000.0,0,0,0,0,0,0,3522.32,0.006526683964474866,50.37,-2.45,2.5084256980366733
2015-02-25,50.2,51.9,51.99,49.02,17035,86557908.0,2.38,3.51,5.92,50.14,1.0055337463936056,52.18720143782813,50.47779406895901,52.27769947500356,49.29126424821455,0.03510171519744709,242000000,12559800000.0,0,0,0,0,0,0,3478.73,-0.012375366235889973,52.13,-2.35,2.596475742483114
2015-02-26,51.91,54.23,54.48,51.91,20767,111405169.0,2.9,4.49,4.95,51.9,1.0055337463936056,54.53009506692523,52.19725677529206,54.78147850352363,52.19725677529206,0.04489402697495182,242000000,13123660000.0,0,0,0,0,0,0,3566.29,0.02517010518206364,54.46,-2.21,2.7130419945059585
2015-02-27,53.8,54.02,54.6,53.8,8778,47636163.0,1.22,-0.39,1.48,54.23,1.0055337463936056,54.31893298018258,54.09771555597598,54.90214255309087,54.09771555597598,-0.0038723953531254462,242000000,13072840000.0,0,0,0,0,0,0,3572.84,0.0018366425613172144,54.25,-2.22,2.7025360232935998
2015-03-02,54.02,55.96,56.78,53.2,14667,81424173.0,2.05,3.59,6.63,54.02,1.0055337463936056,56.26966844818617,54.31893298018258,57.094206120228925,53.49439530813982,0.03591262495372072,242000000,13542320000.0,0,0,0,0,0,0,3601.26,0.007954456398831189,56.19,-2.11,2.7995911859220626
2015-03-03,55.96,56.03,58.19,54.18,16334,92527736.0,2.28,0.13,7.17,55.96,1.0055337463936056,56.340055810433725,56.26966844818617,58.51200870264391,54.479818379605554,0.0012508934953538997,242000000,13559260000.0,0,0,0,0,0,0,3507.9,-0.025924259842388553,56.26,-2.11,2.8030931763261826
2015-03-04,55.25,57.55,58.35,55.25,10142,57578012.0,1.41,2.71,5.53,56.03,1.0055337463936056,57.868467104951996,55.55573948824671,58.67289410206689,55.55573948824671,0.02712832411208277,242000000,13927100000.0,0,0,0,0,0,0,3530.82,0.006533823655178406,57.78,-2.02,2.8791363965299266
2015-03-05,57.5,56.22,57.5,55.83,11450,64415254.0,1.6,-2.31,2.9,57.55,1.0055337463936056,56.53110722224851,57.81819041763232,57.81819041763232,56.138949061154996,-0.02311033883579494,242000000,13605240000.0,0,0,0,0,0,0,3496.34,-0.00976543692400067,56.45,-2.09,2.8125985788516505
2015-03-06,55.0,56.35,57.35,54.71,5075,28578476.0,0.71,0.23,4.7,56.22,1.0055337463936056,56.66182660927968,55.304356051648305,57.66736035567328,55.01275126519416,0.002312344361437235,242000000,13636700000.0,0,0,0,0,0,0,3478.52,-0.005096758324419248,56.58,-2.09,2.8191022753164448
2015-03-09,55.56,59.69,60.38,54.2,14330,82825275.0,2.0,5.93,10.97,56.35,1.0055337463936056,60.02030932223432,55.86745494962873,60.714127607245906,54.499929054533425,0.05927240461401939,242000000,14444980000.0,0,0,0,0,0,0,3537.75,0.017027356461943643,59.92,-1.89,2.9861972460273036
2015-03-10,59.12,59.0,60.5,57.9,5420,31927317.0,0.76,-1.16,4.36,59.69,1.0055337463936056,59.32649103722273,59.44715508678996,60.83479165681314,58.22040391618976,-0.01155972524711002,242000000,14278000000.0,0,0,0,0,0,0,3520.61,-0.004844887287117516,59.23,-1.93,2.9516776263295514
2015-03-11,59.2,57.38,59.2,56.67,3974,22881483.0,0.55,-2.75,4.29,59.0,1.0055337463936056,57.69752636806509,59.52759778650145,59.52759778650145,56.98359740812563,-0.02745762711864408,242000000,13885960000.0,0,0,0,0,0,0,3524.65,0.0011475284112696382,57.61,-2.03,2.8706315626913503
2015-03-12,56.71,59.95,60.08,55.27,7505,43865609.0,1.05,4.48,8.38,57.38,1.0055337463936056,60.28174809629666,57.023818757981374,60.41246748332782,55.575850163174586,0.04478912513070754,242000000,14507900000.0,0,0,0,0,0,0,3592.84,0.019346601790248608,60.18,-1.88,2.9992046389568916
2015-03-13,59.5,59.02,61.8,59.0,5003,30044636.0,0.7,-1.55,4.67,59.95,1.0055337463936056,59.34660171215061,59.829257910419535,62.141985527124824,59.32649103722273,-0.01551292743953292,242000000,14282840000.0,0,0,0,0,0,0,3617.66,0.006908184054953637,59.25,-1.93,2.952678195016443
2015-03-16,59.03,60.7,62.0,58.12,7287,44453032.0,1.02,2.85,6.57,59.02,1.0055337463936056,61.03589840609186,59.35665704961454,62.343092276403546,58.44162134039635,0.028464927143341257,242000000,14689400000.0,0,0,0,0,0,0,3705.67,0.02432788045311063,60.93,-1.83,3.036725964715318
2015-03-17,60.78,62.48,62.95,59.8,7694,47486143.0,1.07,2.93,5.19,60.7,1.0055337463936056,62.82574847467247,61.11634110580335,63.298349335477475,60.13091803433761,0.029324546952223862,242000000,15120160000.0,0,0,0,0,0,0,3757.12,0.01388412891595836,62.71,-1.73,3.12577657784865
2015-03-18,62.0,62.16,63.2,61.45,3850,23972402.0,0.54,-0.51,2.8,62.48,1.0055337463936056,62.50397767582652,62.343092276403546,63.54973277207588,61.79004871588707,-0.005121638924455829,242000000,15042720000.0,0,0,0,0,0,0,3846.05,0.02366972574738102,62.39,-1.75,3.1097674788583882
2015-03-19,62.45,61.27,62.5,60.49,4165,25673830.0,0.58,-1.43,3.23,62.16,1.0055337463936056,61.609052641536216,62.79558246228067,62.84585914960035,60.824736319349206,-0.014317889317889243,242000000,14827340000.0,0,0,0,0,0,0,3839.74,-0.0016406442973961877,61.5,-1.8,3.0652421722917222
2015-03-20,61.26,63.15,64.85,60.61,9477,59958575.0,1.32,3.07,6.92,61.27,1.0055337463936056,63.49945608475619,61.59899730407228,65.20886345362531,60.94540036891644,0.03068385833197307,242000000,15282300000.0,0,0,0,0,0,0,3892.57,0.013758744081630692,63.38,-1.69,3.1592956288595113
2015-03-23,63.03,63.99,64.23,62.2,3506,22215092.0,0.49,1.33,3.21,63.15,1.0055337463936056,64.34410443172682,63.378792035188965,64.5854325308613,62.54419902568227,0.013301662707838613,242000000,15485580000.0,0,0,0,0,0,0,3972.06,0.020420955820961373,64.22,-1.64,3.201319513708949
2015-03-24,63.9,64.4,64.5,61.5,5075,31998977.0,0.71,0.64,4.69,63.99,1.0055337463936056,64.7563732677482,64.2536063945514,64.85692664238756,61.84032540320674,0.0064072511329895665,242000000,15584800000.000002,0,0,0,0,0,0,3973.05,0.00024924094802192265,64.63,-1.62,3.2218311717902224
2015-03-25,64.0,70.84,70.84,62.0,17676,118858293.0,2.46,10.0,13.73,64.4,1.0055337463936056,71.23201059452302,64.35415976919076,71.23201059452302,62.343092276403546,0.09999999999999987,242000000,17143280000.0,1,0,1,0,0,0,3940.41,-0.008215350926869869,71.07,-1.24,3.5440142889692443
2015-03-26,71.0,75.25,76.88,70.79,16319,121605273.0,2.28,6.23,8.6,70.84,1.0055337463936056,75.66641441611883,71.392895993946,77.30543442274039,71.18173390720335,0.062252964426877444,242000000,18210500000.0,0,0,0,0,0,0,3950.0,0.002433756893318151,75.48,-0.98,3.7646396844287926
2015-03-27,74.5,73.82,77.5,73.0,9206,69655614.0,1.28,-1.9,5.98,75.25,1.0055337463936056,74.22850115877596,74.91226410632362,77.92886534550443,73.4039634867332,-0.019003322259136257,242000000,17864440000.0,0,0,0,0,0,0,3971.7,0.005493670886075996,74.05,-1.07,3.6930990233160585
2015-03-30,73.31,74.05,74.05,70.61,14378,104035430.0,2.01,0.31,4.66,73.82,1.0055337463936056,74.4597739204465,73.71567894811523,74.4597739204465,71.0007378328525,0.0031156868057438114,242000000,17920100000.0,0,0,0,0,0,0,4088.18,0.02932749200594209,74.28,-1.05,3.70460556321531
2015-03-31,74.0,73.5,74.99,71.5,10130,74481355.0,1.41,-0.74,4.71,74.05,1.0055337463936056,73.90673035993001,74.40949723312681,75.40497564205648,71.8956628671428,-0.007427413909520508,242000000,17787000000.0,0,0,0,0,0,0,4051.2,-0.009045589969130519,73.73,-1.09,3.677089924325797
2015-04-01,73.5,78.92,79.2,71.6,7926,60614853.0,1.11,7.37,10.34,73.5,1.0055337463936056,79.35672326538335,73.90673035993001,79.63827271437357,71.99621624178215,0.07374149659863938,242000000,19098640000.0,0,0,0,0,0,0,4123.9,0.017945300157977906,79.15,-0.77,3.948244038473359
2015-04-02,78.76,75.0,79.09,74.0,14591,111487262.0,2.03,-4.97,6.45,78.92,1.0055337463936056,75.41503097952042,79.19583786596039,79.52766400227027,74.40949723312681,-0.049670552458185524,242000000,18150000000.0,0,0,0,0,0,0,4124.78,0.00021339023739663787,75.23,-1.0,3.75213257584265
2015-04-03,75.07,73.89,75.6,73.3,8839,65465208.0,1.23,-1.48,3.07,75.0,1.0055337463936056,74.29888852102351,75.48541834176797,76.01835122735658,73.70562361065129,-0.014800000000000035,242000000,17881380000.0,0,0,0,0,0,0,4170.54,0.011093925009333816,74.12,-1.06,3.6966010137201786
2015-04-28,81.28,77.73,81.28,74.0,42872,330063520.0,5.98,5.2,9.85,73.89,1.0055337463936056,78.16013810717497,81.72978290687226,81.72978290687226,74.40949723312681,0.0519691433211531,242000000,18810660000.0,1,0,0,0,0,0,4741.86,0.13698945460300105,77.96,-0.84,3.888710201603323
2015-04-29,77.85,75.15,77.85,74.0,17813,133589855.0,2.48,-3.32,4.95,77.73,1.0055337463936056,75.56586104147947,78.28080215674218,78.28080215674218,74.40949723312681,-0.03319181783095326,242000000,18186300000.0,0,0,0,0,0,0,4774.33,0.006847523967388414,75.38,-0.99,3.7596368409943355
2015-04-30,75.05,73.5,75.05,71.42,15693,113845397.0,2.19,-2.2,4.83,75.15,1.0055337463936056,73.90673035993001,75.4653076668401,75.4653076668401,71.81522016743132,-0.021956087824351322,242000000,17787000000.0,0,0,0,0,0,0,4749.89,-0.005119042881409408,73.73,-1.09,3.677089924325797
2015-05-04,72.9,78.15,78.7,70.5,14207,107894337.0,1.98,6.33,11.16,73.5,1.0055337463936056,78.58246228066028,73.30341011209386,79.13550584117677,70.8901291207492,0.06326530612244907,242000000,18912300000.0,0,0,0,0,0,0,4787.74,0.007968605588760891,78.38,-0.81,3.9097221440280414
2015-05-05,78.5,78.5,79.48,75.3,13027,100159526.0,1.82,0.45,5.35,78.15,1.0055337463936056,78.93439909189804,78.93439909189804,79.91982216336378,75.71669110343849,0.004478566858605149,242000000,18997000000.0,0,0,0,0,0,0,4596.84,-0.039872674790193186,78.73,-0.79,3.9272320960486407
2015-05-06,77.83,77.51,79.0,76.65,8788,68280979.0,1.23,-1.26,2.99,78.5,1.0055337463936056,77.93892068296837,78.26069148181432,79.43716596509485,77.07416166106988,-0.012611464968152797,242000000,18757420000.0,0,0,0,0,0,0,4553.33,-0.009465197831553862,77.74,-0.85,3.8777039460475176
2015-05-07,77.0,74.96,77.0,73.84,9023,67701163.0,1.26,-3.29,4.08,77.51,1.0055337463936056,75.37480962966467,77.42609847230763,77.42609847230763,74.24861183370385,-0.03289898077667408,242000000,18140320000.0,0,0,0,0,0,0,4470.09,-0.01828112612088295,75.19,-1.0,3.750131438468867
2015-05-08,74.7,75.0,75.0,72.85,16031,117856988.0,2.24,0.05,2.87,74.96,1.0055337463936056,75.41503097952042,75.11337085560234,75.41503097952042,73.25313342477416,0.0005336179295625243,242000000,18150000000.0,0,0,0,0,0,0,4558.4,0.019755754358413258,75.23,-1.0,3.75213257584265
2015-05-11,74.74,74.98,74.98,72.48,16124,118440041.0,2.25,-0.03,3.33,75.0,1.0055337463936056,75.39492030459255,75.15359220545808,75.39492030459255,72.88108593860854,-0.0002666666666666373,242000000,18145160000.0,0,0,0,0,0,0,4690.53,0.028986047736047738,75.21,-1.0,3.7511320071557583
2015-05-12,74.31,74.01,75.99,72.55,17717,131034518.0,2.47,-1.29,4.59,74.98,1.0055337463936056,74.41955257059075,74.72121269450884,76.41050938845008,72.95147330085608,-0.012936783142171282,242000000,17910420000.0,0,0,0,0,0,0,4747.42,0.012128693345954566,74.24,-1.06,3.7026044258415274
2015-05-13,72.98,73.0,74.31,69.2,24657,177717774.0,3.44,-1.36,6.9,74.01,1.0055337463936056,73.4039634867332,73.38385281180534,74.72121269450884,69.58293525043752,-0.013646804485880404,242000000,17666000000.0,0,0,0,0,0,0,4718.44,-0.00610436826739591,73.23,-1.12,3.6520757071535126
2015-05-14,73.3,72.61,73.42,70.95,9955,71964750.0,1.39,-0.53,3.38,73.0,1.0055337463936056,73.0118053256397,73.70562361065129,73.82628766021853,71.34261930662632,-0.0053424657534246744,242000000,17571620000.0,0,0,0,0,0,0,4700.78,-0.003742762438432967,72.84,-1.14,3.632564617759131
2015-05-15,72.88,73.6,74.25,71.95,10897,79829795.0,1.52,1.36,3.17,72.61,1.0055337463936056,74.00728373456937,73.28329943716597,74.66088066972522,72.34815305301993,0.013634485608042812,242000000,17811200000.0,0,0,0,0,0,0,4617.47,-0.017722590718986964,73.83,-1.08,3.682092767760254
2015-05-18,73.5,79.8,80.96,73.03,27757,218272452.0,3.87,8.42,10.77,73.6,1.0055337463936056,80.24159296220972,73.90673035993001,81.4080121080263,73.43412949912502,0.0842391304347827,242000000,19311600000.0,1,0,0,0,0,0,4575.14,-0.00916735788213019,80.03,-0.72,3.9922690606965796
2015-05-19,79.87,78.48,81.2,76.2,19323,151575809.0,2.69,-1.65,6.27,79.8,1.0055337463936056,78.91428841697017,80.31198032445728,81.64934020716078,76.62167147519276,-0.016541353383458524,242000000,18992160000.0,0,0,0,0,0,0,4731.22,0.034114803044278386,78.71,-0.8,3.926231527361749
2015-05-20,78.48,85.16,86.0,78.4,16520,134759444.0,2.3,8.51,9.68,78.48,1.0055337463936056,85.63125384287945,78.91428841697017,86.47590218985007,78.83384571725868,0.08511722731906213,242000000,20608720000.0,0,0,0,0,0,0,4754.92,0.005009278790671257,85.39,-0.41,4.260421468783467
2015-05-21,86.0,90.0,91.0,82.0,24545,206408502.0,3.42,5.68,10.57,85.16,1.0055337463936056,90.4980371754245,86.47590218985007,91.50357092181811,82.45376720427566,0.056834194457491716,242000000,21780000000.0,0,0,0,0,0,0,4840.98,0.018099147830036966,90.23,-0.12,4.50255909101118
2015-05-22,89.4,91.42,96.6,88.6,28544,266403422.0,3.98,1.58,8.89,90.0,1.0055337463936056,91.92589509530343,89.89471692758835,97.1345599016223,89.09028993047345,0.01577777777777789,242000000,22123640000.0,0,0,0,0,0,0,4951.33,0.0227949712661486,91.65,-0.04,4.573599467780468
2015-05-25,89.05,97.02,97.68,86.67,14029,130326054.0,1.96,6.13,12.04,91.42,1.0055337463936056,97.55688407510762,89.54278011635057,98.2205363477274,87.1496097999338,0.06125574272588041,242000000,23478840000.0,0,0,0,0,0,0,5099.5,0.029925292800116354,97.25,0.29,4.853758700110053
2015-05-26,99.3,100.45,105.27,98.3,17580,177675369.0,2.45,3.54,7.18,97.02,1.0055337463936056,101.00586482523768,99.84950101688503,105.85253748285486,98.84396727049143,0.03535353535353547,242000000,24308900000.0,0,0,0,0,0,0,5198.92,0.019496029022453287,100.68,0.49,5.025356229911923
2015-05-27,100.56,101.5,108.89,96.0,21381,214596893.0,2.98,1.05,12.83,100.45,1.0055337463936056,102.06167525895097,101.11647353734098,109.49256964479972,96.53123965378614,0.010452961672473782,242000000,24563000000.0,0,0,0,0,0,0,5181.43,-0.0033641602486670363,101.73,0.55,5.07788608597372
2015-05-28,101.29,95.23,104.97,95.23,21976,220446835.0,3.06,-6.18,9.6,101.5,1.0055337463936056,95.75697866906306,101.85051317220832,105.55087735893677,95.75697866906306,-0.061773399014778296,242000000,23045660000.0,0,0,0,0,0,0,4834.01,-0.0670509878547042,95.46,0.18,4.764207802633274
2015-05-29,96.0,93.02,96.39,86.11,15654,146692614.0,2.18,-2.32,10.79,95.23,1.0055337463936056,93.5347490895332,96.53123965378614,96.92339781487965,86.58651090195337,-0.02320697259267046,242000000,22510840000.0,0,0,0,0,0,0,4840.83,0.0014108369655834174,93.25,0.05,4.653644962731778
2015-06-01,93.0,99.0,99.0,91.92,13145,127873266.0,1.83,6.43,7.61,93.02,1.0055337463936056,99.54784089296696,93.51463841460532,99.54784089296696,92.42866196850022,0.06428725005375191,242000000,23958000000.0,0,0,0,0,0,0,5076.18,0.04861769572573316,99.23,0.4,4.952815000112298
2015-06-02,99.09,104.61,105.0,98.1,14254,144744293.0,1.99,5.67,6.97,99.0,1.0055337463936056,105.18888521023509,99.63833893014238,105.58104337132859,98.6428605212127,0.05666666666666664,242000000,25315620000.0,0,0,0,0,0,0,5161.87,0.01688080406920167,104.84,0.73,5.2334745167853285
2015-06-03,107.59,105.31,112.98,100.03,17748,188278172.0,2.48,0.67,12.38,104.61,1.0055337463936056,105.89275883271061,108.18537577448804,113.60520266754956,100.58354065175237,0.006691520887104563,242000000,25485020000.0,0,0,0,0,0,0,5143.59,-0.00354135226187402,105.54,0.77,5.268494420826527
2015-06-04,103.8,96.5,105.98,94.78,20923,205383571.0,2.92,-8.37,10.64,105.31,1.0055337463936056,97.03400652698294,104.37440287565626,106.56646644279432,95.30448848318593,-0.08365777229133042,242000000,23353000000.0,0,1,0,0,0,0,5181.42,0.007354785276431519,96.73,0.26,4.827743914250876
2015-06-05,96.25,100.55,102.5,92.0,29654,282647024.0,4.14,4.2,10.88,96.5,1.0055337463936056,101.10641819987704,96.78262309038453,103.06720900534458,92.50910466821172,0.041968911917098506,242000000,24333100000.0,0,0,0,0,0,0,5230.55,0.009481956683689008,100.78,0.49,5.030359073346379
2015-06-08,99.96,97.3,101.99,96.0,16787,164929416.0,2.34,-3.23,5.96,100.55,1.0055337463936056,97.83843352409782,100.51315328950481,102.55438679468384,96.53123965378614,-0.032322227747389354,242000000,23546600000.0,0,0,0,0,0,0,5353.75,0.023553928363174048,97.53,0.3,4.867766661726531
2015-06-09,97.35,96.8,99.64,93.31,16139,156052548.0,2.25,-0.51,6.51,97.3,1.0055337463936056,97.33566665090102,97.8887102114175,100.19138249065887,93.82635387598734,-0.005138746145940343,242000000,23425600000.0,0,0,0,0,0,0,5317.46,-0.00677842633667991,97.03,0.27,4.842752444554247
2015-06-10,48.37,49.22,51.3,46.5,36383,180657532.0,2.54,-49.15,4.96,48.369499999999995,2.0123355968306686,99.0471580760055,97.33667281869944,103.2328161174133,93.5736052526261,0.017583394494464555,484000000,23822480000.0,0,1,0,1,0,0,5309.11,-0.001570298601211939,98.74,0.37,4.927904471225876
2015-06-11,48.83,48.9,49.39,47.01,30056,145156236.0,2.1,-0.65,4.84,49.22,2.0123355968306686,98.4032106850197,98.26234719324155,99.38925512746673,94.59989640700972,-0.006501422186103167,484000000,23667600000.0,0,0,0,0,0,0,5306.59,-0.0004746558274361101,98.1,0.34,4.895866083765652
2015-06-12,48.3,51.44,52.05,48.3,59050,299593008.0,4.12,5.19,7.67,48.9,2.0123355968306686,103.51454310096959,97.19580932692129,104.7420678150363,97.19580932692129,0.05194274028629864,484000000,24896960000.0,0,0,0,0,0,0,5335.12,0.005376333954573376,103.18,0.63,5.150170784231189
2015-06-15,51.94,49.24,52.18,49.0,32754,165228927.0,2.29,-4.28,6.18,51.44,2.0123355968306686,99.08740478794213,104.52071089938492,105.0036714426243,98.60444424470276,-0.04276827371695169,484000000,23832160000.0,0,0,0,0,0,0,5221.17,-0.02135846991257928,98.78,0.38,4.929906870442141
2015-06-16,48.33,46.19,50.5,44.32,33098,159035601.0,2.31,-6.19,12.55,49.24,2.0123355968306686,92.94978121760857,97.25617939482622,101.62294763994876,89.18671365153523,-0.06194151096669387,484000000,22355960000.0,0,1,0,0,0,0,5064.82,-0.029945395380728934,92.68,0.02,4.6245409899618695
2015-06-17,46.19,47.4,47.97,46.18,28061,131941405.0,1.96,2.62,3.88,46.19,2.0123355968306686,95.38470728977369,92.94978121760857,96.53173857996717,92.92965786164028,0.026196146352024163,484000000,22941600000.0,0,0,0,0,0,0,5138.83,0.014612562736681767,95.1,0.16,4.745686142545846
2015-06-18,47.45,45.16,48.5,45.0,25768,120427803.0,1.8,-4.73,7.38,47.4,2.0123355968306686,90.877075552873,95.48532406961523,97.59827644628743,90.5551018573801,-0.04725738396624479,484000000,21857440000.0,0,0,0,0,0,0,4930.55,-0.040530626621234744,90.62,-0.1,4.521417430324271
2015-06-19,43.43,44.83,47.0,43.04,33323,151560908.0,2.33,-0.73,8.77,45.16,2.0123355968306686,90.21300480591887,87.39573497035595,94.57977305104143,86.61092408759198,-0.007307351638618176,484000000,21697720000.0,0,0,0,0,0,0,4637.05,-0.059526827635862145,89.96,-0.14,4.488377843255913
2015-06-23,45.0,47.99,47.99,44.2,31283,145787150.0,2.18,7.05,8.45,44.83,2.0123355968306686,96.57198529190379,90.5551018573801,96.57198529190379,88.94523337991556,0.07048851215703777,484000000,23227160000.0,0,0,0,0,0,0,4786.09,0.03214112420612247,96.28,0.23,4.804756919425636
2015-06-24,49.5,50.7,51.6,48.5,43736,220267445.0,3.05,5.65,6.46,47.99,2.0123355968306686,102.02541475931491,99.6106120431181,103.8365167964625,97.59827644628743,0.05647009793707025,484000000,24538800000.0,0,0,0,0,0,0,4880.13,0.019648606691474724,101.7,0.55,5.076082013229419
2015-06-25,50.68,55.4,55.77,49.0,70739,384480208.0,4.94,9.27,13.35,50.7,2.0123355968306686,111.48339206441904,101.98516804737828,112.2279562352464,98.60444424470276,0.09270216962524636,484000000,26813600000.0,1,0,0,0,0,0,4706.52,-0.03557487198086928,111.1,1.09,5.546645829051474
2015-06-26,53.2,49.86,54.97,49.86,66213,340673584.0,4.62,-10.0,9.22,55.4,2.0123355968306686,100.33505285797713,107.05625375139158,110.61808775778185,100.33505285797713,-0.09999999999999998,484000000,24132240000.0,0,1,0,1,0,0,4336.19,-0.07868446325522904,100.02,0.45,4.991981246146326
2015-06-29,51.61,53.4,54.85,46.96,114689,593822048.0,8.01,7.1,15.82,49.86,2.0123355968306686,107.4587208707577,103.85664015243081,110.37660748616217,94.4992796271682,0.07099879663056563,484000000,25845600000.0,1,0,0,0,0,0,4191.55,-0.03335647192581492,107.1,0.86,5.346405907425067
2015-06-30,53.4,58.74,58.74,52.19,81279,455202800.0,5.67,10.0,12.27,53.4,2.0123355968306686,118.20459295783348,107.4587208707577,118.20459295783348,105.02379479859259,0.10000000000000009,484000000,28430160000.0,1,0,1,0,0,0,4473.0,0.06714699812718439,117.78,1.48,5.881046498167574
2015-07-01,59.8,53.91,64.61,52.87,99862,601927008.0,6.97,-8.22,19.99,58.74,2.0123355968306686,108.48501202514134,120.33766869047398,130.0170029112295,106.39218300443744,-0.08222676200204304,484000000,26092440000.0,1,1,0,0,0,0,4253.02,-0.04917952157388772,108.12,0.92,5.397467087439801
2015-07-02,50.45,48.52,52.99,48.52,51639,259074002.0,3.6,-10.0,8.29,53.91,2.0123355968306686,97.63852315822405,101.52233086010725,106.63366327605713,97.63852315822405,-0.09998145056575758,484000000,23483680000.0,0,1,0,1,0,0,4108.0,-0.03409812321597372,97.34,0.29,4.8578204986566345
2015-07-03,43.7,43.67,48.0,43.67,47856,211574759.0,3.34,-10.0,8.92,48.52,2.0123355968306686,87.8786955135953,87.93906558150023,96.5921086478721,87.8786955135953,-0.09995877988458368,484000000,21136280000.0,0,1,0,1,0,0,3885.92,-0.05406037000973707,87.64,-0.27,4.3722386887125975
2015-07-06,48.04,43.9,48.04,39.3,108816,492775456.0,7.6,0.53,20.01,43.67,2.0123355968306686,88.34153270086635,96.67260207174532,96.67260207174532,79.08478895544528,0.005266773528738167,484000000,21247600000.0,1,1,0,0,0,0,3998.54,0.028981553917733827,88.1,-0.25,4.3952662796996345
2015-07-07,42.0,39.51,42.92,39.51,27662,111884863.0,1.93,-10.0,7.77,43.9,2.0123355968306686,79.50737943077971,84.51809506688808,86.3694438159723,79.50737943077971,-0.09999999999999998,484000000,19122840000.0,0,1,0,1,0,0,3928.0,-0.01764143912528071,79.32,-0.76,3.95573965172967
2015-07-08,35.56,35.56,40.54,35.56,149612,544069264.0,10.44,-10.0,12.6,39.51,2.0123355968306686,71.55865382329858,71.55865382329858,81.5800850955153,71.55865382329858,-0.09997468995191083,484000000,17211040000.0,0,1,0,1,0,0,3663.04,-0.06745417515274954,71.42,-1.22,3.560265806517517
2015-07-09,32.0,39.12,39.12,32.0,64073,237839219.0,4.47,10.01,20.02,35.56,2.0123355968306686,78.72256854801576,64.3947390985814,78.72256854801576,64.3947390985814,0.10011248593925748,484000000,18934080000.0,1,1,1,0,0,0,3897.63,0.0640424346990478,78.54,-0.81,3.916692867012521
2015-07-10,42.02,43.03,43.03,41.05,6002,25678299.0,0.42,9.99,5.06,39.12,2.0123355968306686,86.59080073162367,84.5583417788247,86.59080073162367,82.60637624989894,0.0999488752556239,484000000,20826520000.0,1,0,1,0,0,0,4106.56,0.053604369835002386,86.36,-0.35,4.308161913792147
2015-07-13,47.33,47.33,47.33,47.33,5429,25693705.0,0.38,9.99,0.0,43.03,2.0123355968306686,95.24384379799554,95.24384379799554,95.24384379799554,95.24384379799554,0.09993028119916336,484000000,22907720000.0,1,0,1,0,1,0,4211.81,0.025629724148679145,94.96,0.15,4.738677745288922
2015-07-14,52.0,52.06,52.06,48.02,42424,218350258.0,2.96,9.99,8.54,47.33,2.0123355968306686,104.76219117100462,104.64145103519476,104.76219117100462,96.63235535980871,0.09993661525459552,484000000,25197040000.0,1,0,1,0,0,0,4112.15,-0.023662036036763423,104.42,0.7,5.212245159935375
2015-07-15,52.05,49.97,57.0,48.0,43682,229900510.0,3.05,-4.01,17.29,52.06,2.0123355968306686,100.55640977362852,104.7420678150363,114.70312901934811,96.5921086478721,-0.04014598540145997,484000000,24185480000.0,0,0,0,0,0,0,3966.76,-0.035356200527704384,100.24,0.46,5.00299444183578
2015-07-16,49.97,54.97,54.97,47.12,51569,273305616.0,3.6,10.01,15.71,49.97,2.0123355968306686,110.61808775778185,100.55640977362852,110.61808775778185,94.82125332266111,0.10006003602161306,484000000,26605480000.0,1,0,1,0,0,0,3997.36,0.007714104205951422,110.24,1.04,5.503594245901796
2015-07-17,57.16,60.47,60.47,54.2,69424,413911536.0,4.85,10.01,11.41,54.97,2.0123355968306686,121.68593354035053,115.02510271484101,121.68593354035053,109.06858934822225,0.10005457522284877,484000000,29267480000.0,1,0,1,0,0,0,4151.5,0.03856044989693186,121.24,1.69,6.054254030374416
2015-07-20,64.0,66.52,66.52,63.0,53434,354609728.0,3.73,10.0,5.82,60.47,2.0123355968306686,133.86056390117608,128.7894781971628,133.86056390117608,126.77714260033213,0.10004961137754265,484000000,32195679999.999996,1,0,1,0,0,0,4160.61,0.0021943875707575167,133.34,2.39,6.659979793294298
2015-07-21,68.0,73.17,73.17,66.45,54560,386470496.0,3.81,10.0,10.1,66.52,2.0123355968306686,147.24259562010002,136.83882058448546,147.24259562010002,133.71970040939794,0.09996993385447994,484000000,35414280000.0,1,0,1,0,0,0,4166.01,0.0012978866079735862,146.64,3.17,7.325777532702101
2015-07-22,76.65,71.0,80.0,65.85,140309,985948704.0,9.79,-2.97,19.34,73.17,2.0123355968306686,142.87582737497746,154.24552349707076,160.9868477464535,132.51229905129952,-0.029656963236299072,484000000,34364000000.0,0,1,0,0,0,0,4157.16,-0.002124334795163829,142.3,2.91,7.1085172177374485
2015-07-23,68.0,71.88,72.5,66.5,111477,768004384.0,7.78,1.24,8.45,71.0,2.0123355968306686,144.64668270018845,136.83882058448546,145.8943307702235,133.82031718923946,0.012394366197183038,484000000,34789920000.0,0,0,0,0,0,0,4250.81,0.022527398512446117,144.06,3.02,7.196622783253067
2015-07-24,70.7,64.75,71.49,64.69,113590,777129952.0,7.93,-9.92,9.46,71.88,2.0123355968306686,130.2987298947858,142.27212669592828,143.8618718174245,130.17798975897594,-0.09919309961046185,484000000,31339000000.0,0,1,0,0,0,0,4176.28,-0.017533128980123935,129.8,2.19,6.482767462654928
2015-07-27,62.5,66.0,71.23,62.2,166727,1148296464.0,11.64,1.93,13.95,64.75,2.0123355968306686,132.81414939082413,125.7709748019168,143.33866456224854,125.1672741228676,0.019305019305019266,484000000,31944000000.0,1,0,0,0,0,0,3818.73,-0.08561447029413727,132.3,2.33,6.607917413671432
2015-07-28,62.0,70.55,71.2,61.0,122811,815317232.0,8.57,6.89,15.45,66.0,2.0123355968306686,141.97027635640367,124.76480700350146,143.2782944943436,122.7524714066708,0.06893939393939386,484000000,34146200000.0,0,0,0,0,0,0,3811.09,-0.002000665142599778,141.4,2.86,7.063463235371508
2015-07-29,70.11,74.66,76.53,66.3,88720,622536896.0,6.19,5.83,14.5,70.55,2.0123355968306686,150.2409756593777,141.08484869379816,154.00404322545108,133.41785006987334,0.05825655563430199,484000000,36135440000.0,0,0,0,0,0,0,3930.38,0.03130075647649355,149.62,3.34,7.474956274313773
2015-07-30,73.0,69.39,79.58,69.0,86872,652341472.0,6.06,-7.06,14.17,74.66,2.0123355968306686,139.6359670640801,146.90049856863882,160.1416667957846,138.85115618131613,-0.07058665952317167,484000000,33584760000.0,0,0,0,0,0,0,3815.41,-0.02925162452485519,139.08,2.73,6.947324080828191
2015-07-31,66.51,64.16,69.0,62.5,62177,409224896.0,4.34,-7.54,9.37,69.39,2.0123355968306686,129.11145189265568,133.84044054520777,138.85115618131613,125.7709748019168,-0.07537109093529337,484000000,31053440000.0,0,0,0,0,0,0,3816.7,0.0003381025892368328,128.62,2.12,6.423696685775136
2015-08-03,62.2,66.88,69.0,58.9,93611,595211616.0,6.53,4.24,15.74,64.16,2.0123355968306686,134.58500471603512,125.1672741228676,138.85115618131613,118.52656665332638,0.04239401496259343,484000000,32369919999.999996,0,0,0,0,0,0,3829.24,0.003285560824796363,134.06,2.43,6.696022979187051
2015-08-04,66.5,71.69,72.1,62.26,86904,586644192.0,6.07,7.19,14.71,66.88,2.0123355968306686,144.26433893679064,133.82031718923946,145.0893965314912,125.28801425867742,0.07191985645933019,484000000,34697960000.0,0,0,0,0,0,0,3948.16,0.03105577085792488,143.68,3.0,7.1775999906985595
2015-08-05,72.0,66.99,72.0,66.18,78414,541366464.0,5.47,-6.56,8.12,71.69,2.0123355968306686,134.80636163168649,144.88816297180813,144.88816297180813,133.17636979825366,-0.0655600502162087,484000000,32423159999.999996,0,0,0,0,0,0,3866.9,-0.020581739341870575,134.28,2.45,6.707036174876503
2015-08-06,63.88,63.02,67.49,62.19,55791,359780736.0,3.89,-5.93,7.91,66.99,2.0123355968306686,126.81738931226874,128.54799792554311,135.81252943010182,125.14715076689927,-0.05926257650395572,484000000,30501680000.0,0,0,0,0,0,0,3831.85,-0.009064108200367293,126.34,1.98,6.309559930448086
2015-08-07,64.66,64.85,66.0,63.25,61917,398858752.0,4.32,2.9,4.36,63.02,2.0123355968306686,130.49996345446885,130.11761969107104,132.81414939082413,127.2802264995398,0.029038400507775064,484000000,31387399999.999996,0,0,0,0,0,0,3906.94,0.019596278559964597,130.0,2.2,6.492779458736248
2015-08-10,66.48,67.88,68.49,62.26,97662,636405168.0,6.82,4.67,9.61,64.85,2.0123355968306686,136.59734031286578,133.78007047730287,137.82486502693249,125.28801425867742,0.04672320740169633,484000000,32853919999.999996,0,0,0,0,0,0,4084.36,0.045411498512902604,136.06,2.55,6.796142940000254
2015-08-11,67.9,65.43,69.2,65.0,80935,540831616.0,5.65,-3.61,6.19,67.88,2.0123355968306686,131.66711810063066,136.6375870248024,139.25362330068228,130.80181379399346,-0.036093105480259124,484000000,31668120000.000004,0,0,0,0,0,0,4066.67,-0.00433115592161315,131.16,2.26,6.550849036007906
2015-08-12,62.82,61.06,64.1,60.97,74062,461902512.0,5.17,-6.68,4.78,65.43,2.0123355968306686,122.87321154248063,126.41492219290261,128.99071175684585,122.69210133876587,-0.06678893473941627,484000000,29553040000.0,0,0,0,0,0,0,4016.13,-0.012427858665689628,122.42,1.75,6.113324807254207
2015-08-13,60.72,62.8,63.65,59.41,60062,372322176.0,4.19,2.85,6.94,61.06,2.0123355968306686,126.37467548096599,122.1890174395582,128.08516073827207,119.55285780771001,0.02849656075990814,484000000,30395200000.0,0,0,0,0,0,0,4075.46,0.0147729281671658,125.9,1.96,6.28753353906918
2015-08-14,62.86,61.01,63.4,60.25,47249,289965184.0,3.3,-2.85,5.02,62.8,2.0123355968306686,122.77259476263909,126.49541561677583,127.58207683906438,121.24321970904779,-0.028503184713375762,484000000,29528840000.0,0,0,0,0,0,0,4073.54,-0.00047111246337838697,122.32,1.75,6.108318809213546
2015-08-17,59.74,65.6,66.05,57.51,95060,598061488.0,6.64,7.52,14.0,61.01,2.0123355968306686,132.00921515209185,120.21692855466415,132.91476617066567,115.72942017373175,0.07523356826749716,484000000,31750399999.999996,0,0,0,0,0,0,4077.87,0.0010629575258864765,131.5,2.28,6.56786942934615
2015-08-18,65.57,60.02,66.0,59.04,74391,467448096.0,5.19,-8.51,10.61,65.6,2.0123355968306686,120.78038252177674,131.94884508418693,132.81414939082413,118.80829363688268,-0.085060975609756,484000000,29049680000.0,0,1,0,0,0,0,3825.41,-0.061909771522878354,120.34,1.63,6.009200048008475
2015-08-19,57.8,63.05,63.68,57.6,68808,424375264.0,4.8,5.05,10.13,60.02,2.0123355968306686,126.87775938017366,116.31299749681264,128.145530806177,115.91053037744652,0.05048317227590804,484000000,30516200000.0,0,0,0,0,0,0,3886.14,0.01587542250373164,126.4,1.99,6.312563529272481
2015-08-20,63.15,59.79,63.58,59.45,42256,258970897.0,2.95,-5.17,6.55,63.05,2.0123355968306686,120.31754533450568,127.07899293985672,127.9442972464939,119.63335123158326,-0.05170499603489287,484000000,28938360000.0,0,0,0,0,0,0,3761.45,-0.03208582295027973,119.88,1.61,5.986172457021438
2015-08-21,58.8,53.81,59.4,53.81,76877,432371696.0,5.37,-10.0,9.35,59.79,2.0123355968306686,108.28377846545828,118.32533309364331,119.53273445174172,108.28377846545828,-0.1000167252048837,484000000,26044040000.0,0,1,0,1,0,0,3589.54,-0.04570311980752095,107.92,0.91,5.387455091358481
2015-08-24,50.0,48.43,52.95,48.43,55402,277155600.0,3.87,-10.0,8.4,53.81,2.0123355968306686,97.45741295450928,100.61677984153343,106.55316985218391,97.45741295450928,-0.09998141609366296,484000000,23440120000.0,0,1,0,1,0,0,3275.53,-0.08747917560467355,97.16,0.28,4.848809702183446
2015-08-25,45.43,44.3,50.5,44.0,78720,359705248.0,5.5,-8.53,13.42,48.43,2.0123355968306686,89.14646693959861,91.42040616401728,101.62294763994876,88.54276626054943,-0.08527772042122661,484000000,21441200000.0,0,0,0,0,0,0,3042.93,-0.07101140884070678,88.9,-0.2,4.435314264024915
2015-08-26,44.6,46.5,48.39,44.5,64176,297720880.0,4.48,4.97,8.78,44.3,2.0123355968306686,93.5736052526261,89.75016761864782,97.37691953063606,89.54893405896476,0.04966139954853288,484000000,22506000000.0,0,0,0,0,0,0,3025.69,-0.005665592044509671,93.3,0.06,4.655578177813964
2015-08-27,47.89,49.35,49.98,45.0,64319,308720624.0,4.49,6.13,10.71,46.5,2.0123355968306686,99.3087617035935,96.37075173222073,100.57653312959681,90.5551018573801,0.06129032258064515,484000000,23885400000.0,0,0,0,0,0,0,3205.64,0.05947403732702283,99.0,0.39,4.940920066131594
2015-08-28,50.1,52.28,52.74,48.3,40535,204719774.0,2.83,5.94,9.0,49.35,2.0123355968306686,105.20490500230736,100.8180134012165,106.13057937684947,97.19580932692129,0.05937183383991895,484000000,25303520000.0,0,0,0,0,0,0,3342.29,0.0426279931620519,104.86,0.73,5.234271551314279
2015-08-31,52.2,50.8,54.5,49.1,31208,161842317.0,2.18,-2.83,10.33,52.28,2.0123355968306686,102.22664831899796,105.04391815456091,109.67229002727144,98.80567780438584,-0.028309104820198994,484000000,24587200000.0,0,0,0,0,0,0,3366.54,0.007255504459517281,101.9,0.56,5.086094009310738
2015-09-01,50.5,45.73,50.7,45.72,30230,144650122.0,2.11,-9.98,9.8,50.8,2.0123355968306686,92.02410684306648,101.62294763994876,102.02541475931491,92.00398348709817,-0.09980314960629921,484000000,22133320000.0,0,1,0,0,0,0,3362.08,-0.0013248023192952152,91.76,-0.03,4.578485807987796
2015-09-02,43.0,44.05,47.6,42.9,19921,90037115.0,1.39,-3.67,10.28,45.73,2.0123355968306686,88.64338304039094,86.53043066371875,95.78717440913984,86.32919710403569,-0.036737371528537066,484000000,21320200000.0,0,0,0,0,0,0,3365.83,0.0011153809546471383,88.4,-0.23,4.410284273821614
2015-09-07,45.0,41.15,47.0,39.65,78366,326434816.0,5.47,-6.58,16.69,44.05,2.0123355968306686,82.80760980958202,90.5551018573801,94.57977305104143,79.789106414336,-0.06583427922814977,484000000,19916600000.0,0,0,0,0,0,0,3250.49,-0.03426792202814766,82.6,-0.57,4.119936387463325
2015-09-08,40.31,44.06,44.57,39.92,45913,192736859.0,3.21,7.07,11.3,41.15,2.0123355968306686,88.66350639635927,81.11724790824425,89.6897975507429,80.3324370254803,0.07071688942891874,484000000,21325040000.0,0,0,0,0,0,0,3334.02,0.025697664044497914,88.42,-0.23,4.411285473429747
2015-09-09,45.3,46.5,48.47,44.5,80333,373070176.0,5.61,5.54,9.01,44.06,2.0123355968306686,93.5736052526261,91.15880253642928,97.5379063783825,89.54893405896476,0.05537902859736721,484000000,22506000000.0,1,0,0,0,0,0,3399.31,0.019582965909022754,93.3,0.06,4.655578177813964
2015-09-10,45.9,50.86,51.15,45.1,58739,291596720.0,4.1,9.38,13.01,46.5,2.0123355968306686,102.34738845480781,92.36620389452769,102.9309657778887,90.75633541706316,0.09376344086021504,484000000,24616240000.0,1,0,0,0,0,0,3357.56,-0.012281904268807486,102.02,0.56,5.092101206959531
2015-09-11,50.5,49.5,50.8,48.62,40602,201096537.0,2.83,-2.67,4.29,50.86,2.0123355968306686,99.6106120431181,101.62294763994876,102.22664831899796,97.83975671790711,-0.02674007078254026,484000000,23958000000.0,0,0,0,0,0,0,3347.19,-0.00308855240114847,99.3,0.41,4.955938060253573
2015-09-14,49.9,44.55,50.02,44.55,30306,141683570.0,2.12,-10.0,11.05,49.5,2.0123355968306686,89.64955083880628,100.41554628185037,100.65702655347005,89.64955083880628,-0.10000000000000009,484000000,21562200000.0,0,1,0,1,0,0,3281.13,-0.019735957624156364,89.4,-0.17,4.4603442542282155
2015-09-15,43.05,43.68,46.0,41.61,33529,147394935.0,2.34,-1.95,9.85,44.55,2.0123355968306686,87.89881886956361,86.63104744356028,92.56743745421076,83.73328418412412,-0.019528619528619506,484000000,21141120000.0,0,0,0,0,0,0,3152.23,-0.03928524624138641,87.66,-0.27,4.37323988832073
2015-09-16,44.4,47.81,48.01,42.89,40748,182582375.0,2.84,9.46,11.72,43.68,2.0123355968306686,96.20976488447427,89.34770049928169,96.6122320038404,86.30907374806738,0.09455128205128216,484000000,23140040000.0,0,0,0,0,0,0,3309.25,0.0498123550629237,95.92,0.21,4.78673532647926
2015-09-17,47.0,46.0,49.76,45.5,35503,170224385.0,2.48,-3.79,8.91,47.81,2.0123355968306686,92.56743745421076,94.57977305104143,100.13381929829407,91.56126965579543,-0.03785818866345958,484000000,22264000000.0,0,0,0,0,0,0,3237.0,-0.02183274155775483,92.3,0.0,4.605518197407362
2015-09-18,46.15,44.83,47.0,43.4,53932,239320000.0,3.76,-2.54,7.83,46.0,2.0123355968306686,90.21300480591887,92.86928779373535,94.57977305104143,87.33536490245102,-0.025434782608695694,484000000,21697720000.0,0,0,0,0,0,0,3251.27,0.004408402842137837,89.96,-0.14,4.488377843255913
2015-09-21,43.82,45.2,45.59,42.98,57324,251747711.0,4.0,0.83,5.82,44.83,2.0123355968306686,90.95756897674623,88.1805458531199,91.7423798595102,86.49018395178213,0.008253401739906518,484000000,21876800000.0,0,0,0,0,0,0,3308.25,0.01752545928206506,90.7,-0.1,4.525422228756799
2015-09-22,45.3,45.6,47.46,44.01,47713,219572430.0,3.33,0.88,7.63,45.2,2.0123355968306686,91.76250321547849,91.15880253642928,95.50544742558354,88.56288961651772,0.008849557522123908,484000000,22070400000.0,0,0,0,0,0,0,3339.03,0.009304012695533936,91.5,-0.05,4.56547021308208
2015-09-23,44.03,43.98,45.41,43.81,30606,135843814.0,2.14,-3.55,3.51,45.6,2.0123355968306686,88.5025195486128,88.60313632845434,91.38015945208066,88.1604224971516,-0.03552631578947374,484000000,21286320000.0,0,0,0,0,0,0,3263.03,-0.022761101277916085,88.26,-0.24,4.40327587656469
2015-09-24,44.01,44.2,45.23,43.73,25526,113410099.0,1.78,0.5,3.41,43.98,2.0123355968306686,88.94523337991556,88.56288961651772,91.01793904465114,87.99943564940513,0.005002273760800424,484000000,21392800000.0,0,0,0,0,0,0,3285.0,0.006733005825873439,88.7,-0.21,4.425302267943596
2015-09-25,44.25,42.86,45.3,42.45,26089,115031273.0,1.82,-3.03,6.45,44.2,2.0123355968306686,86.24870368016246,89.0458501597571,91.15880253642928,85.4236460854619,-0.030316742081448078,484000000,20744240000.0,0,0,0,0,0,0,3231.95,-0.016149162861491706,86.02,-0.37,4.291141520453903
2015-09-28,42.8,43.29,43.5,41.11,19284,82234073.0,1.35,1.0,5.58,42.86,2.0123355968306686,87.11400798679965,86.12796354435261,87.53659846213408,82.72711638570878,0.01003266448903406,484000000,20952360000.0,0,0,0,0,0,0,3242.75,0.0033416358545150793,86.88,-0.32,4.33419310360358
2015-09-29,42.0,44.9,45.8,42.0,61550,274658272.0,4.3,3.72,8.78,43.29,2.0123355968306686,90.35386829769702,84.51809506688808,92.16497033484463,84.51809506688808,0.03719103719103711,484000000,21731600000.0,0,0,0,0,0,0,3178.85,-0.01970549687765022,90.1,-0.13,4.495386240512837
2015-09-30,45.01,44.5,45.35,43.35,31482,140175709.0,2.2,-0.89,4.45,44.9,2.0123355968306686,89.54893405896476,90.57522521334839,91.25941931627082,87.23474812260949,-0.008908685968819552,484000000,21538000000.0,0,0,0,0,0,0,3202.95,0.007581358038284192,89.3,-0.18,4.455338256187557
2015-10-08,46.66,48.95,48.95,45.5,37342,179434291.0,2.61,10.0,7.75,44.5,2.0123355968306686,98.50382746486123,93.895578948119,98.50382746486123,91.56126965579543,0.10000000000000009,484000000,23691800000.0,1,0,1,0,0,0,3296.48,0.029201205139012476,98.2,0.34,4.900872081806312
2015-10-09,50.95,51.52,52.83,50.01,52219,269562624.0,3.65,5.25,5.76,48.95,2.0123355968306686,103.67552994871606,102.52849865852258,106.31168958056422,100.63690319750174,0.052502553626149195,484000000,24935680000.0,0,0,0,0,0,0,3340.12,0.013238363345143833,103.34,0.64,5.158180381096246
2015-10-12,53.0,56.67,56.67,52.7,57515,319919344.0,4.01,10.0,7.71,51.52,2.0123355968306686,114.039058272394,106.65378663202544,114.039058272394,106.05008595297625,0.0999611801242235,484000000,27428280000.0,1,0,1,0,0,0,3447.69,0.03220542974503915,113.64,1.24,5.673798179284243
2015-10-13,55.5,55.9,57.68,54.56,40060,224607512.0,2.8,-1.36,5.51,56.67,2.0123355968306686,112.48955986283437,111.68462562410211,116.07151722519296,109.79303016308128,-0.013587436033174582,484000000,27055600000.0,0,0,0,0,0,0,3445.04,-0.0007686305903372714,112.1,1.15,5.596705809458076
2015-10-14,56.19,54.0,58.49,53.81,34543,192705037.0,2.41,-3.4,8.37,55.9,2.0123355968306686,108.66612222885611,113.07313718591527,117.70150905862582,108.28377846545828,-0.03398926654740608,484000000,26136000000.0,0,0,0,0,0,0,3406.11,-0.01130030420546635,108.3,0.93,5.40647788391299
2015-10-15,53.45,55.77,56.42,53.18,36590,202959778.0,2.55,3.28,6.0,54.0,2.0123355968306686,112.2279562352464,107.55933765059925,113.53597437318633,107.01600703945496,0.032777777777777795,484000000,26992680000.0,0,0,0,0,0,0,3486.81,0.02369271691166741,111.84,1.14,5.58369021455236
2015-10-16,56.5,54.97,56.5,53.02,49233,268526016.0,3.44,-1.43,6.24,55.77,2.0123355968306686,110.61808775778185,113.69696122093278,113.69696122093278,106.69403334396206,-0.014344629729245217,484000000,26605480000.0,0,0,0,0,0,0,3534.07,0.013553936119260923,110.24,1.04,5.503594245901796
2015-10-19,55.81,52.95,58.0,52.27,92877,507339104.0,6.48,-3.67,10.42,54.97,2.0123355968306686,106.55316985218391,112.30844965911962,116.71546461617878,105.18478164633906,-0.036747316718209855,484000000,25627800000.0,0,0,0,0,0,0,3534.18,3.112558608053817e-05,106.2,0.81,5.301351925059127
2015-10-20,53.0,53.72,53.72,51.3,56273,296153120.0,3.93,1.45,4.57,52.95,2.0123355968306686,108.10266826174352,106.65378663202544,108.10266826174352,103.2328161174133,0.014542020774315212,484000000,26000480000.0,0,0,0,0,0,0,3577.7,0.012314030411580523,107.74,0.9,5.378444294885292
2015-10-21,54.28,48.35,54.28,48.35,75935,383432608.0,5.3,-10.0,11.04,53.72,2.0123355968306686,97.29642610676284,109.22957619596869,109.22957619596869,97.29642610676284,-0.09996276991809372,484000000,23401400000.0,0,1,0,1,0,0,3473.25,-0.02919473404701345,97.0,0.27,4.84080010531839
2015-10-22,47.99,49.79,50.0,47.01,57725,281594000.0,4.03,2.98,6.18,48.35,2.0123355968306686,100.19418936619898,96.57198529190379,100.61677984153343,94.59989640700972,0.029782833505687556,484000000,24098360000.0,0,0,0,0,0,0,3524.53,0.01476426977614631,99.88,0.44,4.984972848889402
2015-10-23,50.15,51.83,52.0,48.58,73800,373977936.0,5.15,4.1,6.87,49.79,2.0123355968306686,104.29935398373355,100.91863018105803,104.64145103519476,97.75926329403389,0.04097208274753972,484000000,25085720000.0,0,0,0,0,0,0,3571.24,0.01325283087390372,103.96,0.68,5.1892175689483375
2015-10-26,51.84,50.13,52.5,49.45,79070,400094512.0,5.52,-3.28,5.88,51.83,2.0123355968306686,100.87838346912143,104.31947733970188,105.64761883361011,99.50999526327656,-0.03279953694771365,484000000,24262920000.0,0,0,0,0,0,0,3589.26,0.005045866421747203,100.56,0.48,5.0190136355658925
2015-10-27,49.94,52.12,52.19,49.2,66361,337502064.0,4.63,3.97,5.96,50.13,2.0123355968306686,104.88293130681444,100.49603970572359,105.02379479859259,99.0069113640689,0.039696788350289225,484000000,25226080000.0,0,0,0,0,0,0,3592.88,0.0010085644394666193,104.54,0.71,5.218252357584166
2015-10-28,51.99,50.58,53.55,50.5,56577,291063504.0,3.95,-2.95,5.85,52.12,2.0123355968306686,101.78393448769522,104.62132767922647,107.7605712102823,101.62294763994876,-0.029547198772064465,484000000,24480720000.0,0,0,0,0,0,0,3524.92,-0.018915187815902623,101.46,0.53,5.064067617931833
2015-10-29,51.1,50.6,51.58,49.7,33807,170732165.0,2.36,0.04,3.72,50.58,2.0123355968306686,101.82418119963184,102.83034899804717,103.79627008452589,100.01307916248423,0.0003954132068011429,484000000,24490400000.0,0,0,0,0,0,0,3533.31,0.0023801958626010755,101.5,0.53,5.066070017148098
2015-10-30,50.12,49.95,50.99,49.03,28571,143167638.0,1.99,-1.28,3.87,50.6,2.0123355968306686,100.5161630616919,100.85826011315311,102.6089920823958,98.66481431260769,-0.012845849802371467,484000000,24175800000.0,0,0,0,0,0,0,3534.08,0.00021792596743552828,100.2,0.46,5.000992042619515
2015-11-02,49.0,51.0,52.5,48.01,60502,310965872.0,4.22,2.1,8.99,49.95,2.0123355968306686,102.6291154383641,98.60444424470276,105.64761883361011,96.6122320038404,0.02102102102102088,484000000,24684000000.0,0,0,0,0,0,0,3475.96,-0.016445581311119173,102.3,0.58,5.106118001473379
2015-11-03,51.0,54.58,56.1,51.0,101472,551181600.0,7.08,7.02,10.0,51.0,2.0123355968306686,109.83327687501789,102.6291154383641,112.89202698220052,102.6291154383641,0.07019607843137243,484000000,26416720000.0,1,0,0,0,0,0,3465.49,-0.003012117515736712,109.46,1.0,5.464547461184647
2015-11-04,54.59,55.91,56.9,53.08,87010,477201040.0,6.07,2.44,7.0,54.58,2.0123355968306686,112.50968321880268,109.85340023098621,114.50189545966505,106.81477347977189,0.024367900329791192,484000000,27060440000.0,0,0,0,0,0,0,3628.54,0.04704962357415554,112.12,1.15,5.597707009066208
2015-11-05,55.5,53.95,56.0,53.5,65412,356142352.0,4.57,-3.51,4.47,55.91,2.0123355968306686,108.56550544901458,111.68462562410211,112.69079342251744,107.65995443044078,-0.03505634054730811,484000000,26111800000.0,0,0,0,0,0,0,3705.97,0.0213391612053333,108.2,0.92,5.40147188587233
2015-11-06,54.0,54.28,54.94,53.24,49877,268832384.0,3.48,0.61,3.15,53.95,2.0123355968306686,109.22957619596869,108.66612222885611,110.55771768987694,107.1367471752648,0.006116774791473656,484000000,26271520000.0,0,0,0,0,0,0,3793.37,0.023583569213998068,108.86,0.96,5.434511472940686
2015-11-09,53.81,54.0,54.5,52.51,83125,440947056.0,5.8,-0.52,3.67,54.28,2.0123355968306686,108.66612222885611,108.28377846545828,109.67229002727144,105.6677421895784,-0.005158437730287457,484000000,26136000000.0,0,0,0,0,0,0,3840.35,0.012384766052349283,108.3,0.93,5.40647788391299
2015-11-10,53.29,52.61,53.97,52.11,64818,341276736.0,4.52,-2.57,3.44,54.0,2.0123355968306686,105.86897574926148,107.23736395510633,108.60575216095118,104.86280795084615,-0.02574074074074073,484000000,25463240000.0,0,0,0,0,0,0,3833.24,-0.001851393753173558,105.52,0.77,5.267311138382637
2015-11-11,52.72,52.86,52.94,51.45,63708,330822064.0,4.45,0.48,2.83,52.61,2.0123355968306686,106.37205964846915,106.09033266491285,106.53304649621559,103.53466645693791,0.004751948298802544,484000000,25584240000.0,0,0,0,0,0,0,3833.65,0.00010695912596148105,106.02,0.8,5.292341128585938
2015-11-12,52.9,55.9,56.48,51.68,128503,692878432.0,8.97,5.75,9.08,52.86,2.0123355968306686,112.48955986283437,106.45255307234237,113.65671450899616,103.99750364420896,0.05751040484298153,484000000,27055600000.0,0,0,0,0,0,0,3795.32,-0.009998304487890075,112.1,1.15,5.596705809458076
2015-11-13,54.55,52.98,55.2,52.68,85579,463458976.0,5.97,-5.22,4.51,55.9,2.0123355968306686,106.61353992008881,109.77290680711297,111.08092494505291,106.00983924103963,-0.05223613595706622,484000000,25642320000.0,0,0,0,0,0,0,3746.24,-0.012931715902743446,106.26,0.81,5.304355523883522
2015-11-16,51.01,52.3,52.45,51.01,46428,241310323.0,3.24,-1.28,2.72,52.98,2.0123355968306686,105.24515171424396,102.6492387943324,105.54700205376858,102.6492387943324,-0.01283503208758019,484000000,25313200000.0,0,0,0,0,0,0,3764.13,0.004775454856069006,104.9,0.73,5.236273950530543
2015-11-17,53.0,52.0,55.0,51.92,48818,259579406.0,3.41,-0.57,5.89,52.3,2.0123355968306686,104.64145103519476,106.65378663202544,110.67845782568678,104.48046418744832,-0.005736137667303964,484000000,25168000000.0,0,0,0,0,0,0,3758.39,-0.0015249207652233698,104.3,0.7,5.206237962286583
2015-11-18,51.5,51.22,53.15,51.01,32029,166160401.0,2.24,-1.5,4.12,52.0,2.0123355968306686,103.07182926966685,103.63528323677943,106.95563697155004,102.6492387943324,-0.015000000000000013,484000000,24790480000.0,0,0,0,0,0,0,3715.58,-0.011390515619720154,102.74,0.61,5.128144392852284
2015-11-19,51.21,51.91,52.5,51.02,25885,133779901.0,1.81,1.35,2.89,51.22,2.0123355968306686,104.46034083148,103.05170591369854,105.64761883361011,102.66936215030073,0.013471300273330655,484000000,25124440000.0,0,0,0,0,0,0,3774.97,0.01598404555950883,104.12,0.69,5.197227165813394
2015-11-20,52.15,51.16,52.3,50.7,50827,259996588.0,3.55,-1.44,3.08,51.91,2.0123355968306686,102.951089133857,104.94330137471937,105.24515171424396,102.02541475931491,-0.014448083220959362,484000000,24761440000.0,0,0,0,0,0,0,3774.38,-0.0001562926327890457,102.62,0.6,5.122137195203491
2015-11-23,51.16,52.67,53.3,50.7,67798,354275008.0,4.73,2.95,5.08,51.16,2.0123355968306686,105.98971588507132,102.951089133857,107.25748731107463,102.02541475931491,0.0295152462861612,484000000,25492280000.0,0,0,0,0,0,0,3753.34,-0.005574425468553801,105.64,0.78,5.273318336031429
2015-11-24,53.0,57.94,57.94,53.0,127682,724013584.0,8.91,10.01,9.38,52.67,2.0123355968306686,116.59472448036894,106.65378663202544,116.59472448036894,106.65378663202544,0.100056958420353,484000000,28042960000.0,1,0,1,0,0,0,3753.89,0.00014653615180071355,116.18,1.39,5.800950529517011
2015-11-25,59.1,60.71,63.48,58.1,130390,788682992.0,9.1,4.78,9.29,57.94,2.0123355968306686,122.16889408358989,118.92903377269252,127.74306368681084,116.91669817586185,0.04780807732136694,484000000,29383640000.0,0,0,0,0,0,0,3781.61,0.007384339977996257,121.72,1.71,6.078282820969585
2015-11-26,59.8,57.89,60.45,57.75,65776,386688880.0,4.59,-4.65,4.45,60.71,2.0123355968306686,116.49410770052741,120.33766869047398,121.64568682841393,116.21238071697111,-0.04645033767089446,484000000,28018760000.0,0,0,0,0,0,0,3759.43,-0.005865226715605298,116.08,1.38,5.795944531476351
2015-11-27,57.5,52.16,57.5,52.1,68779,378847600.0,4.8,-9.9,9.33,57.89,2.0123355968306686,104.96342473068766,115.70929681776344,115.70929681776344,104.84268459487784,-0.0989808257039213,484000000,25245440000.0,0,1,0,0,0,0,3556.99,-0.053848588748826254,104.62,0.72,5.222257156016695
2015-11-30,52.25,54.5,55.5,51.77,91646,492562192.0,6.4,4.49,7.15,52.16,2.0123355968306686,109.67229002727144,105.14453493440244,111.68462562410211,104.17861384792373,0.044861963190184095,484000000,26378000000.0,0,0,0,0,0,0,3566.41,0.002648306573816539,109.3,0.99,5.456537864319592
2015-12-01,53.97,52.75,54.92,50.01,61913,327957792.0,4.32,-3.21,9.01,54.5,2.0123355968306686,106.15070273281778,108.60575216095118,110.51747097794032,100.63690319750174,-0.032110091743119296,484000000,25531000000.0,0,0,0,0,0,0,3591.7,0.007091164504361425,105.8,0.78,5.2813279328964855
2015-12-02,52.7,51.41,53.37,50.1,57948,298018320.0,4.05,-2.54,6.2,52.75,2.0123355968306686,103.45417303306466,106.05008595297625,107.39835080285278,100.8180134012165,-0.02540284360189582,484000000,24882440000.0,0,0,0,0,0,0,3721.95,0.03626416460172055,103.12,0.63,5.147167185406792
2015-12-03,51.45,53.15,53.2,51.45,36518,190751276.0,2.55,3.38,3.4,51.41,2.0123355968306686,106.95563697155004,103.53466645693791,107.05625375139158,103.53466645693791,0.033845555339428124,484000000,25724600000.0,0,0,0,0,0,0,3749.3,0.007348298606913106,106.6,0.83,5.321375917221767
2015-12-04,52.8,53.47,55.0,52.11,53969,289036608.0,3.77,0.6,5.44,53.15,2.0123355968306686,107.59958436253585,106.2513195126593,110.67845782568678,104.86280795084615,0.006020696142991611,484000000,25879480000.0,0,0,0,0,0,0,3677.59,-0.019126236897554216,107.24,0.87,5.3534143046819915
2015-12-07,53.0,53.01,53.79,52.45,38620,204791806.0,2.7,-0.86,2.51,53.47,2.0123355968306686,106.67390998799374,106.65378663202544,108.24353175352167,105.54700205376858,-0.008602954927997009,484000000,25656840000.0,0,0,0,0,0,0,3687.61,0.002724610410622219,106.32,0.82,5.3073591227079175
2015-12-08,53.3,50.37,53.38,50.0,74484,378662544.0,5.2,-4.98,6.38,53.01,2.0123355968306686,101.36134401236077,107.25748731107463,107.4184741588211,100.61677984153343,-0.049801924165251865,484000000,24379080000.0,0,0,0,0,0,0,3623.02,-0.017515409709812135,101.04,0.51,5.043042426161061
2015-12-09,49.99,48.65,50.3,48.2,62101,305420032.0,4.34,-3.41,4.17,50.37,2.0123355968306686,97.90012678581202,100.59665648556513,101.22048052058263,96.99457576723823,-0.03414730990669046,484000000,23546600000.0,0,0,0,0,0,0,3635.94,0.0035660857516657263,97.6,0.31,4.8708360935623505
2015-12-10,48.25,48.86,49.41,47.95,47389,230870549.0,3.31,0.43,3.0,48.65,2.0123355968306686,98.32271726114647,97.09519254707976,99.42950183940333,96.49149186803056,0.004316546762589857,484000000,23648240000.0,0,0,0,0,0,0,3623.08,-0.00353691205025386,98.02,0.33,4.891861285333123
2015-12-11,48.85,46.78,48.85,45.39,82920,386993888.0,5.79,-4.26,7.08,48.86,2.0123355968306686,94.13705921973869,98.30259390517817,98.30259390517817,91.33991274014406,-0.042570609905853374,484000000,22641520000.0,0,0,0,0,0,0,3608.06,-0.0041456440376695936,93.86,0.09,4.68361176684166
2015-12-14,45.7,46.59,46.6,44.91,77677,353993632.0,5.42,-0.41,3.61,46.78,2.0123355968306686,93.75471545634086,91.96373677516156,93.77483881230916,90.37399165366533,-0.004061564771269732,484000000,22549560000.0,0,0,0,0,0,0,3711.32,0.028619257994600966,93.48,0.07,4.664588974287152
2015-12-15,46.8,46.66,48.06,46.2,71212,335288000.0,4.97,0.15,3.99,46.59,2.0123355968306686,93.895578948119,94.17730593167529,96.71284878368193,92.9699045735769,0.001502468340845553,484000000,22583440000.0,0,0,0,0,0,0,3694.39,-0.0045617192804716655,93.62,0.07,4.671597371544076
2015-12-16,47.6,49.29,49.47,47.32,101515,492965488.0,7.09,5.64,4.61,46.66,2.0123355968306686,99.18802156778365,95.78717440913984,99.55024197521318,95.22372044202724,0.05636519502786119,484000000,23856360000.0,0,0,0,0,0,0,3685.44,-0.00242259209233453,98.88,0.38,4.934912868482801
2015-12-17,49.3,49.75,50.1,48.51,89925,444524416.0,6.28,0.93,3.23,49.29,2.0123355968306686,100.11369594232576,99.20814492375196,100.8180134012165,97.61839980225574,0.009332521809697791,484000000,24079000000.0,0,0,0,0,0,0,3755.89,0.019115763653729134,99.8,0.43,4.980968050456875
2015-12-18,50.0,48.68,50.0,48.51,61374,300535536.0,4.28,-2.15,2.99,49.75,2.0123355968306686,97.96049685371695,100.61677984153343,100.61677984153343,97.61839980225574,-0.02150753768844227,484000000,23561120000.0,0,0,0,0,0,0,3767.91,0.0032003067182477807,97.66,0.31,4.873839692386746
2015-12-21,48.7,49.05,49.48,48.53,55053,269527568.0,3.84,0.76,1.95,48.68,2.0123355968306686,98.70506102454429,98.00074356565356,99.57036533118148,97.65864651419236,0.007600657354149387,484000000,23740200000.0,0,0,0,0,0,0,3865.96,0.02602238376182031,98.4,0.35,4.910884077887632
2015-12-22,49.1,49.17,49.48,48.72,41180,202198830.0,2.87,0.24,1.55,49.05,2.0123355968306686,98.94654129616399,98.80567780438584,99.57036533118148,98.04099027759017,0.0024464831804282827,484000000,23798280000.0,0,0,0,0,0,0,3876.73,0.0027858539664145088,98.64,0.37,4.922898473185217
2015-12-23,49.6,49.07,50.49,49.02,52778,262356635.0,3.68,-0.2,2.99,49.17,2.0123355968306686,98.74530773648091,99.81184560280117,101.60282428398047,98.64469095663938,-0.0020337604230221684,484000000,23749880000.0,0,0,0,0,0,0,3866.38,-0.002669775816216191,98.44,0.36,4.912886477103896
2015-12-24,48.5,47.22,48.5,45.91,81213,379172880.0,5.67,-3.77,5.28,49.07,2.0123355968306686,95.02248688234417,97.59827644628743,97.59827644628743,92.386327250496,-0.03770124312207057,516873109,24406748206.98,0,0,0,0,0,0,3829.4,-0.009564502195852476,94.74,0.14,4.72766454959947
2015-12-25,46.92,46.55,46.92,45.3,84865,391076192.0,5.92,-1.42,3.43,47.22,2.0123355968306686,93.67422203246763,94.41878620329497,94.41878620329497,91.15880253642928,-0.014188903007200326,516873109,24060443223.949997,0,0,0,0,0,0,3838.2,0.002298010132135486,93.4,0.06,4.660584175854623
2015-12-28,46.24,46.7,47.16,45.9,75790,352058576.0,5.29,0.32,2.71,46.55,2.0123355968306686,93.97607237199223,93.05039799745012,94.90174674653433,92.36620389452769,0.003222341568206444,516873109,24137974190.300003,0,0,0,0,0,0,3727.63,-0.02880777447761962,93.7,0.08,4.675602169976604
2015-12-29,46.21,46.3,46.5,45.51,39953,184135322.0,2.79,-0.86,2.12,46.7,2.0123355968306686,93.17113813325996,92.9900279295452,93.5736052526261,91.58139301176372,-0.008565310492505529,516873109,23931224946.699997,0,0,0,0,0,0,3761.87,0.009185461003372142,92.9,0.03,4.635554185651323
2015-12-30,46.58,46.83,46.98,46.08,38958,181767288.0,2.72,1.14,1.94,46.3,2.0123355968306686,94.2376759995802,93.73459210037254,94.53952633910481,92.7284243019572,0.011447084233261462,516873109,24205167694.469997,0,0,0,0,0,0,3765.18,0.0008798815482724542,93.96,0.09,4.68861776488232
2015-12-31,46.91,47.07,47.58,46.7,48014,226037401.0,3.35,0.51,1.88,46.83,2.0123355968306686,94.72063654281958,94.39866284732666,95.7469276972032,93.97607237199223,0.005124919923126248,516873109,24329217240.63,0,0,0,0,0,0,3731.0,-0.009077919249544486,94.44,0.12,4.712646555477489
2016-01-04,47.07,42.36,47.27,42.36,48504,222650831.0,3.39,-10.01,10.43,47.07,2.0123355968306686,85.24253588174712,94.72063654281958,95.12310366218571,85.24253588174712,-0.10006373486297004,516873109,21894744897.239998,0,1,0,1,0,0,3469.07,-0.07020369874028409,85.02,-0.43,4.2410815400473005
2016-01-05,42.99,45.35,45.97,42.36,92234,410930192.0,6.44,7.06,8.52,42.36,2.0123355968306686,91.25941931627082,86.51030730775045,92.50706738630583,85.24253588174712,0.07058545797922577,516873109,23440195493.15,0,0,0,0,0,0,3478.78,0.0027990210632820034,91.0,-0.08,4.540440222878779
2016-01-06,46.08,47.96,49.49,46.08,126716,608678400.0,8.85,5.76,7.52,45.35,2.0123355968306686,96.51161522399887,92.7284243019572,99.5904886871498,92.7284243019572,0.05755237045203976,516873109,24789234307.64,0,0,0,0,0,0,3539.81,0.017543506631635175,96.22,0.23,4.80175332060124
2016-01-07,47.2,45.68,47.8,43.2,26851,124632867.0,1.87,-4.75,9.59,47.96,2.0123355968306686,91.92349006322495,94.98224017040756,96.18964152850596,86.9328977830849,-0.047539616346955804,516873109,23610763619.12,0,0,0,0,0,0,3294.38,-0.06933422980329451,91.66,-0.04,4.573479809947137
2016-01-08,48.0,50.25,50.25,45.68,128715,629682624.0,8.99,10.0,10.0,45.68,2.0123355968306686,101.1198637407411,96.5921086478721,101.1198637407411,91.92349006322495,0.10004378283712789,516873109,25972873727.25,1,0,1,0,0,0,3361.56,0.020392304470036704,100.8,0.49,5.031028030863476
2016-01-11,50.69,50.88,55.28,49.52,190677,1001764800.0,13.31,1.25,11.46,50.25,2.0123355968306686,102.38763516674443,102.00529140334659,111.24191179279937,99.65085875505471,0.012537313432835928,516873109,26298503785.920002,1,0,0,0,0,0,3192.45,-0.05030700032127944,102.06,0.57,5.094103606175795
2016-01-12,52.5,49.74,53.28,47.82,129537,653686192.0,9.04,-2.24,10.73,50.88,2.0123355968306686,100.09357258635747,105.64761883361011,107.21724059913802,96.22988824044258,-0.02240566037735847,516873109,25709268441.66,0,0,0,0,0,0,3215.71,0.007285940265313595,99.78,0.43,4.979966850848743
2016-01-13,49.74,45.0,49.89,44.77,109114,515790816.0,7.62,-9.53,10.29,49.74,2.0123355968306686,90.5551018573801,100.09357258635747,100.39542292588206,90.09226467010905,-0.09529553679131486,516873109,23259289905.0,0,1,0,0,0,0,3155.88,-0.018605533459173818,90.3,-0.12,4.505398236594158
2016-01-14,43.0,45.6,46.3,42.04,82995,368679424.0,5.79,1.33,9.47,45.0,2.0123355968306686,91.76250321547849,86.53043066371875,93.17113813325996,84.5985884907613,0.01333333333333342,516873109,23569413770.4,0,0,0,0,0,0,3221.57,0.020815113375667105,91.5,-0.05,4.56547021308208
2016-01-15,45.12,42.39,45.53,41.04,81712,351994784.0,5.7,-7.04,9.85,45.6,2.0123355968306686,85.30290594965204,90.79658212899976,91.62163972370034,82.58625289393063,-0.07039473684210529,516873109,21910251090.510002,0,1,0,0,0,0,3118.73,-0.031922323587567636,85.08,-0.42,4.2440851388716965
2016-01-18,40.8,42.92,43.35,40.0,62323,262051030.0,4.35,1.25,7.9,42.39,2.0123355968306686,86.3694438159723,82.10329235069128,87.23474812260949,80.49342387322675,0.012502948808681413,516873109,22184193838.280003,0,0,0,0,0,0,3130.73,0.0038477200655395727,86.14,-0.36,4.297148718102695
2016-01-19,42.84,45.19,46.06,42.0,72848,323766960.0,5.09,5.29,9.46,42.92,2.0123355968306686,90.93744562077791,86.20845696822585,92.6881775900206,84.51809506688808,0.0528890959925441,516873109,23357495795.71,0,0,0,0,0,0,3223.12,0.029510689200282325,90.68,-0.1,4.524421029148666
2016-01-20,45.0,43.35,45.0,42.56,63471,277783456.0,4.43,-4.07,5.4,45.19,2.0123355968306686,87.23474812260949,90.5551018573801,90.5551018573801,85.64500300111327,-0.04071697278158881,516873109,22406449275.15,0,0,0,0,0,0,3174.38,-0.01512199359626687,87.0,-0.31,4.340200301252373
2016-01-21,42.05,41.8,43.02,40.75,87498,365848944.0,6.11,-3.58,5.24,43.35,2.0123355968306686,84.11562794752194,84.61871184672961,86.57067737565538,82.00267557084975,-0.0357554786620532,516873109,21605295956.199997,0,0,0,0,0,0,3081.35,-0.029306510247670503,83.9,-0.49,4.1850143619919065
2016-01-22,41.75,43.11,43.36,41.23,54769,231064351.0,3.82,3.13,5.1,41.8,2.0123355968306686,86.75178757937013,84.01501116768041,87.2548714785778,82.96859665732846,0.031339712918660334,516873109,22282399728.989998,0,0,0,0,0,0,3113.46,0.010420757135671144,86.52,-0.34,4.316171510657203
2016-01-25,44.24,44.21,45.48,43.3,65400,291181328.0,4.57,2.55,5.06,43.11,2.0123355968306686,88.96535673588386,89.02572680378879,91.52102294385881,87.13413134276794,0.02551612154952454,516873109,22850960148.89,0,0,0,0,0,0,3128.89,0.004955901151773245,88.72,-0.21,4.426303467551727
2016-01-26,43.72,41.95,45.6,41.7,64297,284192336.0,4.49,-5.11,8.82,44.21,2.0123355968306686,84.41747828704655,87.97931229343683,91.76250321547849,83.91439438783888,-0.051119656186383144,516873109,21682826922.550003,0,0,0,0,0,0,2940.51,-0.06020665475615938,84.2,-0.48,4.200032356113887
2016-01-27,42.5,43.31,43.94,39.5,66791,275131584.0,4.66,3.24,10.58,41.95,2.0123355968306686,87.15425469873627,85.52426286530341,88.42202612473957,79.48725607481141,0.03241954707985695,516873109,22385774350.79,0,0,0,0,0,0,2930.35,-0.0034551829444553483,86.92,-0.32,4.3361955028198444
2016-01-28,42.6,41.01,43.98,40.5,40220,170127405.0,2.62,-5.31,8.04,43.31,2.0123355968306686,82.52588282602572,85.72549642498649,88.5025195486128,81.49959167164208,-0.05310551835603794,516873109,21196966200.09,0,0,0,0,0,0,2853.76,-0.02613680959612319,82.32,-0.59,4.105919592949476
2016-01-29,41.01,41.55,42.1,39.79,39004,161029962.0,2.54,1.32,5.63,41.01,2.0123355968306686,83.61254404831428,82.52588282602572,84.71932862657115,80.0708333978923,0.013167520117044695,516873109,21476077678.949997,0,0,0,0,0,0,2946.09,0.032353806907378324,83.4,-0.52,4.159984371788606
2016-02-01,41.5,42.17,42.82,41.0,34571,144512822.0,2.25,1.49,4.38,41.55,2.0123355968306686,84.8601921183493,83.51192726847275,86.16821025628923,82.50575947005741,0.014921780986763,516873109,21796539006.530003,0,0,0,0,0,0,2901.05,-0.015288059767352702,84.64,-0.45,4.222058747492793
2016-02-02,42.8,44.38,44.8,42.5,47306,204657623.0,3.08,5.24,5.45,42.17,2.0123355968306686,89.30745378734508,86.12796354435261,90.15263473801394,85.52426286530341,0.05240692435380612,516873109,22938828577.420002,0,0,0,0,0,0,2961.33,0.020778683580082946,89.06,-0.19,4.443323860889972
2016-02-03,43.18,43.1,43.95,42.2,31417,135035814.0,2.05,-2.88,3.94,44.38,2.0123355968306686,86.73166422340182,86.89265107114826,88.4421494807079,84.92056218625422,-0.028841820639927906,516873109,22277230997.9,0,0,0,0,0,0,2948.64,-0.004285236701076944,86.5,-0.34,4.315170311049071
2016-02-04,43.18,43.5,43.92,43.05,28800,125561558.0,1.88,0.93,2.02,43.1,2.0123355968306686,87.53659846213408,86.89265107114826,88.38177941280297,86.63104744356028,0.009280742459396807,516873109,22483980241.5,0,0,0,0,0,0,2984.76,0.012249715122904181,87.3,-0.29,4.355218295374352
2016-02-05,43.51,42.39,43.86,41.8,31844,135577024.0,2.07,-2.55,4.74,43.5,2.0123355968306686,85.30290594965204,87.55672181810239,88.26103927699313,84.11562794752194,-0.02551724137931033,516873109,21910251090.510002,0,0,0,0,0,0,2963.79,-0.0070256905077795695,85.08,-0.42,4.2440851388716965
2016-02-15,40.5,43.26,43.68,40.5,26788,113159735.0,1.74,2.05,7.5,42.39,2.0123355968306686,87.05363791889472,81.49959167164208,87.89881886956361,81.49959167164208,0.020523708421797515,516873109,22359930695.34,0,0,0,0,0,0,2946.71,-0.005762891432928741,86.82,-0.32,4.331189504779184
2016-02-16,43.28,44.84,46.09,43.28,52402,235854816.0,3.41,3.65,6.5,43.26,2.0123355968306686,90.2331281618872,87.09388463083134,92.74854765792553,87.09388463083134,0.03652334720295891,516873109,23176590207.56,0,0,0,0,0,0,3037.04,0.030654526573704155,89.98,-0.14,4.489379042864046
2016-02-17,45.32,45.5,46.19,44.61,38305,174906016.0,2.5,1.47,3.52,44.84,2.0123355968306686,91.56126965579543,91.19904924836591,92.94978121760857,89.77029097461613,0.014719000892060574,516873109,23517726459.5,0,0,0,0,0,0,3063.32,0.008653162289597782,91.3,-0.06,4.55545821700076
2016-02-18,46.2,45.96,47.28,45.57,45542,210907101.0,2.97,1.01,3.76,45.5,2.0123355968306686,92.48694403033754,92.9699045735769,95.14322701815402,91.70213314757358,0.010109890109890163,516873109,23755488089.64,0,0,0,0,0,0,3053.7,-0.0031403836360550663,92.22,-0.01,4.601513398974834
2016-02-19,45.96,46.49,46.9,45.52,35894,166595091.0,2.34,1.15,3.0,45.96,2.0123355968306686,93.55348189665779,92.48694403033754,94.37853949135835,91.60151636773205,0.011531766753698935,516873109,24029430837.41,0,0,0,0,0,0,3051.58,-0.0006942397746995121,93.28,0.05,4.6545769782058315
2016-02-22,47.5,47.35,48.0,46.72,38380,181519870.0,2.5,1.85,2.75,46.49,2.0123355968306686,95.28409050993217,95.58594084945676,96.5921086478721,94.01631908392883,0.018498601849860075,516873109,24473941711.15,0,0,0,0,0,0,3118.87,0.022050872007288058,95.0,0.15,4.740680144505187
2016-02-23,47.04,48.27,48.47,47.02,49728,237407907.0,3.24,1.94,3.06,47.35,2.0123355968306686,97.13543925901638,94.66026647491465,97.5379063783825,94.62001976297805,0.01942977824709602,516873109,24949464971.43,0,0,0,0,0,0,3089.36,-0.009461760188786195,96.84,0.26,4.832790508453334
2016-02-24,48.3,51.3,52.49,48.26,92017,465772176.0,5.99,6.28,8.76,48.27,2.0123355968306686,103.2328161174133,97.19580932692129,105.6274954776418,97.11531590304807,0.06277190801740207,516873109,26515590491.699997,0,0,0,0,0,0,3109.55,0.006535334179247565,102.9,0.62,5.136153989717339
2016-02-25,51.0,48.96,53.5,47.55,121100,617165504.0,7.89,-4.56,11.6,51.3,2.0123355968306686,98.52395082082954,102.6291154383641,107.65995443044078,95.68655762929829,-0.04561403508771922,516873109,25306107416.64,0,0,0,0,0,0,2918.75,-0.061359360679198005,98.22,0.34,4.901873281414444
2016-02-26,49.3,52.22,53.45,49.3,110446,568493152.0,7.19,6.66,8.48,48.96,2.0123355968306686,105.08416486649752,99.20814492375196,107.55933765059925,99.20814492375196,0.06658496732026142,516873109,26991113751.98,0,0,0,0,0,0,2948.03,0.010031691648822338,104.74,0.72,5.228264353665487
2016-02-29,52.52,54.06,56.3,48.45,126048,671754864.0,8.21,3.52,15.03,52.22,2.0123355968306686,108.78686236466595,105.68786554554673,113.29449410156664,97.4976596664459,0.03523554193795486,516873109,27942160272.54,0,0,0,0,0,0,2877.47,-0.023934627530927566,108.42,0.94,5.4124850815617815
2016-03-01,53.5,56.34,57.3,52.22,76865,429068640.0,5.01,4.22,9.4,54.06,2.0123355968306686,113.37498752543988,107.65995443044078,115.30682969839731,105.08416486649752,0.04217536071032191,516873109,29120630961.06,0,0,0,0,0,0,2930.69,0.01849541437443314,112.98,1.2,5.640758592215886
2016-03-02,55.5,55.92,58.75,53.8,97428,546079392.0,6.35,-0.75,8.79,56.34,2.0123355968306686,112.529806574771,111.68462562410211,118.22471631380178,108.26365510948997,-0.007454739084132078,516873109,28903544255.280003,0,0,0,0,0,0,3051.33,0.04116436743565499,112.14,1.15,5.598708208674341
2016-03-03,55.44,54.45,57.0,53.67,83145,457475936.0,5.42,-2.63,5.95,55.92,2.0123355968306686,109.57167324742991,111.56388548829227,114.70312901934811,108.00205148190199,-0.026287553648068673,516873109,28143740785.050003,0,0,0,0,0,0,3058.42,0.00232357693202645,109.2,0.98,5.451531866278931
2016-03-04,53.9,56.8,57.57,53.9,112501,633799104.0,7.33,4.32,6.74,54.45,2.0123355968306686,114.30066189998198,108.46488866917304,115.8501603095416,108.46488866917304,0.04315886134067948,516873109,29358392591.199997,0,0,0,0,0,0,3093.89,0.011597491515226821,113.9,1.26,5.686813774189959
2016-03-07,58.01,57.74,58.8,55.7,76891,439670480.0,5.01,1.65,5.46,56.8,2.0123355968306686,116.19225736100282,116.73558797214709,118.32533309364331,112.08709274346825,0.016549295774648032,516873109,29844253313.66,0,0,0,0,0,0,3104.84,0.0035392337801281037,115.78,1.37,5.780926537354371
2016-03-08,57.88,54.41,57.88,53.4,73019,399618416.0,4.76,-5.77,7.76,57.74,2.0123355968306686,109.49117982355668,116.47398434455911,116.47398434455911,107.4587208707577,-0.05767232421198487,516873109,28123065860.69,0,0,0,0,0,0,3107.67,0.0009114801406835404,109.12,0.98,5.447527067846403
2016-03-09,52.99,51.29,53.36,50.5,62667,323720816.0,4.08,-5.73,5.26,54.41,2.0123355968306686,103.212692761445,106.63366327605713,107.37822744688448,101.62294763994876,-0.05734240029406357,516873109,26510421760.61,0,0,0,0,0,0,3071.91,-0.011507013292917256,102.88,0.61,5.135152790109208
2016-03-10,52.29,52.35,53.66,51.6,61302,322006224.0,3.99,2.07,4.02,51.29,2.0123355968306686,105.3457684940855,105.22502835827567,107.98192812593368,103.8365167964625,0.020666796646519936,516873109,27058307256.15,0,0,0,0,0,0,3013.15,-0.01912816456211275,105.0,0.74,5.241279948571204
2016-03-11,52.09,52.51,53.55,51.0,31469,166095353.0,2.05,0.31,4.87,52.35,2.0123355968306686,105.6677421895784,104.82256123890954,107.7605712102823,102.6291154383641,0.003056351480420272,516873109,27141006953.59,0,0,0,0,0,0,3018.28,0.0017025372118879556,105.32,0.76,5.257299142301316
2016-03-14,52.91,55.17,55.49,52.65,51283,276609808.0,3.34,5.07,5.41,52.51,2.0123355968306686,111.02055487714799,106.47267642831068,111.6645022681338,105.9494691731347,0.050657017710912244,516873109,28515889423.530003,0,0,0,0,0,0,3065.69,0.015707621559298612,110.64,1.07,5.523618238064437
2016-03-15,53.46,52.2,54.73,51.35,84825,451538720.0,5.53,-5.38,6.13,55.17,2.0123355968306686,105.04391815456091,107.57946100656754,110.13512721454249,103.33343289725484,-0.0538336052202284,516873109,26980776289.800003,0,0,0,0,0,0,3074.78,0.0029650747466312133,104.7,0.72,5.226261954449224
2016-03-16,52.5,51.15,52.86,50.16,42972,219628037.0,2.8,-2.01,5.17,52.2,2.0123355968306686,102.9309657778887,105.64761883361011,106.37205964846915,100.93875353702633,-0.02011494252873569,516873109,26438059525.35,0,0,0,0,0,0,3090.03,0.00495970443413829,102.6,0.6,5.12113599559536
2016-03-17,51.25,52.37,52.5,50.97,40557,210878343.0,2.64,2.39,2.99,51.15,2.0123355968306686,105.38601520602211,103.13219933757176,105.64761883361011,102.56874537045918,0.023851417399804564,516873109,27068644718.329998,0,0,0,0,0,0,3124.2,0.01105814506655256,105.04,0.74,5.243282347787467
2016-03-18,52.9,54.1,54.29,52.5,55086,295761728.0,3.59,3.3,3.42,52.37,2.0123355968306686,108.86735578853917,106.45255307234237,109.249699551937,105.64761883361011,0.033034179873973724,516873109,27962835196.9,0,0,0,0,0,0,3171.96,0.015287113501056382,108.5,0.94,5.41648987999431
2016-03-21,55.16,57.71,58.39,55.16,78500,447568496.0,5.11,6.67,5.97,54.1,2.0123355968306686,116.13188729309789,111.00043152117968,117.50027549894274,111.00043152117968,0.06672828096118288,516873109,29828747120.39,0,0,0,0,0,0,3249.44,0.024426537535151782,115.72,1.36,5.777922938529975
2016-03-22,56.72,59.42,62.04,56.11,83943,505538704.0,5.47,2.96,10.28,57.71,2.0123355968306686,119.57298116367834,114.13967505223552,124.84530042737468,112.91215033816881,0.02963091318662281,516873109,30712600136.780003,0,0,0,0,0,0,3225.79,-0.007278177162834187,119.14,1.56,5.949128071520553
2016-03-23,60.2,59.65,61.5,57.8,64509,386869072.0,4.2,0.39,6.23,59.42,2.0123355968306686,120.03581835094938,121.14260292920626,123.75863920508613,116.31299749681264,0.0038707505890271943,516873109,30831480951.85,0,0,0,0,0,0,3236.09,0.0031930162843831766,119.6,1.59,5.972155662507589
2016-03-24,58.5,60.65,62.99,58.45,79749,491605344.0,5.19,1.68,7.61,59.65,2.0123355968306686,122.04815394778005,117.72163241459411,126.75701924436382,117.6210156347526,0.016764459346185978,516873109,31348354060.85,0,0,0,0,0,0,3181.85,-0.01676096771103408,121.6,1.71,6.072275623320793
2016-04-11,61.5,59.98,63.8,57.5,149653,895156032.0,9.75,-1.1,10.39,60.65,2.0123355968306686,120.6998890979035,123.75863920508613,128.38701107779664,115.70929681776344,-0.011046990931574685,516873109,31002049077.82,0,0,0,0,0,0,3230.1,0.015164134072944924,120.26,1.63,6.005195249575946
2016-04-12,59.02,56.3,59.1,55.21,105635,598822848.0,6.88,-6.14,6.49,59.98,2.0123355968306686,113.29449410156664,118.76804692494608,118.92903377269252,111.10104830102122,-0.06135378459486496,516873109,29099956036.699997,0,0,0,0,0,0,3218.45,-0.003606699482988196,112.9,1.2,5.636753793783358
2016-04-13,56.78,56.31,56.98,55.98,59355,335431712.0,3.87,0.02,1.78,56.3,2.0123355968306686,113.31461745753495,114.26041518804537,114.6628823074115,112.65054671058083,0.00017761989342823803,516873109,29105124767.79,0,0,0,0,0,0,3261.38,0.013338718948562311,112.92,1.2,5.637754993391489
2016-04-14,56.8,55.82,56.8,54.11,92991,511030304.0,6.06,-0.87,4.78,56.31,2.0123355968306686,112.32857301508793,114.30066189998198,114.30066189998198,108.88747914450748,-0.008701829160007168,516873109,28851856944.38,0,0,0,0,0,0,3275.83,0.004430639790518054,111.94,1.14,5.58869621259302
2016-04-15,55.8,55.96,55.99,54.62,62719,346554240.0,4.09,0.25,2.45,55.82,2.0123355968306686,112.61029999864422,112.28832630315131,112.67067006654914,109.91377029889112,0.0025080616266570654,516873109,28924219179.64,0,0,0,0,0,0,3272.21,-0.0011050634495685108,112.22,1.16,5.6027130071068685
2016-04-18,55.85,57.37,57.73,55.38,86733,493788352.0,5.65,2.52,4.2,55.96,2.0123355968306686,115.44769319017546,112.38894308299285,116.1721340050345,111.44314535248243,0.025196568977841283,516873109,29653010263.329998,0,0,0,0,0,0,3228.45,-0.013373224823590268,115.04,1.32,5.7438821518534855
2016-04-19,57.85,58.55,59.4,57.5,97454,570316304.0,6.35,2.06,3.31,57.37,2.0123355968306686,117.82224919443564,116.41361427665419,119.53273445174172,115.70929681776344,0.02056824124106682,516873109,30262920531.949997,0,0,0,0,0,0,3238.3,0.0030509997057412974,117.4,1.46,5.8620237056130655
2016-04-20,60.0,53.81,60.18,53.5,161671,904147152.0,10.53,-8.1,11.41,58.55,2.0123355968306686,108.28377846545828,120.74013580984013,121.10235621726964,107.65995443044078,-0.08095644748078556,516873109,27812941995.29,0,0,0,0,0,0,3181.03,-0.017685205200259402,107.92,0.91,5.387455091358481
2016-04-21,53.5,54.26,56.0,52.3,90414,491409008.0,5.89,0.84,6.88,53.81,2.0123355968306686,109.18932948403207,107.65995443044078,112.69079342251744,105.24515171424396,0.008362757851700264,516873109,28045534894.34,0,0,0,0,0,0,3160.6,-0.006422448074994702,108.82,0.96,5.432509073724422
2016-04-22,53.51,54.4,55.12,53.03,59570,322754912.0,3.88,0.26,3.85,54.26,2.0123355968306686,109.47105646758837,107.68007778640907,110.91993809730646,106.71415669993036,0.002580169553999312,516873109,28117897129.6,0,0,0,0,0,0,3174.9,0.004524457381509972,109.1,0.98,5.446525868238271
2016-04-25,54.4,53.88,55.1,53.38,50413,273254640.0,3.28,-0.96,3.16,54.4,2.0123355968306686,108.42464195723643,109.47105646758837,110.87969138536984,107.4184741588211,-0.00955882352941173,516873109,27849123112.920002,0,0,0,0,0,0,3162.03,-0.0040536709817631245,108.06,0.92,5.394463488615405
2016-04-26,53.52,54.38,54.5,53.52,37233,200768474.0,2.43,0.93,1.82,53.88,2.0123355968306686,109.43080975565177,107.7002011423774,109.67229002727144,107.7002011423774,0.009279881217520325,516873109,28107559667.420002,0,0,0,0,0,0,3179.16,0.005417405906964712,109.06,0.98,5.444523469022007
2016-04-27,54.43,54.32,55.25,53.99,37133,202573927.0,2.42,-0.11,2.32,54.38,2.0123355968306686,109.31006961984193,109.5314265354933,111.18154172489444,108.6459988728878,-0.001103346818683404,516873109,28076547280.88,0,0,0,0,0,0,3165.92,-0.004164622101435533,108.94,0.97,5.438516271373215
2016-04-28,54.2,53.33,54.5,52.46,49969,264815466.0,3.25,-1.82,3.76,54.32,2.0123355968306686,107.31785737897955,109.06858934822225,109.67229002727144,105.56712540973687,-0.018225331369661313,516873109,27564842902.969997,0,0,0,0,0,0,3160.58,-0.001686713498761816,106.96,0.85,5.339397510168143
2016-04-29,52.87,53.56,54.23,52.57,46643,248471331.0,3.04,0.43,3.11,53.33,2.0123355968306686,107.78069456625062,106.39218300443744,109.12895941612716,105.78848232538824,0.004312769548096895,516873109,27683723718.04,0,0,0,0,0,0,3156.75,-0.0012118028969365646,107.42,0.88,5.36242510115518
2016-05-03,53.64,56.88,56.95,53.55,85946,480018784.0,5.6,6.2,6.35,53.56,2.0123355968306686,114.46164874772843,107.94168141399707,114.60251223950658,107.7605712102823,0.06198655713218826,516873109,29399742439.920002,0,0,0,0,0,0,3213.54,0.017990021382751298,114.06,1.27,5.694823371055016
2016-05-04,56.9,56.24,57.5,56.15,73647,416955488.0,4.8,-1.13,2.37,56.88,2.0123355968306686,113.1737539657568,114.50189545966505,115.70929681776344,112.99264376204204,-0.011251758087201136,516873109,29068943650.16,0,0,0,0,0,0,3209.46,-0.001269627887003133,112.78,1.19,5.630746596134565
2016-05-05,56.5,56.64,56.85,55.8,47394,267424527.0,3.09,0.71,1.87,56.24,2.0123355968306686,113.97868820448907,113.69696122093278,114.40127867982352,112.28832630315131,0.007112375533428139,516873109,29275692893.760002,0,0,0,0,0,0,3213.92,0.0013896418712182612,113.58,1.24,5.670794580459847
2016-05-06,56.97,54.86,57.9,54.65,67945,381298544.0,4.43,-3.14,5.74,56.64,2.0123355968306686,110.39673084213048,114.64275895144318,116.51423105649572,109.97414036679604,-0.03142655367231639,516873109,28355658759.739998,0,0,0,0,0,0,3130.35,-0.02600251406382237,110.02,1.03,5.492581050212345
2016-05-09,54.1,53.04,54.37,52.62,40791,217405666.0,2.66,-3.32,3.19,54.86,2.0123355968306686,106.73428005589867,108.86735578853917,109.41068639968346,105.88909910522977,-0.033175355450236976,516873109,27414949701.36,0,0,0,0,0,0,3065.62,-0.020678198923443025,106.38,0.82,5.310362721532314
2016-05-10,53.2,53.15,53.59,52.5,41094,217758461.0,2.68,0.21,2.06,53.04,2.0123355968306686,106.95563697155004,107.05625375139158,107.84106463415554,105.64761883361011,0.002073906485671184,516873109,27471805743.35,0,0,0,0,0,0,3069.11,0.001138432030062475,106.6,0.83,5.321375917221767
2016-05-11,53.16,56.22,57.85,53.16,137534,773281264.0,8.96,5.78,8.82,53.15,2.0123355968306686,113.13350725382018,106.97576032751834,116.41361427665419,106.97576032751834,0.05776105362182493,516873109,29058606187.98,0,0,0,0,0,0,3082.81,0.00446383479249679,112.74,1.19,5.628744196918301
2016-05-12,54.99,56.78,56.8,54.54,67249,372785680.0,4.38,1.0,4.02,56.22,2.0123355968306686,114.26041518804537,110.65833446971847,114.30066189998198,109.75278345114467,0.009960868018498825,516873109,29348055129.02,0,0,0,0,0,0,3090.14,0.002377700863822163,113.86,1.26,5.6848113749736955
2016-05-13,56.98,56.89,57.85,56.2,67757,386583456.0,4.41,0.19,2.91,56.78,2.0123355968306686,114.48177210369674,114.6628823074115,116.41361427665419,113.09326054188358,0.0019373018668544795,516873109,29404911171.010002,0,0,0,0,0,0,3074.94,-0.004918870989663815,114.08,1.27,5.695824570663148
2016-05-16,56.91,58.89,59.3,56.48,93689,544194848.0,6.1,3.52,4.96,56.89,2.0123355968306686,118.50644329735808,114.52201881563334,119.33150089205864,113.65671450899616,0.03515556336790304,516873109,30438657389.010002,0,0,0,0,0,0,3095.31,0.006624519502819615,118.08,1.5,5.896064492289555
2016-05-17,58.3,56.0,58.79,55.83,94620,539548496.0,6.16,-4.91,5.03,58.89,2.0123355968306686,112.69079342251744,117.31916529522798,118.30520973767501,112.34869637105622,-0.049074545763287514,516873109,28944894104.0,0,0,0,0,0,0,3086.02,-0.0030013148925309707,112.3,1.16,5.606717805539397
2016-05-18,55.06,54.05,55.15,53.18,65291,354321872.0,4.25,-3.48,3.52,56.0,2.0123355968306686,108.76673900869764,110.79919796149662,110.98030816521137,107.01600703945496,-0.03482142857142867,516873109,27936991541.449997,0,0,0,0,0,0,3068.04,-0.005826274619088689,108.4,0.94,5.41148388195365
2016-05-19,54.2,54.41,55.08,53.72,42456,231525208.0,2.77,0.67,2.52,54.05,2.0123355968306686,109.49117982355668,109.06858934822225,110.83944467343322,108.10266826174352,0.006660499537465281,516873109,28123065860.69,0,0,0,0,0,0,3062.5,-0.0018057130937014776,109.12,0.98,5.447527067846403
2016-05-20,53.8,54.14,54.82,53.22,41437,223340294.0,2.7,-0.5,2.94,54.41,2.0123355968306686,108.94784921241241,108.26365510948997,110.31623741825726,107.09650046332818,-0.004962323102370769,516873109,27983510121.260002,0,0,0,0,0,0,3078.22,0.0051330612244897544,108.58,0.95,5.420494678426839
2016-05-23,54.18,54.98,54.98,53.88,54158,294566704.0,3.53,1.55,2.03,54.14,2.0123355968306686,110.63821111375016,109.02834263628563,110.63821111375016,108.42464195723643,0.015515330624307211,516873109,28417683532.82,0,0,0,0,0,0,3087.22,0.0029237676319431305,110.26,1.05,5.504595445509929
2016-05-24,54.77,53.1,54.95,52.67,70305,375589376.0,4.58,-3.42,4.15,54.98,2.0123355968306686,106.8550201917085,110.21562063841573,110.57784104584525,105.98971588507132,-0.03419425245543828,516873109,27445962087.9,0,0,0,0,0,0,3063.56,-0.007663852916215852,106.5,0.83,5.316369919181106
2016-05-25,53.43,52.34,53.62,52.03,57015,300550784.0,3.71,-1.43,2.99,53.1,2.0123355968306686,105.32564513811721,107.51909093866263,107.90143470206044,104.70182110309969,-0.014312617702448183,516873109,27053138525.06,0,0,0,0,0,0,3059.23,-0.0014133883455847984,104.98,0.74,5.240278748963072
2016-05-26,52.05,51.31,52.75,50.16,59799,304558112.0,3.9,-1.97,4.95,52.34,2.0123355968306686,103.25293947338162,104.7420678150363,106.15070273281778,100.93875353702633,-0.01967902178066494,516873109,26520759222.79,0,0,0,0,0,0,3064.21,0.0016278606054465072,102.92,0.62,5.1371551893254725
2016-05-27,51.47,51.82,52.23,51.23,37659,195640679.0,2.45,0.99,1.95,51.31,2.0123355968306686,104.27923062776524,103.57491316887452,105.10428822246581,103.09195262563514,0.009939582927304569,516873109,26784364508.38,0,0,0,0,0,0,3062.5,-0.0005580557468319869,103.94,0.68,5.188216369340205
2016-05-30,51.53,50.38,51.79,50.11,36367,183925045.0,2.37,-2.78,3.24,51.82,2.0123355968306686,101.3814673683291,103.69565330468436,104.21886055986033,100.8381367571848,-0.027788498649170212,516873109,26040067231.420002,0,0,0,0,0,0,3066.71,0.0013746938775509587,101.06,0.51,5.044043625769193
2016-05-31,50.6,52.09,52.19,50.6,79512,409628848.0,5.18,3.39,3.16,50.38,2.0123355968306686,104.82256123890954,101.82418119963184,105.02379479859259,101.82418119963184,0.033942040492258796,516873109,26923920247.81,0,0,0,0,0,0,3169.56,0.03353756957782106,104.48,0.71,5.215248758759771
2016-06-01,52.3,52.57,53.68,51.82,78646,415414432.0,5.12,0.92,3.57,52.09,2.0123355968306686,105.78848232538824,105.24515171424396,108.0221748378703,104.27923062776524,0.009214820502975618,516873109,27172019340.13,0,0,0,0,0,0,3160.55,-0.0028426658589835174,105.44,0.76,5.263306339950108
2016-06-02,52.6,52.18,52.87,51.52,64283,334726576.0,4.19,-0.74,2.57,52.57,2.0123355968306686,105.0036714426243,105.84885239329317,106.39218300443744,103.67552994871606,-0.007418679855430876,516873109,26970438827.62,0,0,0,0,0,0,3167.1,0.002072424103399584,104.66,0.72,5.224259555232959
2016-06-03,52.38,53.46,53.64,51.58,98853,523122064.0,6.44,2.45,3.95,52.18,2.0123355968306686,107.57946100656754,105.40613856199043,107.94168141399707,103.79627008452589,0.024530471444998092,516873109,27632036407.14,0,0,0,0,0,0,3189.33,0.0070190394998579375,107.22,0.87,5.352413105073859
2016-06-06,53.75,53.07,53.95,52.5,57267,304190432.0,3.73,-0.73,2.71,53.46,2.0123355968306686,106.79465012380359,108.16303832964844,108.56550544901458,105.64761883361011,-0.007295173961840651,516873109,27430455894.63,0,0,0,0,0,0,3178.79,-0.0033047693402689093,106.44,0.82,5.31336632035671
2016-06-07,53.09,52.19,53.26,51.8,78236,408066480.0,5.1,-1.66,2.75,53.07,2.0123355968306686,105.02379479859259,106.83489683574021,107.1769938872014,104.23898391582863,-0.01658187299792735,516873109,26975607558.71,0,0,0,0,0,0,3177.05,-0.0005473780904053926,104.68,0.72,5.2252607548410905
2016-06-08,52.2,52.18,52.5,51.65,49897,259670448.0,3.25,-0.02,1.63,52.19,2.0123355968306686,105.0036714426243,105.04391815456091,105.64761883361011,103.93713357630403,-0.00019160758766045838,516873109,26970438827.62,0,0,0,0,0,0,3163.99,-0.004110731653578115,104.66,0.72,5.224259555232959
2016-06-13,51.4,50.59,51.85,50.59,46295,236919064.0,3.02,-3.05,2.41,52.18,2.0123355968306686,101.80405784366353,103.43404967709637,104.33960069567017,101.80405784366353,-0.03047144499808352,516873109,26148610584.31,0,0,0,0,0,0,3066.34,-0.030862929402431627,101.48,0.53,5.065068817539966
2016-06-14,50.5,50.41,50.79,50.02,39851,200554623.0,2.6,-0.36,1.52,50.59,2.0123355968306686,101.441837436234,101.62294763994876,102.20652496302966,100.65702655347005,-0.0035580154180669954,516873109,26055573424.69,0,0,0,0,0,0,3075.98,0.0031438131453132012,101.12,0.51,5.047047224593588
2016-06-15,49.75,51.28,51.69,49.71,52444,267255550.0,3.42,1.73,3.93,50.41,2.0123355968306686,103.19256940547669,100.11369594232576,104.01762700017726,100.03320251845254,0.017258480460226266,516873109,26505253029.52,0,0,0,0,0,0,3116.37,0.01313077458240941,102.86,0.61,5.134151590501076
2016-06-16,51.68,51.21,52.69,51.01,74581,387431216.0,4.86,-0.14,3.28,51.28,2.0123355968306686,103.05170591369854,103.99750364420896,106.02996259700792,102.6492387943324,-0.001365054602184057,516873109,26469071911.89,0,0,0,0,0,0,3094.67,-0.0069632296550152795,102.72,0.61,5.127143193244152
2016-06-17,51.26,51.35,52.0,50.78,48674,249865181.0,3.17,0.27,2.38,51.21,2.0123355968306686,103.33343289725484,103.15232269354007,104.64145103519476,102.18640160706136,0.0027338410466706264,516873109,26541434147.15,0,0,0,0,0,0,3110.36,0.005070007464446968,103.0,0.62,5.141159987758001
2016-06-20,51.64,51.15,51.84,50.6,39818,203192652.0,2.59,-0.39,2.41,51.35,2.0123355968306686,102.9309657778887,103.91701022033573,104.31947733970188,101.82418119963184,-0.003894839337877376,516873109,26438059525.35,0,0,0,0,0,0,3112.67,0.0007426793040032909,102.6,0.6,5.12113599559536
2016-06-21,51.25,50.21,51.4,50.01,62412,316582912.0,4.07,-1.84,2.72,51.15,2.0123355968306686,101.03937031686787,103.13219933757176,103.43404967709637,100.63690319750174,-0.018377321603127994,516873109,25952198802.89,0,0,0,0,0,0,3106.32,-0.002040049218195228,100.72,0.49,5.027023232430948
2016-06-22,50.1,50.3,50.3,49.6,50202,250860868.0,3.27,0.18,1.39,50.21,2.0123355968306686,101.22048052058263,100.8180134012165,101.22048052058263,99.81184560280117,0.0017924716191992651,516873109,25998717382.699997,0,0,0,0,0,0,3133.96,0.008897988616755503,100.9,0.5,5.036034028904136
2016-06-23,50.57,49.23,50.57,48.69,70194,346835296.0,4.57,-2.13,3.74,50.3,2.0123355968306686,99.06728143197381,101.76381113172691,101.76381113172691,97.98062020968526,-0.021272365805169002,516873109,25445663156.07,0,0,0,0,0,0,3117.32,-0.005309576382595771,98.76,0.37,4.928905670834008
2016-06-24,49.31,48.5,49.34,46.02,78165,376206480.0,5.09,-1.48,6.74,49.23,2.0123355968306686,97.59827644628743,99.22826827972028,99.2886383476252,92.60768416614738,-0.014828356693073252,516873109,25068345786.5,0,0,0,0,0,0,3077.16,-0.012882860918994599,97.3,0.29,4.85581809944037
2016-06-27,48.3,49.14,49.34,47.91,41490,202780136.0,2.7,1.32,2.95,48.5,2.0123355968306686,98.88617122825906,97.19580932692129,99.2886383476252,96.41099844415733,0.013195876288659703,516873109,25399144576.260002,0,0,0,0,0,0,3120.54,0.014097414499083527,98.58,0.36,4.91989487436082
2016-06-28,48.89,50.27,50.38,48.55,66639,329722608.0,4.34,2.3,3.72,49.14,2.0123355968306686,101.16011045267771,98.38308732905139,101.3814673683291,97.69889322612896,0.022995522995522988,516873109,25983211189.43,0,0,0,0,0,0,3136.4,0.005082453677889065,100.84,0.5,5.033030430079741
2016-06-29,50.28,49.94,50.39,49.81,48174,240876616.0,3.14,-0.66,1.15,50.27,2.0123355968306686,100.49603970572359,101.18023380864602,101.40159072429739,100.23443607813562,-0.006564551422319598,516873109,25812643063.46,0,0,0,0,0,0,3151.39,0.004779364876928982,100.18,0.46,4.999990843011383
2016-06-30,50.0,50.53,51.21,49.85,60530,306519744.0,3.94,1.18,2.72,49.94,2.0123355968306686,101.68331770785369,100.61677984153343,103.05170591369854,100.31492950200884,0.01181417701241494,516873109,26117598197.77,0,0,0,0,0,0,3153.92,0.0008028203427694613,101.36,0.53,5.059061619891174
2016-07-01,51.82,51.5,52.42,51.3,98009,508555232.0,6.38,1.92,2.22,50.53,2.0123355968306686,103.63528323677943,104.27923062776524,105.48663198586365,103.2328161174133,0.01919651692064117,516873109,26618965113.5,0,0,0,0,0,0,3154.2,8.877840909082835e-05,103.3,0.64,5.15617798187998
2016-07-04,52.0,52.5,52.88,51.55,88132,461873520.0,5.74,1.94,2.58,51.5,2.0123355968306686,105.64761883361011,104.64145103519476,106.41230636040576,103.73590001662096,0.01941747572815533,516873109,27135838222.5,0,0,0,0,0,0,3204.7,0.016010398833301576,105.3,0.76,5.256297942693185
2016-07-05,52.67,52.48,53.29,51.8,71940,377144928.0,4.69,-0.04,2.84,52.5,2.0123355968306686,105.60737212167348,105.98971588507132,107.23736395510633,104.23898391582863,-0.00038095238095248174,516873109,27125500760.32,0,0,0,0,0,0,3207.38,0.0008362717259027264,105.26,0.75,5.254295543476919
2016-07-06,52.45,52.6,52.8,51.56,76372,397837968.0,4.97,0.23,2.36,52.48,2.0123355968306686,105.84885239329317,105.54700205376858,106.2513195126593,103.75602337258928,0.0022865853658537993,516873109,27187525533.4,0,0,0,0,0,0,3216.8,0.00293697659772163,105.5,0.77,5.266309938774505
2016-07-07,52.81,54.1,55.2,52.8,153858,839933728.0,10.02,2.85,4.56,52.6,2.0123355968306686,108.86735578853917,106.27144286862762,111.08092494505291,106.2513195126593,0.028517110266159662,516873109,27962835196.9,0,0,0,0,0,0,3209.95,-0.0021294454115892147,108.5,0.94,5.41648987999431
2016-07-08,26.53,26.18,27.12,25.9,148238,390700912.0,4.83,-51.61,2.26,26.8735,4.051104463078467,106.05791484339426,107.47580140547173,109.86595303868802,104.92360559373228,-0.02580609150278157,1033746218,27063475987.239998,0,1,0,1,0,0,3192.28,-0.005504758641100227,105.72,0.78,5.276711446527287
2016-07-11,25.8,25.7,26.37,25.52,167141,431716224.0,5.44,-1.83,3.25,26.18,4.051104463078467,104.11338470111659,104.51849514742445,106.82762469137917,103.38418589776246,-0.018334606569900713,1033746218,26567277802.6,0,0,0,0,0,0,3203.33,0.003461475810392578,103.8,0.67,5.179965018172317
2016-07-12,25.72,26.08,26.2,25.44,156580,406340880.0,5.1,1.48,2.96,25.7,4.051104463078467,105.6528043970864,104.19440679037815,106.13893693265582,103.0600975407162,0.01478599221789878,1033746218,26960101365.44,0,0,0,0,0,0,3273.18,0.02180543372053445,105.32,0.76,5.256555940620001
2016-07-13,26.35,26.64,27.1,26.15,187278,499589744.0,6.1,2.15,3.64,26.08,4.051104463078467,107.92142289641036,106.7466026021176,109.78493094942645,105.9363817095019,0.021472392638036908,1033746218,27538999247.52,0,0,0,0,0,0,3282.87,0.002960423808039847,107.56,0.89,5.369426773700799
2016-07-14,26.59,26.66,26.95,26.26,115078,306056432.0,3.75,0.08,2.59,26.64,4.051104463078467,108.00244498567193,107.71886767325643,109.17726527996467,106.38200320044054,0.0007507507507507061,1033746218,27559674171.88,0,0,0,0,0,0,3276.76,-0.0018611763487434985,107.64,0.89,5.373457874882257
2016-07-15,26.9,26.99,27.4,26.72,152008,410405760.0,4.95,1.24,2.55,26.66,4.051104463078467,109.3393094584878,108.97471005681075,111.00026228834999,108.24551125345663,0.012378094523630923,1033746218,27900810423.82,0,0,0,0,0,0,3276.28,-0.00014648616316115248,108.96,0.97,5.439971044376297
2016-07-18,27.5,28.11,28.6,27.5,252684,708111568.0,8.23,4.15,4.08,26.99,4.051104463078467,113.8765464571357,111.40537273465783,115.86158764404415,111.40537273465783,0.04149685068543918,1033746218,29058606187.98,0,0,0,0,0,0,3262.02,-0.004352497344549344,113.44,1.23,5.665712710537893
2016-07-19,28.08,28.03,28.08,27.31,160846,444915904.0,5.24,-0.28,2.74,28.11,4.051104463078467,113.55245810008942,113.75501332324333,113.75501332324333,110.63566288667292,-0.0028459622909995375,1033746218,28975906490.54,0,0,0,0,0,0,3248.23,-0.004227441891833883,113.12,1.21,5.649588305812064
2016-07-20,28.0,28.13,28.35,27.55,182484,510901760.0,5.94,0.36,2.85,28.03,4.051104463078467,113.95756854639727,113.43092496619707,114.84881152827454,111.60792795781177,0.0035676061362823752,1033746218,29079281112.34,0,0,0,0,0,0,3237.6,-0.00327255151267003,113.52,1.24,5.66974381171935
2016-07-21,28.79,28.17,29.39,28.15,429258,1232207056.0,13.98,0.14,4.41,28.13,4.051104463078467,114.11961272492042,116.63129749202905,119.06196016987614,114.03859063565884,0.0014219694276573769,1033746218,29120630961.06,0,0,0,0,0,0,3252.52,0.0046083518655795075,113.68,1.25,5.677806014082264
2016-07-22,28.1,27.06,28.1,26.91,259091,708694112.0,8.44,-3.94,4.22,28.17,4.051104463078467,109.6228867709033,113.83603541250493,113.83603541250493,109.01522110144154,-0.03940362087326954,1033746218,27973172659.079998,0,0,0,0,0,0,3225.16,-0.008411939050336437,109.24,0.99,5.454079898511397
2016-07-25,27.0,27.26,27.59,26.8,147442,401200720.0,4.8,0.74,2.92,27.06,4.051104463078467,110.43310766351901,109.3798205031186,111.7699721363349,108.5695996105029,0.00739098300073926,1033746218,28179921902.68,0,0,0,0,0,0,3230.89,0.0017766560418708277,110.04,1.03,5.494390910325968
2016-07-26,27.38,27.34,27.49,27.17,117245,319896848.0,3.82,0.29,1.17,27.26,4.051104463078467,110.75719602056527,110.91924019908842,111.36486169002704,110.06850826184194,0.0029347028613351256,1033746218,28262621600.12,0,0,0,0,0,0,3269.59,0.011978123674900809,110.36,1.05,5.510515315051795
2016-07-27,27.37,26.04,27.45,25.61,219313,583084336.0,7.14,-4.75,6.73,27.34,4.051104463078467,105.49076021856327,110.87872915445764,111.20281751150391,103.74878529943953,-0.04754937820043892,1033746218,26918751516.719997,0,0,0,0,0,0,3218.24,-0.015705333084576445,105.16,0.75,5.248493738257087
2016-07-28,26.0,26.19,26.27,25.71,139200,362111808.0,4.53,0.58,2.15,26.04,4.051104463078467,106.09842588802505,105.32871604004013,106.42251424507131,104.15389574574738,0.005760368663594528,1033746218,27073813449.420002,0,0,0,0,0,0,3221.14,0.0009011136521825946,105.76,0.78,5.2787269971180155
2016-07-29,26.45,26.97,27.07,26.07,186184,495039552.0,6.06,2.98,3.82,26.19,4.051104463078467,109.25828736922624,107.15171304842544,109.6633978155341,105.61229335245562,0.02978235967926679,1033746218,27880135499.46,0,0,0,0,0,0,3203.93,-0.0053428289363393056,108.88,0.97,5.43593994319484
2016-08-01,26.85,26.35,26.85,26.08,126379,333158704.0,4.12,-2.3,2.86,26.97,4.051104463078467,106.7466026021176,108.77215483365684,108.77215483365684,105.6528043970864,-0.022988505747126298,1033746218,27239212844.300003,0,0,0,0,0,0,3176.81,-0.008464604407711795,106.4,0.82,5.3109758065696715
2016-08-02,26.38,26.43,26.58,26.2,73091,192811773.0,2.38,0.3,1.44,26.35,4.051104463078467,107.07069095916387,106.86813573600995,107.67835662862564,106.13893693265582,0.0030360531309296945,1033746218,27321912541.739998,0,0,0,0,0,0,3189.05,0.0038529216415210676,106.72,0.84,5.327100211295499
2016-08-03,26.3,26.02,26.35,25.68,123540,321433760.0,4.02,-1.55,2.53,26.43,4.051104463078467,105.4097381293017,106.54404737896368,106.7466026021176,104.03236261185502,-0.015512674990541098,1033746218,26898076592.36,0,0,0,0,0,0,3193.51,0.0013985356140544525,105.08,0.74,5.24446263707563
2016-08-04,26.03,26.02,26.19,25.93,76551,199209501.0,2.49,0.0,1.0,26.02,4.051104463078467,105.4097381293017,105.45024917393249,106.09842588802505,105.04513872762465,0.0,1033746218,26898076592.36,0,0,0,0,0,0,3201.29,0.0024361908996684,105.08,0.74,5.24446263707563
2016-08-05,26.15,26.65,26.75,25.96,158274,419048976.0,5.15,2.42,3.04,26.02,4.051104463078467,107.96193394104114,105.9363817095019,108.36704438734898,105.166671861517,0.024212144504227373,1033746218,27549336709.699997,0,0,0,0,0,0,3205.11,0.0011932689634490679,107.6,0.89,5.371442324291527
2016-08-08,26.75,26.9,27.1,26.52,142965,384062608.0,4.66,0.94,2.18,26.65,4.051104463078467,108.97471005681075,108.36704438734898,109.78493094942645,107.43529036084094,0.009380863039399667,1033746218,27807773264.199997,0,0,0,0,0,0,3234.18,0.009069891516983786,108.6,0.95,5.42183108905974
2016-08-09,26.81,26.82,26.98,26.59,108663,290768960.0,3.54,-0.3,1.45,26.9,4.051104463078467,108.65062169976449,108.61011065513368,109.29879841385703,107.71886767325643,-0.0029739776951672736,1033746218,27725073566.760002,0,0,0,0,0,0,3256.98,0.007049700387733671,108.28,0.93,5.4057066843339125
2016-08-10,26.83,26.64,27.05,26.61,108569,291234576.0,3.54,-0.67,1.64,26.82,4.051104463078467,107.92142289641036,108.69113274439526,109.58237572627253,107.79988976251799,-0.006711409395973145,1033746218,27538999247.52,0,0,0,0,0,0,3243.34,-0.004187928694680321,107.56,0.89,5.369426773700799
2016-08-11,26.66,26.1,26.66,26.06,91380,240041884.0,2.98,-2.03,2.25,26.64,4.051104463078467,105.733826486348,108.00244498567193,108.00244498567193,105.57178230782483,-0.020270270270270285,1033746218,26980776289.800003,0,0,0,0,0,0,3233.36,-0.003077074867266494,105.4,0.76,5.260587041801459
2016-08-12,26.15,26.21,26.38,25.97,82399,215711190.0,2.68,0.42,1.57,26.1,4.051104463078467,106.17944797728661,105.9363817095019,106.86813573600995,105.20718290614778,0.004214559386973127,1033746218,27094488373.780003,0,0,0,0,0,0,3294.23,0.018825617933047933,105.84,0.79,5.282758098299472
2016-08-15,26.23,26.59,26.87,26.05,149177,394677904.0,4.86,1.45,3.13,26.21,4.051104463078467,107.71886767325643,106.26047006654818,108.85317692291841,105.53127126319406,0.014498283098054232,1033746218,27487311936.62,0,0,0,0,0,0,3393.42,0.030110223026321714,107.36,0.88,5.359349020747156
2016-08-16,26.61,27.01,27.1,26.45,183489,491178032.0,5.98,1.58,2.44,26.59,4.051104463078467,109.4203315477494,107.79988976251799,109.78493094942645,107.15171304842544,0.01579541180895072,1033746218,27921485348.18,0,0,0,0,0,0,3378.25,-0.004470416276205147,109.04,0.97,5.444002145557755
2016-08-17,27.08,27.3,27.48,26.77,172824,470084400.0,5.63,1.07,2.63,27.01,4.051104463078467,110.59515184204214,109.70390886016487,111.32435064539627,108.44806647661055,0.010736764161421553,1033746218,28221271751.4,0,0,0,0,0,0,3373.05,-0.0015392584918226815,110.2,1.04,5.502453112688881
2016-08-18,27.19,27.05,27.24,26.9,112520,303995712.0,3.66,-0.92,1.25,27.3,4.051104463078467,109.58237572627253,110.14953035110352,110.35208557425743,108.97471005681075,-0.009157509157509125,1033746218,27962835196.9,0,0,0,0,0,0,3364.49,-0.002537762559108314,109.2,0.98,5.452064347920669
2016-08-19,27.17,26.87,27.2,26.77,90184,242272286.0,2.94,-0.67,1.59,27.05,4.051104463078467,108.85317692291841,110.06850826184194,110.1900413957343,108.44806647661055,-0.006654343807763419,1033746218,27776760877.66,0,0,0,0,0,0,3365.02,0.0001575275896199546,108.48,0.94,5.415784437287555
2016-08-22,26.89,26.42,27.02,26.42,87551,233037823.0,2.85,-1.67,2.23,26.87,4.051104463078467,107.0301799145331,108.93419901217997,109.46084259238017,107.0301799145331,-0.016747301823595073,1033746218,27311575079.56,0,0,0,0,0,0,3336.79,-0.008389251772649153,106.68,0.84,5.325084660704771
2016-08-23,26.3,26.31,26.54,26.23,63786,168214846.0,2.08,-0.42,1.17,26.42,4.051104463078467,106.58455842359446,106.54404737896368,107.5163124501025,106.26047006654818,-0.004163512490537591,1033746218,27197862995.579998,0,0,0,0,0,0,3341.83,0.001510433680273593,106.24,0.81,5.302913604206758
2016-08-24,26.38,26.37,26.57,26.22,61586,162438180.0,2.01,0.23,1.33,26.31,4.051104463078467,106.82762469137917,106.86813573600995,107.63784558399486,106.21995902191739,0.0022805017103764147,1033746218,27259887768.66,0,0,0,0,0,0,3329.86,-0.0035818698138444516,106.48,0.82,5.315006907751129
2016-08-25,26.38,26.26,26.39,26.02,68425,179011288.0,2.23,-0.42,1.4,26.37,4.051104463078467,106.38200320044054,106.86813573600995,106.90864678064074,105.4097381293017,-0.004171406901782304,1033746218,27146175684.68,0,0,0,0,0,0,3308.97,-0.006273537025580755,106.04,0.8,5.292835851253114
2016-08-26,26.45,26.32,26.45,26.2,55720,146813951.0,1.81,0.23,0.95,26.26,4.051104463078467,106.62506946822525,107.15171304842544,107.15171304842544,106.13893693265582,0.0022848438690021844,1033746218,27208200457.760002,0,0,0,0,0,0,3307.09,-0.0005681526275547188,106.28,0.81,5.304929154797486
2016-08-29,26.35,26.75,26.76,26.2,96889,257513179.0,3.16,1.63,2.13,26.32,4.051104463078467,108.36704438734898,106.7466026021176,108.40755543197977,106.13893693265582,0.016337386018236977,1033746218,27652711331.5,0,0,0,0,0,0,3307.78,0.0002086426435325972,108.0,0.91,5.391597830198813
2016-08-30,26.75,26.76,26.96,26.71,95234,255554001.0,3.1,0.04,0.93,26.75,4.051104463078467,108.40755543197977,108.36704438734898,109.21777632459546,108.20500020882585,0.00037383177570093906,1033746218,27663048793.68,0,0,0,0,0,0,3311.99,0.001272756954815435,108.04,0.92,5.3936133807895414
2016-08-31,26.83,26.48,26.83,26.41,64610,171244997.0,2.1,-1.05,1.57,26.76,4.051104463078467,107.2732461823178,108.69113274439526,108.69113274439526,106.9896688699023,-0.010463378176382654,1033746218,27373599852.64,0,0,0,0,0,0,3327.79,0.0047705458047881955,106.92,0.85,5.337177964249142
2016-09-01,26.5,26.25,26.65,26.23,49688,131185462.0,1.62,-0.87,1.59,26.48,4.051104463078467,106.34149215580975,107.35426827157937,107.96193394104114,106.26047006654818,-0.008685800604229632,1033746218,27135838222.5,0,0,0,0,0,0,3301.58,-0.007876097950892391,106.0,0.8,5.290820300662386
2016-09-02,26.23,26.12,26.38,26.05,49426,129343859.0,1.61,-0.5,1.26,26.25,4.051104463078467,105.81484857560956,106.26047006654818,106.86813573600995,105.53127126319406,-0.00495238095238093,1033746218,27001451214.16,0,0,0,0,0,0,3314.11,0.0037951526238952926,105.48,0.77,5.264618142982916
2016-09-05,26.23,26.11,26.34,26.09,39901,104426354.0,1.3,-0.04,0.96,26.12,4.051104463078467,105.77433753097877,106.26047006654818,106.70609155748681,105.69331544171719,-0.0003828483920368386,1033746218,26991113751.98,0,0,0,0,0,0,3319.68,0.0016806925539585293,105.44,0.76,5.262602592392187
2016-09-06,26.11,26.23,26.27,25.8,62887,163890435.0,2.05,0.46,1.8,26.11,4.051104463078467,106.26047006654818,105.77433753097877,106.42251424507131,104.51849514742445,0.0045959402527766535,1033746218,27115163298.14,0,0,0,0,0,0,3342.63,0.006913316946211667,105.92,0.79,5.286789199480929
2016-09-07,26.25,26.1,26.3,26.06,62221,162696600.0,2.03,-0.5,0.91,26.23,4.051104463078467,105.733826486348,106.34149215580975,106.54404737896368,105.57178230782483,-0.004956157072054879,1033746218,26980776289.800003,0,0,0,0,0,0,3340.82,-0.0005414897849896905,105.4,0.76,5.260587041801459
2016-09-08,26.1,26.08,26.12,25.88,68406,177625278.0,2.23,-0.08,0.92,26.1,4.051104463078467,105.6528043970864,105.733826486348,105.81484857560956,104.84258350447071,-0.0007662835249043765,1033746218,26960101365.44,0,0,0,0,0,0,3339.56,-0.0003771529145539798,105.32,0.76,5.256555940620001
2016-09-09,26.01,25.89,26.04,25.86,48019,124396414.0,1.56,-0.73,0.69,26.08,4.051104463078467,104.8830945491015,105.36922708467092,105.49076021856327,104.76156141520914,-0.007285276073619507,1033746218,26763689584.02,0,0,0,0,0,0,3318.04,-0.006443962677717963,104.56,0.71,5.218260479396159
2016-09-12,25.5,24.96,25.52,24.8,108366,272035424.0,3.53,-3.59,2.78,25.89,4.051104463078467,101.11556739843853,103.3031638085009,103.38418589776246,100.46739068434597,-0.035921205098493614,1033746218,25802305601.280003,0,0,0,0,0,0,3262.6,-0.016708659329001452,100.84,0.5,5.030814274458407
2016-09-13,25.0,24.86,25.1,24.77,46307,115163876.0,1.51,-0.4,1.32,24.96,4.051104463078467,100.71045695213068,101.27761157696168,101.68272202326952,100.34585755045362,-0.004006410256410353,1033746218,25698930979.48,0,0,0,0,0,0,3260.33,-0.0006957641145098892,100.44,0.47,5.010658768551121
2016-09-14,24.79,24.62,24.89,24.58,38699,95542352.0,1.26,-0.97,1.25,24.86,4.051104463078467,99.73819188099185,100.42687963971518,100.83199008602304,99.5761477024687,-0.009654062751407788,1033746218,25450831887.16,0,0,0,0,0,0,3238.73,-0.006625096232589889,99.48,0.42,4.962285554373636
2016-09-19,24.69,25.37,25.43,24.68,67878,170141411.0,2.21,3.05,3.05,24.62,4.051104463078467,102.77652022830071,100.02176919340735,103.01958649608541,99.98125814877656,0.03046303818034124,1033746218,26226141550.66,0,0,0,0,0,0,3263.12,0.00753072963785173,102.48,0.59,5.1134518486782765
2016-09-20,25.44,25.0,25.45,24.97,44674,112048970.0,1.45,-1.46,1.89,25.37,4.051104463078467,101.27761157696168,103.0600975407162,103.10060858534698,101.1560784430693,-0.014584154513204606,1033746218,25843655450.0,0,0,0,0,0,0,3257.4,-0.0017529235823383615,101.0,0.51,5.03887647682132
2016-09-21,25.0,24.95,25.18,24.9,30665,76690047.0,1.0,-0.2,1.12,25.0,4.051104463078467,101.07505635380774,101.27761157696168,102.00681038031578,100.87250113065382,-0.0020000000000000018,1033746218,25791968139.1,0,0,0,0,0,0,3266.64,0.0028366181617240915,100.8,0.49,5.028798723867677
2016-09-22,25.06,25.03,25.18,24.96,45405,113812847.0,1.48,0.32,0.88,24.95,4.051104463078467,101.39914471085403,101.52067784474637,102.00681038031578,101.11556739843853,0.0032064128256514834,1033746218,25874667836.54,0,0,0,0,0,0,3291.12,0.007493938726030436,101.12,0.51,5.044923128593506
2016-09-23,25.09,24.76,25.09,24.71,42396,105288921.0,1.38,-1.08,1.52,25.03,4.051104463078467,100.30534650582284,101.64221097863873,101.64221097863873,100.10279128266892,-0.010787055533359902,1033746218,25595556357.68,0,0,0,0,0,0,3275.67,-0.0046944505214030485,100.04,0.45,4.990503262643836
2016-09-26,24.77,24.05,24.77,24.05,57892,140868270.0,1.89,-2.87,2.91,24.76,4.051104463078467,97.42906233703712,100.34585755045362,100.34585755045362,97.42906233703712,-0.02867528271405495,1033746218,24861596542.9,0,0,0,0,0,0,3220.28,-0.016909517747514258,97.2,0.28,4.8473991707021105
2016-09-27,24.02,24.14,24.21,23.96,32496,78255297.0,1.06,0.37,1.04,24.05,4.051104463078467,97.79366173871419,97.30752920314477,98.07723905112968,97.06446293536007,0.003742203742203687,1033746218,24954633702.52,0,0,0,0,0,0,3240.75,0.006356590110176752,97.56,0.3,4.865539126018668
2016-09-28,24.11,24.27,24.48,24.11,45341,110051567.0,1.48,0.54,1.53,24.14,4.051104463078467,98.32030531891438,97.67212860482184,99.17103725616087,97.67212860482184,0.005385252692626352,1033746218,25089020710.86,0,0,0,0,0,0,3230.89,-0.0030425055928412492,98.08,0.33,4.8917412836981375
2016-09-29,24.29,24.26,24.35,24.17,31208,75770400.0,1.02,-0.04,0.74,24.27,4.051104463078467,98.2797942742836,98.40132740817596,98.64439367596067,97.91519487260655,-0.00041203131437983487,1033746218,25078683248.68,0,0,0,0,0,0,3244.39,0.004178415235430499,98.04,0.33,4.889725733107409
2016-09-30,24.28,24.43,24.48,24.15,35303,85860401.0,1.15,0.7,1.36,24.26,4.051104463078467,98.96848203300694,98.36081636354518,99.17103725616087,97.83417278334497,0.00700741962077478,1033746218,25254420105.739998,0,0,0,0,0,0,3253.28,0.002740114474523825,98.72,0.37,4.9239900931497935
2016-10-10,24.61,25.25,25.25,24.51,72987,181821404.0,2.38,3.36,3.03,24.43,4.051104463078467,102.29038769273129,99.69768083636106,102.29038769273129,99.29257039005323,0.03356528857961516,1033746218,26102092004.5,0,0,0,0,0,0,3293.87,0.01247663896129425,102.0,0.56,5.089265241589533
2016-10-11,25.15,25.35,25.46,25.0,67897,171724893.0,2.21,0.4,1.82,25.25,4.051104463078467,102.69549813903913,101.88527724642343,103.14111962997777,101.27761157696168,0.003960396039603964,1033746218,26205466626.300003,0,0,0,0,0,0,3306.56,0.0038526110623673393,102.4,0.59,5.109420747496819
2016-10-12,25.3,25.0,25.3,24.84,83453,208501856.0,2.72,-1.38,1.81,25.35,4.051104463078467,101.27761157696168,102.49294291588521,102.49294291588521,100.62943486286912,-0.013806706114398493,1033746218,25843655450.0,0,0,0,0,0,0,3300.01,-0.0019809106745377614,101.0,0.51,5.03887647682132
2016-10-13,24.95,24.95,24.98,24.7,65903,163349907.0,2.15,-0.2,1.12,25.0,4.051104463078467,101.07505635380774,101.07505635380774,101.1965894877001,100.06228023803813,-0.0020000000000000018,1033746218,25791968139.1,0,0,0,0,0,0,3302.65,0.000799997575764877,100.8,0.49,5.028798723867677
2016-10-14,24.89,25.02,25.08,24.73,60302,150034311.0,1.96,0.28,1.4,24.95,4.051104463078467,101.35863366622324,100.83199008602304,101.60169993400794,100.18381337193048,0.002805611222444826,1033746218,25864330374.36,0,0,0,0,0,0,3305.85,0.0009689188984602914,101.08,0.51,5.042907578002778
2016-10-17,25.0,24.82,25.14,24.77,57597,143269154.0,1.88,-0.8,1.48,25.02,4.051104463078467,100.54841277360755,101.27761157696168,101.84476620179265,100.34585755045362,-0.007993605115907298,1033746218,25657581130.760002,0,0,0,0,0,0,3277.88,-0.008460758957605452,100.28,0.46,5.002596566188207
2016-10-18,24.82,25.32,25.35,24.82,89509,224865251.0,2.92,2.01,2.14,24.82,4.051104463078467,102.57396500514677,100.54841277360755,102.69549813903913,100.54841277360755,0.020145044319097583,1033746218,26174454239.760002,0,0,0,0,0,0,3321.33,0.013255518810938671,102.28,0.58,5.103374095724633
2016-10-19,25.48,25.52,25.55,25.24,78759,199829007.0,2.57,0.79,1.22,25.32,4.051104463078467,103.38418589776246,103.22214171923933,103.50571903165483,102.2498766481005,0.00789889415481837,1033746218,26381203483.36,0,0,0,0,0,0,3316.24,-0.0015325185994767843,103.08,0.63,5.143685107539204
2016-10-20,25.5,25.22,25.5,25.16,91259,230488621.0,2.97,-1.18,1.33,25.52,4.051104463078467,102.16885455883893,103.3031638085009,103.3031638085009,101.92578829105422,-0.011755485893416906,1033746218,26071079617.96,0,0,0,0,0,0,3318.6,0.0007116493378043209,101.88,0.56,5.083218589817348
2016-10-21,25.26,25.01,25.42,24.88,76270,191272576.0,2.48,-0.83,2.14,25.22,4.051104463078467,101.31812262159247,102.33089873736208,102.97907545145463,100.79147904139225,-0.008326724821570042,1033746218,25853992912.18,0,0,0,0,0,0,3327.74,0.0027541734466340895,101.04,0.51,5.040892027412049
2016-10-24,25.05,25.17,25.28,25.01,65275,164293323.0,2.13,0.64,1.08,25.01,4.051104463078467,101.96629933568501,101.4801668001156,102.41192082662364,101.31812262159247,0.006397441023590522,1033746218,26019392307.06,0,0,0,0,0,0,3367.58,0.01197208916561987,101.68,0.54,5.073140836863705
2016-10-25,25.21,25.12,25.24,25.07,54482,136911426.0,1.77,-0.2,0.68,25.17,4.051104463078467,101.76374411253109,102.12834351420815,102.2498766481005,101.56118888937716,-0.0019864918553834654,1033746218,25967704996.16,0,0,0,0,0,0,3367.45,-3.8603388783697845e-05,101.48,0.53,5.0630630839100625
2016-10-26,25.12,25.16,25.35,24.94,81023,203852236.0,2.64,0.16,1.63,25.12,4.051104463078467,101.92578829105422,101.76374411253109,102.69549813903913,101.03454530917696,0.0015923566878981443,1033746218,26009054844.88,0,0,0,0,0,0,3354.8,-0.003756551693417709,101.64,0.54,5.071125286272976
2016-10-27,25.15,24.96,25.15,24.86,54677,136352678.0,1.78,-0.79,1.15,25.16,4.051104463078467,101.11556739843853,101.88527724642343,101.88527724642343,100.71045695213068,-0.007949125596184436,1033746218,25802305601.280003,0,0,0,0,0,0,3345.7,-0.002712531298438181,100.84,0.5,5.030814274458407
2016-10-28,24.99,24.81,25.08,24.81,47283,117730492.0,1.54,-0.6,1.08,24.96,4.051104463078467,100.50790172897675,101.23710053233087,101.60169993400794,100.50790172897675,-0.006009615384615419,1033746218,25647243668.579998,0,0,0,0,0,0,3340.13,-0.0016648235047971305,100.24,0.46,5.0005810155974775
2016-10-31,24.84,24.7,24.86,24.51,49704,122449368.0,1.62,-0.44,1.41,24.81,4.051104463078467,100.06228023803813,100.62943486286912,100.71045695213068,99.29257039005323,-0.004433696090286099,1033746218,25533531584.6,0,0,0,0,0,0,3336.28,-0.0011526497471655572,99.8,0.44,4.978409959099465
2016-11-01,24.65,24.86,24.93,24.65,49784,123496810.0,1.62,0.65,1.13,24.7,4.051104463078467,100.71045695213068,99.8597250148842,100.99403426454617,99.8597250148842,0.006477732793522373,1033746218,25698930979.48,0,0,0,0,0,0,3359.05,0.0068249667294111305,100.44,0.47,5.010658768551121
2016-11-02,24.78,24.92,25.16,24.72,75865,189937770.0,2.47,0.24,1.77,24.86,4.051104463078467,100.9535232199154,100.3863685950844,101.92578829105422,100.1433023272997,0.002413515687851975,1033746218,25760955752.56,0,0,0,0,0,0,3333.35,-0.007650972745270268,100.68,0.49,5.022752072095493
2016-11-03,24.81,24.98,25.16,24.81,80741,202023480.0,2.63,0.24,1.4,24.92,4.051104463078467,101.1965894877001,100.50790172897675,101.92578829105422,100.50790172897675,0.0024077046548955927,1033746218,25822980525.64,0,0,0,0,0,0,3365.08,0.009518952405237924,100.92,0.5,5.034845375639863
2016-11-04,25.03,24.91,25.11,24.76,58902,146572175.0,1.92,-0.28,1.4,24.98,4.051104463078467,100.9130121752846,101.39914471085403,101.7232330679003,100.30534650582284,-0.002802241793434801,1033746218,25750618290.38,0,0,0,0,0,0,3354.17,-0.0032421220297882414,100.64,0.48,5.020736521504763
2016-11-07,24.93,24.86,25.05,24.8,48604,121087537.0,1.58,-0.2,1.0,24.91,4.051104463078467,100.71045695213068,100.99403426454617,101.4801668001156,100.46739068434597,-0.0020072260136491105,1033746218,25698930979.48,0,0,0,0,0,0,3356.59,0.0007214899662211227,100.44,0.47,5.010658768551121
2016-11-08,24.88,24.73,24.95,24.66,79838,197807093.0,2.6,-0.52,1.17,24.86,4.051104463078467,100.18381337193048,100.79147904139225,101.07505635380774,99.900236059515,-0.005229283990345945,1033746218,25564543971.14,0,0,0,0,0,0,3371.12,0.004328797976517862,99.92,0.44,4.98445661087165
2016-11-09,24.67,24.35,24.87,24.2,79515,195139803.0,2.59,-1.54,2.71,24.73,4.051104463078467,98.64439367596067,99.94074710414579,100.75096799676147,98.03672800649889,-0.015365952284674411,1033746218,25171720408.300003,0,0,0,0,0,0,3353.05,-0.005360236360616,98.4,0.35,4.907865688423966
2016-11-10,24.48,24.52,24.64,24.46,53318,130789010.0,1.74,0.7,0.74,24.35,4.051104463078467,99.333081434684,99.17103725616087,99.81921397025343,99.0900151668993,0.006981519507186729,1033746218,25347457265.36,0,0,0,0,0,0,3390.61,0.011201741697857148,99.08,0.39,4.942130048466351
2016-11-11,24.51,24.88,24.95,24.43,102064,252488782.0,3.32,1.47,2.12,24.52,4.051104463078467,100.79147904139225,99.29257039005323,101.07505635380774,98.96848203300694,0.014681892332789603,1033746218,25719605903.84,0,0,0,0,0,0,3417.22,0.007848145318983812,100.52,0.48,5.014689869732578
2016-11-14,25.0,25.29,25.44,24.87,147094,371680352.0,4.79,1.65,2.29,24.88,4.051104463078467,102.45243187125442,101.27761157696168,103.0600975407162,100.75096799676147,0.01647909967845651,1033746218,26143441853.219997,0,0,0,0,0,0,3430.25,0.0038130410099437295,102.16,0.57,5.097327443952447
2016-11-15,25.19,25.21,25.42,25.1,69013,174267718.0,2.25,-0.32,1.27,25.29,4.051104463078467,102.12834351420815,102.04732142494659,102.97907545145463,101.68272202326952,-0.00316330565440881,1033746218,26060742155.780003,0,0,0,0,0,0,3429.87,-0.00011077909773338224,101.84,0.55,5.08120303922662
2016-11-16,25.32,25.2,25.32,25.1,59700,150270548.0,1.94,-0.04,0.87,25.21,4.051104463078467,102.08783246957736,102.57396500514677,102.57396500514677,101.68272202326952,-0.0003966679888933733,1033746218,26050404693.6,0,0,0,0,0,0,3429.59,-8.16357471273843e-05,101.8,0.55,5.079187488635891
2016-11-17,25.21,25.04,25.24,24.96,39548,99071148.0,1.29,-0.63,1.11,25.2,4.051104463078467,101.43965575548481,102.12834351420815,102.2498766481005,101.11556739843853,-0.006349206349206327,1033746218,25885005298.719997,0,0,0,0,0,0,3436.53,0.002023565499083002,101.16,0.51,5.046938679184234
2016-11-18,25.0,24.9,25.14,24.88,60697,151693236.0,1.98,-0.56,1.04,25.04,4.051104463078467,100.87250113065382,101.27761157696168,101.84476620179265,100.79147904139225,-0.005591054313099031,1033746218,25740280828.199997,0,0,0,0,0,0,3417.46,-0.005549202247616125,100.6,0.48,5.018720970914035
2016-11-21,24.99,24.92,25.13,24.89,49435,123564841.0,1.61,0.08,0.96,24.9,4.051104463078467,100.9535232199154,101.23710053233087,101.80425515716186,100.83199008602304,0.0008032128514057213,1033746218,25760955752.56,0,0,0,0,0,0,3441.11,0.006920344349311991,100.68,0.49,5.022752072095493
2016-11-22,24.92,24.93,25.06,24.74,55332,137494930.0,1.8,0.04,1.28,24.92,4.051104463078467,100.99403426454617,100.9535232199154,101.52067784474637,100.22432441656126,0.00040128410914919144,1033746218,25771293214.739998,0,0,0,0,0,0,3468.36,0.007918956383260012,100.72,0.49,5.024767622686221
2016-11-23,24.95,24.87,25.02,24.79,45944,114319276.0,1.5,-0.24,0.92,24.93,4.051104463078467,100.75096799676147,101.07505635380774,101.35863366622324,100.42687963971518,-0.002406738868832692,1033746218,25709268441.66,0,0,0,0,0,0,3474.73,0.0018366028901266596,100.48,0.47,5.0126743191418495
2016-11-24,24.93,25.19,25.38,24.87,111440,279918624.0,3.63,1.29,2.05,24.87,4.051104463078467,102.04732142494659,100.99403426454617,102.81703127293149,100.75096799676147,0.012866907921190274,1033746218,26040067231.420002,0,0,0,0,0,0,3488.74,0.004031967951466653,101.76,0.55,5.077171938045163
2016-11-25,25.19,24.9,25.19,24.55,82281,204345238.0,2.68,-1.15,2.54,25.19,4.051104463078467,100.87250113065382,102.04732142494659,102.04732142494659,99.45461456857636,-0.01151250496228673,1033746218,25740280828.199997,0,0,0,0,0,0,3521.3,0.009332882358674022,100.6,0.48,5.018720970914035
2016-11-28,24.99,25.18,25.45,24.77,118751,298738720.0,3.87,1.12,2.73,24.9,4.051104463078467,102.00681038031578,101.23710053233087,103.10060858534698,100.34585755045362,0.011244979919678766,1033746218,26029729769.239998,0,0,0,0,0,0,3535.08,0.0039133274642886295,101.72,0.55,5.075156387454434
2016-11-29,25.11,25.27,25.38,25.06,111995,282893280.0,3.65,0.36,1.27,25.18,4.051104463078467,102.37140978199285,101.7232330679003,102.81703127293149,101.52067784474637,0.0035742652899126703,1033746218,26122766928.86,0,0,0,0,0,0,3564.04,0.008192176697557008,102.08,0.57,5.093296342770991
2016-11-30,25.23,25.05,25.32,25.0,82779,208026660.0,2.7,-0.87,1.27,25.27,4.051104463078467,101.4801668001156,102.20936560346972,102.57396500514677,101.27761157696168,-0.0087059754649782,1033746218,25895342760.9,0,0,0,0,0,0,3538.0,-0.007306315305103173,101.2,0.52,5.048954229774964
2016-12-01,25.15,25.12,25.25,25.0,62843,157824241.0,2.05,0.28,1.0,25.05,4.051104463078467,101.76374411253109,101.88527724642343,102.29038769273129,101.27761157696168,0.0027944111776447844,1033746218,25967704996.16,0,0,0,0,0,0,3565.04,0.007642736009044748,101.48,0.53,5.0630630839100625
2016-12-02,25.14,24.71,25.14,24.68,81315,201746327.0,2.65,-1.63,1.83,25.12,4.051104463078467,100.10279128266892,101.84476620179265,101.84476620179265,99.98125814877656,-0.01632165605095537,1033746218,25543869046.780003,0,0,0,0,0,0,3528.95,-0.010123308574377932,99.84,0.44,4.9804255096901935
2016-12-05,24.59,24.75,24.98,24.5,53170,131984785.0,1.73,0.16,1.94,24.71,4.051104463078467,100.26483546119205,99.61665874709949,101.1965894877001,99.25205934542244,0.0016187778227438887,1033746218,25585218895.5,0,0,0,0,0,0,3469.41,-0.016871874070190862,100.0,0.45,4.988487712053107
2016-12-06,24.77,24.83,24.92,24.77,32875,81699639.0,1.07,0.32,0.61,24.75,4.051104463078467,100.58892381823833,100.34585755045362,100.9535232199154,100.34585755045362,0.003232323232323253,1033746218,25667918592.94,0,0,0,0,0,0,3459.15,-0.0029572751562945143,100.32,0.47,5.004612116778936
2016-12-07,24.88,25.07,25.09,24.79,53907,134838340.0,1.76,0.97,1.21,24.83,4.051104463078467,101.56118888937716,100.79147904139225,101.64221097863873,100.42687963971518,0.009665726943213881,1033746218,25916017685.260002,0,0,0,0,0,0,3475.75,0.0047988667736293955,101.28,0.52,5.05298533095642
2016-12-08,25.14,25.18,25.25,25.02,81265,204517700.0,2.65,0.44,0.92,25.07,4.051104463078467,102.00681038031578,101.84476620179265,102.29038769273129,101.35863366622324,0.0043877143996808865,1033746218,26029729769.239998,0,0,0,0,0,0,3470.14,-0.0016140401352227052,101.72,0.55,5.075156387454434
2016-12-09,25.2,25.11,25.24,25.0,74560,187213668.0,2.43,-0.28,0.95,25.18,4.051104463078467,101.7232330679003,102.08783246957736,102.2498766481005,101.27761157696168,-0.0027799841143765214,1033746218,25957367533.98,0,0,0,0,0,0,3493.7,0.006789351438270419,101.44,0.53,5.061047533319334
2016-12-12,25.1,24.62,25.14,24.59,88739,219964252.0,2.89,-1.95,2.19,25.11,4.051104463078467,99.73819188099185,101.68272202326952,101.84476620179265,99.61665874709949,-0.019514137793707587,1033746218,25450831887.16,0,0,0,0,0,0,3409.18,-0.024192117239602684,99.48,0.42,4.962285554373636
2016-12-13,24.72,24.87,24.93,24.4,49610,122658374.0,1.62,1.02,2.15,24.62,4.051104463078467,100.75096799676147,100.1433023272997,100.99403426454617,98.84694889911458,0.010154346060113673,1033746218,25709268441.66,0,0,0,0,0,0,3405.04,-0.001214368264509269,100.48,0.47,5.0126743191418495
2016-12-14,24.9,24.46,24.93,24.44,51926,127880486.0,1.69,-1.65,1.97,24.87,4.051104463078467,99.0900151668993,100.87250113065382,100.99403426454617,99.00899307763773,-0.016485725774024962,1033746218,25285432492.280003,0,0,0,0,0,0,3378.95,-0.0076621713694994265,98.84,0.38,4.93003674492198
2016-12-15,24.29,24.45,24.69,24.25,37785,92552587.0,1.23,-0.04,1.8,24.46,4.051104463078467,99.0495041222685,98.40132740817596,100.02176919340735,98.23928322965281,-0.0004088307440720529,1033746218,25275095030.1,0,0,0,0,0,0,3340.43,-0.011399991121502251,98.8,0.38,4.928021194331251
2016-12-16,24.47,24.63,24.76,24.46,34348,84513666.0,1.12,0.74,1.23,24.45,4.051104463078467,99.77870292562262,99.13052621153008,100.30534650582284,99.0900151668993,0.007361963190184007,1033746218,25461169349.34,0,0,0,0,0,0,3346.03,0.0016764308786594295,99.52,0.42,4.964301104964364
2016-12-19,24.59,24.5,24.73,24.49,41692,102538225.0,1.36,-0.53,0.97,24.63,4.051104463078467,99.25205934542244,99.61665874709949,100.18381337193048,99.21154830079165,-0.005278116118554554,1033746218,25326782341.0,0,0,0,0,0,0,3328.98,-0.005095590894283686,99.0,0.39,4.938098947284894
2016-12-20,24.5,23.9,24.6,23.81,89587,215366534.0,2.92,-2.45,3.22,24.5,4.051104463078467,96.82139666757534,99.25205934542244,99.65716979173028,96.45679726589829,-0.02448979591836742,1033746218,24706534610.199997,0,0,0,0,0,0,3309.06,-0.005983814862210113,96.6,0.25,4.817165911841181
2016-12-21,23.93,24.14,24.54,23.93,84029,203658912.0,2.74,1.0,2.55,23.9,4.051104463078467,97.79366173871419,96.94292980146771,99.41410352394557,96.94292980146771,0.01004184100418426,1033746218,24954633702.52,0,0,0,0,0,0,3338.54,0.008908874423552371,97.56,0.3,4.865539126018668
2016-12-22,24.14,24.05,24.2,23.87,56721,136036995.0,1.85,-0.37,1.37,24.14,4.051104463078467,97.42906233703712,97.79366173871419,98.03672800649889,96.699863533683,-0.0037282518641259532,1033746218,24861596542.9,0,0,0,0,0,0,3335.67,-0.0008596572154294657,97.2,0.28,4.8473991707021105
2016-12-23,24.0,23.85,24.07,23.84,32770,78348712.0,1.07,-0.83,0.96,24.05,4.051104463078467,96.61884144442143,97.2265071138832,97.51008442629869,96.57833039979064,-0.008316008316008316,1033746218,24654847299.300003,0,0,0,0,0,0,3307.6,-0.008415101014189075,96.4,0.24,4.80708815888754
2016-12-26,23.8,23.63,23.85,23.4,50171,118039512.0,1.63,-0.92,1.89,23.85,4.051104463078467,95.72759846254417,96.41628622126751,96.61884144442143,94.79584443603612,-0.009224318658280994,1033746218,24427423131.34,0,0,0,0,0,0,3322.4,0.00447454347563192,95.52,0.19,4.762746045891512
2016-12-27,23.62,23.29,23.78,23.25,65171,152887420.0,2.12,-1.44,2.24,23.63,4.051104463078467,94.35022294509749,95.68708741791339,96.33526413200595,94.18817876657435,-0.014388489208633115,1033746218,24075949417.219997,0,0,0,0,0,0,3316.39,-0.0018089333012281106,94.16,0.11,4.694217325806742
2016-12-28,23.27,22.78,23.28,22.77,86496,198120250.0,2.82,-2.19,2.19,23.29,4.051104463078467,92.28415966892747,94.26920085583592,94.30971190046671,92.24364862429668,-0.021897810218977964,1033746218,23548738846.04,0,0,0,0,0,0,3301.89,-0.004372224014666526,92.12,-0.01,4.591424245679587
2016-12-29,22.78,23.11,23.19,22.6,55613,127771733.0,1.81,1.45,2.59,22.78,4.051104463078467,93.62102414174336,92.28415966892747,93.94511249878965,91.55496086557335,0.014486391571553847,1033746218,23889875097.98,0,0,0,0,0,0,3297.76,-0.0012507987849381674,93.44,0.06,4.657937415173628
2016-12-30,22.92,23.28,23.39,22.91,46478,108102223.0,1.51,0.74,2.08,23.11,4.051104463078467,94.30971190046671,92.85131429375846,94.75533339140534,92.81080324912767,0.007356122890523675,1033746218,24065611955.04,0,0,0,0,0,0,3310.08,0.003735869196060282,94.12,0.1,4.692201775216014
2017-01-03,23.15,23.32,23.76,23.15,84996,200119707.0,2.77,0.17,2.62,23.28,4.051104463078467,94.47175607898984,93.7830683202665,96.25424204274438,93.7830683202665,0.0017182130584192379,1033746218,24106961803.760002,0,0,0,0,0,0,3342.23,0.00971275618716172,94.28,0.11,4.700263977578928
2017-01-04,23.4,23.7,23.75,23.34,62944,148724941.0,2.05,1.63,1.76,23.32,4.051104463078467,96.01117577495965,94.79584443603612,96.21373099811359,94.55277816825141,0.016295025728988,1033746218,24499785366.6,0,0,0,0,0,0,3368.31,0.0078031733303811635,95.8,0.2,4.776854900026612
2017-01-05,23.76,23.61,23.84,23.6,47065,111638692.0,1.53,-0.38,1.01,23.7,4.051104463078467,95.6465763732826,96.25424204274438,96.57833039979064,95.60606532865182,-0.0037974683544304,1033746218,24406748206.98,0,0,0,0,0,0,3367.79,-0.00015438008971857542,95.44,0.18,4.7587149447100545
2017-01-06,23.61,23.67,23.85,23.47,49138,116121579.0,1.6,0.25,1.61,23.61,4.051104463078467,95.88964264106731,95.6465763732826,96.61884144442143,95.07942174845161,0.0025412960609911828,1033746218,24468772980.06,0,0,0,0,0,0,3347.67,-0.005974244237318849,95.68,0.19,4.7708082482544265
2017-01-09,23.67,23.45,23.75,23.31,29552,69496686.0,0.96,-0.93,1.86,23.67,4.051104463078467,94.99839965919004,95.88964264106731,96.21373099811359,94.43124503435905,-0.009294465568229882,1033746218,24241348812.1,0,0,0,0,0,0,3363.9,0.004848148114957596,94.8,0.14,4.7264661352583985
2017-01-10,23.56,23.83,23.85,23.5,53903,127987948.0,1.76,1.62,1.49,23.45,4.051104463078467,96.53781935515985,95.44402115012868,96.61884144442143,95.20095488234396,0.016204690831556512,1033746218,24634172374.94,0,0,0,0,0,0,3358.27,-0.0016736526056065903,96.32,0.23,4.8030570577060825
2017-01-11,23.78,23.51,23.89,23.48,45528,107668217.0,1.48,-1.34,1.72,23.83,4.051104463078467,95.24146592697475,96.33526413200595,96.78088562294457,95.1199327930824,-0.013428451531682595,1033746218,24303373585.18,0,0,0,0,0,0,3334.5,-0.007078049114573881,95.04,0.16,4.73855943880277
2017-01-12,23.53,23.32,23.6,23.3,38480,90334135.0,1.25,-0.81,1.28,23.51,4.051104463078467,94.47175607898984,95.32248801623632,95.60606532865182,94.39073398972828,-0.008081667375584911,1033746218,24106961803.760002,0,0,0,0,0,0,3317.62,-0.005062228220123033,94.28,0.11,4.700263977578928
2017-01-13,23.55,23.14,23.64,23.08,39500,92218100.0,1.29,-0.77,2.4,23.32,4.051104463078467,93.74255727563572,95.4035101054979,95.76810950717496,93.499491007851,-0.007718696397941649,1033746218,23920887484.52,0,0,0,0,0,0,3319.91,0.0006902538566804228,93.56,0.07,4.663984066945814
2017-01-16,23.11,22.9,23.26,22.52,60206,138773364.0,1.96,-1.04,3.2,23.14,4.051104463078467,92.77029220449688,93.62102414174336,94.22868981120514,91.23087250852707,-0.010371650821089151,1033746218,23672788392.199997,0,0,0,0,0,0,3319.45,-0.0001385579729571429,92.6,0.01,4.615610852768329
2017-01-17,22.91,23.0,23.15,22.71,33762,77362848.0,1.1,0.44,1.92,22.9,4.051104463078467,93.17540265080473,92.81080324912767,93.7830683202665,92.00058235651198,0.004366812227074357,1033746218,23776163014.0,0,0,0,0,0,0,3326.36,0.0020816701562007545,93.0,0.04,4.635766358675614
2017-01-18,23.0,23.35,23.58,22.94,55457,129468033.0,1.81,1.52,2.78,23.0,4.051104463078467,94.5932892128822,93.17540265080473,95.52504323939024,92.93233638302003,0.01521739130434785,1033746218,24137974190.300003,0,0,0,0,0,0,3339.37,0.0039111821931479,94.4,0.12,4.706310629351113
2017-01-19,23.36,23.58,23.68,23.3,42459,100099446.0,1.38,0.99,1.63,23.35,4.051104463078467,95.52504323939024,94.63380025751297,95.93015368569809,94.39073398972828,0.009850107066381009,1033746218,24375735820.44,0,0,0,0,0,0,3329.29,-0.0030185334359474902,95.32,0.17,4.752668292937869
2017-01-20,23.62,23.85,23.92,23.62,44871,106864427.0,1.46,1.15,1.27,23.58,4.051104463078467,96.61884144442143,95.68708741791339,96.90241875683694,95.68708741791339,0.011450381679389388,1033746218,24654847299.300003,0,0,0,0,0,0,3354.89,0.007689327153837633,96.4,0.24,4.80708815888754
2017-01-23,23.84,23.75,23.99,23.63,44656,106130487.0,1.45,-0.42,1.51,23.85,4.051104463078467,96.21373099811359,96.57833039979064,97.18599606925241,95.72759846254417,-0.004192872117400492,1033746218,24551472677.5,0,0,0,0,0,0,3364.08,0.0027392850436229743,96.0,0.21,4.786932652980255
2017-01-24,23.8,24.18,24.31,23.71,84578,203056446.0,2.75,1.81,2.53,23.75,4.051104463078467,97.95570591723732,96.41628622126751,98.48234949743753,96.05168681959044,0.018105263157894624,1033746218,24995983551.239998,0,0,0,0,0,0,3364.45,0.00010998549380514255,97.72,0.31,4.873601328381581
2017-01-25,24.06,24.13,24.26,23.96,32689,78881119.0,1.06,-0.21,1.24,24.18,4.051104463078467,97.7531506940834,97.4695733816679,98.2797942742836,97.06446293536007,-0.002067824648469885,1033746218,24944296240.34,0,0,0,0,0,0,3375.9,0.0034032308401077405,97.52,0.3,4.863523575427938
2017-01-26,24.19,23.96,24.28,23.96,36861,88866468.0,1.2,-0.7,1.33,24.13,4.051104463078467,97.06446293536007,97.99621696186811,98.36081636354518,97.06446293536007,-0.0070451719850807,1033746218,24768559383.280003,0,0,0,0,0,0,3387.96,0.0035723806984804263,96.84,0.26,4.829259215385553
2017-02-03,23.9,23.6,23.9,23.55,35243,83375470.0,1.15,-1.5,1.46,23.96,4.051104463078467,95.60606532865182,96.82139666757534,96.82139666757534,95.4035101054979,-0.015025041736226985,1033746218,24396410744.800003,0,0,0,0,0,0,3364.49,-0.00692747257936932,95.4,0.18,4.756699394119327
2017-02-06,23.6,23.78,24.2,23.55,49474,118185624.0,0.83,0.76,2.75,23.6,4.051104463078467,96.33526413200595,95.60606532865182,98.03672800649889,95.4035101054979,0.007627118644067732,1033746218,24582485064.04,0,0,0,0,0,0,3373.21,0.0025917746820469656,96.12,0.22,4.79297930475244
2017-02-07,23.85,23.97,24.0,23.7,42817,102218484.0,0.72,0.8,1.26,23.78,4.051104463078467,97.10497397999085,96.61884144442143,97.2265071138832,96.01117577495965,0.007989907485281611,1033746218,24778896845.46,0,0,0,0,0,0,3365.68,-0.0022322950542659203,96.88,0.26,4.831274765976282
2017-02-08,23.95,23.8,23.95,23.68,45061,107100958.0,0.75,-0.71,1.13,23.97,4.051104463078467,96.41628622126751,97.02395189072928,97.02395189072928,95.93015368569809,-0.007092198581560183,1033746218,24603159988.4,0,0,0,0,0,0,3383.29,0.005232226474293444,96.2,0.23,4.797010405933897
2017-02-09,23.8,23.86,23.93,23.73,40792,97227482.0,0.68,0.25,0.84,23.8,4.051104463078467,96.65935248905221,96.41628622126751,96.94292980146771,96.13270890885202,0.0025210084033613356,1033746218,24665184761.48,0,0,0,0,0,0,3396.29,0.003842413745200668,96.44,0.24,4.809103709478268
2017-02-10,23.86,24.08,24.2,23.83,60664,145994601.0,1.02,0.92,1.55,23.86,4.051104463078467,97.55059547092947,96.65935248905221,98.03672800649889,96.53781935515985,0.009220452640402277,1033746218,24892608929.44,0,0,0,0,0,0,3413.49,0.005064349628565168,97.32,0.29,4.853445822474295
2017-02-13,24.08,24.45,24.45,23.96,72775,176647514.0,1.22,1.54,2.03,24.08,4.051104463078467,99.0495041222685,97.55059547092947,99.0495041222685,97.06446293536007,0.015365448504983448,1033746218,25275095030.1,0,0,0,0,0,0,3436.27,0.006673521820775852,98.8,0.38,4.928021194331251
2017-02-14,24.45,24.2,24.45,24.2,45726,111065717.0,0.77,-1.02,1.02,24.45,4.051104463078467,98.03672800649889,99.0495041222685,99.0495041222685,98.03672800649889,-0.010224948875255602,1033746218,25016658475.6,0,0,0,0,0,0,3435.8,-0.00013677621374330595,97.8,0.32,4.877632429563038
2017-02-15,24.28,24.06,24.39,24.01,50389,122065586.0,0.84,-0.58,1.57,24.2,4.051104463078467,97.4695733816679,98.36081636354518,98.8064378544838,97.26701815851399,-0.005785123966942196,1033746218,24871934005.079998,0,0,0,0,0,0,3421.71,-0.004100937190756215,97.24,0.29,4.849414721292838
2017-02-16,24.01,24.24,24.29,24.01,32350,78253832.0,0.54,0.75,1.16,24.06,4.051104463078467,98.19877218502202,97.26701815851399,98.40132740817596,97.26701815851399,0.007481296758104827,1033746218,25058008324.32,0,0,0,0,0,0,3440.93,0.005617074503683872,97.96,0.33,4.8856946319259515
2017-02-17,24.27,24.27,24.36,24.12,35121,85212819.0,0.59,0.12,0.99,24.24,4.051104463078467,98.32030531891438,98.32030531891438,98.68490472059145,97.71263964945263,0.0012376237623763497,1033746218,25089020710.86,0,0,0,0,0,0,3421.44,-0.0056641663736256564,98.08,0.33,4.8917412836981375
2017-02-20,24.31,25.24,25.37,24.31,137807,345454816.0,2.31,4.0,4.37,24.27,4.051104463078467,102.2498766481005,98.48234949743753,102.77652022830071,98.48234949743753,0.03996703749484953,1033746218,26091754542.32,0,0,0,0,0,0,3471.39,0.014599116161616132,101.96,0.56,5.087249690998805
2017-02-21,25.22,26.35,26.5,25.11,197680,517896128.0,3.31,4.4,5.51,25.24,4.051104463078467,106.7466026021176,102.16885455883893,107.35426827157937,101.7232330679003,0.043977812995245724,1033746218,27239212844.300003,0,0,0,0,0,0,3482.82,0.0032926291773613947,106.4,0.82,5.3109758065696715
2017-02-22,26.45,26.33,26.49,25.88,115952,303958096.0,1.94,-0.08,2.31,26.35,4.051104463078467,106.66558051285602,107.15171304842544,107.31375722694858,104.84258350447071,-0.0007590132827325347,1033746218,27218537919.94,0,0,0,0,0,0,3489.76,0.0019926381495454226,106.32,0.82,5.306944705388214
2017-02-23,26.18,26.19,26.3,25.87,83918,218862654.0,1.41,-0.53,1.63,26.33,4.051104463078467,106.09842588802505,106.05791484339426,106.54404737896368,104.80207245983993,-0.005317128750474631,1033746218,27073813449.420002,0,0,0,0,0,0,3473.32,-0.004710925679702882,105.76,0.78,5.2787269971180155
2017-02-24,26.2,26.38,26.88,26.03,147436,391481664.0,2.47,0.73,3.25,26.19,4.051104463078467,106.86813573600995,106.13893693265582,108.89368796754918,105.45024917393249,0.0072546773577699675,1033746218,27270225230.84,0,0,0,0,0,0,3473.85,0.0001525917565901036,106.52,0.83,5.317022458341857
2017-02-27,26.38,25.81,26.58,25.78,93011,243203233.0,1.56,-2.16,3.03,26.38,4.051104463078467,104.55900619205522,106.86813573600995,107.67835662862564,104.43747305816288,-0.021607278241091765,1033746218,26680989886.579998,0,0,0,0,0,0,3446.22,-0.007953711300142552,104.24,0.69,5.202136074670331
2017-02-28,26.02,26.08,26.3,25.7,56751,147374860.0,0.95,1.05,2.32,25.81,4.051104463078467,105.6528043970864,105.4097381293017,106.54404737896368,104.11338470111659,0.010461061604029487,1033746218,26960101365.44,0,0,0,0,0,0,3452.81,0.0019122400775342108,105.32,0.76,5.256555940620001
2017-03-01,26.08,25.95,26.11,25.86,44252,115101803.0,0.74,-0.5,0.96,26.08,4.051104463078467,105.12616081688621,105.6528043970864,105.77433753097877,104.76156141520914,-0.00498466257668706,1033746218,26825714357.1,0,0,0,0,0,0,3458.44,0.0016305559819393967,104.8,0.73,5.23035378294053
2017-03-02,25.98,26.01,26.2,25.8,40395,105071718.0,0.68,0.23,1.54,25.95,4.051104463078467,105.36922708467092,105.24769395077857,106.13893693265582,104.51849514742445,0.0023121387283238093,1033746218,26887739130.18,0,0,0,0,0,0,3435.1,-0.006748707509744323,105.04,0.74,5.242447086484902
2017-03-03,25.99,25.77,25.99,25.54,58380,150324124.0,0.98,-0.92,1.73,26.01,4.051104463078467,104.39696201353209,105.28820499540934,105.28820499540934,103.46520798702403,-0.009227220299884764,1033746218,26639640037.86,0,0,0,0,0,0,3427.86,-0.00210765334342522,104.08,0.68,5.194073872307417
2017-03-06,25.71,26.09,26.16,25.71,60815,158389191.0,1.02,1.24,1.75,25.77,4.051104463078467,105.69331544171719,104.15389574574738,105.97689275413269,104.15389574574738,0.012417539774932207,1033746218,26970438827.62,0,0,0,0,0,0,3446.48,0.005431960465129837,105.36,0.76,5.25857149121073
2017-03-07,26.26,26.53,26.96,26.26,102726,273206528.0,1.72,1.69,2.68,26.09,4.051104463078467,107.47580140547173,106.38200320044054,109.21777632459546,106.38200320044054,0.016864699118436244,1033746218,27425287163.54,0,0,0,0,0,0,3453.96,0.002170330308024493,107.12,0.86,5.347255717202786
2017-03-08,26.41,26.1,26.63,25.98,70683,185145662.0,1.18,-1.62,2.45,26.53,4.051104463078467,105.733826486348,106.9896688699023,107.88091185177956,105.24769395077857,-0.0162080663399925,1033746218,26980776289.800003,0,0,0,0,0,0,3448.73,-0.0015142039861492096,105.4,0.76,5.260587041801459
2017-03-09,25.95,26.21,26.3,25.91,56558,147617853.0,0.95,0.42,1.49,26.1,4.051104463078467,106.17944797728661,105.12616081688621,106.54404737896368,104.96411663836308,0.004214559386973127,1033746218,27094488373.780003,0,0,0,0,0,0,3426.94,-0.006318267884119599,105.84,0.79,5.282758098299472
2017-03-10,26.21,26.52,26.72,26.08,76875,203788552.0,1.29,1.18,2.44,26.21,4.051104463078467,107.43529036084094,106.17944797728661,108.24551125345663,105.6528043970864,0.01182754673788633,1033746218,27414949701.36,0,0,0,0,0,0,3427.89,0.00027721524158574873,107.08,0.86,5.345240166612056
2017-03-13,26.48,26.6,26.8,26.17,85846,228168679.0,1.44,0.3,2.38,26.52,4.051104463078467,107.75937871788722,107.2732461823178,108.5695996105029,106.01740379876348,0.003016591251885359,1033746218,27497649398.800003,0,0,0,0,0,0,3458.1,0.008813001584064839,107.4,0.88,5.361364571337885
2017-03-14,26.55,26.41,26.63,26.24,67200,177732714.0,1.13,-0.71,1.47,26.6,4.051104463078467,106.9896688699023,107.5568234947333,107.88091185177956,106.30098111117896,-0.0071428571428572285,1033746218,27301237617.38,0,0,0,0,0,0,3456.69,-0.0004077383534309975,106.64,0.83,5.323069110114043
2017-03-15,26.38,26.71,26.75,26.22,82401,219315630.0,1.38,1.14,2.01,26.41,4.051104463078467,108.20500020882585,106.86813573600995,108.36704438734898,106.21995902191739,0.01135933358576291,1033746218,27611361482.780003,0,0,0,0,0,0,3463.64,0.0020105939497032654,107.84,0.9,5.383535627835899
2017-03-16,26.67,27.18,27.28,26.67,130674,353375984.0,2.19,1.76,2.28,26.71,4.051104463078467,110.10901930647272,108.04295603030272,110.51412975278058,108.04295603030272,0.017596405840509144,1033746218,28097222205.239998,0,0,0,0,0,0,3481.51,0.005159312168701247,109.72,1.01,5.478266505600139
2017-03-17,27.19,27.18,27.57,27.0,110104,301193120.0,1.84,0.0,2.1,27.18,4.051104463078467,110.10901930647272,110.14953035110352,111.68895004707333,109.3798205031186,0.0,1033746218,28097222205.239998,0,0,0,0,0,0,3445.81,-0.010254171322213734,109.72,1.01,5.478266505600139
2017-03-20,27.06,27.95,28.17,27.05,108357,301522400.0,1.81,2.83,4.12,27.18,4.051104463078467,113.22836974304315,109.6228867709033,114.11961272492042,109.58237572627253,0.028329654157468687,1033746218,28893206793.1,0,0,0,0,0,0,3449.61,0.0011027886041308221,112.8,1.19,5.633463901086236
2017-03-21,28.01,28.09,28.24,27.7,78234,219000404.0,1.31,0.5,1.93,27.95,4.051104463078467,113.79552436787412,113.47143601082786,114.40319003733589,112.21559362727352,0.005008944543828386,1033746218,29037931263.62,0,0,0,0,0,0,3466.35,0.0048527224816716785,113.36,1.23,5.661681609356435
2017-03-22,28.09,28.66,28.93,27.95,120380,344364896.0,2.02,2.03,3.49,28.09,4.051104463078467,116.10465391182886,113.79552436787412,117.19845211686004,113.22836974304315,0.02029191883232473,1033746218,29627166607.88,0,0,0,0,0,0,3450.05,-0.00470235261874874,115.64,1.36,5.776567993027962
2017-03-23,28.76,28.0,28.97,27.56,94019,265751970.0,1.57,-2.3,4.92,28.66,4.051104463078467,113.43092496619707,116.5097643581367,117.36049629538317,111.64843900244254,-0.023028611304954594,1033746218,28944894104.0,0,0,0,0,0,0,3461.98,0.003457920899696987,113.0,1.21,5.643541654039879
2017-03-24,28.0,27.87,28.37,27.6,97793,273518736.0,1.64,-0.46,2.75,28.0,4.051104463078467,112.90428138599687,113.43092496619707,114.9298336175361,111.81048318096569,-0.00464285714285706,1033746218,28810507095.66,0,0,0,0,0,0,3489.6,0.00797809346096745,112.48,1.18,5.617339496360408
2017-03-27,27.88,27.93,28.68,27.76,101052,285650512.0,1.69,0.22,3.3,27.87,4.051104463078467,113.14734765378158,112.94479243062764,116.18567600109043,112.45865989505825,0.0021528525296017342,1033746218,28872531868.739998,0,0,0,0,0,0,3478.04,-0.0033127005960568168,112.72,1.19,5.629432799904779
2017-03-28,27.92,27.75,28.26,27.6,74629,208007367.0,1.25,-0.64,2.36,27.93,4.051104463078467,112.41814885042746,113.1068366091508,114.48421212659747,111.81048318096569,-0.0064446831364124435,1033746218,28686457549.5,0,0,0,0,0,0,3469.81,-0.002366275258478878,112.0,1.15,5.593152889271666
2017-03-29,27.74,27.41,27.75,27.2,69870,191465074.0,1.17,-1.23,1.98,27.75,4.051104463078467,111.04077333298078,112.37763780579667,112.41814885042746,110.1900413957343,-0.012252252252252238,1033746218,28334983835.38,0,0,0,0,0,0,3465.19,-0.0013314850092656094,110.64,1.07,5.524624169186896
2017-03-30,27.33,27.7,27.74,27.16,76939,211521277.0,1.29,1.06,2.12,27.41,4.051104463078467,112.21559362727352,110.71668497593448,112.37763780579667,110.02799721721115,0.010580080262677871,1033746218,28634770238.6,0,0,0,0,0,0,3436.76,-0.008204456321298403,111.8,1.14,5.583075136318023
2017-03-31,28.22,27.2,28.46,27.05,96612,265901211.0,1.62,-1.81,5.09,27.7,4.051104463078467,110.1900413957343,114.32216794807432,115.29443301921317,109.58237572627253,-0.018050541516245522,1033746218,28117897129.6,0,0,0,0,0,0,3456.05,0.005612844656013305,109.8,1.02,5.4822976067815965
2017-04-05,27.2,27.38,27.59,26.82,79162,216283767.0,1.33,0.66,2.83,27.2,4.051104463078467,110.91924019908842,110.1900413957343,111.7699721363349,108.65062169976449,0.006617647058823506,1033746218,28303971448.84,0,0,0,0,0,0,3503.89,0.013842392326499864,110.52,1.06,5.51857751741471
2017-04-06,27.45,27.77,27.86,27.31,63332,174936211.0,1.06,1.42,2.01,27.38,4.051104463078467,112.49917093968902,111.20281751150391,112.86377034136608,110.63566288667292,0.014243973703433221,1033746218,28707132473.86,0,0,0,0,0,0,3514.05,0.0028996344063312307,112.08,1.15,5.597183990453122
2017-04-07,27.8,27.51,27.84,27.41,56857,156583827.0,0.95,-0.94,1.55,27.77,4.051104463078467,111.44588377928862,112.62070407358138,112.78274825210451,111.04077333298078,-0.009362621534029447,1033746218,28438358457.18,0,0,0,0,0,0,3517.46,0.0009703902904056871,111.04,1.09,5.544779675094181
2017-04-10,27.64,26.68,27.67,26.51,105918,285746656.0,1.77,-3.02,4.22,27.51,4.051104463078467,108.0834670749335,111.97252735948882,112.09406049338118,107.39477931621016,-0.03017084696474015,1033746218,27580349096.239998,0,0,0,0,0,0,3505.14,-0.0035025273919249145,107.72,0.9,5.377488976063713
2017-04-11,26.59,27.0,27.0,25.91,115990,307271680.0,1.94,1.2,4.09,26.68,4.051104463078467,109.3798205031186,107.71886767325643,109.3798205031186,104.96411663836308,0.011994002998500841,1033746218,27911147886.0,0,0,0,0,0,0,3517.33,0.0034777498188374167,109.0,0.97,5.441986594967026
2017-04-12,26.9,26.96,27.34,26.68,64727,175030583.0,1.08,-0.15,2.44,27.0,4.051104463078467,109.21777632459546,108.97471005681075,110.75719602056527,108.0834670749335,-0.001481481481481417,1033746218,27869798037.280003,0,0,0,0,0,0,3509.44,-0.0022431787748092846,108.84,0.96,5.433924392604112
2017-04-13,27.01,26.79,27.19,26.65,35679,95629275.0,0.6,-0.63,2.0,26.96,4.051104463078467,108.52908856587212,109.4203315477494,110.14953035110352,107.96193394104114,-0.006305637982195855,1033746218,27694061180.219997,0,0,0,0,0,0,3514.57,0.0014617716786724522,108.16,0.92,5.3996600325617266
2017-04-14,26.79,27.05,27.11,26.79,44239,119483021.0,0.74,0.97,1.19,26.79,4.051104463078467,109.58237572627253,108.52908856587212,109.82544199405723,108.52908856587212,0.009705113848450964,1033746218,27962835196.9,0,0,0,0,0,0,3486.5,-0.007986752291176513,109.2,0.98,5.452064347920669
2017-04-17,27.05,26.3,27.06,26.02,75733,199683920.0,1.26,-2.77,3.84,27.05,4.051104463078467,106.54404737896368,109.58237572627253,109.6228867709033,105.4097381293017,-0.027726432532347522,1033746218,27187525533.4,0,0,0,0,0,0,3479.94,-0.001881543094794158,106.2,0.81,5.300898053616029
2017-04-18,26.28,26.5,26.94,26.11,52523,139954482.0,0.87,0.76,3.16,26.3,4.051104463078467,107.35426827157937,106.46302528970212,109.1367542353339,105.77433753097877,0.0076045627376426506,1158463457,30699281610.5,0,0,0,0,0,0,3462.74,-0.004942613953114239,107.0,0.86,5.3412090654306
2017-04-19,26.35,26.62,26.91,26.2,57302,152807932.0,0.95,0.45,2.68,26.5,4.051104463078467,107.84040080714878,106.7466026021176,109.01522110144154,106.13893693265582,0.004528301886792541,1158463457,30838297225.34,0,0,0,0,0,0,3445.88,-0.004868976590792218,107.48,0.88,5.365395672519342
2017-04-20,26.72,26.77,26.9,26.5,41677,111155148.0,0.69,0.56,1.5,26.62,4.051104463078467,108.44806647661055,108.24551125345663,108.97471005681075,107.35426827157937,0.005634861006761804,1158463457,31012066743.89,0,0,0,0,0,0,3461.55,0.004547459574912649,108.08,0.92,5.395628931380269
2017-04-21,26.85,27.45,27.62,26.78,85181,232563571.0,1.41,2.54,3.14,26.77,4.051104463078467,111.20281751150391,108.77215483365684,111.89150527022726,108.48857752124134,0.025401568920433215,1158463457,31799821894.649998,0,0,0,0,0,0,3466.79,0.00151377273186859,110.8,1.08,5.53268637154981
2017-04-24,27.46,26.25,27.59,26.15,77367,206414831.0,1.28,-4.37,5.25,27.45,4.051104463078467,106.34149215580975,111.2433285561347,111.7699721363349,105.9363817095019,-0.04371584699453546,1158463457,30409665746.25,0,0,0,0,0,0,3431.26,-0.010248673845257406,106.0,0.8,5.290820300662386
2017-04-25,26.3,26.46,26.66,26.21,42791,112952919.0,0.71,0.8,1.71,26.25,4.051104463078467,107.19222409305624,106.54404737896368,108.00244498567193,106.17944797728661,0.008000000000000007,1158463457,30652943072.22,0,0,0,0,0,0,3440.97,0.0028298642481185965,106.84,0.85,5.333146863067686
2017-04-26,26.72,28.01,28.59,26.72,162454,447381344.0,2.7,5.86,7.07,26.46,4.051104463078467,113.47143601082786,108.24551125345663,115.82107659941336,108.24551125345663,0.05857898715041565,1158463457,32448561430.570004,0,0,0,0,0,0,3445.18,0.0012234922129514825,113.04,1.21,5.645557204630608
2017-04-27,28.26,28.12,28.3,27.41,78075,218030189.0,1.3,0.39,3.18,28.01,4.051104463078467,113.9170575017665,114.48421212659747,114.64625630512062,111.04077333298078,0.003927168868261388,1158463457,32575992410.84,0,0,0,0,0,0,3446.72,0.00044700131778308005,113.48,1.23,5.667728261128621
2017-04-28,28.12,27.9,28.27,27.73,58285,163021071.0,0.97,-0.78,1.92,28.12,4.051104463078467,113.02581451988921,113.9170575017665,114.52472317122825,112.33712676116589,-0.007823613086771042,1158463457,32321130450.3,0,0,0,0,0,0,3439.75,-0.0020222124222448734,112.6,1.18,5.623386148132592
2017-05-02,27.72,27.92,28.29,27.66,65126,182496256.0,1.08,0.07,2.26,27.9,4.051104463078467,113.1068366091508,112.29661571653509,114.60574526048983,112.05354944875039,0.0007168458781363629,1158463457,32344299719.440002,0,0,0,0,0,0,3426.58,-0.0038287666254814834,112.68,1.19,5.6274172493140515
2017-05-03,27.91,27.92,28.35,27.7,66841,187881268.0,1.11,0.0,2.33,27.92,4.051104463078467,113.1068366091508,113.06632556452001,114.84881152827454,112.21559362727352,0.0,1158463457,32344299719.440002,0,0,0,0,0,0,3413.13,-0.003925196551663679,112.68,1.19,5.6274172493140515
2017-05-04,27.71,28.01,28.09,27.52,55160,153314868.0,0.92,0.32,2.04,27.92,4.051104463078467,113.47143601082786,112.25610467190431,113.79552436787412,111.4863948239194,0.003223495702005641,1158463457,32448561430.570004,0,0,0,0,0,0,3404.39,-0.0025606994166645913,113.04,1.21,5.645557204630608
2017-05-05,27.95,27.79,28.18,27.69,59933,167513792.0,1.0,-0.79,1.75,28.01,4.051104463078467,112.58019302895059,113.22836974304315,114.16012376955119,112.17508258264274,-0.007854337736522776,1158463457,32193699470.03,0,0,0,0,0,0,3382.55,-0.006415246196822211,112.16,1.16,5.60121509163458
2017-05-08,27.51,25.28,27.51,25.21,161246,421573456.0,2.68,-9.03,8.28,27.79,4.051104463078467,102.41192082662364,111.44588377928862,111.44588377928862,102.12834351420815,-0.09032025908600205,1158463457,29285956192.960003,0,0,0,0,0,0,3358.81,-0.007018373712140313,102.12,0.57,5.095311893361719
2017-05-09,25.4,26.18,26.37,24.8,91808,234457193.0,1.52,3.56,6.21,25.28,4.051104463078467,106.05791484339426,102.89805336219305,106.82762469137917,100.46739068434597,0.03560126582278467,1158463457,30328573304.26,0,0,0,0,0,0,3352.53,-0.0018697098079378804,105.72,0.78,5.276711446527287
2017-05-10,26.02,25.34,26.17,25.16,53534,136945376.0,0.89,-3.21,3.86,26.18,4.051104463078467,102.65498709440834,105.4097381293017,106.01740379876348,101.92578829105422,-0.03208556149732622,1158463457,29355464000.38,0,0,0,0,0,0,3337.7,-0.004423524919985877,102.36,0.58,5.10740519690609
2017-05-11,25.3,25.25,25.48,24.91,35527,89477038.0,0.59,-0.36,2.25,25.34,4.051104463078467,102.29038769273129,102.49294291588521,103.22214171923933,100.9130121752846,-0.003551696921862635,1158463457,29251202289.25,0,0,0,0,0,0,3356.65,0.005677562393265001,102.0,0.56,5.089265241589533
2017-05-12,25.35,25.15,25.35,24.72,49200,122974644.0,0.82,-0.4,2.5,25.25,4.051104463078467,101.88527724642343,102.69549813903913,102.69549813903913,100.1433023272997,-0.003960396039603964,1158463457,29135355943.55,0,0,0,0,0,0,3385.38,0.008559128893390833,101.6,0.54,5.069109735682248
2017-05-15,25.03,24.62,25.18,24.56,53998,133618644.0,0.9,-2.11,2.47,25.15,4.051104463078467,99.73819188099185,101.39914471085403,102.00681038031578,99.49512561320714,-0.021073558648111224,1158463457,28521370311.34,0,0,0,0,0,0,3399.19,0.004079305720480431,99.48,0.42,4.962285554373636
2017-05-16,24.6,24.63,24.64,23.91,71987,174143879.0,1.2,0.04,2.97,24.62,4.051104463078467,99.77870292562262,99.65716979173028,99.81921397025343,96.86190771220615,0.00040617384240437815,1158463457,28532954945.91,0,0,0,0,0,0,3428.65,0.00866677061299903,99.52,0.42,4.964301104964364
2017-05-17,24.63,24.97,25.2,24.45,62962,156901333.0,1.05,1.38,3.05,24.63,4.051104463078467,101.1560784430693,99.77870292562262,102.08783246957736,99.0495041222685,0.01380430369468133,1158463457,28926832521.289997,0,0,0,0,0,0,3409.97,-0.0054482084785557605,100.88,0.5,5.032829825049134
2017-05-18,24.97,25.0,25.22,24.75,35199,88162025.0,0.58,0.12,1.88,24.97,4.051104463078467,101.27761157696168,101.1560784430693,102.16885455883893,100.26483546119205,0.0012014417300760805,1158463457,28961586425.0,0,0,0,0,0,0,3398.11,-0.0034780364636638472,101.0,0.51,5.03887647682132
2017-05-19,25.14,24.83,25.14,24.82,28925,72122053.0,0.48,-0.68,1.28,25.0,4.051104463078467,100.58892381823833,101.84476620179265,101.84476620179265,100.54841277360755,-0.006800000000000028,1158463457,28764647637.309998,0,0,0,0,0,0,3403.85,0.0016891742762887851,100.32,0.47,5.004612116778936
2017-05-22,24.83,24.28,24.87,24.13,48851,119287320.0,0.81,-2.22,2.98,24.83,4.051104463078467,98.36081636354518,100.58892381823833,100.75096799676147,97.7531506940834,-0.022150624244865025,1158463457,28127492735.960003,0,0,0,0,0,0,3411.24,0.0021710709931401784,98.12,0.34,4.893756834288867
2017-05-23,24.18,23.72,24.44,23.67,76875,183676814.0,1.28,-2.31,3.17,24.28,4.051104463078467,96.09219786422122,97.95570591723732,99.00899307763773,95.88964264106731,-0.023064250411861664,1158463457,27478753200.039997,0,0,0,0,0,0,3424.19,0.003796273495854985,95.88,0.21,4.780886001208068
2017-05-24,23.68,23.2,23.68,22.9,81365,188858175.0,1.35,-2.19,3.29,23.72,4.051104463078467,93.98562354342043,95.93015368569809,95.93015368569809,92.77029220449688,-0.021922428330522714,1158463457,26876352202.399998,0,0,0,0,0,0,3424.17,-5.840797385636698e-06,93.8,0.08,4.6760773704901855
2017-05-25,23.2,23.69,23.72,23.05,47981,112108419.0,0.8,2.11,2.89,23.2,4.051104463078467,95.97066473032888,93.98562354342043,96.09219786422122,93.37795787395866,0.021120689655172553,1158463457,27443999296.33,0,0,0,0,0,0,3485.66,0.017957636449124736,95.76,0.2,4.774839349435883
2017-05-26,23.42,24.08,24.25,23.42,53481,128134328.0,0.89,1.65,3.5,23.69,4.051104463078467,97.55059547092947,94.8768665252977,98.23928322965281,94.8768665252977,0.016462642465175037,1158463457,27895800044.559998,0,0,0,0,0,0,3480.43,-0.0015004332034679324,97.32,0.29,4.853445822474295
2017-05-31,24.07,24.15,24.8,23.85,39139,94225773.0,0.65,0.29,3.95,24.08,4.051104463078467,97.83417278334497,97.51008442629869,100.46739068434597,96.61884144442143,0.0029069767441860517,1158463457,27976892486.55,0,0,0,0,0,0,3492.88,0.0035771442034462364,97.6,0.31,4.867554676609395
2017-06-01,24.18,23.76,24.18,23.69,29454,70194036.0,0.49,-1.61,2.03,24.15,4.051104463078467,96.25424204274438,97.95570591723732,97.95570591723732,95.97066473032888,-0.01614906832298124,1158463457,27525091738.320004,0,0,0,0,0,0,3497.74,0.0013914019376559672,96.04,0.22,4.788948203570984
2017-06-02,23.69,23.7,23.94,23.6,29215,69440750.0,0.49,-0.25,1.43,23.76,4.051104463078467,96.01117577495965,95.97066473032888,96.9834408460985,95.60606532865182,-0.002525252525252597,1158463457,27455583930.899998,0,0,0,0,0,0,3486.51,-0.0032106445876478595,95.8,0.2,4.776854900026612
2017-06-05,23.79,24.17,24.25,23.71,35986,86563151.0,0.6,1.98,2.28,23.7,4.051104463078467,97.91519487260655,96.37577517663672,98.23928322965281,96.05168681959044,0.019831223628692163,1158463457,28000061755.690002,0,0,0,0,0,0,3468.75,-0.005093919134033786,97.68,0.31,4.871585777790853
2017-06-06,24.15,24.75,24.86,24.01,55078,135618430.0,0.91,2.4,3.52,24.17,4.051104463078467,100.26483546119205,97.83417278334497,100.71045695213068,97.26701815851399,0.023996690111708574,1158463457,28671970560.75,0,0,0,0,0,0,3492.88,0.006956396396396336,100.0,0.45,4.988487712053107
2017-06-07,24.75,25.21,25.44,24.6,61687,155644899.0,1.02,1.86,3.39,24.75,4.051104463078467,102.12834351420815,100.26483546119205,103.0600975407162,99.65716979173028,0.018585858585858706,1158463457,29204863750.97,0,0,0,0,0,0,3533.87,0.011735301527679098,101.84,0.55,5.08120303922662
2017-06-08,25.18,25.23,25.35,25.01,30088,75723443.0,0.5,0.08,1.35,25.21,4.051104463078467,102.20936560346972,102.00681038031578,102.69549813903913,101.31812262159247,0.0007933359777865245,1158463457,29228033020.11,0,0,0,0,0,0,3560.98,0.007671476313503289,101.92,0.56,5.085234140408077
2017-06-09,25.21,25.59,25.85,25.21,63418,162142478.0,1.05,1.43,2.54,25.23,4.051104463078467,103.66776321017797,102.12834351420815,104.72105037057837,102.12834351420815,0.014268727705113005,1158463457,29645079864.63,0,0,0,0,0,0,3576.17,0.00426567967244984,103.36,0.64,5.157793961674304
2017-06-12,25.75,25.45,25.79,25.38,39034,99665543.0,0.65,-0.55,1.6,25.59,4.051104463078467,103.10060858534698,104.31593992427052,104.47798410279366,102.81703127293149,-0.0054708870652598884,1158463457,29482894980.649998,0,0,0,0,0,0,3574.39,-0.0004977392014362536,102.8,0.61,5.129576253404104
2017-06-13,25.55,25.76,25.85,25.55,40837,105106061.0,0.68,1.22,1.18,25.45,4.051104463078467,104.35645096890131,103.50571903165483,104.72105037057837,103.50571903165483,0.012180746561886169,1158463457,29842018652.320004,0,0,0,0,0,0,3582.27,0.00220457196892343,104.04,0.68,5.192058321716689
2017-06-14,25.85,26.05,26.2,25.5,54586,141578508.0,0.91,1.13,2.72,25.76,4.051104463078467,105.53127126319406,104.72105037057837,106.13893693265582,103.3031638085009,0.01125776397515521,1158463457,30177973054.850002,0,0,0,0,0,0,3535.3,-0.013111797826517724,105.2,0.75,5.250509288847816
2017-06-15,26.05,25.68,26.05,25.54,56497,145612436.0,0.94,-1.42,1.96,26.05,4.051104463078467,104.03236261185502,105.53127126319406,105.53127126319406,103.46520798702403,-0.014203454894433865,1158463457,29749341575.76,0,0,0,0,0,0,3528.79,-0.0018414278844794962,103.72,0.66,5.17593391699086
2017-06-16,25.6,25.67,25.88,25.46,28646,73395817.0,0.48,-0.04,1.64,25.68,4.051104463078467,103.99185156722424,103.70827425480876,104.84258350447071,103.14111962997777,-0.00038940809968834866,1158463457,29737756941.190002,0,0,0,0,0,0,3518.76,-0.002842334057849838,103.68,0.66,5.173918366400132
2017-06-19,25.75,25.9,26.14,25.6,33913,88043509.0,0.56,0.9,2.1,25.67,4.051104463078467,104.92360559373228,104.31593992427052,105.89587066487113,103.70827425480876,0.00895987534086462,1158463457,30004203536.3,0,0,0,0,0,0,3553.67,0.009921108572337856,104.6,0.72,5.220276029986887
2017-06-20,25.91,26.34,26.4,25.81,46300,121139469.0,0.77,1.7,2.28,25.9,4.051104463078467,106.70609155748681,104.96411663836308,106.94915782527151,104.55900619205522,0.016988416988417132,1158463457,30513927457.38,0,0,0,0,0,0,3546.49,-0.0020204464680176892,106.36,0.82,5.308960255978943
2017-06-21,26.42,26.31,26.85,26.2,48543,128823553.0,0.81,-0.11,2.47,26.34,4.051104463078467,106.58455842359446,107.0301799145331,108.77215483365684,106.13893693265582,-0.001138952164009166,1158463457,30479173553.67,0,0,0,0,0,0,3587.96,0.01169325163753454,106.24,0.81,5.302913604206758
2017-06-22,26.31,26.32,26.92,26.15,48163,128209398.0,0.8,0.04,2.93,26.31,4.051104463078467,106.62506946822525,106.58455842359446,109.05573214607233,105.9363817095019,0.0003800836183960321,1158463457,30490758188.24,0,0,0,0,0,0,3590.34,0.0006633295800400063,106.28,0.81,5.304929154797486
2017-06-23,26.32,26.39,26.8,26.19,43864,115975731.0,0.73,0.27,2.32,26.32,4.051104463078467,106.90864678064074,106.62506946822525,108.5695996105029,106.09842588802505,0.0026595744680850686,1158463457,30571850630.23,0,0,0,0,0,0,3622.88,0.00906320849835951,106.56,0.83,5.319038008932585
2017-06-26,26.39,26.61,26.7,26.2,30956,82079035.0,0.51,0.83,1.89,26.39,4.051104463078467,107.79988976251799,106.90864678064074,108.16448916419506,106.13893693265582,0.008336491095111809,1158463457,30826712590.77,0,0,0,0,0,0,3668.09,0.012479022214370916,107.44,0.88,5.363380121928613
2017-06-27,26.68,26.29,26.68,26.28,37612,99473138.0,0.62,-1.2,1.5,26.61,4.051104463078467,106.50353633433289,108.0834670749335,108.0834670749335,106.46302528970212,-0.012025554302893648,1158463457,30456004284.53,0,0,0,0,0,0,3674.72,0.00180748018723631,106.16,0.81,5.2988825030253
2017-06-28,26.29,26.06,26.6,25.96,35324,92575524.0,0.59,-0.87,2.43,26.29,4.051104463078467,105.57178230782483,106.50353633433289,107.75937871788722,105.166671861517,-0.008748573602130105,1158463457,30189557689.42,0,0,0,0,0,0,3646.17,-0.00776929942961635,105.24,0.75,5.252524839438544
2017-06-29,26.06,26.4,26.59,26.06,39852,105234167.0,0.66,1.3,2.03,26.06,4.051104463078467,106.94915782527151,105.57178230782483,107.71886767325643,105.57178230782483,0.01304681504221028,1158463457,30583435264.8,0,0,0,0,0,0,3668.83,0.006214740398829521,106.6,0.83,5.321053559523314
2017-06-30,26.51,27.22,27.5,26.51,63729,173371214.0,1.06,3.11,3.75,26.4,4.051104463078467,110.27106348499586,107.39477931621016,111.40537273465783,107.39477931621016,0.03106060606060601,1158463457,31533375299.539997,0,0,0,0,0,0,3666.8,-0.0005533099107889461,109.88,1.02,5.486328707963054
2017-07-03,27.24,27.03,27.28,26.7,74138,199818381.0,1.23,-0.7,2.13,27.22,4.051104463078467,109.50135363701096,110.35208557425743,110.51412975278058,108.16448916419506,-0.0069801616458485816,1158463457,31313267242.710003,0,0,0,0,0,0,3650.85,-0.00434984182393372,109.12,0.98,5.448033246739212
2017-07-04,27.05,27.72,27.98,27.04,97883,270503712.0,1.63,2.55,3.48,27.03,4.051104463078467,112.29661571653509,109.58237572627253,113.3499028769355,109.54186468164174,0.025527192008878874,1158463457,32112607028.039997,0,0,0,0,0,0,3619.98,-0.008455565142364119,111.88,1.14,5.587106237499479
2017-07-05,27.75,27.74,28.0,27.58,56960,157886423.0,0.95,0.07,1.52,27.72,4.051104463078467,112.37763780579667,112.41814885042746,113.43092496619707,111.72946109170411,0.0007215007215006786,1158463457,32135776297.179996,0,0,0,0,0,0,3659.68,0.010966911419399983,111.96,1.14,5.591137338680937
2017-07-06,27.6,28.16,28.35,27.45,90760,255241661.0,1.51,1.51,3.24,27.74,4.051104463078467,114.07910168028963,111.81048318096569,114.84881152827454,111.20281751150391,0.015140591204037657,1158463457,32622330949.12,0,0,0,0,0,0,3660.1,0.00011476413238309391,113.64,1.24,5.675790463491535
2017-07-07,28.2,28.59,28.69,28.12,82571,235154809.0,1.37,1.53,2.02,28.16,4.051104463078467,115.82107659941336,114.24114585881276,116.22618704572122,113.9170575017665,0.015269886363636243,1158463457,33120470235.63,0,0,0,0,0,0,3655.93,-0.0011393131335210027,115.36,1.34,5.762459138892861
2017-07-10,28.61,29.82,31.0,28.6,196472,586022928.0,3.26,4.3,8.39,28.59,4.051104463078467,120.80393508899988,115.90209868867493,125.58423835543246,115.86158764404415,0.043022035676810066,1158463457,34545380287.74,0,0,0,0,0,0,3653.69,-0.0006127031972712471,120.28,1.63,6.010371861552471
2017-07-11,29.23,28.75,29.23,28.11,109826,315629872.0,1.82,-3.59,3.76,29.129,4.147205022108547,119.23214438562071,121.22280279623281,121.22280279623281,116.57793317147124,-0.013011088605856758,1158463457,33305824388.75,0,0,0,0,0,0,3670.81,0.00468567393511754,118.77,1.54,5.932170380707663
2017-07-12,28.45,28.97,29.4,28.3,94643,274046816.0,1.57,0.77,3.83,28.75,4.147205022108547,120.14452949048459,117.98798287898815,121.92782764999126,117.36590212567187,0.007652173913043514,1158463457,33560686349.289997,0,0,0,0,0,0,3658.82,-0.0032663090707499842,119.65,1.59,5.977564380142643
2017-07-13,28.7,29.35,29.35,28.66,72463,210735075.0,1.2,1.31,2.38,28.97,4.147205022108547,121.72046739888584,119.02478413451529,121.72046739888584,118.85889593363095,0.013117017604418413,1158463457,34000902462.95,0,0,0,0,0,0,3686.92,0.007680071717111048,121.17,1.68,6.0559721973485185
2017-07-14,29.45,28.91,29.72,28.31,86528,251053238.0,1.44,-1.5,4.8,29.35,4.147205022108547,119.89569718915808,122.1351879010967,123.254933257066,117.40737417589295,-0.014991482112436172,1158463457,33491178541.87,0,0,0,0,0,0,3703.09,0.004385774576068924,119.41,1.58,5.965184198478558
2017-07-17,28.91,27.27,28.91,27.1,109014,302696672.0,1.81,-5.67,6.26,28.91,4.147205022108547,113.09428095290006,119.89569718915808,119.89569718915808,112.38925609914162,-0.05672777585610522,1158463457,31591298472.39,0,0,0,0,0,0,3663.56,-0.010674868825764516,112.85,1.2,5.626792566326886
2017-07-18,27.3,27.92,27.98,26.99,74599,205200367.0,1.24,2.38,3.63,27.27,4.147205022108547,115.78996421727062,113.21869710356333,116.03879651859714,111.93306354670966,0.02383571690502384,1158463457,32344299719.440002,0,0,0,0,0,0,3667.18,0.0009881099258644,115.45,1.35,5.760911201021146
2017-07-19,27.93,28.3,28.58,27.63,81802,231094756.0,1.36,1.36,3.4,27.92,4.147205022108547,117.36590212567187,115.83143626749171,118.52711953186225,114.58727476085913,0.013610315186246336,1158463457,32784515833.100002,0,0,0,0,0,0,3729.75,0.017062156752600144,116.97,1.44,5.8393190182270205
2017-07-20,28.33,28.41,29.17,28.26,83291,239086378.0,1.38,0.39,3.22,28.3,4.147205022108547,117.82209467810381,117.49031827633512,120.97397049490631,117.20001392478753,0.003886925795052898,1158463457,32911946813.37,0,0,0,0,0,0,3747.88,0.004860915610966021,117.41,1.46,5.862016017944511
2017-07-21,28.45,28.7,28.78,28.43,65241,186521907.0,1.08,1.02,1.23,28.41,4.147205022108547,119.02478413451529,117.98798287898815,119.35656053628398,117.90503877854597,0.010207673354452718,1158463457,33247901215.899998,0,0,0,0,0,0,3728.6,-0.005144241544553285,118.57,1.53,5.921853562654258
2017-07-24,28.87,29.15,29.33,28.5,73063,212454269.0,1.21,1.57,2.89,28.7,4.147205022108547,120.89102639446412,119.72980898827375,121.63752329844367,118.19534313009358,0.015679442508710784,1158463457,33769209771.55,0,0,0,0,0,0,3743.47,0.0039880920452717294,120.37,1.64,6.0147049251348985
2017-07-25,29.21,28.56,29.3,28.5,68115,195618880.0,1.13,-2.02,2.74,29.15,4.147205022108547,118.44417543142009,121.13985869579065,121.51310714778042,118.19534313009358,-0.020240137221269272,1158463457,33085716331.92,0,0,0,0,0,0,3719.56,-0.006387122108631793,118.01,1.5,5.892966472104725
2017-07-26,28.58,27.8,28.7,27.55,83698,232953320.0,1.39,-2.66,4.03,28.56,4.147205022108547,115.2922996146176,118.52711953186225,119.02478413451529,114.25549835909047,-0.026610644257702987,1158463457,32205284104.600002,0,0,0,0,0,0,3705.39,-0.003809590381658068,114.97,1.32,5.736150837692975
2017-07-27,27.99,27.82,27.99,27.56,57269,158610178.0,0.95,0.07,1.55,27.8,4.147205022108547,115.37524371505977,116.08026856881821,116.08026856881821,114.29697040931154,0.0007194244604316058,1158463457,32228453373.74,0,0,0,0,0,0,3712.19,0.0018351644496261699,115.05,1.32,5.7402775649143365
2017-07-28,27.82,28.57,28.75,27.75,68726,195432317.0,1.14,2.7,3.59,27.82,4.147205022108547,118.48564748164118,115.37524371505977,119.23214438562071,115.08493936351216,0.026959022286125123,1158463457,33097300966.49,0,0,0,0,0,0,3721.89,0.002613012803762693,118.05,1.5,5.895029835715406
2017-07-31,28.58,28.45,28.6,28.01,71542,201749567.0,1.19,-0.42,2.07,28.57,4.147205022108547,117.98798287898815,118.52711953186225,118.61006363230443,116.1632126692604,-0.004200210010500527,1158463457,32958285351.649998,0,0,0,0,0,0,3737.87,0.004293517540819414,117.57,1.47,5.870269472387235
2017-08-01,28.42,27.5,28.43,27.26,128059,353075920.0,2.13,-3.34,4.11,28.45,4.147205022108547,114.04813810798503,117.8635667283249,117.90503877854597,113.05280890267899,-0.033391915641476255,1158463457,31857745067.5,0,0,0,0,0,0,3770.38,0.008697466739078674,113.77,1.25,5.674249929372547
2017-08-02,27.51,27.77,27.87,27.37,52490,145109846.0,0.87,0.98,1.82,27.5,4.147205022108547,115.16788346395434,114.08961015820613,115.5826039661652,113.50900145511092,0.009818181818181726,1158463457,32170530200.89,0,0,0,0,0,0,3760.85,-0.002527596687867062,114.85,1.31,5.7299607468609315
2017-08-03,27.79,27.4,27.8,27.11,62537,171212413.0,1.04,-1.33,2.48,27.77,4.147205022108547,113.63341760577417,115.2508275643965,115.2922996146176,112.4307281493627,-0.013323730644580478,1158463457,31741898721.8,0,0,0,0,0,0,3727.83,-0.008779930069000352,113.37,1.23,5.6536162932657374
2017-08-04,27.45,28.0,28.11,27.26,60311,167196245.0,1.0,2.19,3.1,27.4,4.147205022108547,116.1217406190393,113.8407778568796,116.57793317147124,113.05280890267899,0.021897810218978186,1158463457,32436976796.0,0,0,0,0,0,0,3707.58,-0.005432114661881093,115.77,1.37,5.777418109906593
2017-08-07,28.0,29.2,29.67,27.8,128756,372712464.0,2.14,4.29,6.68,28.0,4.147205022108547,121.09838664556956,116.1217406190393,123.04757300596059,115.2922996146176,0.04285714285714293,1158463457,33827132944.399998,0,0,0,0,0,0,3726.79,0.005181277275203788,120.57,1.65,6.025021743188304
2017-08-08,29.39,32.12,32.12,28.84,288690,897510256.0,4.79,10.0,11.23,29.2,4.147205022108547,133.2082253101265,121.88635559977018,133.2082253101265,119.60539283761048,0.09999999999999987,1158463457,37209846238.84,1,0,1,0,0,0,3732.21,0.0014543346955422365,132.25,2.33,6.627523917507133
2017-08-09,32.58,32.24,32.8,31.52,177499,568157648.0,2.95,0.37,3.99,32.12,4.147205022108547,133.70588991277955,135.11593962029644,136.0283247251603,130.7199022968614,0.0037359900373601374,1158463457,37348861853.68,0,0,0,0,0,0,3731.04,-0.0003134871831971253,132.73,2.36,6.652284280835306
2017-08-10,31.9,31.58,32.05,30.8,131168,411323744.0,2.18,-2.05,3.88,32.24,4.147205022108547,130.9687345981879,132.29584020526264,132.91792095857892,127.73391468094324,-0.020471464019851227,1158463457,36584275972.06,0,0,0,0,0,0,3715.92,-0.004052489386337288,130.09,2.2,6.5161022825303645
2017-08-11,31.14,32.29,32.66,30.81,162497,519520832.0,2.7,2.25,5.86,31.58,4.147205022108547,133.91325016388495,129.14396438846015,135.44771602206512,127.77538673116432,0.02248258391386959,1158463457,37406785026.53,0,0,0,0,0,0,3647.35,-0.018453034510969024,132.93,2.37,6.662601098888709
2017-08-14,32.03,32.86,32.9,31.24,110119,356164784.0,1.83,1.77,5.14,32.29,4.147205022108547,136.27715702648683,132.83497685813674,136.4430452273712,129.55868489067097,0.017652524001238845,1158463457,38067109197.02,0,0,0,0,0,0,3694.68,0.012976544614583085,135.21,2.5,6.780212824697522
2017-08-15,32.7,32.4,32.84,31.9,79049,255640716.0,1.31,-1.4,2.86,32.86,4.147205022108547,134.3694427163169,135.61360422294948,136.19421292604468,132.29584020526264,-0.013998782714546576,1158463457,37534216006.799995,0,0,0,0,0,0,3706.06,0.003080104366278036,133.37,2.39,6.685298098606201
2017-08-16,32.11,32.06,32.61,31.54,71805,229419860.0,1.19,-1.05,3.3,32.4,4.147205022108547,132.95939300880002,133.16675325990542,135.2403557709597,130.80284639730357,-0.01049382716049374,1158463457,37140338431.420006,0,0,0,0,0,0,3701.42,-0.0012520034753888964,132.01,2.31,6.61514373584305
2017-08-17,32.38,32.05,32.42,31.7,50128,160470070.0,0.83,-0.03,2.25,32.06,4.147205022108547,132.91792095857892,134.28649861587476,134.4523868167591,131.46639920084093,-0.00031191515907691425,1158463457,37128753796.85,0,0,0,0,0,0,3721.28,0.005365508372462413,131.97,2.31,6.6130803722323686
2017-08-18,31.83,31.73,32.32,31.4,48841,155466059.0,0.81,-1.0,2.87,32.05,4.147205022108547,131.59081535150418,132.00553585371503,134.03766631454823,130.22223769420836,-0.00998439937597495,1158463457,36758045490.61,0,0,0,0,0,0,3724.67,0.000910976868174318,130.69,2.24,6.547052736690578
2017-08-21,31.75,31.43,31.95,31.3,50154,157845435.0,0.83,-0.95,2.05,31.73,4.147205022108547,130.3466538448716,131.67375945194635,132.50320045636806,129.8075171919975,-0.009454774661203924,1158463457,36410506453.51,0,0,0,0,0,0,3740.99,0.004381596221947115,129.49,2.17,6.48515182837015
2017-08-22,31.7,33.75,34.48,31.52,139805,468114992.0,2.32,7.38,9.42,31.43,4.147205022108547,139.96816949616345,131.46639920084093,142.99562916230266,130.7199022968614,0.07381482659879102,1158463457,39098141673.75,0,0,0,0,0,0,3752.3,0.003023263895385986,138.77,2.71,6.963852186048126
2017-08-23,33.58,33.54,34.28,32.91,73420,246485184.0,1.22,-0.62,4.06,33.75,4.147205022108547,139.09725644152064,139.263144642405,142.16618815788098,136.48451727759226,-0.00622222222222224,1158463457,38854864347.78,0,0,0,0,0,0,3756.09,0.00101004717106834,137.93,2.66,6.9205215502238255
2017-08-24,33.54,35.16,35.17,33.47,110220,381626016.0,1.83,4.83,5.07,33.54,4.147205022108547,145.81572857733647,139.09725644152064,145.8572006275576,138.80695208997304,0.04830053667262968,1158463457,40731575148.119995,0,0,0,0,0,0,3734.65,-0.005708063438309541,144.41,3.04,7.254786455154135
2017-08-25,34.95,35.69,36.2,34.28,101972,360110848.0,1.69,1.51,5.46,35.16,4.147205022108547,148.01374723905403,144.94481552269372,150.1288218003294,142.16618815788098,0.015073947667804344,1158463457,41345560780.329994,0,0,0,0,0,0,3795.75,0.016360301500810026,146.53,3.16,7.364144726520225
2017-08-28,35.17,38.08,38.91,35.08,144960,545140416.0,2.41,6.7,10.73,35.69,4.147205022108547,157.92556724189345,145.8572006275576,161.36774741024354,145.4839521755678,0.06696553656486404,1158463457,44114288442.56,0,0,0,0,0,0,3842.71,0.012371731541856112,156.09,3.72,7.857288629472966
2017-08-29,37.6,37.13,38.47,37.08,78640,296955616.0,1.31,-2.49,3.65,38.08,4.147205022108547,153.98572247089035,155.93490883128135,159.5429772005158,153.7783622197849,-0.02494747899159655,1158463457,43013748158.41,0,0,0,0,0,0,3834.54,-0.0021261037132648264,152.29,3.5,7.6612690864582795
2017-08-30,37.25,40.79,40.84,37.25,155612,619343008.0,2.58,9.86,9.67,37.13,4.147205022108547,169.1644928518076,154.48338707354335,169.37185310291306,154.48338707354335,0.09857258281712888,1158463457,47253724411.03,1,0,0,0,0,0,3834.3,-6.258899372535431e-05,166.93,4.35,8.416460167967497
2017-08-31,40.79,41.77,42.5,39.85,95571,393203264.0,1.59,2.4,6.5,40.79,4.147205022108547,173.228753773474,169.1644928518076,176.25621343961322,165.2661201310256,0.02402549644520735,1158463457,48389018598.89001,0,0,0,0,0,0,3822.09,-0.003184414365073218,170.85,4.58,8.61866980181423
2017-09-01,41.7,42.26,42.99,40.62,113391,476855360.0,1.88,1.17,5.67,41.77,4.147205022108547,175.26088423430718,172.9384494219264,178.28834390044642,168.45946799804915,0.011730907349772446,1158463457,48956665692.82,0,0,0,0,0,0,3830.54,0.0022108322933263036,172.81,4.7,8.719774618737594
2017-09-04,42.48,40.71,42.5,40.61,105593,435570032.0,1.75,-3.67,4.47,42.26,4.147205022108547,168.83271645003893,176.17326933917104,176.25621343961322,168.41799594782808,-0.03667770941788917,1158463457,47161047334.47,0,0,0,0,0,0,3845.62,0.003936781759229735,166.61,4.33,8.39995325908205
2017-09-05,40.9,40.72,41.89,40.3,69955,287835232.0,1.16,0.02,3.91,40.71,4.147205022108547,168.87418850026,169.62068540423954,173.72641837612701,167.1323623909744,0.0002456398919183922,1158463457,47172631969.04,0,0,0,0,0,0,3857.05,0.0029722125431010937,166.65,4.34,8.40201662269273
2017-09-06,41.26,41.1,41.66,40.56,56113,230628609.0,0.93,0.93,2.7,40.72,4.147205022108547,170.45012640866128,171.11367921219863,172.77256122104203,168.21063569672265,0.00933202357563867,1158463457,47612848082.700005,0,0,0,0,0,0,3849.45,-0.001970417806354652,168.17,4.42,8.480424439898608
2017-09-07,40.8,40.0,41.12,39.83,81371,327389200.0,1.35,-2.68,3.14,41.1,4.147205022108547,165.88820088434187,169.20596490202868,170.53307050910342,165.1831760305834,-0.02676399026763998,1158463457,46338538280.0,0,0,0,0,0,0,3829.87,-0.005086440920131441,163.77,4.17,8.253454442723704
2017-09-08,40.26,40.45,40.5,39.25,71852,286673792.0,1.19,1.13,3.13,40.0,4.147205022108547,167.75444314429072,166.96647419009008,167.96180339539615,162.77779711776046,0.011249999999999982,1158463457,46859846835.65,0,0,0,0,0,0,3825.99,-0.0010130892171275052,165.57,4.27,8.346305805204347
2017-09-11,39.93,40.16,41.74,39.83,73293,298628256.0,1.22,-0.72,4.72,40.45,4.147205022108547,166.55175368787923,165.59789653279427,173.10433762281073,165.1831760305834,-0.007169344870210259,1158463457,46523892433.119995,0,0,0,0,0,0,3825.65,-8.886588830592235e-05,164.41,4.21,8.2864682604946
2017-09-12,39.98,38.66,40.3,38.3,99380,386025312.0,1.65,-3.74,4.98,40.16,4.147205022108547,160.3309461547164,165.80525678389967,167.1323623909744,158.83795234675733,-0.03735059760956172,1158463457,44786197247.619995,0,0,0,0,0,0,3837.93,0.00320991204109089,158.41,3.86,7.97696371889246
2017-09-13,38.98,39.19,39.7,38.71,51266,201142669.0,0.85,1.37,2.56,38.66,4.147205022108547,162.52896481643393,161.65805176179114,164.6440393777093,160.53830640582183,0.013709260217278807,1158463457,45400182879.829994,0,0,0,0,0,0,3842.61,0.0012194073367675085,160.53,3.98,8.086321990258549
2017-09-14,39.61,39.45,40.47,39.45,62851,249663906.0,1.04,0.66,2.6,39.19,4.147205022108547,163.60723812218217,164.27079092571952,167.83738724473287,163.60723812218217,0.006634345496300265,1158463457,45701383378.65,0,0,0,0,0,0,3829.96,-0.003292033279463702,161.57,4.04,8.139969444136254
2017-09-15,39.42,39.38,39.9,38.6,38980,153319346.0,0.65,-0.18,3.3,39.45,4.147205022108547,163.31693377063456,163.48282197151892,165.47348038213102,160.0821138533899,-0.001774397972116648,1158463457,45620290936.66,0,0,0,0,0,0,3831.3,0.00034987310572431873,161.29,4.02,8.125525898861486
2017-09-18,39.37,39.31,39.98,38.89,51027,200868167.0,0.85,-0.18,2.77,39.38,4.147205022108547,163.026629419087,163.27546172041346,165.80525678389967,161.2848033098014,-0.0017775520568816816,1158463457,45539198494.670006,0,0,0,0,0,0,3843.14,0.003090334873280476,161.01,4.01,8.111082353586722
2017-09-19,39.32,38.58,39.85,38.5,60843,237170682.0,1.01,-1.86,3.43,39.31,4.147205022108547,159.99916975294772,163.06810146930806,165.2661201310256,159.66739335117904,-0.018570338336301284,1158463457,44693520171.06,0,0,0,0,0,0,3832.12,-0.002867446931415496,158.09,3.84,7.960456810007012
2017-09-20,38.57,37.76,38.58,37.13,81711,307182608.0,1.36,-2.13,3.76,38.58,4.147205022108547,156.5984616348187,159.95769770272665,159.99916975294772,153.98572247089035,-0.021254536029030602,1158463457,43743580136.32,0,0,0,0,0,0,3842.44,0.002693026314416036,154.81,3.64,7.791260993931176
2017-09-21,37.9,37.86,38.12,37.4,30015,113260642.0,0.5,0.26,1.91,37.76,4.147205022108547,157.01318213702956,157.1790703379139,158.09145544277777,155.10546782685964,0.0026483050847458944,1158463457,43859426482.02,0,0,0,0,0,0,3837.82,-0.0012023609997813267,155.21,3.67,7.811894630037986
2017-09-22,37.83,36.79,37.83,36.72,58533,217208871.0,0.97,-2.83,2.93,37.86,4.147205022108547,152.57567276337343,156.8887659863663,156.8887659863663,152.28536841182583,-0.02826201796090866,1158463457,42619870583.03,0,0,0,0,0,0,3837.73,-2.34508132220812e-05,150.93,3.42,7.591114723695127
2017-09-25,36.66,37.24,38.0,36.12,62551,233710990.0,1.04,1.22,5.11,36.79,4.147205022108547,154.44191502332228,152.0365361104993,157.59379084012477,149.7970453985607,0.012231584669747386,1158463457,43141179138.68,0,0,0,0,0,0,3817.79,-0.005195779796911215,152.73,3.52,7.6839660861757695
2017-09-26,37.33,36.79,38.1,36.61,44363,165629054.0,0.74,-1.21,4.0,37.24,4.147205022108547,152.57567276337343,154.81516347531203,158.00851134233562,151.8291758593939,-0.012083780880773443,1158463457,42619870583.03,0,0,0,0,0,0,3820.78,0.0007831756068301665,150.93,3.42,7.591114723695127
2017-09-27,36.99,36.97,37.48,36.53,37587,138957582.0,0.62,0.49,2.58,36.79,4.147205022108547,153.32216966735297,153.40511376779514,155.43724422862832,151.49739945762522,0.0048926338678989545,1158463457,42828394005.29,0,0,0,0,0,0,3821.2,0.00010992519851948934,151.65,3.46,7.628255268687384
2017-09-28,37.0,36.24,37.11,36.12,40273,147040417.0,0.67,-1.97,2.68,36.97,4.147205022108547,150.29471000121373,153.44658581801622,153.90277837044817,149.7970453985607,-0.019745739789018057,1158463457,41982715681.68,0,0,0,0,0,0,3822.54,0.0003506751805715247,148.73,3.29,7.477629725107676
2017-09-29,36.48,37.07,37.1,36.37,42185,154637099.0,0.7,2.29,2.01,36.24,4.147205022108547,153.73689016956382,151.29003920651977,153.86130632022707,150.83384665408784,0.02290286975717426,1158463457,42944240350.99,0,0,0,0,0,0,3836.5,0.0036520219539886156,152.05,3.48,7.648888904794193
2017-10-09,37.6,37.98,38.54,36.79,90253,341209056.0,1.5,2.45,4.72,37.07,4.147205022108547,157.5108467396826,155.93490883128135,159.83328155206337,152.57567276337343,0.024548152144591162,1158463457,43998442096.85999,0,0,0,0,0,0,3882.21,0.011914505408575637,155.69,3.7,7.836654993366157
2017-10-10,37.95,39.91,39.96,37.88,92765,364755344.0,1.54,5.08,5.48,37.98,4.147205022108547,165.5149524323521,157.38643058901934,165.72231268345752,157.09612623747176,0.05081621906266465,1158463457,46234276568.869995,0,0,0,0,0,0,3889.86,0.001970527096679442,163.41,4.15,8.234884170227575
2017-10-11,39.9,40.17,40.88,39.65,68530,275248240.0,1.14,0.65,3.08,39.91,4.147205022108547,166.59322573810033,165.47348038213102,169.5377413037974,164.43667912660388,0.006514657980456251,1158463457,46535477067.69,0,0,0,0,0,0,3902.69,0.003298319219714907,164.45,4.21,8.28853162410528
2017-10-12,40.35,39.66,40.35,39.37,39826,158242122.0,0.66,-1.27,2.44,40.17,4.147205022108547,164.47815117682495,167.33972264207986,167.33972264207986,163.27546172041346,-0.012696041822255588,1158463457,45944660704.619995,0,0,0,0,0,0,3912.95,0.002628955925271903,162.41,4.09,8.183300079960553
2017-10-13,39.4,38.55,39.45,38.41,79490,307526608.0,1.32,-2.8,2.62,39.66,4.147205022108547,159.87475360228447,163.39987787107674,163.60723812218217,159.29414489918926,-0.027987897125567263,1158463457,44658766267.35,0,0,0,0,0,0,3921.0,0.0020572713681494825,157.97,3.83,7.95426671917497
2017-10-16,38.57,38.76,39.43,38.4,68873,268086230.0,1.14,0.54,2.67,38.55,4.147205022108547,160.74566665692726,159.95769770272665,163.52429402174,159.2526728489682,0.005447470817120603,1158463457,44902043593.32,0,0,0,0,0,0,3913.45,-0.0019255292017342773,158.81,3.88,7.997597354999269
2017-10-17,38.89,39.97,40.22,38.7,67116,266731538.0,1.11,3.12,3.92,38.76,4.147205022108547,165.7637847336786,161.2848033098014,166.80058598920573,160.49683435560075,0.031217750257998,1158463457,46303784376.29,0,0,0,0,0,0,3913.07,-9.71010233935532e-05,163.65,4.16,8.24726435189166
2017-10-18,39.0,38.6,39.37,38.0,82240,317485792.0,1.37,-3.43,3.43,39.97,4.147205022108547,160.0821138533899,161.74099586223332,163.27546172041346,157.59379084012477,-0.03427570678008496,1158463457,44716689440.200005,0,0,0,0,0,0,3944.16,0.007945168371636502,158.17,3.84,7.964583537228375
2017-10-19,38.45,39.21,39.85,38.12,68521,269573232.0,1.14,1.58,4.48,38.6,4.147205022108547,162.6119089168761,159.46003310007362,165.2661201310256,158.09145544277777,0.015803108808290167,1158463457,45423352148.97,0,0,0,0,0,0,3931.25,-0.0032731937852419346,160.61,3.98,8.09044871747991
2017-10-20,39.3,39.67,40.0,38.66,53686,212586600.0,0.89,1.17,3.42,39.21,4.147205022108547,164.51962322704605,162.98515736886586,165.88820088434187,160.3309461547164,0.011731701096659108,1158463457,45956245339.19,0,0,0,0,0,0,3926.85,-0.0011192368839427758,162.45,4.09,8.185363443571234
2017-10-23,39.49,42.15,42.15,39.42,120362,496633840.0,2.0,6.25,6.88,39.67,4.147205022108547,174.80469168187523,163.77312632306652,174.80469168187523,163.48282197151892,0.06251575497857309,1158463457,48829234712.549995,0,0,0,0,0,0,3930.8,0.0010058953104905566,172.37,4.67,8.697077619020103
2017-10-24,42.0,42.08,42.96,41.6,65092,275039312.0,1.08,-0.17,3.23,42.15,4.147205022108547,174.51438733032762,174.18261092855894,178.16392774978317,172.52372891971555,-0.0016607354685647113,1158463457,48748142270.56,0,0,0,0,0,0,3959.4,0.007275872595909227,172.09,4.65,8.682634073745335
2017-10-25,42.1,43.75,43.86,41.33,82589,354654752.0,1.37,3.97,6.01,42.08,4.147205022108547,181.4402197172489,174.59733143076983,181.89641226968084,171.4039835637462,0.03968631178707227,1158463457,50682776243.75,0,0,0,0,0,0,3976.95,0.004432489771177384,178.77,5.04,9.02721579672905
2017-10-26,43.5,43.25,45.3,43.12,89449,395970304.0,1.49,-1.14,4.98,43.75,4.147205022108547,179.36661720619463,180.40341846172177,187.86838750151716,178.82748055332053,-0.011428571428571455,1158463457,50103544515.25,0,0,0,0,0,0,3993.58,0.0041815964495404145,176.77,4.93,8.924047616195004
2017-10-27,43.39,44.6,44.86,42.7,69202,301988528.0,1.15,3.12,4.99,43.25,4.147205022108547,184.96534398604118,179.94722590928984,186.0436172917894,177.08565444403496,0.03121387283236987,1158463457,51667470182.200005,0,0,0,0,0,0,4021.97,0.007108909800229268,182.17,5.24,9.20260170363693
2017-10-30,44.6,44.81,45.8,43.87,78441,353009840.0,1.3,0.47,4.33,44.6,4.147205022108547,185.836257040684,184.96534398604118,189.9419900125714,181.93788431990194,0.004708520179372178,1158463457,51910747508.170006,0,0,0,0,0,0,4009.72,-0.00304577110222104,183.01,5.29,9.24593233946123
2017-10-31,44.81,47.09,47.24,44.28,98560,456099008.0,1.64,5.09,6.61,44.81,4.147205022108547,195.29188449109148,185.836257040684,195.91396524440776,183.63823837896643,0.05088149966525335,1158463457,54552044190.130005,0,0,0,0,0,0,4006.72,-0.0007481819179394611,192.13,5.82,9.716379242696481
2017-11-01,47.0,46.68,48.99,45.94,115318,546561120.0,1.92,-0.87,6.48,47.09,4.147205022108547,193.59153043202696,194.9186360391017,203.1715740330977,190.52259871566662,-0.008706731790189104,1158463457,54077074172.76,0,0,0,0,0,0,3996.62,-0.002520765114607415,190.49,5.73,9.631781334658562
2017-11-02,46.56,46.24,47.9,45.22,69436,321665360.0,1.15,-0.94,5.74,46.68,4.147205022108547,191.7667602222992,193.09386582937393,198.65112055899937,187.53661109974848,-0.009425878320479808,1158463457,53567350251.68,0,0,0,0,0,0,3997.13,0.00012760782861520603,188.73,5.62,9.540993335788603
2017-11-03,46.23,47.5,47.6,45.33,74885,349531488.0,1.24,2.72,4.91,46.24,4.147205022108547,196.99223855015597,191.7252881720781,197.40695905236683,187.9928036521804,0.027249134948096776,1158463457,55027014207.5,0,0,0,0,0,0,3992.7,-0.00110829520180733,193.77,5.92,9.800977150734399
2017-11-06,46.43,48.36,48.38,45.3,112740,526148112.0,1.87,1.81,6.48,47.5,4.147205022108547,200.55883486916932,192.55472917649982,200.6417789696115,187.86838750151716,0.018105263157894624,1158463457,56023292780.52,0,0,0,0,0,0,4020.89,0.007060385202995567,197.21,6.12,9.978426421252959
2017-11-07,48.28,48.15,48.97,47.61,48860,235847860.0,0.81,-0.43,2.81,48.36,4.147205022108547,199.6879218145265,200.22705846740064,203.08862993265552,197.4484311025879,-0.004342431761786614,1158463457,55780015454.549995,0,0,0,0,0,0,4054.25,0.008296670637595094,196.37,6.07,9.935095785428658
2017-11-08,48.16,46.91,48.52,46.8,66515,315019424.0,1.1,-2.58,3.57,48.15,4.147205022108547,194.54538758711192,199.72939386474758,201.2223876727067,194.08919503467996,-0.025752855659397778,1158463457,54343520767.869995,0,0,0,0,0,0,4048.01,-0.0015391256089288818,191.41,5.78,9.679238697704225
2017-11-09,46.87,45.54,46.87,45.0,74623,339182944.0,1.24,-2.92,3.99,46.91,4.147205022108547,188.8637167068232,194.37949938622756,194.37949938622756,186.6242259948846,-0.029204860370922958,1158463457,52756425831.78,0,0,0,0,0,0,4075.9,0.006889805114117742,185.93,5.46,9.396557883040936
2017-11-10,45.79,47.19,47.9,45.5,69250,324448112.0,1.15,3.62,5.27,45.54,4.147205022108547,195.7066049933023,189.90051796235034,198.65112055899937,188.69782850593887,0.03623188405797095,1158463457,54667890535.829994,0,0,0,0,0,0,4111.91,0.008834858558845804,192.53,5.85,9.73701287880329
2017-11-13,47.28,46.48,47.99,45.82,73830,344688272.0,1.23,-1.5,4.6,47.19,4.147205022108547,192.76208942760522,196.0798534452921,199.02436901098915,190.02493411301361,-0.01504556050010597,1158463457,53845381481.35999,0,0,0,0,0,0,4128.07,0.00393004710706224,189.69,5.68,9.590514062444942
2017-11-14,46.51,48.32,48.63,46.23,81496,390025888.0,1.35,3.96,5.16,46.48,4.147205022108547,200.39294666828496,192.8865055782685,201.67858022513863,191.7252881720781,0.03958691910499157,1158463457,55976954242.24,0,0,0,0,0,0,4099.35,-0.0069572463645236615,197.05,6.11,9.970172966810235
2017-11-15,48.29,46.87,48.58,46.12,62368,292906272.0,1.04,-3.0,5.09,48.32,4.147205022108547,194.37949938622756,200.2685305176217,201.47121997403318,191.26909561964615,-0.0300082781456954,1158463457,54297182229.59,0,0,0,0,0,0,4073.67,-0.006264407771963909,191.25,5.77,9.6709852432615
2017-11-16,46.98,51.56,51.56,46.89,151142,751738768.0,2.51,10.01,9.96,46.87,4.147205022108547,213.82989093991668,194.8356919386595,213.82989093991668,194.46244348666974,0.10006400682739502,1158463457,59730375842.920006,1,0,1,0,0,0,4105.01,0.007693308490869466,210.01,6.87,10.638702776670856
2017-11-17,52.0,52.4,54.08,51.4,155885,822838976.0,2.59,1.63,5.2,51.56,4.147205022108547,217.31354315848785,215.65466114964443,224.2808475956302,213.1663381363793,0.016291698991466097,1158463457,60703485146.799995,0,0,0,0,0,0,4120.85,0.0038586994915967843,213.37,7.06,10.812025319968052
2017-11-20,52.27,54.8,55.49,51.1,97292,523776496.0,1.62,4.58,8.38,52.4,4.147205022108547,227.26683521154834,216.77440650561374,230.12840667680325,211.92217662974673,0.04580152671755733,1158463457,63483797443.6,0,0,0,0,0,0,4143.83,0.005576519407403779,222.97,7.62,11.307232586531475
2017-11-21,55.1,54.79,56.09,53.92,78515,430632704.0,1.3,-0.02,3.96,54.8,4.147205022108547,227.22536316132727,228.51099671818093,232.61672969006838,223.61729479209285,-0.0001824817518247812,1158463457,63472212809.03,0,0,0,0,0,0,4217.7,0.017826503500384838,222.93,7.62,11.305169222920794
2017-11-22,54.69,53.0,55.55,52.38,84124,450683120.0,1.4,-3.27,5.79,54.79,4.147205022108547,219.80186617175298,226.8106426591164,230.37723897812975,217.23059905804567,-0.03267019529111148,1158463457,61398563221.0,0,0,0,0,0,0,4227.57,0.0023401379898997376,215.77,7.2,10.935827136608909
2017-11-23,53.5,50.9,53.5,50.01,65879,339769632.0,1.09,-3.96,6.58,53.0,4.147205022108547,211.09273562532502,221.87546868280725,221.87546868280725,207.4017231556484,-0.03962264150943395,1158463457,58965789961.299995,0,0,0,0,0,0,4102.4,-0.02960802541412677,207.37,6.71,10.502520778365914
2017-11-24,50.9,50.23,51.74,49.66,46521,234649645.0,0.77,-1.32,4.09,50.9,4.147205022108547,208.31410826051228,211.09273562532502,214.5763878438962,205.9502013979104,-0.013163064833005889,1158463457,58189619445.10999,0,0,0,0,0,0,4104.2,0.0004387675507020461,204.69,6.56,10.364275416450292
2017-11-27,50.23,48.25,51.4,48.0,80493,398714288.0,1.34,-3.94,6.77,50.23,4.147205022108547,200.10264231673736,208.31410826051228,213.1663381363793,199.06584106121022,-0.0394186740991439,1158463457,55895861800.25,0,0,0,0,0,0,4049.95,-0.013218166756006067,196.77,6.09,9.955729421535468
2017-11-28,48.8,51.4,51.84,48.32,77056,386265840.0,1.28,6.53,7.3,48.25,4.147205022108547,213.1663381363793,202.38360507889706,214.99110834610707,200.39294666828496,0.06528497409326417,1158463457,59545021689.799995,0,0,0,0,0,0,4055.82,0.0014494006098841883,209.37,6.83,10.605688958899961
2017-11-29,51.88,51.73,53.2,50.81,61002,317492672.0,1.01,0.64,4.65,51.4,4.147205022108547,214.5349157936751,215.1569965469914,220.6313071761747,210.71948717333527,0.006420233463034997,1158463457,59927314630.60999,0,0,0,0,0,0,4053.75,-0.0005103776794828097,210.69,6.91,10.67377995805243
2017-11-30,51.86,46.95,52.18,46.56,113586,548965392.0,1.89,-9.24,10.86,51.73,4.147205022108547,194.71127578799627,215.07405244654922,216.40115805362396,193.09386582937393,-0.09240286100908557,1158463457,54389859306.15,0,1,0,0,0,0,4006.1,-0.01175454825778599,191.57,5.79,9.687492152146948
2017-12-01,46.74,47.07,48.39,46.28,68159,323751680.0,1.13,0.26,4.49,46.95,4.147205022108547,195.20894039064927,193.8403627333535,200.68325101983257,191.93264842318354,0.002555910543130979,1158463457,54528874920.99,0,0,0,0,0,0,3998.14,-0.0019869698709468198,192.05,5.82,9.712252515475118
2017-12-04,47.2,49.43,50.46,47.16,67476,330239600.0,1.12,5.01,7.01,47.07,4.147205022108547,204.99634424282544,195.7480770435234,209.26796541559727,195.58218884263906,0.050138092203101836,1158463457,57262848679.51,0,0,0,0,0,0,4018.86,0.005182409820566614,201.49,6.37,10.199206327595817
2017-12-05,49.59,49.2,50.83,48.5,40079,198774225.0,0.67,-0.47,4.71,49.43,4.147205022108547,204.0424870877405,205.65989704636283,210.80243127377742,201.1394435722645,-0.004653044709690413,1158463457,56996402084.4,0,0,0,0,0,0,4040.17,0.005302498718542159,200.57,6.32,10.151748964550157
2017-12-06,49.2,51.36,52.17,49.2,95277,485906144.0,1.58,4.39,6.04,49.2,4.147205022108547,213.00044993549494,204.0424870877405,216.35968600340289,204.0424870877405,0.04390243902439028,1158463457,59498683151.52,0,0,0,0,0,0,4015.82,-0.006026974112475436,209.21,6.82,10.597435504457236
2017-12-07,51.02,50.44,51.09,49.62,53401,268355450.0,0.89,-1.79,2.86,51.36,4.147205022108547,209.18502131515507,211.59040022797805,211.88070457952566,205.78431319702608,-0.01791277258566981,1158463457,58432896771.079994,0,0,0,0,0,0,3971.06,-0.01114591789472641,205.53,6.6,10.40760605227459
2017-12-08,50.72,53.07,53.22,50.71,102724,535408432.0,1.71,5.21,4.98,50.44,4.147205022108547,220.09217052330058,210.3462387213455,220.71425127661684,210.3047666711244,0.05214115781126094,1158463457,61479655662.99,0,0,0,0,0,0,4003.38,0.008138884831757842,216.05,7.22,10.950270681883676
2017-12-11,53.11,53.9,54.37,52.63,77751,417107872.0,1.29,1.56,3.28,53.07,4.147205022108547,223.53435069165064,220.2580587241849,225.48353705204167,218.2674003135728,0.015639721123045014,1158463457,62441180332.299995,0,0,0,0,0,0,4069.5,0.016516043942868208,219.37,7.41,11.12152986157019
2017-12-12,53.69,53.16,53.69,52.69,56989,302261200.0,0.95,-1.37,1.86,53.9,4.147205022108547,220.46541897529033,222.66343763700786,222.66343763700786,218.5162326148993,-0.013729128014842384,1158463457,61583917374.119995,0,0,0,0,0,0,4016.02,-0.013141663595036213,216.41,7.24,10.968840954379804
2017-12-13,52.99,53.3,54.17,52.73,40156,213344676.0,0.67,0.26,2.71,53.16,4.147205022108547,221.0460276783855,219.7603941215319,224.65409604762,218.68212081578366,0.0026335590669677167,1158463457,61746102258.1,0,0,0,0,0,0,4050.09,0.008483523488428846,216.97,7.27,10.997728044929335
2017-12-14,53.15,53.4,54.51,52.64,50918,273694032.0,0.85,0.19,3.51,53.3,4.147205022108547,221.46074818059637,220.42394692506923,226.06414575513688,218.30887236379388,0.0018761726078799779,1158463457,61861948603.799995,0,0,0,0,0,0,4026.15,-0.005910979756005408,217.37,7.3,11.018361681036144
2017-12-15,53.4,53.21,54.11,52.5,42524,226664279.0,0.71,-0.36,3.01,53.4,4.147205022108547,220.67277922639576,221.46074818059637,224.40526374629346,217.7282636606987,-0.0035580524344568376,1158463457,61641840546.97,0,0,0,0,0,0,3980.86,-0.011248959924493596,216.61,7.25,10.979157772433208
2017-12-18,53.55,51.52,53.65,51.28,48973,254731750.0,0.81,-3.18,4.45,53.21,4.147205022108547,213.66400273903233,222.08282893391265,222.4975494361235,212.66867353372626,-0.0317609471903777,1158463457,59684037304.64001,0,0,0,0,0,0,3985.29,0.0011128248669884933,209.85,6.86,10.63044932222813
2017-12-19,51.54,52.29,52.58,50.7,46822,243138381.0,0.78,1.49,3.65,51.52,4.147205022108547,216.8573506060559,213.74694683947448,218.06004006246738,210.2632946209033,0.01494565217391286,1158463457,60576054166.53,0,0,0,0,0,0,4035.33,0.012556175334793584,212.93,7.04,10.789328320250561
2017-12-20,52.4,54.82,54.84,52.0,78336,422636000.0,1.3,4.84,5.43,52.29,4.147205022108547,227.34977931199052,217.31354315848785,227.43272341243272,215.65466114964443,0.04838401223943389,1158463457,63506966712.74,0,0,0,0,0,0,4030.49,-0.00119940624434689,223.05,7.63,11.311359313752837
2017-12-21,54.6,54.95,55.28,53.5,56895,310142160.0,0.94,0.24,3.25,54.82,4.147205022108547,227.88891596486465,226.43739420712666,229.25749362216047,221.87546868280725,0.0023713973002554845,1158463457,63657566962.15,0,0,0,0,0,0,4067.85,0.009269344422142334,223.57,7.66,11.338183040691689
2017-12-22,54.51,54.65,55.28,53.65,43960,238549884.0,0.73,-0.55,2.97,54.95,4.147205022108547,226.64475445823206,226.06414575513688,229.25749362216047,222.4975494361235,-0.005459508644222066,1158463457,63310027925.049995,0,0,0,0,0,0,4054.6,-0.0032572489152746797,222.37,7.59,11.27628213237126
2017-12-25,54.9,53.62,56.39,53.61,71981,395155936.0,1.2,-1.88,5.09,54.65,4.147205022108547,222.37313328546026,227.6815557137592,233.86089119670095,222.33166123523918,-0.01884720951509611,1158463457,62116810564.34,0,0,0,0,0,0,4041.54,-0.0032210329009026983,218.25,7.35,11.063755680471125
2017-12-26,53.33,54.11,54.35,52.1,41973,223605440.0,0.7,0.91,4.2,53.62,4.147205022108547,224.40526374629346,221.1704438290488,225.40059295159952,216.06938165185528,0.009138381201044377,1158463457,62684457658.27,0,0,0,0,0,0,4053.62,0.0029889596539933727,220.21,7.46,11.164860497394491
2017-12-27,53.28,52.35,54.09,52.1,49517,261156104.0,0.82,-3.25,3.68,54.11,4.147205022108547,217.10618290738242,220.96308357794337,224.3223196458513,216.06938165185528,-0.032526335243023397,1158463457,60645561973.950005,0,0,0,0,0,0,3991.21,-0.015396115077387584,213.17,7.05,10.801708501914648
2017-12-28,52.69,53.17,53.8,52.35,35982,191756136.0,0.6,1.57,2.77,52.35,4.147205022108547,220.50689102551144,218.5162326148993,223.1196301894398,217.10618290738242,0.015663801337153727,1158463457,61595502008.69,0,0,0,0,0,0,4018.9,0.006937745696167452,216.45,7.24,10.970904317990485
2017-12-29,53.44,52.86,53.99,52.11,36961,195173195.0,0.61,-0.58,3.54,53.17,4.147205022108547,219.22125746865777,221.62663638148072,223.90759914364043,216.11085370207635,-0.0058303554636073285,1158463457,61236378337.02,0,0,0,0,0,0,4030.85,0.0029734504466396583,215.21,7.17,10.906940046059376
2018-01-02,53.0,52.93,53.23,51.66,48142,251978568.0,0.8,0.13,2.97,52.86,4.147205022108547,219.51156182020537,219.80186617175298,220.7557233268379,214.2446114421275,0.0013242527430950002,1158463457,61317470779.01,0,0,0,0,0,0,4087.4,0.014029299031221854,215.49,7.19,10.921383591334141
2018-01-03,52.23,52.66,53.35,52.23,53236,280479920.0,0.89,-0.51,2.12,52.93,4.147205022108547,218.39181646423606,216.6085183047294,221.25338792949097,216.6085183047294,-0.0051010768940110696,1158463457,61004685645.619995,0,0,0,0,0,0,4111.39,0.005869256740226092,214.41,7.12,10.865672773845757
2018-01-04,52.66,52.61,52.66,51.8,53244,277626080.0,0.89,-0.09,1.63,52.66,4.147205022108547,218.18445621313063,218.39181646423606,218.39181646423606,214.8252201452227,-0.0009494872768703866,1158463457,60946762472.77,0,0,0,0,0,0,4128.81,0.0042370098677089185,214.21,7.11,10.855355955792351
2018-01-05,52.6,53.83,54.65,52.22,69388,374540144.0,1.16,2.32,4.62,52.61,4.147205022108547,223.24404634010307,218.14298416290956,226.64475445823206,216.56704625450828,0.02318950769815631,1158463457,62360087890.31,0,0,0,0,0,0,4138.75,0.0024074733397758674,219.09,7.4,11.107086316295426
2018-01-08,54.9,59.21,59.21,54.62,143312,825862256.0,2.39,9.99,8.53,53.83,4.147205022108547,245.55600935904704,227.6815557137592,245.55600935904704,226.5203383075688,0.09994426899498432,1158463457,68592621288.97,1,0,1,0,0,0,4160.16,0.005173059498640775,240.61,8.65,12.217175938841763
2018-01-09,60.0,59.61,60.0,58.15,100239,593389760.0,1.67,0.68,3.12,59.21,4.147205022108547,247.21489136789046,248.8323013265128,248.8323013265128,241.159972035612,0.0067556156054719985,1158463457,69056006671.77,0,0,0,0,0,0,4189.3,0.007004538286988993,242.21,8.75,12.299710483269001
2018-01-10,59.13,59.33,60.17,58.33,62234,366459504.0,1.04,-0.47,3.09,59.61,4.147205022108547,246.05367396170007,245.22423295727836,249.53732618027126,241.90646893959152,-0.004697198456634855,1158463457,68731636903.81,0,0,0,0,0,0,4207.81,0.004418399255245564,241.09,8.68,12.241936302169934
2018-01-11,59.2,58.68,59.2,58.0,41567,243626048.0,0.69,-1.1,2.02,59.33,4.147205022108547,243.3579906973295,245.51453730882596,245.51453730882596,240.5378912822957,-0.010955671666947553,1158463457,67978635656.76,0,0,0,0,0,0,4205.59,-0.000527590361732222,238.49,8.53,12.107817667475674
2018-01-12,58.31,58.96,59.85,58.3,53561,316164160.0,0.89,0.48,2.64,58.68,4.147205022108547,244.5192081035199,241.82352483914937,248.21022057319652,241.78205278892824,0.0047716428084525475,1158463457,68303005424.72,0,0,0,0,0,0,4225.0,0.004615285845743333,239.61,8.59,12.16559184857474
2018-01-15,59.0,57.05,59.57,56.73,62965,363979888.0,1.05,-3.24,4.82,58.96,4.147205022108547,236.59804651129258,244.68509630440425,247.04900316700613,235.27094090421784,-0.0323948439620082,1158463457,66090340221.85,0,0,0,0,0,0,4225.24,5.680473372771111e-05,231.97,8.15,11.771489398934683
2018-01-16,57.17,61.7,62.74,57.17,92237,558847696.0,1.54,8.15,9.76,57.05,4.147205022108547,255.88254986409734,237.0957111139456,260.1956430870902,237.0957111139456,0.08150744960560918,1158463457,71477195296.90001,0,0,0,0,0,0,4258.47,0.007864642008501344,250.57,9.23,12.730953477901314
2018-01-17,61.04,61.3,62.54,60.01,67900,416835648.0,1.13,-0.65,4.1,61.7,4.147205022108547,254.2236678552539,253.14539454950568,259.3662020826685,248.87377337673388,-0.006482982171799101,1158463457,71013809914.09999,0,0,0,0,0,0,4248.12,-0.0024304503730213645,248.97,9.14,12.648418933474076
2018-01-18,61.37,60.35,61.99,59.82,52256,316887296.0,0.87,-1.55,3.54,61.3,4.147205022108547,250.2838230842508,254.5139722068015,257.08523932050883,248.08580442253324,-0.015497553017944421,1158463457,69913269629.95,0,0,0,0,0,0,4271.42,0.005484779149364849,245.17,8.92,12.452399390459389
2018-01-19,60.04,59.95,61.23,58.38,44284,264386660.0,0.74,-0.66,4.72,60.35,4.147205022108547,248.62494107540738,248.99818952739713,253.9333635037063,242.11382919069695,-0.006628003314001596,1158463457,69449884247.15001,0,0,0,0,0,0,4285.4,0.0032729162667215483,243.57,8.82,12.369864846032153
2018-01-22,59.7,61.61,62.18,59.67,37391,230047798.0,0.62,2.77,4.19,59.95,4.147205022108547,255.50930141210756,247.58813981988024,257.87320827470944,247.463723669217,0.027689741451209393,1158463457,71372933585.77,0,0,0,0,0,0,4336.6,0.011947542819807033,250.21,9.21,12.712383205405185
2018-01-23,61.4,62.22,62.88,61.38,42407,263842394.0,0.71,0.99,2.43,61.61,4.147205022108547,258.03909647559374,254.63838835746475,260.7762517901854,254.5554442570226,0.00990099009900991,1158463457,72079596294.54,0,0,0,0,0,0,4382.61,0.010609694230502953,252.65,9.35,12.83824838565672
2018-01-24,62.55,61.69,62.78,61.0,29589,182401027.0,0.49,-0.85,2.86,62.22,4.147205022108547,255.84107781387624,259.40767413288955,260.36153128797457,252.97950634862133,-0.00851816136290584,1158463457,71465610662.33,0,0,0,0,0,0,4389.89,0.0016611106167330192,250.53,9.23,12.728890114290634
2018-01-25,61.5,61.3,62.6,61.19,30460,188084925.0,0.51,-0.63,2.29,61.69,4.147205022108547,254.2236678552539,255.0531088596756,259.615034383995,253.76747530282196,-0.0063219322418544,1158463457,71013809914.09999,0,0,0,0,0,0,4365.08,-0.005651622250215982,248.97,9.14,12.648418933474076
2018-01-26,61.39,61.28,61.41,60.07,43674,264931029.0,0.73,-0.03,2.19,61.3,4.147205022108547,254.14072375481175,254.59691630724367,254.67986040768582,249.12260567806038,-0.00032626427406190484,1158463457,70990640644.96,0,0,0,0,0,0,4381.3,0.0037158540049666566,248.89,9.14,12.644292206252716
2018-01-29,61.35,60.3,61.83,59.88,29679,179801099.0,0.49,-1.6,3.18,61.28,4.147205022108547,250.07646283314534,254.43102810635935,256.4216865169714,248.33463672385977,-0.015992167101827715,1158463457,69855346457.09999,0,0,0,0,0,0,4302.02,-0.018095085933398702,244.97,8.91,12.442082572405983
2018-01-30,59.81,59.51,60.68,59.28,28394,169877343.0,0.47,-1.31,2.32,60.3,4.147205022108547,246.8001708656796,248.04433237231217,251.65240074154661,245.84631371059464,-0.01310116086235491,1158463457,68940160326.06999,0,0,0,0,0,0,4256.1,-0.010674055443721797,241.81,8.72,12.279076847162191
2018-01-31,59.18,59.65,59.85,57.27,58455,340377520.0,0.97,0.24,4.34,59.51,4.147205022108547,247.38077956877478,245.4315932083838,248.21022057319652,237.51043161615647,0.0023525457906234948,1158463457,69102345210.05,0,0,0,0,0,0,4275.9,0.004652146331147966,242.37,8.75,12.307963937711722
2018-02-01,59.47,54.3,59.47,53.69,113748,630305696.0,1.9,-8.97,9.69,59.65,4.147205022108547,225.19323270049406,246.63428266479525,246.63428266479525,222.66343763700786,-0.08968985750209557,1158463457,62904565715.1,0,0,0,0,0,0,4245.9,-0.007016066792955855,220.97,7.51,11.204064405997428
2018-02-02,53.73,55.36,55.5,51.31,69869,376541648.0,1.17,1.95,7.72,54.3,4.147205022108547,229.58927002392915,222.82932583789218,230.16987872702433,212.79308968438954,0.01952117863720071,1158463457,64132536979.52,0,0,0,0,0,0,4271.23,0.005965755199133227,225.21,7.75,11.422780948729606
2018-02-05,55.31,53.46,56.53,52.01,92025,492253520.0,1.53,-3.43,8.16,55.36,4.147205022108547,221.7095804819229,229.38190977282372,234.44149989979616,215.6961331998655,-0.03432080924855485,1158463457,61931456411.22,0,0,0,0,0,0,4274.15,0.0006836438215689356,217.61,7.31,11.03074186270023
2018-02-06,51.38,50.28,52.8,50.27,67197,342585840.0,1.12,-5.95,4.73,53.46,4.147205022108547,208.52146851161774,213.08339403593715,218.97242516733124,208.47999646139664,-0.05948372615039277,1158463457,58247542617.96,0,0,0,0,0,0,4148.89,-0.029306411801176657,204.89,6.57,10.374592234503698
2018-02-07,51.25,48.28,51.97,46.58,64271,316502352.0,1.07,-3.98,10.72,50.28,4.147205022108547,200.22705846740064,212.544257383063,215.53024499898117,193.1768099298161,-0.03977724741447897,1158463457,55930615703.96,0,0,0,0,0,0,4050.5,-0.023714776723412823,196.89,6.1,9.961919512367512
2018-02-08,48.1,50.18,51.2,47.63,45305,225171619.0,0.76,3.94,7.39,48.28,4.147205022108547,208.10674800940686,199.4805615634211,212.33689713195758,197.53137520303008,0.039353769676884864,1158463457,58131696272.26,0,0,0,0,0,0,4012.05,-0.009492655227749669,204.49,6.54,10.353958598396886
2018-02-09,48.3,48.8,49.88,46.18,36897,179861267.0,0.62,-2.75,7.37,50.18,4.147205022108547,202.38360507889706,200.3100025678428,206.86258650277432,191.51792792097268,-0.027500996412913592,1158463457,56533016701.6,0,0,0,0,0,0,3840.65,-0.042721302077491585,198.97,6.22,10.069214420122918
2018-02-12,50.0,51.0,51.55,48.6,58326,292453472.0,0.97,4.51,6.05,48.8,4.147205022108547,211.50745612753587,207.36025110542732,213.78841888969558,201.55416407447538,0.04508196721311486,1158463457,59081636307.0,0,0,0,0,0,0,3890.1,0.012875424732792684,207.77,6.74,10.523154414472723
2018-02-13,51.01,50.72,52.1,50.05,40856,208496099.0,0.68,-0.55,4.02,51.0,4.147205022108547,210.3462387213455,211.54892817775695,216.06938165185528,207.56761135653275,-0.005490196078431375,1158463457,58757266539.04,0,0,0,0,0,0,3935.63,0.011704069304131037,206.65,6.67,10.465380233373658
2018-02-14,50.2,51.3,51.99,50.01,23759,120753759.0,0.4,1.14,3.9,50.72,4.147205022108547,212.75161763416844,208.18969210984906,215.61318909942335,207.4017231556484,0.011435331230283952,1158463457,59429175344.1,0,0,0,0,0,0,3966.96,0.007960606052906272,208.97,6.81,10.585055322793151
2018-02-22,52.0,52.32,53.58,51.48,32700,172042350.0,0.55,1.99,4.09,51.3,4.147205022108547,216.98176675671917,215.65466114964443,222.20724508457593,213.49811453814797,0.019883040935672502,1158463457,60610808070.24,0,0,0,0,0,0,4052.73,0.021621090205094173,213.05,7.04,10.795518411082606
2018-02-23,52.26,52.9,53.58,51.66,41837,220275251.0,0.7,1.11,3.67,52.32,4.147205022108547,219.38714566954212,216.73293445539264,222.20724508457593,214.2446114421275,0.011085626911314872,1158463457,61282716875.299995,0,0,0,0,0,0,4071.09,0.004530279589313846,215.37,7.18,10.915193500502099
2018-02-26,52.69,50.43,52.69,49.1,120097,602413120.0,2.0,-4.67,6.79,52.9,4.147205022108547,209.143549264934,218.5162326148993,218.5162326148993,203.62776658552966,-0.04669187145557652,1158463457,58421312136.51,0,0,0,0,0,0,4118.42,0.011625879064329103,205.49,6.6,10.40554268866391
2018-02-27,50.0,48.25,50.0,47.63,90062,435958816.0,1.5,-4.32,4.7,50.43,4.147205022108547,200.10264231673736,207.36025110542732,207.36025110542732,197.53137520303008,-0.043228237160420346,1158463457,55895861800.25,0,0,0,0,0,0,4058.98,-0.014432719343826061,196.77,6.09,9.955729421535468
2018-02-28,48.25,48.72,50.0,47.4,37491,182564391.0,0.63,0.97,5.39,48.25,4.147205022108547,202.05182867712838,200.10264231673736,207.36025110542732,196.5775180479451,0.009740932642487099,1158463457,56440339625.04,0,0,0,0,0,0,4023.64,-0.008706620875195248,198.65,6.2,10.052707511237472
2018-03-01,48.28,48.74,48.97,47.61,31683,153575827.0,0.53,0.04,2.79,48.72,4.147205022108547,202.13477277757056,200.22705846740064,203.08862993265552,197.4484311025879,0.00041050903119876914,1158463457,56463508894.18,0,0,0,0,0,0,4049.09,0.006325118549373343,198.73,6.21,10.056834238458833
2018-03-02,48.3,48.63,48.94,48.2,26686,129890094.0,0.45,-0.23,1.52,48.74,4.147205022108547,201.67858022513863,200.3100025678428,202.96421378199227,199.89528206563196,-0.0022568732047599793,1158463457,56336077913.91,0,0,0,0,0,0,4016.46,-0.008058600821419182,198.29,6.18,10.034137238741344
2018-03-05,48.5,46.99,48.5,46.8,48440,229976500.0,0.81,-3.37,3.5,48.63,4.147205022108547,194.87716398888062,201.1394435722645,201.1394435722645,194.08919503467996,-0.03372403865926388,1158463457,54436197844.43,0,0,0,0,0,0,4018.1,0.00040831976417043947,191.73,5.8,9.695745606589673
2018-03-06,46.6,46.13,47.45,42.3,98092,447917936.0,1.64,-1.83,10.96,46.99,4.147205022108547,191.31056766986725,193.25975403025828,196.78487829905055,175.4267724351915,-0.018301766333262415,1158463457,53439919271.41,0,0,0,0,0,0,4066.56,0.012060426569771687,188.29,5.6,9.518296336071112
2018-03-07,46.08,47.78,47.87,46.0,86128,406200944.0,1.44,3.58,4.05,46.13,4.147205022108547,198.15345595634636,191.10320741876183,198.52670440833612,190.77143101699315,0.035768480381530354,1158463457,55351383975.46,0,0,0,0,0,0,4036.65,-0.007355110953729871,194.89,5.98,9.858751331833465
2018-03-08,47.78,47.76,48.43,47.08,45326,215724964.0,0.76,-0.04,2.83,47.78,4.147205022108547,198.0705118559042,198.15345595634636,200.84913922071692,195.25041244087038,-0.0004185851820845965,1158463457,55328214706.32,0,0,0,0,0,0,4077.6,0.01014455055553487,194.81,5.98,9.854624604612104
2018-03-09,47.93,49.63,49.78,47.57,67001,326800736.0,1.12,3.92,4.63,47.76,4.147205022108547,205.82578524724718,198.77553670966265,206.44786600056347,197.28254290170355,0.039154103852596434,1158463457,57494541370.91,0,0,0,0,0,0,4108.87,0.0076687267019814875,202.29,6.42,10.240473599809437
2018-03-12,49.95,49.85,50.38,49.1,54231,269549808.0,0.9,0.44,2.58,49.63,4.147205022108547,206.73817035211104,207.15289085432192,208.9361890138286,203.62776658552966,0.004432802740278019,1158463457,57749403331.450005,0,0,0,0,0,0,4127.67,0.004575467220914842,203.17,6.47,10.285867599244416
2018-03-13,49.56,50.36,51.25,49.11,58021,293372048.0,0.97,1.02,4.29,49.85,4.147205022108547,208.8532449133864,205.53548089569958,212.544257383063,203.66923863575073,0.010230692076228731,1158463457,58340219694.52,0,0,0,0,0,0,4091.25,-0.008823379775999562,205.21,6.59,10.391099143389143
2018-03-14,50.25,49.02,50.25,48.86,37085,183709265.0,0.62,-2.66,2.76,50.36,4.147205022108547,203.29599018376098,208.39705236095446,208.39705236095446,202.6324373802236,-0.026608419380460657,1158463457,56787878662.14001,0,0,0,0,0,0,4073.34,-0.004377635197066909,199.85,6.27,10.114608419557902
2018-03-15,48.67,48.95,49.78,48.5,36134,177570197.0,0.6,-0.14,2.61,49.02,4.147205022108547,203.00568583221337,201.84446842602296,206.44786600056347,201.1394435722645,-0.001427988576091388,1158463457,56706786220.15,0,0,0,0,0,0,4096.16,0.005602282156657701,199.57,6.26,10.100164874283134
2018-03-16,48.59,49.72,50.67,48.59,41267,206816775.0,0.69,1.57,4.25,48.95,4.147205022108547,206.19903369923694,201.5126920242543,210.13887847024006,201.5126920242543,0.01573033707865168,1158463457,57598803082.04,0,0,0,0,0,0,4056.42,-0.009701769462130305,202.65,6.44,10.259043872305565
2018-03-19,50.39,47.35,50.39,47.25,59161,284206928.0,0.99,-4.77,6.32,49.72,4.147205022108547,196.3701577968397,208.97766106404967,208.97766106404967,195.95543729462884,-0.047666934835076336,1158463457,54853244688.950005,0,0,0,0,0,0,4074.25,0.004395501452019168,193.17,5.88,9.770026696574186
2018-03-20,46.35,47.74,48.98,46.35,32566,154786238.0,0.54,0.82,5.55,47.35,4.147205022108547,197.987567755462,192.22295277473114,203.1301019828766,192.22295277473114,0.00823653643083433,1158463457,55305045437.18,0,0,0,0,0,0,4077.7,0.0008467816162482933,194.73,5.97,9.85049787739074
2018-03-21,47.68,47.9,48.78,47.46,30447,147393013.0,0.51,0.34,2.76,47.74,4.147205022108547,198.65112055899937,197.7387354541355,202.3006609784549,196.82635034927162,0.0033514872224549297,1158463457,55490399590.299995,0,0,0,0,0,0,4061.05,-0.004083184147926411,195.37,6.01,9.883511695161635
2018-03-22,48.0,46.7,48.47,46.69,31945,150976434.0,0.53,-2.51,3.72,47.9,4.147205022108547,193.67447453246913,199.06584106121022,201.01502742160125,193.63300248224803,-0.025052192066805756,1158463457,54100243441.9,0,0,0,0,0,0,4020.35,-0.010022038635328356,190.57,5.73,9.635908061879926
2018-03-23,46.46,46.99,49.28,45.81,94240,451957312.0,1.57,0.62,7.43,46.7,4.147205022108547,194.87716398888062,192.67914532716307,204.3742634895092,189.98346206279254,0.006209850107066428,1158463457,54436197844.43,0,0,0,0,0,0,3904.94,-0.028706455905580297,191.73,5.8,9.695745606589673
2018-03-26,47.1,46.97,47.38,42.43,72052,331307600.0,1.2,-0.04,10.53,46.99,4.147205022108547,194.79421988843842,195.33335654131255,196.49457394750294,175.96590908806564,-0.0004256224728665936,1158463457,54413028575.29,0,0,0,0,0,0,3879.89,-0.006414951318074125,191.65,5.79,9.69161887936831
2018-03-27,47.19,46.92,47.55,46.1,49363,230687103.0,0.82,-0.11,3.09,46.97,4.147205022108547,194.58685963733302,195.7066049933023,197.19959880126137,191.186151519204,-0.001064509261230473,1158463457,54355105402.44,0,0,0,0,0,0,3913.27,0.008603336692535102,191.45,5.78,9.681302061314906
2018-03-28,46.85,45.35,46.89,44.65,53278,242510843.0,0.89,-3.35,4.77,46.92,4.147205022108547,188.0757477526226,194.29655528578542,194.46244348666974,185.1727042371466,-0.03346121057118501,1158463457,52536317774.950005,0,0,0,0,0,0,3842.72,-0.018028400800353728,185.17,5.42,9.357353974438
2018-03-29,45.32,45.48,47.34,44.12,38675,175096844.0,0.64,0.29,7.1,45.35,4.147205022108547,188.6148844054967,187.95133160195934,196.32868574661862,182.97468557542908,0.002866593164277731,1158463457,52686918024.35999,0,0,0,0,0,0,3894.05,0.013357725777574325,185.69,5.45,9.384177701376851
2018-03-30,45.46,45.28,45.95,45.05,28068,127541107.0,0.47,-0.44,1.98,45.48,4.147205022108547,187.78544340107499,188.53194030505452,190.56407076588772,186.83158624599002,-0.004397537379067673,1158463457,52455225332.96,0,0,0,0,0,0,3898.5,0.0011427690964420645,184.89,5.4,9.342910429163233
2018-04-02,46.28,47.22,47.58,45.74,64897,303282880.0,1.08,4.28,4.06,45.28,4.147205022108547,195.83102114396556,191.93264842318354,197.32401495192465,189.69315771124494,0.04284452296819774,1158463457,54702644439.54,0,0,0,0,0,0,3886.92,-0.0029703732204694466,192.65,5.85,9.743202969635332
2018-04-03,47.72,49.25,50.89,47.68,100412,497250720.0,1.67,4.3,6.8,47.22,4.147205022108547,204.2498473388459,197.90462365501983,211.05126357510395,197.7387354541355,0.04299025836509962,1158463457,57054325257.25,0,0,0,0,0,0,3862.48,-0.006287754829016334,200.77,6.33,10.16206578260356
2018-04-04,50.05,49.71,50.18,48.51,61513,304495824.0,1.03,0.93,3.39,49.25,4.147205022108547,206.15756164901586,207.56761135653275,208.10674800940686,201.1809156224856,0.009340101522842703,1158463457,57587218447.47,0,0,0,0,0,0,3854.86,-0.001972825749259499,202.61,6.43,10.256980508694884
2018-04-09,49.71,48.0,50.0,47.3,56197,269955424.0,0.94,-3.44,5.43,49.71,4.147205022108547,199.06584106121022,206.15756164901586,207.36025110542732,196.16279754573424,-0.034399517199758645,1158463457,55606245936.0,0,0,0,0,0,0,3852.93,-0.0005006666908785595,195.77,6.04,9.904145331268445
2018-04-10,47.98,47.0,47.98,46.0,31464,147254710.0,0.52,-2.08,4.13,48.0,4.147205022108547,194.9186360391017,198.98289696076804,198.98289696076804,190.77143101699315,-0.02083333333333337,1158463457,54447782479.0,0,0,0,0,0,0,3927.17,0.019268452839786843,191.77,5.8,9.697808970200352
2018-04-11,47.06,51.26,51.67,47.05,99086,491632704.0,1.65,9.06,9.83,47.0,4.147205022108547,212.5857294332841,195.1674683404282,214.2860834923486,195.1259962902071,0.09063829787234035,1158463457,59382836805.82,0,0,0,0,0,0,3938.34,0.0028442873621463693,208.81,6.8,10.576801868350426
2018-04-12,50.85,51.18,51.95,49.85,77113,393680320.0,1.29,-0.16,4.1,51.26,4.147205022108547,212.2539530315154,210.8853753742196,215.447300898539,206.73817035211104,-0.0015606710885680553,1158463457,59290159729.26,0,0,0,0,0,0,3898.64,-0.010080389199510487,208.49,6.78,10.56029495946498
2018-04-13,50.91,51.38,51.54,50.29,41677,213136396.0,0.7,0.39,2.44,51.18,4.147205022108547,213.08339403593715,211.1342076755461,213.74694683947448,208.56294056183881,0.003907776475185587,1158463457,59521852420.66,0,0,0,0,0,0,3871.14,-0.007053741817659498,209.29,6.82,10.6015622316786
2018-04-16,51.0,51.02,51.55,50.1,27897,141377122.0,0.47,-0.7,2.82,51.38,4.147205022108547,211.59040022797805,211.50745612753587,213.78841888969558,207.77497160763818,-0.007006617360840739,1158463457,59104805576.14001,0,0,0,0,0,0,3808.86,-0.01608828407135876,207.85,6.74,10.527281141694084
2018-04-17,50.9,50.5,51.4,50.44,21069,106934308.0,0.35,-1.02,1.88,51.02,4.147205022108547,209.4338536164816,211.09273562532502,213.1663381363793,209.18502131515507,-0.010192081536652409,1158463457,58502404578.5,0,0,0,0,0,0,3748.64,-0.015810504980492968,205.77,6.62,10.419986233938676
2018-04-18,51.15,50.33,51.15,48.62,23514,116989380.0,0.39,-0.34,5.01,50.5,4.147205022108547,208.72882876272314,212.12953688085216,212.12953688085216,201.63710817491753,-0.0033663366336633693,1158463457,58305465790.81,0,0,0,0,0,0,3766.28,0.004705706602928128,205.09,6.58,10.3849090525571
2018-04-19,50.88,49.63,51.14,49.4,25654,128493692.0,0.43,-1.39,3.46,50.33,4.147205022108547,205.82578524724718,211.00979152488287,212.08806483063108,204.8719280921622,-0.013908205841446364,1158463457,57494541370.91,0,0,0,0,0,0,3811.84,0.012096817018384165,202.29,6.42,10.240473599809437
2018-04-20,49.5,49.0,50.1,48.91,21587,106469352.0,0.36,-1.27,2.4,49.63,4.147205022108547,203.21304608331877,205.28664859437305,207.77497160763818,202.839797631329,-0.012693935119887256,1158463457,56764709393.0,0,0,0,0,0,0,3760.85,-0.013376741940899994,199.77,6.27,10.110481692336537
2018-04-23,48.98,47.43,49.49,46.77,29069,138389122.0,0.48,-3.2,5.55,49.0,4.147205022108547,196.70193419860837,203.1301019828766,205.24517654415197,193.96477888401674,-0.03204081632653066,1158463457,54945921765.51,0,0,0,0,0,0,3766.33,0.0014571174069690773,193.49,5.9,9.786533605459633
2018-04-24,47.27,48.18,48.21,47.22,25842,123084989.0,0.43,1.58,2.09,47.43,4.147205022108547,199.81233796518978,196.038381395071,199.93675411585303,195.83102114396556,0.015812776723592714,1158463457,55814769358.26,0,0,0,0,0,0,3843.49,0.020486786872100815,196.49,6.08,9.941285876260702
2018-04-25,48.0,47.83,48.36,47.5,16043,76986275.0,0.27,-0.73,1.78,48.18,4.147205022108547,198.36081620745176,199.06584106121022,200.55883486916932,196.99223855015597,-0.007264425072644243,1158463457,55409307148.31,0,0,0,0,0,0,3828.7,-0.003848065169936743,195.09,6.0,9.869068149886868
2018-04-26,47.03,47.01,48.0,46.93,17300,81725366.0,0.29,-1.71,2.24,47.83,4.147205022108547,194.96010808932277,195.04305218976495,199.06584106121022,194.6283316875541,-0.01714405185030321,1158463457,54459367113.57,0,0,0,0,0,0,3755.49,-0.019121372789719704,191.81,5.8,9.699872333811033
2018-04-27,47.09,47.76,48.67,46.59,30256,144800641.0,0.5,1.6,4.42,47.01,4.147205022108547,198.0705118559042,195.29188449109148,201.84446842602296,193.2182819800372,0.01595405232929159,1158463457,55328214706.32,0,0,0,0,0,0,3756.88,0.00037012480395381964,194.81,5.98,9.854624604612104
2018-05-02,47.64,47.57,48.65,46.25,19450,92327298.0,0.32,-0.4,5.03,47.76,4.147205022108547,197.28254290170355,197.57284725325115,201.76152432558078,191.80823227252029,-0.003978224455611357,1158463457,55108106649.49,0,0,0,0,0,0,3763.65,0.0018020272140713,194.05,5.93,9.815420696009165
2018-05-03,47.2,47.8,47.96,47.09,11158,53059576.0,0.19,0.48,1.83,47.57,4.147205022108547,198.2364000567885,195.7480770435234,198.8999528603259,195.29188449109148,0.00483498002943028,1158463457,55374553244.6,0,0,0,0,0,0,3793.0,0.007798280924102841,194.97,5.99,9.862878059054825
2018-05-04,48.0,49.34,49.78,47.79,29316,143784015.0,0.49,3.22,4.16,47.8,4.147205022108547,204.6230957908357,199.06584106121022,206.44786600056347,198.19492800656744,0.032217573221757556,1158463457,57158586968.380005,0,0,0,0,0,0,3774.6,-0.004851041392037958,201.13,6.35,10.18063605509969
2018-05-07,48.79,49.41,49.79,48.79,22630,112004195.0,0.38,0.14,2.03,49.34,4.147205022108547,204.91340014238327,202.342133028676,206.48933805078454,202.342133028676,0.0014187271990269146,1158463457,57239679410.369995,0,0,0,0,0,0,3834.19,0.015787103269220726,201.41,6.36,10.195079600374456
2018-05-08,49.4,49.65,50.44,49.06,22254,111031683.0,0.37,0.49,2.79,49.41,4.147205022108547,205.90872934768933,204.8719280921622,209.18502131515507,203.4618783846453,0.004857316332726125,1158463457,57517710640.049995,0,0,0,0,0,0,3878.68,0.011603493827901046,202.37,6.42,10.244600327030797
2018-05-09,49.65,50.04,50.97,49.4,26955,136058129.0,0.45,0.79,3.16,49.65,4.147205022108547,207.52613930631168,205.90872934768933,211.38303997687262,204.8719280921622,0.007854984894259731,1158463457,57969511388.28,0,0,0,0,0,0,3871.62,-0.0018202068745036826,203.93,6.51,10.325071507847355
2018-05-10,49.6,49.59,50.88,48.9,26714,133424705.0,0.45,-0.9,3.96,50.04,4.147205022108547,205.65989704636283,205.7013690965839,211.00979152488287,202.79832558110792,-0.008992805755395628,1158463457,57448202832.630005,0,0,0,0,0,0,3893.06,0.005537733558562019,202.13,6.41,10.232220145366712
2018-05-11,50.05,50.5,50.84,50.05,33103,167252937.0,0.55,1.84,1.59,49.59,4.147205022108547,209.4338536164816,207.56761135653275,210.84390332399852,207.56761135653275,0.01835047388586397,1158463457,58502404578.5,0,0,0,0,0,0,3872.84,-0.005193857787961109,205.77,6.62,10.419986233938676
2018-05-14,50.8,51.79,52.49,50.13,55134,285140592.0,0.92,2.55,4.67,50.5,4.147205022108547,214.7837480950016,210.67801512311416,217.68679161047763,207.89938775830146,0.025544554455445567,1158463457,59996822438.03,0,0,0,0,0,0,3909.29,0.009411697875460812,210.93,6.92,10.686160139716515
2018-05-15,52.18,51.93,52.44,51.1,42581,220453812.0,0.71,0.27,2.59,51.79,4.147205022108547,215.36435679809682,216.40115805362396,217.47943135937217,211.92217662974673,0.002703224560725914,1158463457,60159007322.01,0,0,0,0,0,0,3924.1,0.0037884117064734824,211.49,6.95,10.715047230266048
2018-05-16,51.93,52.12,52.57,51.03,39740,206515698.0,0.66,0.37,2.97,51.93,4.147205022108547,216.15232575229743,215.36435679809682,218.0185680122463,211.63187227819913,0.0036587714230693624,1158463457,60379115378.84,0,0,0,0,0,0,3892.84,-0.0079661578451109,212.25,7.0,10.754251138868986
2018-05-17,52.18,52.38,53.4,51.85,38906,205331994.0,0.65,0.5,2.97,52.12,4.147205022108547,217.23059905804567,216.40115805362396,221.46074818059637,215.03258039632814,0.004988488104374689,1158463457,60680315877.66,0,0,0,0,0,0,3864.05,-0.007395628898182349,213.29,7.06,10.80789859274669
2018-05-18,52.57,53.58,53.75,52.16,45267,240629940.0,0.75,2.29,3.04,52.38,4.147205022108547,222.20724508457593,218.0185680122463,222.9122699383344,216.31821395318178,0.02290950744558984,1158463457,62070472026.06,0,0,0,0,0,0,3903.06,0.010095625056611546,218.09,7.34,11.055502226028402
2018-05-21,53.05,50.66,53.05,50.3,106078,546309872.0,1.77,-5.45,5.13,53.58,4.147205022108547,210.09740642001896,220.00922642285838,220.00922642285838,208.6044126120599,-0.05449794699514743,1158463457,58687758731.619995,0,0,0,0,0,0,3921.24,0.004657883814237929,206.41,6.66,10.453000051709571
2018-05-22,50.8,53.44,53.8,50.66,61031,317852880.0,1.02,5.49,6.2,50.66,4.147205022108547,221.62663638148072,210.67801512311416,223.1196301894398,210.09740642001896,0.054875641531780595,1158463457,61908287142.079994,0,0,0,0,0,0,3906.21,-0.003832971202986757,217.53,7.31,11.026615135478869
2018-05-23,53.75,52.8,54.66,52.63,57324,307374720.0,0.96,-1.2,3.8,53.44,4.147205022108547,218.97242516733124,222.9122699383344,226.68622650845313,218.2674003135728,-0.0119760479041916,1158463457,61166870529.6,0,0,0,0,0,0,3854.58,-0.013217415346333139,214.97,7.16,10.894559864395289
2018-05-24,52.62,54.08,55.19,52.62,44412,241146373.0,0.74,2.42,4.87,52.8,4.147205022108547,224.2808475956302,218.2259282633517,228.8842451701707,218.2259282633517,0.024242424242424176,1158463457,62649703754.56,0,0,0,0,0,0,3827.22,-0.007098049592951794,220.09,7.45,11.158670406562448
2018-05-25,54.5,55.25,56.17,54.2,38144,211570461.0,0.64,2.16,3.64,54.08,4.147205022108547,229.1330774714972,226.02267370491577,232.94850609183706,224.77851219828324,0.02163461538461542,1158463457,64005105999.25,0,0,0,0,0,0,3816.5,-0.0028009887072077966,224.77,7.73,11.400083949012116
2018-05-28,55.95,54.47,56.75,53.33,38715,212090697.0,0.65,-1.41,6.19,55.25,4.147205022108547,225.89825755425252,232.0361209869732,235.35388500466001,221.1704438290488,-0.014117647058823568,1158463457,63101504502.79,0,0,0,0,0,0,3833.26,0.004391458142277038,221.65,7.55,11.239141587379004
2018-05-29,54.26,52.47,54.26,52.03,56942,300541872.0,0.95,-3.67,4.09,54.47,4.147205022108547,217.60384751003542,225.02734449960974,225.02734449960974,215.77907730030768,-0.03671745915182667,1158463457,60784577588.79,0,0,0,0,0,0,3804.01,-0.007630580758936301,213.65,7.08,10.826468865242818
2018-05-30,52.3,52.44,53.2,51.23,32431,169437850.0,0.54,-0.06,3.75,52.47,4.147205022108547,217.47943135937217,216.89882265627696,220.6313071761747,212.46131328262084,-0.0005717552887364308,1158463457,60749823685.079994,0,0,0,0,0,0,3723.37,-0.02119868244300105,213.53,7.07,10.820278774410776
2018-05-31,52.41,52.7,53.69,51.65,38749,203723607.0,0.65,0.5,3.89,52.44,4.147205022108547,218.5577046651204,217.35501520870892,222.66343763700786,214.20313939190643,0.0049580472921435526,1158463457,61051024183.9,0,0,0,0,0,0,3802.38,0.02122002379564747,214.57,7.13,10.87392622828848
2018-06-01,52.74,51.81,53.49,51.16,23794,123460947.0,0.4,-1.69,4.42,52.7,4.147205022108547,214.86669219544382,218.72359286600476,221.83399663258618,212.17100893107323,-0.016888045540796925,1158463457,60019991707.170006,0,0,0,0,0,0,3770.59,-0.008360553127251924,211.01,6.92,10.690286866937878
2018-06-04,51.81,50.9,52.09,49.52,34647,174673710.0,0.58,-1.76,4.96,51.81,4.147205022108547,211.09273562532502,214.86669219544382,216.0279096016342,205.36959269481525,-0.017564176799845677,1158463457,58965789961.299995,0,0,0,0,0,0,3807.58,0.009810135814289023,207.37,6.71,10.502520778365914
2018-06-05,50.55,51.79,51.88,50.55,21136,108760998.0,0.35,1.75,2.61,50.9,4.147205022108547,214.7837480950016,209.64121386758703,215.1569965469914,209.64121386758703,0.01748526522593319,1158463457,59996822438.03,0,0,0,0,0,0,3845.32,0.009911807499776826,210.93,6.92,10.686160139716515
2018-06-06,51.7,52.26,52.73,50.75,24634,128141324.0,0.41,0.91,3.82,51.79,4.147205022108547,216.73293445539264,214.41049964301186,218.68212081578366,210.47065487200874,0.009075111025294458,1158463457,60541300262.82,0,0,0,0,0,0,3837.35,-0.0020726493503792076,212.81,7.03,10.783138229418519
2018-06-07,52.0,51.7,52.0,51.05,21784,111944483.0,0.36,-1.07,1.82,52.26,4.147205022108547,214.41049964301186,215.65466114964443,215.65466114964443,211.7148163786413,-0.010715652506697149,1158463457,59892560726.9,0,0,0,0,0,0,3831.01,-0.0016521818442414293,210.57,6.9,10.667589867220387
2018-06-08,51.93,50.55,51.93,49.96,26315,133331818.0,0.44,-2.22,3.81,51.7,4.147205022108547,209.64121386758703,215.36435679809682,215.36435679809682,207.194362904543,-0.022243713733075543,1158463457,58560327751.35,0,0,0,0,0,0,3779.62,-0.013414217138561502,205.97,6.63,10.430303051992082
2018-06-11,50.48,50.22,50.55,49.52,20081,100421182.0,0.33,-0.65,2.04,50.55,4.147205022108547,208.2726362102912,209.35090951603942,209.64121386758703,205.36959269481525,-0.006528189910979143,1158463457,58178034810.54,0,0,0,0,0,0,3779.98,9.524767040081095e-05,204.65,6.55,10.362212052839611
2018-06-12,50.15,50.33,50.55,49.7,13743,68832331.0,0.23,0.22,1.69,50.22,4.147205022108547,208.72882876272314,207.9823318587436,209.64121386758703,206.1160895987948,0.0021903624054162574,1158463457,58305465790.81,0,0,0,0,0,0,3825.95,0.012161440007619095,205.09,6.58,10.3849090525571
2018-06-13,50.06,50.46,51.58,50.05,19194,97880205.0,0.32,0.26,3.04,50.33,4.147205022108547,209.26796541559727,207.60908340675385,213.91283504035883,207.56761135653275,0.0025829525134115627,1158463457,58456066040.22,0,0,0,0,0,0,3788.34,-0.009830238241482436,205.61,6.61,10.411732779495953
2018-06-14,50.19,49.7,50.6,49.61,15547,77644851.0,0.26,-1.51,1.96,50.46,4.147205022108547,206.1160895987948,208.14822005962793,209.84857411869245,205.742841146805,-0.015061434799841456,1158463457,57575633812.9,0,0,0,0,0,0,3773.37,-0.003951598853323635,202.57,6.43,10.254917145084203
2018-06-15,49.8,48.81,50.36,47.79,32855,159538685.0,0.55,-1.79,5.17,49.7,4.147205022108547,202.42507712911816,206.5308101010056,208.8532449133864,198.19492800656744,-0.017907444668008088,1158463457,56544601336.170006,0,0,0,0,0,0,3753.43,-0.00528440094663396,199.01,6.22,10.071277783733601
2018-06-19,48.81,46.94,49.96,46.07,34690,163798834.0,0.58,-3.83,7.97,48.81,4.147205022108547,194.66980373777517,202.42507712911816,207.194362904543,191.06173536854075,-0.03831182134808453,1158463457,54378274671.579994,0,0,0,0,0,0,3621.12,-0.03525042427859315,191.53,5.79,9.685428788536267
2018-06-20,46.5,46.9,47.18,46.13,19733,92126608.0,0.33,-0.09,2.24,46.94,4.147205022108547,194.50391553689082,192.84503352804742,195.66513294308123,191.31056766986725,-0.000852151682999569,1158463457,54331936133.299995,0,0,0,0,0,0,3635.44,0.003954577589254216,191.37,5.78,9.677175334093542
2018-06-21,47.1,45.07,47.2,45.03,34224,156189395.0,0.57,-3.9,4.63,46.9,4.147205022108547,186.9145303464322,195.33335654131255,195.7480770435234,186.74864214554785,-0.03901918976545837,1158463457,52211948006.99,0,0,0,0,0,0,3592.97,-0.011682217283189966,184.05,5.35,9.299579793338934
2018-06-22,45.06,45.12,45.26,42.86,27946,124017940.0,0.47,0.11,5.33,45.07,4.147205022108547,187.1218905975376,186.87305829621113,187.7024993006328,177.74920724757231,0.0011093854004879944,1158463457,52269871179.84,0,0,0,0,0,0,3608.9,0.0044336579487165295,184.25,5.36,9.309896611392338
2018-06-25,45.23,43.72,45.3,43.66,26587,117796183.0,0.44,-3.1,3.63,45.12,4.147205022108547,181.31580356658566,187.57808314996956,187.86838750151716,181.06697126525913,-0.031028368794326244,1158463457,50648022340.04,0,0,0,0,0,0,3560.48,-0.01341683061320631,178.65,5.04,9.021025705897008
2018-06-26,43.0,42.48,43.5,42.08,29777,126729766.0,0.5,-2.84,3.25,43.72,4.147205022108547,176.17326933917104,178.3298159506675,180.40341846172177,174.51438733032762,-0.02836230558096986,1158463457,49211527653.35999,0,0,0,0,0,0,3531.11,-0.00824888779041022,173.69,4.75,8.765168618172574
2018-06-27,43.1,43.7,46.1,43.1,52104,231511505.0,0.87,2.87,7.06,42.48,4.147205022108547,181.2328594661435,178.74453645287835,191.186151519204,178.74453645287835,0.028719397363465404,1158463457,50624853070.9,0,0,0,0,0,0,3459.26,-0.020347709360512667,178.57,5.03,9.016898978675648
2018-06-28,43.78,43.39,45.29,42.7,32099,141836028.0,0.54,-0.71,5.93,43.7,4.147205022108547,179.94722590928984,181.5646358679122,187.82691545129606,177.08565444403496,-0.007093821510297582,1158463457,50265729399.23,0,0,0,0,0,0,3423.53,-0.010328798644796855,177.33,4.96,8.95293470674454
2018-06-29,43.39,44.46,44.5,43.02,36069,157967490.0,0.6,2.47,3.41,43.39,4.147205022108547,184.384735282946,179.94722590928984,184.55062348383032,178.4127600511097,0.024660059921640887,1158463457,51505285298.22,0,0,0,0,0,0,3510.98,0.025543810044018844,181.61,5.21,9.173714613087398
2018-07-02,44.5,44.23,44.98,43.91,29647,131691812.0,0.5,-0.52,2.41,44.46,4.147205022108547,183.430878127861,184.55062348383032,186.54128189444242,182.10377252078626,-0.005173189383715804,1158463457,51238838703.10999,0,0,0,0,0,0,3407.96,-0.02934223493155752,180.69,5.16,9.126257250041736
2018-07-03,23.99,23.37,24.2,22.6,54819,127826507.0,0.51,-47.16,3.62,24.188888888888886,7.583270110935917,177.2210224925724,181.92264996135265,183.51513668464918,171.38190450715175,-0.03385392742305915,2085234222,48731923768.14,0,1,0,1,0,0,3409.28,0.00038732848977107714,174.79,4.81,8.817297599454655
2018-07-04,23.37,22.4,23.7,22.12,53863,122187019.0,0.5,-4.15,6.76,23.37,7.583270110935917,169.86525048496452,177.2210224925724,179.72350162918124,167.7419348539025,-0.04150620453572962,2085234222,46709246572.799995,0,0,0,0,0,0,3363.75,-0.01335472592453546,167.8,4.4,8.451325041839292
2018-07-05,22.57,21.66,23.09,21.44,51909,115161239.0,0.48,-3.3,7.37,22.4,7.583270110935917,164.25363060287197,171.15440640382366,175.09770686151032,162.58531117846607,-0.03303571428571417,2085234222,45166173248.52,0,0,0,0,0,0,3342.44,-0.006335191378669669,162.48,4.09,8.172129482421388
2018-07-06,21.97,21.92,22.2,21.37,45961,100318545.0,0.43,1.2,3.83,21.66,7.583270110935917,166.2252808317153,166.6044443372621,168.34859646277735,162.05448227070056,0.012003693444136765,2085234222,45708334146.240005,0,0,0,0,0,0,3365.12,0.006785462117494978,164.35,4.2,8.270225219514165
2018-07-09,22.95,23.73,23.97,22.51,80840,188688050.0,0.75,8.26,6.66,21.92,7.583270110935917,179.9509997325093,174.0360490459793,181.77098455913392,170.6994101971675,0.08257299270072993,2085234222,49482608088.06,0,0,0,0,0,0,3459.18,0.02795145492582729,177.38,4.96,8.9531224661985
2018-07-10,23.3,24.57,24.86,23.3,80749,196666544.0,0.75,3.54,6.57,23.73,7.583270110935917,186.32094662569548,176.69019358480688,188.5200949578669,176.69019358480688,0.03539823008849563,2085234222,51234204834.54,0,0,0,0,0,0,3467.52,0.002410976011655963,183.43,5.32,9.270047155267473
2018-07-11,24.0,25.5,26.05,23.6,132804,335251456.0,1.24,3.79,9.97,24.57,7.583270110935917,193.37338782886587,181.998482662462,197.54418638988065,178.96517461808764,0.03785103785103794,2085234222,53173472661.0,0,0,0,0,0,0,3407.53,-0.017300549095607187,190.12,5.71,9.620928061022408
2018-07-12,25.5,25.35,25.9,25.02,90936,230790165.0,0.85,-0.59,3.45,25.5,7.583270110935917,192.23589731222552,193.37338782886587,196.40669587324024,189.73341817561663,-0.00588235294117645,2085234222,52860687527.700005,0,0,0,0,0,0,3481.06,0.021578680158355068,189.04,5.64,9.564334366545808
2018-07-13,25.03,25.75,26.0,25.03,72424,185823481.0,0.67,1.58,3.83,25.35,7.583270110935917,195.26920535659985,189.80925087672603,197.16502288433384,189.80925087672603,0.015779092702169484,2085234222,53694781216.5,0,0,0,0,0,0,3492.69,0.003340936381447168,191.92,5.81,9.715250885150079
2018-07-16,25.71,26.64,26.68,25.57,75447,197898252.0,0.7,3.46,4.31,25.75,7.583270110935917,202.01831575533282,194.96587455216243,202.32164655977027,193.9042167366314,0.034563106796116516,2085234222,55550639674.08,0,0,0,0,0,0,3472.09,-0.005898032748397286,198.33,6.19,10.051040139044586
2018-07-17,26.57,26.96,27.18,26.2,61996,165972166.0,0.58,1.2,3.68,26.64,7.583270110935917,204.44496219083234,201.4874868475673,206.11328161523824,198.68167690652103,0.012012012012011963,2085234222,56217914625.12,0,0,0,0,0,0,3449.38,-0.006540729070963036,200.64,6.32,10.171773353928007
2018-07-18,26.9,26.62,27.15,26.6,38465,103230116.0,0.36,-1.26,2.04,26.96,7.583270110935917,201.86665035311412,203.98996598417617,205.88578351191015,201.7149849508954,-0.01261127596439171,2085234222,55508934989.64,0,0,0,0,0,0,3431.32,-0.005235723521328506,198.19,6.18,10.043494313114374
2018-07-19,26.6,26.84,27.0,25.79,46928,125108201.0,0.44,0.83,4.55,26.62,7.583270110935917,203.53496977752002,201.7149849508954,204.74829299526976,195.5725361610373,0.008264462809917328,2085234222,55967686518.48,0,0,0,0,0,0,3428.34,-0.0008684704428616463,199.77,6.27,10.126498398346724
2018-07-20,26.84,26.35,27.1,26.15,43980,116981573.0,0.41,-1.83,3.54,26.84,7.583270110935917,199.81916742316142,203.53496977752002,205.50662000636336,198.30251340097422,-0.018256333830104277,2085234222,54945921749.700005,0,0,0,0,0,0,3492.89,0.01882835424724494,196.24,6.06,9.94162566305649
2018-07-23,26.65,28.03,28.18,26.65,83658,230281440.0,0.78,6.38,5.81,26.35,7.583270110935917,212.55906120953375,202.09414845644218,213.69655172617414,202.09414845644218,0.06375711574952558,2085234222,58449115242.66,0,0,0,0,0,0,3525.75,0.009407682463518752,208.34,6.77,10.575475041194435
2018-07-24,28.03,27.7,28.09,27.42,62909,174580242.0,0.59,-1.18,2.39,28.03,7.583270110935917,210.0565820729249,212.55906120953375,213.0140574161899,207.93326644186286,-0.011773100249732549,2085234222,57760987949.4,0,0,0,0,0,0,3581.71,0.015871800326171748,205.96,6.63,10.45096891334591
2018-07-25,27.5,27.27,27.65,26.95,43280,118101518.0,0.4,-1.55,2.53,27.7,7.583270110935917,206.79577592522244,208.53992805073773,209.67741856737808,204.36912948972295,-0.015523465703971118,2085234222,56864337233.94,0,0,0,0,0,0,3577.75,-0.001105617149350424,202.87,6.45,10.288733655846316
2018-07-26,27.38,27.33,27.6,27.0,36108,98594004.0,0.34,0.22,2.2,27.27,7.583270110935917,207.2507721318786,207.6299356374254,209.29825506183133,204.74829299526976,0.002200220022002153,2085234222,56989451287.259995,0,0,0,0,0,0,3536.25,-0.01159946893997621,203.3,6.48,10.311371133636957
2018-07-27,27.1,26.25,27.26,26.2,54270,143459655.0,0.51,-3.95,3.88,27.33,7.583270110935917,199.06084041206782,205.50662000636336,206.7199432241131,198.68167690652103,-0.039517014270032846,2085234222,54737398327.5,0,0,0,0,0,0,3521.23,-0.00424743725698129,195.52,6.02,9.90389653340542
2018-07-30,26.5,26.2,26.9,26.06,43654,115789821.0,0.41,-0.19,3.2,26.25,7.583270110935917,198.68167690652103,200.9566579398018,203.98996598417617,197.62001909098998,-0.0019047619047619646,2085234222,54633136616.4,0,0,0,0,0,0,3515.08,-0.0017465487911895172,195.16,6.0,9.885031968579888
2018-07-31,26.5,26.72,26.98,26.4,35468,94922312.0,0.33,1.98,2.21,26.2,7.583270110935917,202.6249773642077,200.9566579398018,204.59662759305104,200.1983309287082,0.01984732824427482,2085234222,55717458411.84,0,0,0,0,0,0,3517.66,0.0007339804499471025,198.91,6.22,10.081223442765442
2018-08-01,26.73,25.91,27.0,25.85,55338,144746109.0,0.52,-3.03,4.3,26.72,7.583270110935917,196.4825285743496,202.70081006531706,204.74829299526976,196.02753236769345,-0.03031437125748493,2085234222,54028418692.02,0,0,0,0,0,0,3447.39,-0.019976347913101322,193.08,5.88,9.775617492591788
2018-08-02,26.05,25.91,26.35,25.28,51774,133689313.0,0.48,0.0,4.13,25.91,7.583270110935917,196.4825285743496,197.54418638988065,199.81916742316142,191.70506840445998,0.0,2085234222,54028418692.02,0,0,0,0,0,0,3370.96,-0.02217039557462308,193.08,5.88,9.775617492591788
2018-08-03,26.2,27.19,28.0,26.2,157140,430231824.0,1.46,4.94,6.95,25.91,7.583270110935917,206.1891143163476,198.68167690652103,212.3315631062057,198.68167690652103,0.049401775376302526,2085234222,56697518496.18,0,0,0,0,0,0,3315.28,-0.016517549896765238,202.29,6.42,10.258550352125463
2018-08-06,26.9,24.81,27.0,24.58,127142,321824112.0,1.18,-8.75,8.9,27.19,7.583270110935917,188.1409314523201,203.98996598417617,204.74829299526976,186.39677932680482,-0.08753218094887838,2085234222,51734661047.82,0,0,0,0,0,0,3273.27,-0.012671629545619179,185.16,5.42,9.360597066430039
2018-08-07,24.49,24.83,25.27,23.5,83675,203215378.0,0.78,0.08,7.13,24.81,7.583270110935917,188.2925968545388,185.7142850168206,191.62923570335062,178.20684760699405,0.0008061265618701796,2085234222,51776365732.259995,0,0,0,0,0,0,3368.87,0.029206267738377756,185.3,5.42,9.36814289236025
2018-08-08,24.65,24.04,24.75,24.01,42841,104043440.0,0.4,-3.18,2.98,24.83,7.583270110935917,182.30181346689943,186.92760823457036,187.68593524566396,182.07431536357137,-0.031816351188078906,2085234222,50129030696.88,0,0,0,0,0,0,3314.51,-0.016135974377164963,179.61,5.09,9.070082768116812
2018-08-09,24.0,24.38,24.76,23.64,38605,94395651.0,0.36,1.41,4.66,24.04,7.583270110935917,184.88012530461765,181.998482662462,187.76176794677332,179.2685054225251,0.014143094841930104,2085234222,50838010332.36,0,0,0,0,0,0,3397.53,0.025047442910113293,182.06,5.24,9.198361808930445
2018-08-10,24.38,25.2,25.67,24.37,63929,161011940.0,0.6,3.36,5.33,24.38,7.583270110935917,191.0984067955851,184.88012530461765,194.662543747725,184.80429260350832,0.033634126333059955,2085234222,52547902394.4,0,0,0,0,0,0,3405.02,0.0022045427119112837,187.96,5.58,9.507740672069204
2018-08-13,24.88,25.31,25.74,24.59,43410,109756553.0,0.4,0.44,4.56,25.2,7.583270110935917,191.93256650778804,188.6717603600856,195.1933726554905,186.4726120279142,0.00436507936507935,2085234222,52777278158.82,0,0,0,0,0,0,3390.34,-0.004311281578375459,188.76,5.63,9.549242714685379
2018-08-14,25.4,25.33,25.5,24.83,30753,77582867.0,0.29,0.08,2.65,25.31,7.583270110935917,192.08423191000676,192.61506081777227,193.37338782886587,188.2925968545388,0.000790201501382759,2085234222,52818982843.259995,0,0,0,0,0,0,3372.91,-0.005141077296082486,188.9,5.63,9.556788540615592
2018-08-15,25.2,25.08,25.51,24.93,38494,97120986.0,0.36,-0.99,2.29,25.33,7.583270110935917,190.18841438227278,191.0984067955851,193.44922052997526,189.0509238656324,-0.009869719699960533,2085234222,52297674287.759995,0,0,0,0,0,0,3291.98,-0.02399411783889871,187.1,5.53,9.462465716487921
2018-08-16,24.78,23.65,24.86,23.48,88402,213279010.0,0.82,-5.7,5.5,25.08,7.583270110935917,179.34433812363443,187.91343334899204,188.5200949578669,178.05518220477535,-0.05701754385964908,2085234222,49315789350.299995,0,0,0,0,0,0,3276.73,-0.004632470428131419,176.8,4.93,8.922939162477645
2018-08-17,22.9,22.41,24.19,22.12,110087,250416441.0,1.02,-5.24,8.75,23.65,7.583270110935917,169.9410831860739,173.65688554043248,183.43930398353984,167.7419348539025,-0.05243128964059185,2085234222,46730098915.02,0,0,0,0,0,0,3229.62,-0.014377138183493954,167.88,4.41,8.4550979548044
2018-08-20,22.2,21.21,22.2,20.4,106649,224044202.0,0.99,-5.35,8.03,22.41,7.583270110935917,160.84115905295081,168.34859646277735,168.34859646277735,154.6987102630927,-0.0535475234270415,2085234222,44227817848.62,0,0,0,0,0,0,3267.25,0.011651525566475307,159.24,3.9,8.00234839899158
2018-08-21,21.4,22.14,22.22,21.4,50817,111301479.0,0.47,4.38,3.87,21.21,7.583270110935917,167.8936002561212,162.28198037402862,168.50026186499608,162.28198037402862,0.04384724186704392,2085234222,46167085675.08,0,0,0,0,0,0,3326.65,0.01818042696457267,165.93,4.29,8.353229304746515
2018-08-22,22.26,22.23,22.78,21.86,36526,81394368.0,0.34,0.41,4.16,22.14,7.583270110935917,168.57609456610544,168.80359266943353,172.7468931271202,165.77028462505913,0.004065040650406582,2085234222,46354756755.06,0,0,0,0,0,0,3307.95,-0.005621270647648613,166.58,4.33,8.387185521432476
2018-08-23,22.58,22.45,22.9,22.04,50659,114166156.0,0.47,0.99,3.87,22.23,7.583270110935917,170.24441399051133,171.230239104933,173.65688554043248,167.1352732450276,0.009896536212325557,2085234222,46813508283.9,0,0,0,0,0,0,3320.03,0.003651808521894395,168.16,4.42,8.470189606664826
2018-08-24,22.35,22.58,22.74,21.3,33884,75483818.0,0.32,0.58,6.41,22.45,7.583270110935917,171.230239104933,169.48608697941776,172.44356232268274,161.52365336293505,0.00579064587973277,2085234222,47084588732.759995,0,0,0,0,0,0,3325.33,0.0015963711171282924,169.1,4.48,8.519237475211215
2018-08-27,22.7,23.0,23.49,22.07,55166,125309246.0,0.51,1.86,6.29,22.58,7.583270110935917,174.41521255152608,172.14023151824532,178.13101490588468,167.3627713483557,0.01860053144375562,2085234222,47960387106.0,0,0,0,0,0,0,3406.57,0.024430658009881867,172.12,4.66,8.677699819745701
2018-08-28,23.05,22.96,23.2,22.81,32384,74303057.0,0.3,-0.17,1.7,23.0,7.583270110935917,174.11188174708866,174.7943760570729,175.93186657371328,172.97439123044825,-0.0017391304347825765,2085234222,47876977737.12,0,0,0,0,0,0,3400.17,-0.0018787225860616985,171.84,4.64,8.662608167885276
2018-08-29,22.95,23.05,23.26,22.85,23688,54639401.0,0.22,0.39,1.79,22.96,7.583270110935917,174.7943760570729,174.0360490459793,176.38686278036946,173.27772203488573,0.003919860627177751,2085234222,48064648817.1,0,0,0,0,0,0,3386.57,-0.0039998000099994435,172.48,4.68,8.696564384571237
2018-08-30,22.8,22.8,23.14,22.78,23636,54146674.0,0.22,-1.08,1.56,23.05,7.583270110935917,172.8985585293389,172.8985585293389,175.47687036705713,172.7468931271202,-0.010845986984815648,2085234222,47543340261.6,0,0,0,0,0,0,3351.09,-0.010476676991764577,170.68,4.57,8.602241560443566
2018-08-31,22.6,22.96,22.99,22.52,26790,61166583.0,0.25,0.7,2.06,22.8,7.583270110935917,174.11188174708866,171.38190450715175,174.33937985041672,170.77524289827684,0.007017543859649145,2085234222,47876977737.12,0,0,0,0,0,0,3334.5,-0.004950628004619428,171.84,4.64,8.662608167885276
2018-09-03,22.96,22.88,22.99,22.32,21691,49041691.0,0.2,-0.35,2.92,22.96,7.583270110935917,173.5052201382138,174.11188174708866,174.33937985041672,169.25858887608968,-0.0034843205574913716,2085234222,47710158999.36,0,0,0,0,0,0,3321.82,-0.0038026690658269358,171.26,4.61,8.63242486416442
2018-09-04,22.87,22.6,22.87,22.22,33137,74527230.0,0.31,-1.22,2.84,22.88,7.583270110935917,171.38190450715175,173.42938743710442,173.42938743710442,168.50026186499608,-0.012237762237762184,2085234222,47126293417.200005,0,0,0,0,0,0,3363.9,0.012667754423779654,169.24,4.49,8.52678330114143
2018-09-05,22.6,21.99,22.6,21.91,29395,65150925.0,0.27,-2.7,3.05,22.6,7.583270110935917,166.7561097394808,171.38190450715175,171.38190450715175,166.14944813060595,-0.026991150442478018,2085234222,45854300541.78,0,0,0,0,0,0,3298.14,-0.019548738071880956,164.85,4.23,8.296635610269911
2018-09-06,22.2,22.61,22.74,22.01,40256,90607530.0,0.37,2.82,3.32,21.99,7.583270110935917,171.45773720826108,168.34859646277735,172.44356232268274,166.90777514169955,0.02819463392451116,2085234222,47147145759.42,0,0,0,0,0,0,3262.88,-0.010690874250334992,169.32,4.49,8.530556214106536
2018-09-07,22.6,22.9,23.22,22.59,42718,98152006.0,0.4,1.28,2.79,22.61,7.583270110935917,173.65688554043248,171.38190450715175,176.08353197593198,171.30607180604235,0.012826183104820865,2085234222,47751863683.799995,0,0,0,0,0,0,3277.64,0.004523611043004916,171.4,4.61,8.639970690094634
2018-09-10,23.06,23.45,23.55,22.75,55327,128723338.0,0.51,2.4,3.49,22.9,7.583270110935917,177.82768410144726,174.87020875818223,178.58601111254086,172.5193950237921,0.02401746724890841,2085234222,48898742505.9,0,0,0,0,0,0,3230.07,-0.01451349141455427,175.36,4.84,8.84748090317551
2018-09-11,23.44,23.45,23.46,22.85,39835,92223770.0,0.37,0.0,2.6,23.45,7.583270110935917,177.82768410144726,177.7518514003379,177.90351680255662,173.27772203488573,0.0,2085234222,48898742505.9,0,0,0,0,0,0,3224.21,-0.0018142021689933063,175.36,4.84,8.84748090317551
2018-09-12,23.28,23.0,23.38,22.89,34535,79912585.0,0.32,-1.92,2.09,23.45,7.583270110935917,174.41521255152608,176.53852818258815,177.29685519368172,173.58105283932315,-0.019189765458422103,2085234222,47960387106.0,0,0,0,0,0,0,3202.02,-0.006882306053265785,172.12,4.66,8.677699819745701
2018-09-13,23.07,22.87,23.2,22.7,17206,39411921.0,0.16,-0.57,2.17,23.0,7.583270110935917,173.42938743710442,174.94604145929162,175.93186657371328,172.14023151824532,-0.005652173913043401,2085234222,47689306657.14,0,0,0,0,0,0,3236.57,0.010790063772243785,171.19,4.6,8.628651951199313
2018-09-14,22.84,22.94,23.07,22.71,33355,76300783.0,0.31,0.31,1.57,22.87,7.583270110935917,173.96021634486993,173.20188933377634,174.94604145929162,172.21606421935468,0.003060778312199419,2085234222,47835273052.68,0,0,0,0,0,0,3242.09,0.0017055092273610128,171.69,4.63,8.65506234195506
2018-09-17,21.99,21.38,22.37,21.18,60386,130944679.0,0.56,-6.8,5.19,22.94,7.583270110935917,162.1303149718099,166.7561097394808,169.63775238163646,160.61366094962273,-0.06800348735832618,2085234222,44582307666.36,0,0,0,0,0,0,3204.92,-0.011464826701294561,160.46,3.98,8.066487919398396
2018-09-18,21.18,21.82,21.96,21.18,39048,84575324.0,0.36,2.06,3.65,21.38,7.583270110935917,165.4669538206217,160.61366094962273,166.52861163615273,160.61366094962273,0.020579981290926197,2085234222,45499810724.04,0,0,0,0,0,0,3269.43,0.020128427542653204,163.63,4.16,8.232496089863096
2018-09-19,21.83,22.43,22.72,21.8,53610,119699112.0,0.5,2.8,4.22,21.82,7.583270110935917,170.0927485882926,165.54278652173105,172.29189692046404,165.315288418403,0.027956003666361084,2085234222,46771803599.46,0,0,0,0,0,0,3312.48,0.013167432855268446,168.02,4.42,8.462643780734613
2018-09-20,22.5,22.57,23.21,22.44,39589,90197054.0,0.37,0.62,3.43,22.43,7.583270110935917,171.15440640382366,170.62357749605815,176.00769927482264,170.168581289402,0.006241640659830683,2085234222,47063736390.54,0,0,0,0,0,0,3310.13,-0.0007094382456648285,169.03,4.48,8.515464562246109
2018-09-21,22.79,22.78,22.99,22.3,43294,98511811.0,0.4,0.93,3.06,22.57,7.583270110935917,172.7468931271202,172.82272582822955,174.33937985041672,169.10692347387095,0.009304386353566674,2085234222,47501635577.16,0,0,0,0,0,0,3410.49,0.03031905091340814,170.54,4.56,8.594695734513351
2018-09-25,22.76,23.51,23.95,22.46,76614,179903784.0,0.71,3.2,6.54,22.78,7.583270110935917,178.2826803081034,172.5952277249015,181.6193191569152,170.3202466916207,0.03204565408252846,2085234222,49023856559.22,0,0,0,0,0,0,3379.8,-0.008998706930675504,175.8,4.87,8.87011838096615
2018-09-26,23.58,24.9,25.2,23.58,103838,253781314.0,0.97,5.91,6.89,23.51,7.583270110935917,188.8234257623043,178.81350921586892,191.0984067955851,178.81350921586892,0.0591237771161206,2085234222,51922332127.799995,0,0,0,0,0,0,3417.24,0.011077578554943956,185.8,5.45,9.394553283115998
2018-09-27,24.83,24.87,25.36,24.3,66177,164264635.0,0.62,-0.12,4.26,24.9,7.583270110935917,188.59592765897625,188.2925968545388,192.31173001333485,184.27346369574278,-0.00120481927710836,2085234222,51859775101.14,0,0,0,0,0,0,3403.59,-0.0039944516627452575,185.59,5.44,9.383234544220679
2018-09-28,24.8,24.9,25.16,24.49,53688,133457694.0,0.5,0.12,2.69,24.87,7.583270110935917,188.8234257623043,188.06509875121074,190.79507599114768,185.7142850168206,0.0012062726176114147,2085234222,51922332127.799995,0,0,0,0,0,0,3438.86,0.010362587738241169,185.8,5.45,9.394553283115998
2018-10-08,24.9,25.04,25.51,24.51,66927,167656040.0,0.62,0.56,4.02,24.9,7.583270110935917,189.88508357783536,188.8234257623043,193.44922052997526,185.86595041903934,0.005622489959839383,2085234222,52214264918.88,0,0,0,0,0,0,3290.9,-0.043025886485637654,186.81,5.51,9.447374064627494
2018-10-09,24.63,25.08,25.21,24.62,52755,131132131.0,0.49,0.16,2.36,25.04,7.583270110935917,190.18841438227278,186.77594283235163,191.17423949669447,186.7001101312423,0.0015974440894568342,2085234222,52297674287.759995,0,0,0,0,0,0,3288.69,-0.0006715488164331651,187.1,5.53,9.462465716487921
2018-10-10,25.11,25.44,25.7,25.02,50231,127376053.0,0.47,1.44,2.71,25.08,7.583270110935917,192.91839162220975,190.41591248560087,194.89004185105307,189.73341817561663,0.014354066985646119,2085234222,53048358607.68,0,0,0,0,0,0,3281.6,-0.002155873615330206,189.69,5.68,9.598290583231769
2018-10-11,24.9,24.54,25.43,24.5,51854,128754386.0,0.48,-3.54,3.66,25.44,7.583270110935917,186.0934485223674,188.8234257623043,192.84255892110036,185.79011771792997,-0.03537735849056611,2085234222,51171647807.88,0,0,0,0,0,0,3124.11,-0.047991833252072125,183.21,5.3,9.258728416372152
2018-10-12,24.5,25.5,25.58,24.26,67024,168512839.0,0.62,3.91,5.38,24.54,7.583270110935917,193.37338782886587,185.79011771792997,193.98004943774075,183.97013289130535,0.03911980440097795,2085234222,53173472661.0,0,0,0,0,0,0,3170.73,0.014922649970711577,190.12,5.71,9.620928061022408
2018-10-15,25.46,25.15,25.6,24.8,34265,86306638.0,0.32,-1.37,3.14,25.5,7.583270110935917,190.7192432900383,193.07005702442845,194.1317148399595,188.06509875121074,-0.013725490196078494,2085234222,52443640683.299995,0,0,0,0,0,0,3126.45,-0.013965238288974557,187.6,5.56,9.48887610724367
2018-10-16,25.15,24.6,25.34,24.36,37511,92412757.0,0.35,-2.19,3.9,25.15,7.583270110935917,186.54844472902357,190.7192432900383,192.16006461111613,184.72845990239892,-0.021868787276341783,2085234222,51296761861.200005,0,0,0,0,0,0,3100.97,-0.008149818484223359,183.64,5.33,9.281365894162795
2018-10-17,24.45,24.91,25.15,24.45,24997,62176529.0,0.23,1.26,2.85,24.6,7.583270110935917,188.8992584634137,185.41095421238316,190.7192432900383,185.41095421238316,0.012601626016260026,2085234222,51943184470.02,0,0,0,0,0,0,3118.25,0.005572449910834498,185.88,5.46,9.398326196081106
2018-10-18,24.71,24.09,24.92,24.01,29238,71410436.0,0.27,-3.29,3.65,24.91,7.583270110935917,182.68097697244625,187.3826044412265,188.97509116452306,182.07431536357137,-0.03291850662384588,2085234222,50233292407.98,0,0,0,0,0,0,3044.39,-0.023686362543093087,179.97,5.11,9.088947332942347
2018-10-19,23.9,24.0,24.47,22.9,73805,175207429.0,0.69,-0.37,6.52,24.09,7.583270110935917,181.998482662462,181.2401556513684,185.56261961460189,173.65688554043248,-0.0037359900373599153,2085234222,50045621328.0,0,0,0,0,0,0,3134.95,0.029746517364726666,179.32,5.08,9.054991116256385
2018-10-22,24.2,24.27,25.0,24.15,70257,172600551.0,0.65,1.13,3.54,24.0,7.583270110935917,184.04596559241472,183.51513668464918,189.58175277339794,183.1359731791024,0.011249999999999982,2085234222,50608634567.94,0,0,0,0,0,0,3270.27,0.04316496275857684,181.27,5.19,9.15685976631427
2018-10-23,24.2,23.17,24.66,23.1,100905,239296689.0,0.94,-4.53,6.43,24.27,7.583270110935917,175.70436847038522,183.51513668464918,187.00344093567972,175.1735395626197,-0.045323444581788164,2085234222,48314876923.740005,0,0,0,0,0,0,3183.43,-0.026554382359866402,173.35,4.73,8.74183934015252
2018-10-24,23.35,23.79,24.1,23.19,82952,197499081.0,0.77,2.68,3.93,23.17,7.583270110935917,180.40599593916545,177.06935709035366,182.7568096735556,175.85603387260392,0.02675873974967624,2085234222,49607722141.38,0,0,0,0,0,0,3188.2,0.0014983838187112575,177.81,4.99,8.975759943989141
2018-10-25,23.37,23.8,23.99,23.21,39251,92717219.0,0.37,0.04,3.28,23.79,7.583270110935917,180.48182864027484,177.2210224925724,181.92264996135265,176.00769927482264,0.0004203446826398505,2085234222,49628574483.6,0,0,0,0,0,0,3194.31,0.0019164418794304083,177.88,4.99,8.979532856954249
2018-10-26,23.85,23.42,23.98,23.34,35505,83629250.0,0.33,-1.6,2.69,23.8,7.583270110935917,177.6001859981192,180.86099214582163,181.84681726024328,176.9935243892443,-0.015966386554621792,2085234222,48836185479.240005,0,0,0,0,0,0,3173.64,-0.006470881035340992,175.15,4.83,8.83616216428019
2018-10-29,23.19,22.6,23.54,22.56,42037,95699184.0,0.39,-3.5,4.18,23.42,7.583270110935917,171.38190450715175,175.85603387260392,178.51017841143147,171.07857370271427,-0.035012809564474834,2085234222,47126293417.200005,0,0,0,0,0,0,3076.89,-0.030485499300487717,169.24,4.49,8.52678330114143
2018-10-30,22.53,22.62,22.97,21.91,38486,86154452.0,0.36,0.09,4.69,22.6,7.583270110935917,171.53356990937044,170.8510755993862,174.187714448198,166.14944813060595,0.0008849557522123686,2085234222,47167998101.64,0,0,0,0,0,0,3110.26,0.010845366587690863,169.39,4.5,8.534329127071643
2018-10-31,22.64,22.9,23.12,22.31,36948,84166801.0,0.34,1.24,3.58,22.62,7.583270110935917,173.65688554043248,171.68523531158917,175.3252049648384,169.1827561749803,0.012378426171529622,2085234222,47751863683.799995,0,0,0,0,0,0,3153.82,0.01400526001041702,171.4,4.61,8.639970690094634
2018-11-01,23.25,22.4,23.25,22.21,84536,190664147.0,0.79,-2.18,4.54,22.9,7.583270110935917,169.86525048496452,176.31103007926006,176.31103007926006,168.4244291638867,-0.02183406113537123,2085234222,46709246572.799995,0,0,0,0,0,0,3177.03,0.007359329321267483,167.8,4.4,8.451325041839292
2018-11-02,22.83,23.11,23.17,22.6,66835,152912838.0,0.62,3.17,2.54,22.4,7.583270110935917,175.24937226372904,173.12605663266697,175.70436847038522,171.38190450715175,0.031696428571428514,2085234222,48189762870.42,0,0,0,0,0,0,3290.25,0.03563705725158406,172.92,4.7,8.719201862361878
2018-11-05,23.1,23.58,23.6,22.82,65558,152865986.0,0.61,2.03,3.38,23.11,7.583270110935917,178.81350921586892,175.1735395626197,178.96517461808764,173.05022393155764,0.020337516226741625,2085234222,49169822954.759995,0,0,0,0,0,0,3262.84,-0.008330673960945223,176.3,4.9,8.896528771721899
2018-11-06,23.9,24.58,24.63,23.57,90767,220250264.0,0.84,4.24,4.5,23.58,7.583270110935917,186.39677932680482,181.2401556513684,186.77594283235163,178.73767651475956,0.04240882103477528,2085234222,51255057176.759995,0,0,0,0,0,0,3243.15,-0.006034620146865954,183.5,5.32,9.27382006823258
2018-11-07,24.35,25.15,25.34,24.09,80444,200719771.0,0.75,2.32,5.09,24.58,7.583270110935917,190.7192432900383,184.6526272012896,192.16006461111613,182.68097697244625,0.023189585028478454,2085234222,52443640683.299995,0,0,0,0,0,0,3221.91,-0.006549188289163399,187.6,5.56,9.48887610724367
2018-11-08,25.19,25.9,25.99,24.91,73712,189170588.0,0.69,2.98,4.29,25.15,7.583270110935917,196.40669587324024,191.02257409447577,197.08919018322447,188.8992584634137,0.02982107355864816,2085234222,54007566349.799995,0,0,0,0,0,0,3212.77,-0.0028368266028535594,193.0,5.87,9.77184457962668
2018-11-09,25.6,25.47,25.98,25.19,56395,144601052.0,0.52,-1.66,3.05,25.9,7.583270110935917,193.1458897255378,194.1317148399595,197.01335748211514,191.02257409447577,-0.01660231660231659,2085234222,53110915634.34,0,0,0,0,0,0,3167.44,-0.014109319994895397,189.91,5.69,9.609609322127088
2018-11-12,25.49,25.56,25.94,25.09,35315,90665909.0,0.33,0.35,3.34,25.47,7.583270110935917,193.82838403552202,193.2975551277565,196.7100266776777,190.26424708338214,0.0035335689045936647,2085234222,53298586714.32,0,0,0,0,0,0,3205.14,0.011902356477154985,190.56,5.73,9.64356553881305
2018-11-13,25.36,25.66,25.86,25.3,46637,119274372.0,0.43,0.39,2.19,25.56,7.583270110935917,194.58671104661562,192.31173001333485,196.10336506880282,191.8567338066787,0.00391236306729259,2085234222,53507110136.52,0,0,0,0,0,0,3237.38,0.010058842983457827,191.28,5.77,9.681294668464117
2018-11-14,25.6,25.5,25.67,25.36,34293,87430236.0,0.32,-0.62,1.21,25.66,7.583270110935917,193.37338782886587,194.1317148399595,194.662543747725,192.31173001333485,-0.00623538581449723,2085234222,53173472661.0,0,0,0,0,0,0,3204.94,-0.010020448634389556,190.12,5.71,9.620928061022408
2018-11-15,25.6,25.7,25.92,25.47,49636,127851757.0,0.46,0.78,1.76,25.5,7.583270110935917,194.89004185105307,194.1317148399595,196.558361275459,193.1458897255378,0.007843137254901933,2085234222,53590519505.4,0,0,0,0,0,0,3242.37,0.01167884578182421,191.56,5.79,9.696386320324546
2018-11-16,25.87,26.01,26.1,25.4,52523,135859316.0,0.49,1.21,2.72,25.7,7.583270110935917,197.24085558544323,196.17919776991218,197.92334989542744,192.61506081777227,0.0120622568093387,2085234222,54236942114.22,0,0,0,0,0,0,3257.67,0.004718770528965077,193.8,5.92,9.81334662224286
2018-11-19,26.0,25.21,26.0,24.83,83811,211213478.0,0.78,-3.08,4.5,26.01,7.583270110935917,191.17423949669447,197.16502288433384,197.16502288433384,188.2925968545388,-0.030757400999615547,2085234222,52568754736.62,0,0,0,0,0,0,3294.6,0.011336323200324072,188.04,5.58,9.511513585034312
2018-11-20,25.06,24.48,25.06,24.06,70602,173118166.0,0.66,-2.9,3.97,25.21,7.583270110935917,185.63845231571125,190.03674898005409,190.03674898005409,182.45347886911816,-0.0289567631892107,2085234222,51046533754.56,0,0,0,0,0,0,3218.41,-0.02312572087658593,182.78,5.28,9.236090938581512
2018-11-21,24.05,25.0,25.16,24.0,53048,131653631.0,0.49,2.12,4.74,24.48,7.583270110935917,189.58175277339794,182.37764616800882,190.79507599114768,181.998482662462,0.0212418300653594,2085234222,52130855550.0,0,0,0,0,0,0,3226.49,0.0025105564548955073,186.52,5.5,9.432282412767067
2018-11-22,24.96,24.5,25.2,24.29,58523,143973140.0,0.54,-2.0,3.64,25.0,7.583270110935917,185.79011771792997,189.2784219689605,191.0984067955851,184.1976309946334,-0.020000000000000018,2085234222,51088238439.0,0,0,0,0,0,0,3214.43,-0.003737807958493544,182.92,5.29,9.243636764511727
2018-11-23,24.42,24.31,24.95,24.04,60931,148023411.0,0.57,-0.78,3.71,24.5,7.583270110935917,184.34929639685214,185.1834561090551,189.20258926785112,182.30181346689943,-0.0077551020408164195,2085234222,50692043936.82,0,0,0,0,0,0,3143.48,-0.02207234253040191,181.56,5.21,9.171951418174697
2018-11-26,24.17,24.39,24.85,24.17,55176,135824453.0,0.51,0.33,2.8,24.31,7.583270110935917,184.955958005727,183.28763858132112,188.44426225675755,183.28763858132112,0.0032908268202387347,2085234222,50858862674.58,0,0,0,0,0,0,3141.24,-0.0007125860511281168,182.13,5.24,9.20213472189555
2018-11-27,24.63,24.29,24.75,23.92,40899,99001495.0,0.38,-0.41,3.4,24.39,7.583270110935917,184.1976309946334,186.77594283235163,187.68593524566396,181.39182105358714,-0.00410004100041006,2085234222,50650339252.38,0,0,0,0,0,0,3137.24,-0.0012733824858972564,181.41,5.2,9.164405592244483
2018-11-28,24.12,24.73,24.94,23.77,51529,126266887.0,0.48,1.81,4.82,24.29,7.583270110935917,187.53426984344523,182.90847507577433,189.1267565667418,180.25433053694675,0.018114450391107484,2085234222,51567842310.06,0,0,0,0,0,0,3178.93,0.013288750621565537,184.58,5.38,9.330413762709183
2018-11-29,24.73,25.68,26.08,24.73,108115,277676240.0,1.01,3.84,5.46,24.73,7.583270110935917,194.73837644883434,187.53426984344523,197.7716844932087,187.53426984344523,0.038414880711686195,2085234222,53548814820.96,0,0,0,0,0,0,3137.65,-0.012985501410851974,191.42,5.78,9.688840494394332
2018-11-30,25.71,27.01,27.12,25.71,143424,381106576.0,1.34,5.18,5.49,25.68,7.583270110935917,204.82412569637913,194.96587455216243,205.6582854085821,194.96587455216243,0.05179127725856714,2085234222,56322176336.22,0,0,0,0,0,0,3172.69,0.011167593581183466,201.0,6.34,10.19063791875354
2018-12-03,26.93,27.64,28.5,26.32,127173,352515008.0,1.18,2.33,8.07,27.01,7.583270110935917,209.60158586626875,204.21746408750425,216.12319816167363,199.59166931983333,0.023324694557571135,2085234222,57635873896.08,0,0,0,0,0,0,3260.95,0.027818664918413116,205.53,6.61,10.42833143555527
2018-12-04,27.35,28.6,28.69,27.35,109547,310293408.0,1.02,3.47,4.85,27.64,7.583270110935917,216.88152517276723,207.40243753409734,217.56401948275146,207.40243753409734,0.0347322720694645,2085234222,59637698749.200005,0,0,0,0,0,0,3267.71,0.002073015532283673,212.44,7.01,10.790531080205525
2018-12-05,28.29,30.11,30.6,28.08,156472,464740720.0,1.46,5.28,8.81,28.6,7.583270110935917,228.33226304028045,214.5307114383771,232.04806539463908,212.93822471508054,0.05279720279720279,2085234222,62786402424.42,0,0,0,0,0,0,3252.0,-0.004807648169513179,223.32,7.64,11.360240937936656
2018-12-06,30.23,30.12,30.48,29.4,122664,367339728.0,1.14,0.03,3.59,30.11,7.583270110935917,228.40809574138984,229.24225545359278,231.13807298132676,222.94814126151596,0.00033211557622059296,2085234222,62807254766.64,0,0,0,0,0,0,3181.67,-0.021626691266912634,223.39,7.65,11.364013850901765
2018-12-07,29.9,29.62,29.97,28.72,97337,286277232.0,0.91,-1.66,4.15,30.12,7.583270110935917,224.61646068592188,226.73977631698392,227.27060522474943,217.79151758607952,-0.016600265604249653,2085234222,61764637655.64,0,0,0,0,0,0,3181.56,-3.4573038687257807e-05,219.79,7.44,11.175368202646423
2018-12-10,29.79,29.49,29.97,29.0,77978,229739206.0,0.73,-0.44,3.27,29.62,7.583270110935917,223.6306355715002,225.90561660478096,227.27060522474943,219.9148332171416,-0.004388926401080462,2085234222,61493557206.78,0,0,0,0,0,0,3144.76,-0.011566652836973002,218.85,7.38,11.126320334100033
2018-12-11,29.6,28.74,29.65,28.31,139622,401446608.0,1.3,-2.54,4.54,29.49,7.583270110935917,217.94318298829825,224.46479528370315,224.84395878924994,214.6823768405958,-0.025432349949135347,2085234222,59929631540.28,0,0,0,0,0,0,3159.82,0.0047889187092178265,213.45,7.07,10.84335186171702
2018-12-12,28.91,28.65,28.99,28.33,87877,251750109.0,0.82,-0.31,2.3,28.74,7.583270110935917,217.260688678314,219.23233890715736,219.83900051603223,214.83404224281452,-0.0031315240083507057,2085234222,59741960460.299995,0,0,0,0,0,0,3170.61,0.0034147514731852624,212.8,7.03,10.809395645031058
2018-12-13,28.8,29.0,29.3,28.03,150269,434174800.0,1.4,1.22,4.43,28.65,7.583270110935917,219.9148332171416,218.39817919495442,222.1898142504224,212.55906120953375,0.01221640488656206,2085234222,60471792438.0,0,0,0,0,0,0,3219.69,0.015479671104298598,215.32,7.18,10.941447598809798
2018-12-14,28.94,27.99,29.15,27.89,100760,285017424.0,0.94,-3.48,4.34,29.0,7.583270110935917,212.2557304050963,219.45983701048544,221.05232373378198,211.49740339400273,-0.03482758620689663,2085234222,58365705873.78,0,0,0,0,0,0,3165.91,-0.01670347145222062,208.05,6.75,10.560383389334008
2018-12-17,28.1,27.6,28.29,27.35,94624,261826894.0,0.88,-1.39,3.36,27.99,7.583270110935917,209.29825506183133,213.0898901172993,214.5307114383771,207.40243753409734,-0.013933547695605508,2085234222,57552464527.200005,0,0,0,0,0,0,3161.2,-0.0014877239087656147,205.24,6.59,10.413239783694843
2018-12-18,27.82,27.82,28.2,27.46,103149,286792736.0,0.96,0.8,2.68,27.6,7.583270110935917,210.96657448623722,210.96657448623722,213.84821712839286,208.23659724630028,0.007971014492753614,2085234222,58011216056.04,0,0,0,0,0,0,3128.43,-0.010366316588637181,206.83,6.68,10.496243868927193
2018-12-19,27.8,26.7,27.89,26.6,111459,302023120.0,1.04,-4.03,4.64,27.82,7.583270110935917,202.47331196198897,210.8149090840185,211.49740339400273,201.7149849508954,-0.040258806613946874,2085234222,55675753727.4,0,0,0,0,0,0,3091.13,-0.011922913410240876,198.76,6.21,10.073677616835228
2018-12-20,26.83,27.66,27.75,26.8,106413,291072656.0,0.99,3.6,3.56,26.7,7.583270110935917,209.75325126848747,203.45913707641066,210.4357455784717,203.2316389730826,0.035955056179775235,2085234222,57677578580.52,0,0,0,0,0,0,3067.42,-0.007670334149647573,205.68,6.61,10.435877261485484
2018-12-21,27.5,27.17,27.74,27.02,70296,191922032.0,0.65,-1.77,2.6,27.66,7.583270110935917,206.03744891412887,208.53992805073773,210.35991287736232,204.8999583974885,-0.017715112075198824,2085234222,56655813811.740005,0,0,0,0,0,0,3029.4,-0.012394781281989453,202.15,6.41,10.25100452619525
2018-12-24,27.29,29.14,29.32,27.04,132384,375398912.0,1.23,7.25,8.39,27.17,7.583270110935917,220.97649103267264,206.94744132744117,222.34147965264108,205.0516237997072,0.07250644092749359,2085234222,60763725229.08,0,0,0,0,0,0,3038.2,0.002904865649963506,216.33,7.24,10.994268380321294
2018-12-25,28.64,28.83,29.4,28.61,108209,312813552.0,1.01,-1.06,2.71,29.14,7.583270110935917,218.62567729828248,217.18485597720468,222.94814126151596,216.9573578738766,-0.010638297872340496,2085234222,60117302620.259995,0,0,0,0,0,0,3017.28,-0.0068856559805146045,214.1,7.11,10.877308078402983
2018-12-26,28.83,28.75,29.7,28.65,93729,274153248.0,0.87,-0.28,3.64,28.83,7.583270110935917,218.0190156894076,218.62567729828248,225.22312229479672,217.260688678314,-0.0027748872702045846,2085234222,59950483882.5,0,0,0,0,0,0,3002.03,-0.005054221020256655,213.52,7.07,10.847124774682127
2018-12-27,29.19,28.37,29.19,28.12,70004,200271489.0,0.65,-1.32,3.72,28.75,7.583270110935917,215.13737304725197,221.35565453821943,221.35565453821943,213.241555519518,-0.013217391304347736,2085234222,59158094878.14,0,0,0,0,0,0,2990.51,-0.0038374033570617305,210.79,6.91,10.703754082008068
2018-12-28,28.12,28.75,28.97,28.11,64104,183359074.0,0.6,1.34,3.03,28.37,7.583270110935917,218.0190156894076,213.241555519518,219.6873351138135,213.16572281840863,0.013394430736693552,2085234222,59950483882.5,0,0,0,0,0,0,3010.65,0.006734637235789265,213.52,7.07,10.847124774682127
2019-01-02,28.71,29.01,29.5,28.12,82932,240137014.0,0.71,0.9,4.8,28.75,7.583270110935917,219.99066591825095,217.7156848849702,223.70646827260956,213.241555519518,0.009043478260869708,2085234222,60492644780.22,0,0,0,0,0,0,2969.54,-0.013654858585355312,215.4,7.18,10.945220511774906
2019-01-03,29.33,28.6,29.67,28.45,72692,211482833.0,0.62,-1.41,4.21,29.01,7.583270110935917,216.88152517276723,222.41731235375045,224.99562419146866,215.74403465612684,-0.01413305756635641,2085234222,59637698749.200005,0,0,0,0,0,0,2964.84,-0.0015827367201654008,212.44,7.01,10.790531080205525
2019-01-04,28.45,29.8,30.28,28.44,118397,348402432.0,1.02,4.2,6.43,28.6,7.583270110935917,225.98144930589032,215.74403465612684,229.6214189591396,215.66820195501748,0.04195804195804187,2085234222,62139979815.6,0,0,0,0,0,0,3035.87,0.02395744795671928,221.08,7.51,11.243280636018344
2019-01-07,29.79,31.52,31.73,29.4,121909,376859392.0,1.05,5.77,7.82,29.8,7.583270110935917,239.0246738967001,225.90561660478096,240.61716061999664,222.94814126151596,0.05771812080536898,2085234222,65726582677.44,0,0,0,0,0,0,3054.3,0.006070747429896661,233.47,8.24,11.892221666016718
2019-01-08,31.01,31.07,31.65,30.52,105033,324769888.0,0.9,-1.43,3.59,31.52,7.583270110935917,235.61220234677896,235.1572061401228,240.01049901112177,231.44140378576418,-0.014276649746192915,2085234222,64788227277.54,0,0,0,0,0,0,3047.7,-0.002160887928494337,230.23,8.05,11.722440582586913
2019-01-09,31.08,30.6,31.65,30.53,112249,346512880.0,0.97,-1.51,3.6,31.07,7.583270110935917,232.04806539463908,235.6880350478883,240.01049901112177,231.51723648687354,-0.015127132281943956,2085234222,63808167193.200005,0,0,0,0,0,0,3078.48,0.010099419234176565,226.84,7.85,11.545113673226892
2019-01-10,30.7,30.03,30.7,29.95,89918,271429280.0,0.77,-1.86,2.45,30.6,7.583270110935917,227.7256014314056,232.80639240573265,232.80639240573265,227.1189398225307,-0.0186274509803922,2085234222,62619583686.66,0,0,0,0,0,0,3072.69,-0.0018807983160520347,222.74,7.61,11.330057634215803
2019-01-11,30.2,30.22,31.1,30.05,104504,319349056.0,0.9,0.63,3.5,30.03,7.583270110935917,229.1664227524834,229.0147573502647,235.83970045010705,227.8772668336243,0.006327006327006224,2085234222,63015778188.84,0,0,0,0,0,0,3094.78,0.007189140459987975,224.11,7.69,11.40174298055283
2019-01-14,30.3,30.3,31.39,30.26,129828,398608192.0,1.12,0.26,3.74,30.22,7.583270110935917,229.7730843613583,229.7730843613583,238.03884878227845,229.46975355692086,0.002647253474520328,2085234222,63182596926.6,0,0,0,0,0,0,3067.78,-0.008724368129560123,224.68,7.72,11.431926284273686
2019-01-15,30.44,30.04,30.45,29.44,102653,307064560.0,0.88,-0.86,3.33,30.3,7.583270110935917,227.80143413251494,230.83474217688934,230.91057487799867,223.2514720659534,-0.008580858085808662,2085234222,62640436028.88,0,0,0,0,0,0,3127.99,0.019626570353806105,222.81,7.61,11.333830547180908
2019-01-16,29.99,29.85,30.6,29.64,99699,298695728.0,0.86,-0.63,3.2,30.04,7.583270110935917,226.36061281143714,227.42227062696813,232.04806539463908,224.76812608814058,-0.006324900133155675,2085234222,62244241526.700005,0,0,0,0,0,0,3128.65,0.0002109981170017594,221.44,7.53,11.262145200843879
2019-01-17,29.95,29.81,30.15,29.5,74507,222507107.0,0.64,-0.13,2.18,29.85,7.583270110935917,226.05728200699969,227.1189398225307,228.6355938447179,223.70646827260956,-0.0013400335008375563,2085234222,62160832157.82,0,0,0,0,0,0,3111.42,-0.005507167628210241,221.16,7.52,11.247053548983452
2019-01-18,29.77,32.79,32.79,29.77,204304,644653184.0,1.76,10.0,10.13,29.81,7.583270110935917,248.65542693758871,225.75395120256223,248.65542693758871,225.75395120256223,0.09996645420999672,2085234222,68374830139.38,1,0,1,0,0,0,3168.17,0.018239260530561685,242.61,8.77,12.371381612585285
2019-01-21,33.0,31.43,33.0,31.36,188815,603327568.0,1.62,-4.15,5.0,32.79,7.583270110935917,238.34217958671587,250.24791366088527,250.24791366088527,237.81135067895036,-0.04147605977432145,2085234222,65538911597.46,0,0,0,0,0,0,3185.64,0.005514224299832282,232.82,8.2,11.858265449330757
2019-01-22,31.21,31.62,32.31,30.94,95959,303169264.0,0.83,0.6,4.36,31.43,7.583270110935917,239.7830009077937,236.67386016230998,245.0154572843395,234.62637723235727,0.006045179764556208,2085234222,65935106099.64,0,0,0,0,0,0,3143.32,-0.013284614708504283,234.19,8.28,11.929950795667787
2019-01-23,31.65,32.31,32.68,31.35,110286,355265168.0,0.95,2.18,4.21,31.62,7.583270110935917,245.0154572843395,240.01049901112177,247.82126722538578,237.735517977841,0.021821631878558012,2085234222,67373917712.82001,0,0,0,0,0,0,3141.05,-0.0007221663718616211,239.16,8.57,12.19028179026016
2019-01-24,32.2,32.58,32.8,32.0,68091,220970245.0,0.59,0.84,2.48,32.31,7.583270110935917,247.06294021429215,244.18129757213654,248.73125963869805,242.66464354994935,0.00835654596100266,2085234222,67936930952.759995,0,0,0,0,0,0,3158.78,0.005644609286703517,241.1,8.68,12.292150440318041
2019-01-25,32.58,32.19,32.68,31.6,64574,207562571.0,0.56,-1.2,3.31,32.58,7.583270110935917,244.10546487102715,247.06294021429215,247.82126722538578,239.63133550557498,-0.011970534069981609,2085234222,67123689606.17999,0,0,0,0,0,0,3184.47,0.00813288674741508,238.29,8.52,12.145006834678876
2019-01-28,32.38,32.26,32.65,31.55,64432,207504620.0,0.55,0.22,3.42,32.19,7.583270110935917,244.63629377879266,245.54628619210501,247.5937691220577,239.2521720000282,0.0021745883814849876,2085234222,67269656001.71999,0,0,0,0,0,0,3183.78,-0.00021667655842250166,238.8,8.55,12.171417225434624
2019-01-29,32.19,33.7,33.85,32.06,95757,318904464.0,0.82,4.46,5.55,32.26,7.583270110935917,255.55620273854043,244.10546487102715,256.6936932551808,243.11963975660552,0.04463732176069457,2085234222,70272393281.40001,0,0,0,0,0,0,3193.97,0.003200598031270818,249.16,9.15,12.71471669241001
2019-01-30,33.5,33.29,34.8,33.05,96011,323763536.0,0.83,-1.22,5.19,33.7,7.583270110935917,252.44706199305668,254.0395487163532,263.8977998605699,250.62707716643203,-0.012166172106825024,2085234222,69417447250.38,0,0,0,0,0,0,3168.48,-0.00798066356290128,246.21,8.98,12.560027260840627
2019-01-31,33.43,34.55,34.77,33.2,108466,372372384.0,0.93,3.78,4.72,33.29,7.583270110935917,262.0019823328359,253.5087198085877,263.6703017572419,251.76456768307247,0.037849203965154565,2085234222,72044842370.09999,0,0,0,0,0,0,3201.63,0.010462429934858353,255.28,9.51,13.035414294444086
2019-02-01,34.57,34.55,35.2,34.3,70732,244937306.0,0.61,0.0,2.6,34.55,7.583270110935917,262.0019823328359,262.1536477350547,266.9311079049443,260.1061648051019,0.0,2085234222,72044842370.09999,0,0,0,0,0,0,3247.4,0.014295843054943802,255.28,9.51,13.035414294444086
2019-02-11,34.77,38.01,38.01,34.75,120626,447707504.0,1.04,10.01,9.44,34.55,7.583270110935917,288.2400969166742,263.6703017572419,288.2400969166742,263.5186363550231,0.10014471780028944,2085234222,79259752778.22,1,0,1,0,0,0,3306.47,0.0181899365646363,280.2,10.96,14.340842180371048
2019-02-12,38.5,38.6,38.88,37.8,91884,350815216.0,0.79,1.55,2.84,38.01,7.583270110935917,292.7142262821264,291.9558992710328,294.8375419131885,286.64761019337766,0.015522230991844355,2085234222,80490040969.2,0,0,0,0,0,0,3330.34,0.0072191793665148385,284.44,11.21,14.563444045312352
2019-02-13,38.46,38.86,39.66,37.93,111604,428976400.0,0.96,0.67,4.48,38.6,7.583270110935917,294.6858765109697,291.65256846659537,300.75249259971844,287.63343530779935,0.006735751295336767,2085234222,81032201866.92,0,0,0,0,0,0,3397.03,0.020024982434226013,286.32,11.32,14.661539782405129
2019-02-14,38.5,38.47,38.97,38.01,91908,352535056.0,0.79,-1.0,2.47,38.86,7.583270110935917,291.7284011677047,291.9558992710328,295.52003622317267,288.2400969166742,-0.01003602676273807,2085234222,80218960520.34,0,0,0,0,0,0,3402.14,0.001504255187619652,283.51,11.16,14.514396176765963
2019-02-15,38.42,42.32,42.32,38.12,199243,815624880.0,1.71,10.01,10.92,38.47,7.583270110935917,320.923991094808,291.349237662158,320.923991094808,289.07425662887715,0.10007798284377434,2085234222,88247112275.04,1,0,1,0,0,0,3338.7,-0.018647086833581183,311.23,12.77,15.966967668332092
2019-02-18,42.35,43.6,45.98,42.32,185464,804390000.0,1.59,3.02,8.65,42.32,7.583270110935917,330.630576836806,321.1514891981361,348.67875970083344,320.923991094808,0.030245746691871522,2085234222,90916212079.2,0,0,0,0,0,0,3445.74,0.032060382783718255,320.44,13.31,16.449900527865765
2019-02-19,43.6,45.32,47.41,42.46,162301,723278544.0,1.4,3.94,11.35,43.6,7.583270110935917,343.6738014276158,330.630576836806,359.5228359594718,321.985648910339,0.03944954128440359,2085234222,94502814941.04,0,0,0,0,0,0,3439.61,-0.0017790082826909526,332.83,14.03,17.09884155786414
2019-02-20,45.6,45.75,47.46,43.85,164045,749875072.0,1.41,0.95,7.97,45.32,7.583270110935917,346.9346075753182,345.7971170586778,359.9019994650186,332.52639436453995,0.009488084730803203,2085234222,95399465656.5,0,0,0,0,0,0,3451.93,0.0035818014251614017,335.92,14.21,17.261076815363733
2019-02-21,45.66,47.28,50.22,44.82,204642,972807648.0,1.76,3.34,11.8,45.75,7.583270110935917,358.5370108450502,346.25211326533395,380.83182497120174,339.8821663721478,0.03344262295081979,2085234222,98589874016.16,0,0,0,0,0,0,3442.71,-0.0026709695735428474,346.94,14.86,17.83833249902508
2019-02-22,47.0,47.58,48.36,45.85,137048,644581584.0,1.18,0.63,5.31,47.28,7.583270110935917,360.8119918783309,356.4136952139881,366.72694256486096,347.6929345864118,0.006345177664974555,2085234222,99215444282.76,0,0,0,0,0,0,3520.12,0.022485193350587185,349.1,14.98,17.951519887978282
2019-02-25,47.1,45.91,47.45,44.04,284109,1301212192.0,2.44,-3.51,7.17,47.58,7.583270110935917,348.1479307930679,357.1720222250817,359.82616676390927,333.96721568561776,-0.03509878100042041,2085234222,95733103132.01999,0,0,0,0,0,0,3729.48,0.05947524516209679,337.08,14.28,17.32144342280544
2019-02-26,45.33,48.02,49.6,44.35,268044,1257728688.0,2.3,4.6,11.44,45.91,7.583270110935917,364.14863072714274,343.7496341287251,376.1301975024215,336.3180294200079,0.04595948595077348,2085234222,100132947340.44,0,0,0,0,0,0,3684.69,-0.012009717172367207,352.27,15.17,18.117528058442986
2019-02-27,47.35,46.07,48.6,45.28,188930,879330896.0,1.62,-4.06,6.91,48.02,7.583270110935917,349.3612540108177,359.0678397528157,368.54692739148555,343.37047062317833,-0.04060807996668059,2085234222,96066740607.54,0,0,0,0,0,0,3678.39,-0.0017097774846731584,338.23,14.35,17.381810030247152
2019-02-28,45.5,44.79,47.47,43.9,199209,900893632.0,1.71,-2.78,7.75,46.07,7.583270110935917,339.6546682688197,345.0387900475842,359.977832166128,332.90555787008674,-0.0277838072498372,2085234222,93397640803.38,0,0,0,0,0,0,3669.37,-0.002452159776423879,329.01,13.81,16.898877170713476
2019-03-01,45.51,46.0,46.85,44.93,165017,755791072.0,1.42,2.7,4.29,44.79,7.583270110935917,348.83042510305216,345.1146227486936,355.27620469734774,340.7163260843507,0.02701495869613746,2085234222,95920774212.0,0,0,0,0,0,0,3749.71,0.021894766676568533,337.72,14.32,17.355399639491402
2019-03-04,48.87,50.6,50.6,47.38,238846,1182773392.0,2.05,10.0,7.0,46.0,7.583270110935917,383.7134676133574,370.59441032143826,383.7134676133574,359.29533785614376,0.10000000000000009,2085234222,105512851633.2,1,0,1,0,0,0,3794.1,0.011838248824575626,370.84,16.25,19.090939603440546
2019-03-05,52.59,53.3,55.66,50.9,261490,1397573904.0,2.25,5.34,9.41,50.6,7.583270110935917,404.18829691288437,398.80417513411993,422.0848143746931,385.9884486466382,0.05335968379446632,2085234222,111142984032.59999,1,0,0,0,0,0,3816.01,0.005774755541498644,390.28,17.39,20.109626104019387
2019-03-06,52.89,53.3,54.84,51.7,191430,1020584688.0,1.65,0.0,5.89,53.3,7.583270110935917,404.18829691288437,401.07915616740064,415.8665328837257,392.0550647353869,0.0,2085234222,111142984032.59999,0,0,0,0,0,0,3848.09,0.008406686565286758,390.28,17.39,20.109626104019387
2019-03-07,53.98,51.54,54.24,50.5,204770,1066007632.0,1.76,-3.3,7.02,53.3,7.583270110935917,390.84174151763716,409.3449205883208,411.3165708171642,382.95514060226384,-0.03302063789868659,2085234222,107472971801.88,0,0,0,0,0,0,3808.85,-0.01019726669594534,377.61,16.65,19.445593422160588
2019-03-08,50.45,54.6,56.29,49.01,240379,1291964944.0,2.07,5.94,14.12,51.54,7.583270110935917,414.04654805710106,382.57597709671705,426.86227454458276,371.6560681369693,0.05937136204889404,2085234222,113853788521.2,0,0,0,0,0,0,3657.58,-0.0397153996613151,399.64,17.93,20.600104789483275
2019-03-11,56.9,54.69,57.97,52.7,233981,1285763744.0,2.01,0.16,9.65,54.6,7.583270110935917,414.7290423670853,431.4880693122537,439.6021683309551,399.63833484632283,0.0016483516483516425,2085234222,114041459601.18,0,0,0,0,0,0,3729.95,0.019786306793016184,400.29,17.97,20.634061006169237
2019-03-12,53.4,56.35,58.74,52.5,331630,1858083984.0,2.85,3.04,11.41,54.69,7.583270110935917,427.31727075123894,404.94662392397794,445.4412863163758,398.12168082413564,0.03035289815322728,2085234222,117502948409.7,0,0,0,0,0,0,3755.35,0.00680974275794588,412.24,18.67,21.26036455837697
2019-03-13,56.0,51.12,57.33,50.85,271394,1461329840.0,2.33,-9.28,11.5,56.35,7.583270110935917,387.65676807104404,424.6631262124114,434.74887545995614,385.6092851410914,-0.09281277728482706,2085234222,106597173428.64,0,0,0,0,0,0,3724.19,-0.008297495572982538,374.59,16.47,19.2871310776261
2019-03-14,50.6,49.77,50.61,47.5,244952,1205401808.0,2.11,-2.64,6.08,51.12,7.583270110935917,377.4193534212806,383.7134676133574,383.78930031446674,360.20533026945606,-0.02640845070422526,2085234222,103782107228.94,0,0,0,0,0,0,3698.49,-0.006900829442106904,364.87,15.9,18.77778782733668
2019-03-15,52.0,52.98,53.48,50.65,164201,858554528.0,1.41,6.45,5.69,49.77,7.583270110935917,401.7616504773849,394.3300457686677,405.55328553285284,384.0926311189042,0.06449668474984915,2085234222,110475709081.56,0,0,0,0,0,0,3745.01,0.012578106200098027,387.98,17.25,19.98889288913597
2019-03-18,55.8,58.28,58.28,54.62,253395,1443780000.0,2.18,10.0,6.91,52.98,7.583270110935917,441.9529820653453,423.14647219022413,441.9529820653453,414.1982134593198,0.10003775009437543,2085234222,121527450458.16,1,0,1,0,0,0,3851.75,0.028501926563613944,426.14,19.48,21.98853676064259
2019-03-19,59.0,58.19,59.59,57.28,143020,832965728.0,1.23,-0.15,3.96,58.28,7.583270110935917,441.270487755361,447.4129365452191,451.8870659106713,434.36971195440935,-0.001544269045984925,2085234222,121339779378.18,0,0,0,0,0,0,3833.96,-0.004618679820860616,425.49,19.44,21.954580543956627
2019-03-20,57.99,55.85,58.3,52.84,221185,1221279232.0,1.9,-4.02,9.38,58.19,7.583270110935917,423.525635695771,439.75383373317385,442.10464746756395,400.6999926618539,-0.04021309503351089,2085234222,116460331298.7,0,0,0,0,0,0,3835.44,0.00038602385001418327,408.64,18.46,21.07171891012163
2019-03-21,54.97,55.75,56.66,53.82,158789,878690144.0,1.37,-0.18,5.09,55.85,7.583270110935917,422.7673086846774,416.85235799814734,429.66808448562904,408.13159737057106,-0.0017905102954342,2085234222,116251807876.5,0,0,0,0,0,0,3836.89,0.00037805310472838194,407.92,18.42,21.033989780470563
2019-03-22,55.9,54.65,56.66,51.6,201739,1083606224.0,1.73,-1.97,9.08,55.75,7.583270110935917,414.42571156264785,423.90479920131776,429.66808448562904,391.29673772429334,-0.019730941704035887,2085234222,113958050232.3,0,0,0,0,0,0,3833.8,-0.0008053397413008145,400.0,17.95,20.61896935430881
2019-03-25,52.5,53.4,54.8,52.2,111066,595821888.0,0.95,-2.29,4.76,54.65,7.583270110935917,404.94662392397794,398.12168082413564,415.56320207928826,395.84669979085487,-0.02287282708142724,2085234222,111351507454.8,0,0,0,0,0,0,3742.83,-0.023728415671135705,391.0,17.43,20.147355233670456
2019-03-26,54.6,55.1,57.11,54.16,181122,1008065584.0,1.56,3.18,5.52,53.4,7.583270110935917,417.838183112569,414.04654805710106,433.0805560355502,410.7099092082892,0.03183520599250933,2085234222,114896405632.2,0,0,0,0,0,0,3700.44,-0.011325654651693995,403.24,18.14,20.788750437738617
2019-03-27,54.58,55.76,56.84,52.8,180950,1000692544.0,1.56,1.2,7.33,55.1,7.583270110935917,422.84314138578674,413.89488265488234,431.03307310559757,400.3966618574164,0.011978221415607893,2085234222,116272660218.72,0,0,0,0,0,0,3743.39,0.011606727848580078,408.0,18.42,21.037762693435667
2019-03-28,55.24,59.83,61.3,55.05,214666,1265717136.0,1.85,7.3,11.21,55.76,7.583270110935917,453.7070507372959,418.89984092810005,464.8544578003717,417.4590196070222,0.07299139167862267,2085234222,124759563502.26,0,0,0,0,0,0,3728.4,-0.004004391741175728,437.3,20.13,22.573338270234146
2019-03-29,59.94,63.31,65.4,59.6,197315,1243259632.0,1.7,5.82,9.69,59.83,7.583270110935917,480.0968307233529,454.54121044949886,495.945865255209,451.96289861178064,0.05816480026742443,2085234222,132016178594.82,0,0,0,0,0,0,3872.34,0.038606372706791126,462.36,21.59,23.88631198209132
2019-04-01,64.99,69.64,69.64,64.94,178193,1205375024.0,1.53,10.0,7.42,63.31,7.583270110935917,528.0989305255773,492.83672450972523,528.0989305255773,492.45756100417844,0.0999842047069972,2085234222,145215711220.08,1,0,1,0,0,0,3973.93,0.026234783102723425,507.93,24.25,26.274565889003945
2019-04-02,70.64,67.68,72.01,65.8,181097,1237424832.0,1.56,-2.81,8.92,69.64,7.583270110935917,513.2357211081429,535.6822006365131,546.0712806884954,498.9791732995833,-0.028144744399770105,2085234222,141128652144.96002,0,0,0,0,0,0,3971.29,-0.0006643297692712213,493.82,23.43,25.535074947843007
2019-04-03,66.5,66.97,67.66,65.65,118561,789297616.0,1.02,-1.05,2.97,67.68,7.583270110935917,507.85159932937836,504.2874623772385,513.0840557059241,497.841682782943,-0.010490543735224733,2085234222,139648135847.34,0,0,0,0,0,0,4022.16,0.012809439753833196,488.71,23.13,25.26719812732042
2019-04-04,66.0,69.83,72.44,66.0,174538,1200349808.0,1.5,4.27,9.62,66.97,7.583270110935917,529.5397518466551,500.49582732177055,549.3320868361978,500.49582732177055,0.04270568911452899,2085234222,145611905722.26,0,0,0,0,0,0,4062.23,0.009962308809197129,509.3,24.33,26.346251235340976
2019-04-08,70.5,67.39,70.5,66.5,221894,1508174304.0,1.91,-3.49,5.73,69.83,7.583270110935917,511.0365727759715,534.6205428209821,534.6205428209821,504.2874623772385,-0.034942002004868966,2085234222,140523934220.58,0,0,0,0,0,0,4057.23,-0.0012308510350226287,491.73,23.31,25.425660471854908
2019-04-09,66.52,66.68,67.6,65.77,114703,764362048.0,0.99,-1.05,2.72,67.39,7.583270110935917,505.652450997207,504.4391277794572,512.6290594992679,498.75167519625523,-0.010535687787505466,2085234222,139043417922.96002,0,0,0,0,0,0,4075.43,0.00448581914261692,486.62,23.01,25.157783651332323
2019-04-10,66.61,66.2,67.97,65.5,101467,673574320.0,0.87,-0.72,3.7,66.68,7.583270110935917,502.01248134395775,505.1216220894414,515.4348694403143,496.7041922663026,-0.007198560287942524,2085234222,138042505496.4,0,0,0,0,0,0,4085.85,0.002556785418961871,483.16,22.81,24.976683829007197
2019-04-11,65.9,66.77,67.9,64.51,111321,740721328.0,0.96,0.86,5.12,66.2,7.583270110935917,506.33494530719116,499.737500310677,514.9040405325488,489.19675485647605,0.008610271903323197,2085234222,139231089002.94,0,0,0,0,0,0,3997.58,-0.021603827844879242,487.27,23.05,25.191739868018285
2019-04-12,66.87,68.1,71.0,65.52,142071,972258848.0,1.22,1.99,8.21,66.77,7.583270110935917,516.4206945547359,507.0932723182848,538.4121778764501,496.85585766852125,0.01991912535569873,2085234222,142004450518.19998,0,0,0,0,0,0,3988.62,-0.0022413560203923266,496.84,23.61,25.69353729237749
2019-04-15,68.28,68.33,72.3,66.5,135143,944013376.0,1.16,0.34,8.52,68.1,7.583270110935917,518.1648466802512,517.7856831747044,548.2704290206668,504.2874623772385,0.0033773861967694163,2085234222,142484054389.26,0,0,0,0,0,0,3975.52,-0.0032843439585621415,498.5,23.7,25.78031429057495
2019-04-16,67.38,67.21,69.65,64.5,151037,1005343376.0,1.3,-1.64,7.54,68.33,7.583270110935917,509.67158415600295,510.96074007486203,528.1747632266867,489.12092215536666,-0.016391043465534993,2085234222,140148592060.62,0,0,0,0,0,0,4085.79,0.027737251982130617,490.44,23.23,25.357748038482985
2019-04-17,67.3,69.25,70.8,66.58,182990,1260226896.0,1.57,3.04,6.28,67.21,7.583270110935917,525.1414551823123,510.3540784659872,536.8955238542629,504.89412398611336,0.030352626097307045,2085234222,144402469873.5,0,0,0,0,0,0,4087.24,0.0003548885282895764,505.12,24.09,26.127422283364776
2019-04-18,68.0,67.2,70.57,67.0,132794,907749536.0,1.14,-2.96,5.16,69.25,7.583270110935917,509.5957514548937,515.6623675436424,535.1513717287476,508.0790974327064,-0.029602888086642576,2085234222,140127739718.4,0,0,0,0,0,0,4072.08,-0.0037091044323308564,490.36,23.23,25.35397512551788
2019-04-19,66.99,66.3,67.5,65.82,99202,658208608.0,0.85,-1.34,2.5,67.2,7.583270110935917,502.77080835505126,508.003264731597,511.8707324881744,499.130838701802,-0.013392857142857206,2085234222,138251028918.6,0,0,0,0,0,0,4120.61,0.011917742284041521,483.88,22.85,25.014412958658262
2019-04-22,66.7,67.7,69.26,66.6,215465,1465062848.0,1.85,2.11,4.01,66.3,7.583270110935917,513.3873865103616,505.8041163994257,525.2172878834217,505.045789388332,0.021116138763197734,2085234222,141170356829.4,0,0,0,0,0,0,4025.61,-0.023054838968016744,493.96,23.44,25.54262077377322
2019-04-23,67.9,66.88,69.3,66.2,184769,1254691776.0,1.59,-1.21,4.58,67.7,7.583270110935917,507.1691050193941,514.9040405325488,525.520618687859,502.01248134395775,-0.012112259970458061,2085234222,139460464767.36,0,0,0,0,0,0,4019.01,-0.0016395030815204992,488.06,23.09,25.233241910634458
2019-04-24,67.7,68.5,69.17,66.0,190824,1298327184.0,1.64,2.42,4.74,66.88,7.583270110935917,519.4540025991104,513.3873865103616,524.5347935734374,500.49582732177055,0.024222488038277534,2085234222,142838544207.0,0,0,0,0,0,0,4030.09,0.0027568978430010382,499.72,23.77,25.84445381098177
2019-04-25,68.8,71.35,74.45,68.2,351798,2531175760.0,3.02,4.16,9.12,68.5,7.583270110935917,541.0663224152777,521.7289836323911,564.574459759179,517.1790215658295,0.04160583941605833,2085234222,148781461739.69998,0,0,0,0,0,0,3941.82,-0.021902736663449218,520.24,24.97,26.91973400603721
2019-04-26,69.9,65.82,70.74,65.69,271128,1831612736.0,2.33,-7.75,7.08,71.35,7.583270110935917,499.130838701802,530.0705807544207,536.4405276476067,498.1450135873804,-0.07750525578135947,2085234222,137250116492.04,0,0,0,0,0,0,3889.27,-0.013331405289942255,480.43,22.65,24.833313136333135
2019-04-29,65.0,61.6,65.8,61.56,157454,1000199472.0,1.35,-6.41,6.44,65.82,7.583270110935917,467.1294388336525,492.9125572108346,498.9791732995833,466.82610802921505,-0.06411425098754164,2085234222,128450428075.2,0,0,0,0,0,0,3900.33,0.0028437213153111873,450.04,20.87,23.241143865058056
2019-04-30,61.52,64.1,65.54,61.01,182917,1174075712.0,1.57,4.06,7.35,61.6,7.583270110935917,486.08761411099226,466.52277722477766,497.00752307074004,462.6553094682003,0.0405844155844155,2085234222,133663513630.19998,0,0,0,0,0,0,3913.21,0.003302284678476042,468.04,21.92,24.18437210633476
2019-05-06,60.99,60.08,64.76,58.99,163408,1003950064.0,1.4,-6.27,9.0,64.1,7.583270110935917,455.6028682650299,462.5036440659816,491.09257238421003,447.3371038441098,-0.06271450858034311,2085234222,125280872057.76,0,0,0,0,0,0,3684.62,-0.05841495856343004,439.1,20.24,22.667661094361815
2019-05-07,61.85,61.0,63.3,57.43,182025,1113197584.0,1.56,1.53,9.77,60.08,7.583270110935917,462.57947676709097,469.0252563613865,480.02099802224353,435.5072024710497,0.015312916111850816,2085234222,127199287542.0,0,0,0,0,0,0,3720.67,0.009783912588001042,445.72,20.62,23.014769087151645
2019-05-08,60.0,57.95,60.29,55.52,216566,1248674848.0,1.86,-5.0,7.82,61.0,7.583270110935917,439.4505029287364,454.99620665615504,457.1953549883264,421.02315655916215,-0.04999999999999993,2085234222,120839323164.90001,0,0,0,0,0,0,3667.46,-0.014301187689313988,423.76,19.34,21.864030632794062
2019-05-09,57.5,59.41,60.21,57.5,141171,833207904.0,1.21,2.52,4.68,57.95,7.583270110935917,450.5220772907028,436.0380313788152,456.58869337945157,436.0380313788152,0.025194132873166408,2085234222,123883765129.01999,0,0,0,0,0,0,3599.7,-0.018476002464921315,434.28,19.95,22.414875925699658
2019-05-10,60.62,61.55,62.56,59.73,166678,1027535728.0,1.43,3.6,4.76,59.41,7.583270110935917,466.75027532810566,459.6978341249353,474.409378140151,452.94872372620233,0.03602087190708647,2085234222,128346166364.09999,0,0,0,0,0,0,3730.45,0.03632247131705424,449.68,20.85,23.22227930023252
2019-05-13,61.68,59.93,61.68,59.68,98778,595853072.0,0.85,-2.63,3.25,61.55,7.583270110935917,454.4653777483895,467.73610044252734,467.73610044252734,452.56956022065555,-0.026320064987814695,2085234222,124968086924.46,0,0,0,0,0,0,3668.73,-0.01654492085405246,438.02,20.17,22.611067399885215
2019-05-14,60.0,59.68,61.35,58.65,148653,895964048.0,1.28,-0.42,4.51,59.93,7.583270110935917,452.56956022065555,454.99620665615504,465.2336213059185,444.7587920063915,-0.0041715334556983175,2085234222,124446778368.96,0,0,0,0,0,0,3645.15,-0.006427292278254337,436.22,20.07,22.516744575757546
2019-05-15,60.29,60.65,61.12,59.65,123919,748099536.0,1.07,1.63,2.46,59.68,7.583270110935917,459.92533222826336,457.1953549883264,463.4894691804032,452.34206211732743,0.01625335120643423,2085234222,126469455564.3,0,0,0,0,0,0,3727.09,0.022479184670040953,443.2,20.48,22.882717133372907
2019-05-16,61.0,61.61,62.68,60.8,157015,972392592.0,1.35,1.58,3.1,60.65,7.583270110935917,467.20527153476183,462.57947676709097,475.3193705534633,461.0628227449037,0.015828524319868142,2085234222,128471280417.42,0,0,0,0,0,0,3743.96,0.004526319461027217,450.12,20.88,23.24491677802316
2019-05-17,61.94,59.9,63.13,59.59,136970,839447984.0,1.18,-2.78,5.75,61.61,7.583270110935917,454.2378796450614,469.70775067137066,478.73184210338445,451.8870659106713,-0.027755234539847407,2085234222,124905529897.8,0,0,0,0,0,0,3648.76,-0.025427622089979507,437.8,20.16,22.599748660989892
2019-05-20,59.46,55.66,59.46,55.03,177044,993819936.0,1.52,-7.08,7.4,59.9,7.583270110935917,422.0848143746931,450.9012407962496,450.9012407962496,417.3073542048035,-0.0707846410684474,2085234222,116064136796.51999,0,0,0,0,0,0,3617.79,-0.008487815038533686,407.28,18.38,21.000033563784598
2019-05-21,56.41,58.6,58.9,56.18,128145,739568288.0,1.1,5.28,4.89,55.66,7.583270110935917,444.3796285008448,427.77226695789506,446.6546095341255,426.0281148323798,0.05282069708947179,2085234222,122194725409.2,0,0,0,0,0,0,3666.78,0.013541416168434406,428.44,19.61,22.109269975526008
2019-05-22,58.2,58.22,60.35,57.63,114851,676615344.0,0.99,-0.65,4.64,58.6,7.583270110935917,441.4979858586891,441.3463204564704,457.6503511949826,437.0238564932369,-0.006484641638225264,2085234222,121402336404.84,0,0,0,0,0,0,3649.38,-0.004745307872302207,425.71,19.45,21.965899282851947
2019-05-23,58.3,55.7,59.3,55.48,133504,754486752.0,1.15,-4.33,6.56,58.22,7.583270110935917,422.3881451791306,442.10464746756395,449.6879175784999,420.71982575472464,-0.04328409481277906,2085234222,116147546165.40001,0,0,0,0,0,0,3583.96,-0.01792633269212851,407.56,18.4,21.01512521564503
2019-05-24,55.7,54.11,57.0,52.7,200182,1086681984.0,1.72,-2.85,7.72,55.7,7.583270110935917,410.3307457027425,422.3881451791306,432.24639632334726,399.63833484632283,-0.028545780969479462,2085234222,112832023752.42,0,0,0,0,0,0,3593.91,0.0027762586636010944,396.12,17.73,20.41523205419304
2019-05-27,55.0,58.8,59.38,54.55,232652,1337491584.0,2.0,8.67,8.93,54.11,7.583270110935917,445.8962825230319,417.07985610147546,450.2945791873748,413.6673845515543,0.08667529107373872,2085234222,122611772253.59999,0,0,0,0,0,0,3637.2,0.012045376762356286,429.88,19.7,22.184728234828142
2019-05-28,59.98,61.43,61.97,59.03,265632,1615621120.0,2.28,4.47,5.0,58.8,7.583270110935917,465.84028291479336,454.84454125393626,469.9352487746988,447.64043464854717,0.044727891156462585,2085234222,128095938257.46,0,0,0,0,0,0,3672.26,0.009639282964918117,448.82,20.8,23.177004344651237
2019-05-29,60.21,59.21,61.15,58.79,255509,1527087520.0,2.2,-3.61,3.84,61.43,7.583270110935917,449.00542326851564,456.58869337945157,463.7169672837313,445.8204498219226,-0.036138694448966335,2085234222,123466718284.62,0,0,0,0,0,0,3663.91,-0.0022738041424082978,432.84,19.87,22.339417666397523
2019-05-30,60.02,60.75,61.94,58.28,213701,1288286208.0,1.84,2.6,6.18,59.21,7.583270110935917,460.683659239357,455.14787205837376,469.70775067137066,441.9529820653453,0.026009120081067483,2085234222,126677978986.5,0,0,0,0,0,0,3641.18,-0.006203755004899114,443.92,20.52,22.920446263023976
2019-05-31,60.88,63.35,63.65,58.8,268873,1662380992.0,2.31,4.28,7.98,60.75,7.583270110935917,480.4001615277904,461.66948435377867,482.6751425610711,445.8962825230319,0.04279835390946496,2085234222,132099587963.7,0,0,0,0,0,0,3629.79,-0.003128106822513521,462.64,21.61,23.90140363395175
2019-06-03,65.0,65.14,68.29,63.04,271613,1786115200.0,2.34,2.83,8.29,63.35,7.583270110935917,493.97421502636564,492.9125572108346,517.8615158758138,478.0493477934002,0.028255722178374132,2085234222,135832157221.08,0,0,0,0,0,0,3632.01,0.0006116056300777828,475.53,22.36,24.57675505470587
2019-06-04,64.2,64.36,66.5,62.22,196354,1259401728.0,1.69,-1.2,6.57,65.14,7.583270110935917,488.05926433983564,486.8459411220859,504.2874623772385,471.83106630243276,-0.011974209395148927,2085234222,134205674527.92,0,0,0,0,0,0,3598.47,-0.00923455607225765,469.92,22.03,24.28246784342754
2019-06-05,63.2,62.0,64.3,61.69,158436,992365872.0,1.36,-3.67,4.06,64.36,7.583270110935917,470.16274687802684,479.26267101114996,487.60426813317946,467.8119331436367,-0.03666873834679929,2085234222,129284521764.0,0,0,0,0,0,0,3597.11,-0.00037793840159838776,452.92,21.04,23.392060383662326
2019-06-06,60.03,58.01,60.28,57.2,281094,1644894752.0,2.42,-6.44,4.97,62.0,7.583270110935917,439.9054991353925,455.2237047594831,457.1195222872171,433.76305034553445,-0.0643548387096774,2085234222,120964437218.22,0,0,0,0,0,0,3564.68,-0.009015570833252329,424.2,19.37,21.8866681105847
2019-06-10,58.15,58.0,58.5,55.68,129900,746425712.0,1.12,-0.02,4.86,58.01,7.583270110935917,439.8296664342832,440.9671569509236,443.62130148975115,422.23647977691184,-0.00017238407171171755,2085234222,120943584876.0,0,0,0,0,0,0,3610.74,0.012921215929620589,424.12,19.36,21.882895197619597
2019-06-11,58.31,61.58,61.58,57.82,162956,980141376.0,1.4,6.17,6.48,58.0,7.583270110935917,466.9777734314338,442.18048016867334,466.9777734314338,438.4646778143147,0.061724137931034484,2085234222,128408723390.76,0,0,0,0,0,0,3719.28,0.03006032004519854,449.9,20.87,23.23359803912784
2019-06-12,60.5,61.08,62.23,60.31,107714,658938912.0,0.93,-0.81,3.12,61.58,7.583270110935917,463.1861383759658,458.787841711623,471.9068990035421,457.3470203905452,-0.008119519324455982,2085234222,127366106279.76,0,0,0,0,0,0,3691.1,-0.00757673528209768,446.3,20.66,23.0449523908725
2019-06-13,62.0,62.0,62.78,60.36,116656,714589184.0,1.0,1.51,3.96,61.08,7.583270110935917,470.16274687802684,470.16274687802684,476.0776975645569,457.7261838960919,0.015062213490504295,2085234222,129284521764.0,0,0,0,0,0,0,3685.39,-0.001546964319579569,452.92,21.04,23.392060383662326
2019-06-14,61.21,61.77,62.7,61.01,118154,731727440.0,1.02,-0.37,2.73,62.0,7.583270110935917,468.41859475251164,464.1719634903875,475.471035955682,462.6553094682003,-0.0037096774193547954,2085234222,128804917892.94,0,0,0,0,0,0,3654.88,-0.008278635368305642,451.27,20.95,23.30528338546487
2019-06-17,62.12,60.38,64.36,59.7,146354,903192064.0,1.26,-2.25,7.54,61.77,7.583270110935917,457.8778492983107,471.07273929133913,488.05926433983564,452.7212256228743,-0.022502833090497054,2085234222,125906442324.36,0,0,0,0,0,0,3654.82,-1.6416407652264375e-05,441.26,20.36,22.780848483315022
2019-06-18,61.02,62.44,62.7,59.6,162226,998357536.0,1.39,3.41,5.13,60.38,7.583270110935917,473.4993857268386,462.7311421693097,475.471035955682,451.96289861178064,0.03411725736998994,2085234222,130202024821.68,0,0,0,0,0,0,3667.62,0.003502224459754455,456.09,21.23,23.558068554127026
2019-06-19,65.5,61.95,65.6,61.6,198488,1262499520.0,1.71,-0.78,6.41,62.44,7.583270110935917,469.7835833724801,496.7041922663026,497.4625192773961,467.1294388336525,-0.007847533632286963,2085234222,129180260052.90001,0,0,0,0,0,0,3715.94,0.013174756381522768,452.56,21.02,23.373195818836795
2019-06-20,61.91,61.35,61.99,59.95,176309,1069435056.0,1.52,-0.97,3.29,61.95,7.583270110935917,465.2336213059185,469.4802525680426,470.0869141769175,454.61704315060825,-0.009685230024213065,2085234222,127929119519.7,0,0,0,0,0,0,3828.52,0.030296506402148538,448.24,20.77,23.146821040930384
2019-06-21,60.75,58.75,61.16,57.99,240669,1422046960.0,2.07,-4.24,5.17,61.35,7.583270110935917,445.51711901748513,460.683659239357,463.79279998484066,439.75383373317385,-0.04237978810105947,2085234222,122507510542.5,0,0,0,0,0,0,3833.94,0.001415690658531199,429.52,19.68,22.165863670002608
2019-06-24,58.0,59.79,60.43,57.07,146216,860285136.0,1.26,1.77,5.72,58.75,7.583270110935917,453.40371993285845,439.8296664342832,458.2570128038575,432.77722523111277,0.01770212765957435,2085234222,124676154133.38,0,0,0,0,0,0,3841.27,0.001911871338622806,437.01,20.11,22.55824661837372
2019-06-25,58.96,58.24,59.6,57.51,99913,582544560.0,0.86,-2.59,3.5,59.79,7.583270110935917,441.64965126090783,447.10960574078166,451.96289861178064,436.11386407992455,-0.02592406756982768,2085234222,121444041089.28,0,0,0,0,0,0,3801.31,-0.010402809487487175,425.85,19.46,21.973445108782162
2019-06-26,57.51,58.0,58.66,57.05,80105,463827936.0,0.69,-0.41,2.76,58.24,7.583270110935917,439.8296664342832,436.11386407992455,444.8346247075009,432.62555982889404,-0.004120879120879106,2085234222,120943584876.0,0,0,0,0,0,0,3794.33,-0.0018362090963378597,424.12,19.36,21.882895197619597
2019-06-27,57.95,58.5,58.85,57.6,89358,521187920.0,0.77,0.86,2.16,58.0,7.583270110935917,443.62130148975115,439.4505029287364,446.27544602857876,436.79635838990885,0.008620689655172376,2085234222,121986201987.0,0,0,0,0,0,0,3834.82,0.010671185690227292,427.72,19.57,22.07154084587494
2019-06-28,58.53,58.79,58.92,58.24,55216,323775456.0,0.47,0.5,1.16,58.5,7.583270110935917,445.8204498219226,443.8487995930792,446.80627493634427,441.64965126090783,0.004957264957264895,2085234222,122590919911.38,0,0,0,0,0,0,3825.59,-0.002406892631205637,429.81,19.69,22.18095532186304
2019-07-01,59.2,61.31,61.77,57.97,141307,849446064.0,1.21,4.29,6.46,58.79,7.583270110935917,464.93029050148107,448.9295905674063,468.41859475251164,439.6021683309551,0.0428644327266543,2085234222,127845710150.82,0,0,0,0,0,0,3935.81,0.028811242187479547,447.96,20.75,23.131729389069957
2019-07-02,61.38,63.39,63.8,61.0,163224,1029538288.0,1.4,3.39,4.57,61.31,7.583270110935917,480.70349233222777,465.46111940924663,483.8126330777115,462.57947676709097,0.033925950089708,2085234222,132182997332.58,0,0,0,0,0,0,3937.17,0.0003455451355629524,462.93,21.63,23.916495285812175
2019-07-03,63.0,60.89,63.74,60.55,151794,934923040.0,1.3,-3.94,5.03,63.39,7.583270110935917,461.745317054888,477.74601698896277,483.3576368710554,459.16700521716973,-0.039438397223536814,2085234222,126969911777.58,0,0,0,0,0,0,3893.53,-0.011084103556615488,444.93,20.58,22.973267044535472
2019-07-04,61.38,58.97,61.4,58.64,133528,797290832.0,1.14,-3.15,4.53,60.84,7.58950225271019,447.5529478423199,465.84364827135147,465.9954383164057,445.04841209892555,-0.03073635765943461,2085234222,122966262071.34,0,0,0,0,0,0,3873.1,-0.005247166453064556,431.47,19.79,22.267152492048925
2019-07-05,59.48,61.05,61.61,59.03,140444,846059248.0,1.2,3.53,4.38,58.97,7.58950225271019,463.33911252795707,451.4235939912021,467.5892337894748,448.00831797748253,0.03527217229099544,2085234222,127303549253.09999,0,0,0,0,0,0,3893.2,0.005189641372543852,446.44,20.66,23.05256333117834
2019-07-08,62.0,62.93,63.62,61.27,214453,1347519264.0,1.84,3.08,3.85,61.05,7.58950225271019,477.6073767630523,470.5491396680318,482.8441333174223,465.00880302355336,0.030794430794430783,2085234222,131223789590.46,0,0,0,0,0,0,3802.79,-0.023222541867872204,459.98,21.45,23.762453897314547
2019-07-09,62.03,64.8,65.5,61.3,226494,1445404992.0,1.94,2.97,6.67,62.93,7.58950225271019,491.7997459756203,470.7768247356131,497.11239755251745,465.2364880911346,0.02971555696805961,2085234222,135123177585.59999,0,0,0,0,0,0,3793.13,-0.002540240192069443,473.44,22.24,24.46856844980109
2019-07-10,64.69,64.65,66.74,63.8,145659,949593120.0,1.25,-0.23,4.54,64.8,7.58950225271019,490.66132063771386,490.96490072782217,506.523380345878,484.2102437229101,-0.0023148148148146586,2085234222,134810392452.30002,0,0,0,0,0,0,3786.74,-0.0016846245712645036,472.36,22.18,24.411928245056185
2019-07-11,64.98,65.16,65.95,63.82,115981,753191040.0,0.99,0.79,3.29,64.65,7.58950225271019,494.53196678659594,493.1658563811082,500.52767356623707,484.3620337679643,0.007888631090487097,2085234222,135873861905.51999,0,0,0,0,0,0,3785.22,-0.0004014006770995948,476.04,22.39,24.60450494118887
2019-07-12,65.36,65.23,65.88,63.85,107000,694064192.0,0.92,0.11,3.12,65.16,7.58950225271019,495.06323194428575,496.049867237138,499.99640840854727,484.5897188355456,0.0010742786985882269,2085234222,136019828301.06001,0,0,0,0,0,0,3808.73,0.006210999624856717,476.54,22.42,24.6309370367365
2019-07-15,65.4,68.92,69.88,64.8,176961,1191721168.0,1.52,5.66,7.79,65.23,7.58950225271019,523.0684952567863,496.3534473272465,530.354417419388,491.7997459756203,0.056569063314425794,2085234222,143714342580.24,0,0,0,0,0,0,3824.19,0.004059095814090252,503.11,23.97,26.024286073461283
2019-07-16,68.8,68.33,69.77,68.0,124245,853448048.0,1.06,-0.86,2.57,68.92,7.58950225271019,518.5906889276873,522.1577549864611,529.51957217159,516.0861531842929,-0.008560650029019179,2085234222,142484054389.26,0,0,0,0,0,0,3806.84,-0.00453690846950594,498.86,23.72,25.801501268131307
2019-07-17,68.89,70.19,73.99,68.1,290283,2065587824.0,2.49,2.72,8.62,68.33,7.58950225271019,532.7071631177282,522.840810189205,561.547271678027,516.8451034095639,0.02722084004097769,2085234222,146362590042.18,0,0,0,0,0,0,3804.64,-0.0005779071355770382,512.25,24.5,26.503839806968188
2019-07-18,70.15,70.49,71.81,69.0,157756,1113617920.0,1.35,0.43,4.0,70.19,7.58950225271019,534.9840137935413,532.4035830276199,545.0021567671188,523.6756554370031,0.0042741131215271455,2085234222,146988160308.78,0,0,0,0,0,0,3768.4,-0.00952521132091333,514.41,24.63,26.61712021645801
2019-07-19,70.31,71.75,71.85,69.73,140799,998078224.0,1.21,1.79,3.01,70.49,7.58950225271019,544.5467866319561,533.6179033880535,545.3057368572271,529.2159920814815,0.01787487586891756,2085234222,149615555428.5,0,0,0,0,0,0,3807.96,0.01049782401019006,523.48,25.16,27.09289793631525
2019-07-22,71.41,70.65,73.4,69.46,162299,1155309936.0,1.39,-1.53,5.49,71.75,7.58950225271019,536.198334153975,541.9663558660346,557.069465348928,527.1668264732498,-0.015331010452961591,2085234222,147321797784.30002,0,0,0,0,0,0,3781.68,-0.00690133299719542,515.56,24.7,26.67753643485258
2019-07-23,70.0,70.28,71.32,68.91,117672,822605600.0,1.01,-0.52,3.41,70.65,7.58950225271019,533.3902183204722,531.2651576897133,541.2833006632907,522.9926002342592,-0.0052370842179759736,2085234222,146550261122.16,0,0,0,0,0,0,3789.91,0.002176281441052641,512.9,24.54,26.537823929815133
2019-07-24,70.3,70.71,71.2,69.6,107856,759034624.0,0.92,0.61,2.28,70.28,7.58950225271019,536.6537042891375,533.5420083655264,540.3725603929655,528.2293567886292,0.006118383608423317,2085234222,147446911837.62,0,0,0,0,0,0,3819.83,0.00789464657472072,516.0,24.72,26.70019251675054
2019-07-25,70.35,71.71,71.9,70.08,106193,754441952.0,0.91,1.41,2.57,70.71,7.58950225271019,544.2432065418477,533.9214834781618,545.6852119698627,531.8723178699302,0.014142271248762661,2085234222,149532146059.62,0,0,0,0,0,0,3851.07,0.008178374430275692,523.2,25.14,27.07779388171661
2019-07-26,71.32,71.54,72.49,70.4,129529,922579280.0,1.11,-0.24,2.91,71.71,7.58950225271019,542.952991158887,541.2833006632907,550.1630182989617,534.3009585907974,-0.002370659601171221,2085234222,149177656241.88,0,0,0,0,0,0,3858.57,0.0019475106918336316,521.97,25.07,27.013601649672378
2019-07-29,71.51,76.0,76.2,70.36,208509,1539103392.0,1.79,6.23,8.16,71.54,7.58950225271019,576.8021712059744,542.7253060913057,578.3200716565165,533.997378500689,0.06234274531730488,2085234222,158477800872.0,0,0,0,0,0,0,3854.27,-0.0011144024858951163,554.08,26.95,28.697703737421033
2019-07-30,75.98,77.16,77.95,75.1,151594,1164751792.0,1.3,1.53,3.75,76.0,7.58950225271019,585.6059938191182,576.6503811609202,591.6017005987593,569.9716191785352,0.015263157894736867,2085234222,160896672569.52,0,0,0,0,0,0,3870.32,0.004164212678406054,562.44,27.43,29.135721320781666
2019-07-31,76.7,76.6,78.2,76.25,108680,838288544.0,0.93,-0.73,2.53,77.16,7.58950225271019,581.3558725576005,582.1148227828716,593.4990761619368,578.699546769152,-0.007257646448937338,2085234222,159728941405.19998,0,0,0,0,0,0,3835.36,-0.00903284482936817,558.4,27.2,28.92426455640067
2019-08-01,76.14,77.39,78.77,76.1,138121,1074334176.0,1.18,1.03,3.49,76.6,7.58950225271019,587.3515793372416,577.8647015213538,597.8250924459817,577.5611214312454,0.010313315926893107,2085234222,161376276440.58,0,0,0,0,0,0,3803.47,-0.008314734470818985,564.09,27.53,29.22256963472386
2019-08-02,76.34,78.2,78.5,76.34,128123,994937728.0,1.1,1.05,2.79,77.39,7.58950225271019,593.4990761619368,579.382601971896,595.7759268377499,579.382601971896,0.01046646853598654,2085234222,163065316160.4,0,0,0,0,0,0,3747.44,-0.014731284853041982,569.92,27.87,29.528426740346376
2019-08-05,79.11,77.6,80.55,77.29,175179,1382960096.0,1.5,-0.77,4.17,78.2,7.58950225271019,588.9453748103107,600.4055232119032,611.3344064558058,586.5926291119706,-0.007672634271099876,2085234222,161814175627.19998,0,0,0,0,0,0,3675.69,-0.01914640394509315,565.6,27.62,29.301865921366737
2019-08-06,73.77,75.26,76.66,71.6,207550,1551018640.0,1.78,-3.02,6.52,77.6,7.58950225271019,571.1859395389689,559.8775811824307,581.8112426927631,543.4083612940495,-0.030154639175257625,2085234222,156934727547.72,0,0,0,0,0,0,3636.33,-0.010708193563657487,548.76,26.63,28.418278727346145
2019-08-07,76.1,75.31,78.4,74.8,140003,1068112336.0,1.2,0.07,4.78,75.26,7.58950225271019,571.5654146516044,577.5611214312454,595.016976612479,567.6947685027222,0.0006643635397289849,2085234222,157038989258.82,0,0,0,0,0,0,3621.43,-0.0040975379022256675,549.12,26.66,28.43715879559445
2019-08-08,75.99,75.67,76.95,74.67,96676,731342272.0,0.83,0.48,3.03,75.31,7.58950225271019,574.29763546258,576.7262761834473,584.0121983460491,566.7081332098699,0.004780241667773133,2085234222,157789673578.74,0,0,0,0,0,0,3669.29,0.013215773879379222,551.71,26.81,28.57309528698223
2019-08-09,76.27,72.74,76.29,72.6,143525,1065066512.0,1.23,-3.87,4.88,75.67,7.58950225271019,552.0603938621392,578.8513368142062,579.0031268592604,550.9978635467597,-0.03872076119994727,2085234222,151679937308.28,0,0,0,0,0,0,3633.53,-0.009745754628279535,530.61,25.58,27.466723287631655
2019-08-12,72.56,73.45,75.4,70.63,225207,1649100160.0,1.93,0.98,6.56,72.74,7.58950225271019,557.4489404615634,550.6942834566514,572.2484698543484,536.0465441089207,0.009760791861424423,2085234222,153160453605.9,0,0,0,0,0,0,3699.1,0.01804581219915602,535.72,25.87,27.734820256757562
2019-08-13,73.5,72.71,74.5,72.5,106282,778962192.0,0.91,-1.01,2.72,73.45,7.58950225271019,551.8327087945579,557.828415574199,565.4179178269092,550.2389133214888,-0.010074880871341119,2085234222,151617380281.62,0,0,0,0,0,0,3665.75,-0.009015706523208378,530.4,25.56,27.455395246682674
2019-08-14,73.49,72.28,73.49,71.85,133171,965203968.0,1.14,-0.59,2.26,72.71,7.58950225271019,548.5692228258926,557.7525205516719,557.7525205516719,545.3057368572271,-0.005913904552331095,2085234222,150720729566.16,0,0,0,0,0,0,3682.4,0.004542044602059647,527.3,25.38,27.293026659747266
2019-08-15,71.16,72.35,72.8,70.45,136452,979874064.0,1.17,0.1,3.25,72.28,7.58950225271019,549.1004879835822,540.0689803028571,552.5157639973019,534.6804337034329,0.0009684560044271873,2085234222,150866695961.69998,0,0,0,0,0,0,3694.0,0.0031501194872909366,527.8,25.41,27.31945875529489
2019-08-16,72.6,75.1,76.45,72.02,171078,1276569840.0,1.47,3.8,6.12,72.35,7.58950225271019,569.9716191785352,550.9978635467597,580.217447219694,546.5959522401879,0.038009675190048275,2085234222,156601090072.19998,0,0,0,0,0,0,3710.54,0.004477531131564794,547.6,26.57,28.35786250895157
2019-08-19,75.55,71.35,75.89,67.59,420999,2964263824.0,3.61,-4.99,11.05,75.1,7.58950225271019,541.510985730872,573.3868951922549,575.9673259581763,512.9744572606818,-0.049933422103861536,2085234222,148781461739.69998,0,1,0,0,0,0,3791.09,0.021708430578837534,520.6,24.99,26.94185739032882
2019-08-20,70.0,70.45,71.59,69.35,145281,1021911120.0,1.24,-1.26,3.14,71.35,7.58950225271019,534.6804337034329,531.2651576897133,543.3324662715225,526.3319812254516,-0.012613875262788898,2085234222,146904750939.9,0,0,0,0,0,0,3787.73,-0.0008862886399426673,514.12,24.61,26.602016161859364
2019-08-21,70.4,70.17,70.99,70.0,91398,643812880.0,0.78,-0.4,1.41,70.45,7.58950225271019,532.555373072674,534.3009585907974,538.7787649198964,531.2651576897133,-0.003974449964513904,2085234222,146320885357.74,0,0,0,0,0,0,3781.76,-0.0015761419108542007,512.11,24.5,26.496287779668865
2019-08-22,69.85,71.15,71.9,69.0,118612,838918032.0,1.02,1.4,4.13,70.17,7.58950225271019,539.9930852803301,530.1267323518067,545.6852119698627,523.6756554370031,0.013966082371383859,2085234222,148364414895.30002,0,0,0,0,0,0,3793.51,0.0031070189541377857,519.16,24.91,26.866337117335615
2019-08-23,71.49,69.82,71.49,69.5,90063,631238384.0,0.77,-1.87,2.8,71.15,7.58950225271019,529.8990472842254,542.5735160462515,542.5735160462515,527.4704065633582,-0.018692902319044413,2085234222,145591053380.03998,0,0,0,0,0,0,3820.86,0.007209681798650891,509.59,24.35,26.36412730193074
2019-08-26,69.18,71.29,71.4,69.1,120164,843541440.0,1.03,2.11,3.29,69.82,7.58950225271019,541.0556155957095,525.041765842491,541.8904608435076,524.4346056622741,0.02105413921512489,2085234222,148656347686.38,0,0,0,0,0,0,3765.91,-0.014381579016242485,520.17,24.97,26.91920130843086
2019-08-27,74.0,78.32,78.42,73.22,340446,2602757808.0,2.92,9.86,7.29,71.29,7.58950225271019,594.409816432262,561.6231667005541,595.1687666575331,555.7033549434401,0.09861130593351075,2085234222,163315544267.03998,1,0,0,0,0,0,3816.95,0.013553165104848386,570.79,27.92,29.573738904142303
2019-08-28,78.9,80.72,82.22,77.3,233912,1872125376.0,2.0,3.06,6.28,78.32,7.58950225271019,612.6246218387665,598.8117277388341,624.0088752178318,586.6685241344977,0.0306435137895813,2085234222,168320106399.84,0,0,0,0,0,0,3802.58,-0.0037647860202517647,588.07,28.93,30.479982180060865
2019-08-29,80.85,80.31,82.25,79.38,154578,1241264704.0,1.32,-0.51,3.56,80.72,7.58950225271019,609.5129259151554,613.6112571316188,624.2365602854131,602.4546888201348,-0.005079286422200124,2085234222,167465160368.82,0,0,0,0,0,0,3790.19,-0.003258314092011161,585.12,28.76,30.32516562042478
2019-08-30,80.33,80.4,82.48,79.0,188410,1519253088.0,1.61,0.11,4.33,80.31,7.58950225271019,610.1959811178994,609.6647159602096,625.9821458035365,599.570677964105,0.0011206574523721091,2085234222,167652831448.80002,0,0,0,0,0,0,3799.59,0.002480086750268562,585.76,28.79,30.35914974327173
2019-09-02,80.55,80.27,82.0,78.5,173664,1387699552.0,1.49,-0.16,4.35,80.4,7.58950225271019,609.209345825047,611.3344064558058,622.3391847222356,595.7759268377499,-0.0016169154228856675,2161897822,173535538171.94,0,0,0,0,0,0,3848.32,0.012825067967859649,584.83,28.74,30.310061565826135
2019-09-03,80.99,81.0,82.4,80.08,135530,1095352352.0,1.16,0.91,2.89,80.27,7.58950225271019,614.7496824695254,614.6737874469983,625.3749856233197,607.7673403970321,0.009094306714837463,2161897822,175113723582.0,0,0,0,0,0,0,3853.61,0.001374625810743435,590.08,29.05,30.585710562251364
2019-09-04,80.0,80.16,81.68,79.54,160414,1286384048.0,1.37,-1.04,2.64,81.0,7.58950225271019,608.3745005772488,607.1601802168152,619.9105440013684,603.6690091805685,-0.010370370370370363,2161897822,173297729411.52,0,0,0,0,0,0,3886.0,0.00840510586177623,584.04,28.69,30.268525415679868
2019-09-05,81.0,82.39,82.98,79.5,177244,1433024288.0,1.52,2.78,4.34,80.16,7.58950225271019,625.2990906007925,614.7496824695254,629.7768969298916,603.3654290904601,0.02781936127744511,2161897822,178118761554.58,0,0,0,0,0,0,3925.32,0.010118373648996482,600.09,29.63,31.110576459554192
2019-09-06,81.9,76.02,81.95,74.8,350697,2724083136.0,3.01,-7.73,8.68,82.39,7.58950225271019,576.9539612510287,621.5802344969646,621.9597096096,567.6947685027222,-0.07731520815632975,2161897822,164347472428.44,0,0,0,0,0,0,3948.51,0.0059077985998594595,554.23,26.95,28.705255764720356
2019-09-09,76.18,72.98,76.2,71.5,373533,2731944256.0,3.2,-4.0,6.18,76.02,7.58950225271019,553.8818744027897,578.1682816114624,578.3200716565165,542.6494110687786,-0.039989476453564765,2161897822,157775303049.56,0,0,0,0,0,0,3972.95,0.006189676612190276,532.34,25.68,27.557347615223513
2019-09-10,72.92,73.0,74.48,72.3,164962,1208646816.0,1.41,0.03,2.99,72.98,7.58950225271019,554.0336644478439,553.426504267627,565.266127781855,548.7210128709468,0.00027404768429706294,2161897822,157818541006.0,0,0,0,0,0,0,3959.27,-0.003443285216275016,532.48,25.69,27.564899642522835
2019-09-11,71.77,69.8,72.8,69.8,283820,2013622320.0,2.43,-4.38,4.11,73.0,7.58950225271019,529.7472572391713,544.6985766770104,552.5157639973019,529.7472572391713,-0.043835616438356206,2161897822,150900467975.6,0,0,0,0,0,0,3930.1,-0.0073675197700586725,509.44,24.34,26.356575274631425
2019-09-12,69.99,70.3,70.5,68.43,133224,930011024.0,1.14,0.72,2.97,69.8,7.58950225271019,533.5420083655264,531.1892626671862,535.0599088160684,519.3496391529584,0.007163323782235054,2161897822,151981416886.6,0,0,0,0,0,0,3972.38,0.010757995979746138,513.04,24.55,26.545375957114455
2019-09-16,70.9,72.0,73.15,70.2,193556,1395161312.0,1.66,2.42,4.2,70.3,7.58950225271019,546.4441621951337,538.0957097171525,555.1720897857505,532.7830581402553,0.024182076813655806,2161897822,155656643184.0,0,0,0,0,0,0,3957.72,-0.003690482783620941,525.28,25.26,27.187298277556767
2019-09-17,71.78,72.3,73.16,71.62,98167,710769472.0,0.84,0.42,2.14,72.0,7.58950225271019,548.7210128709468,544.7744716995375,555.2479848082775,543.5601513391039,0.004166666666666652,2161897822,156305212530.6,0,0,0,0,0,0,3891.22,-0.016802603519197934,527.44,25.39,27.30057868704659
2019-09-18,72.3,72.08,72.53,71.51,69479,500314800.0,0.6,-0.3,1.41,72.3,7.58950225271019,547.0513223753505,548.7210128709468,550.4665983890701,542.7253060913057,-0.003042876901798053,2161897822,155829595009.76,0,0,0,0,0,0,3910.08,0.004846808969937388,525.86,25.3,27.217506386754057
2019-09-19,72.2,74.98,75.08,71.21,157427,1161462496.0,1.35,4.02,5.37,72.08,7.58950225271019,569.06087890821,547.9620626456757,569.8198291334811,540.4484554154926,0.04023307436182022,2161897822,162099098693.56,0,0,0,0,0,0,3924.38,0.0036572141746460396,546.74,26.52,28.312550345155646
2019-09-20,74.4,74.97,75.71,73.9,103302,772007808.0,0.89,-0.01,2.41,74.98,7.58950225271019,568.9849838856829,564.6589676016382,574.6012155526885,560.8642164752831,-0.0001333688983730097,2161897822,162077479715.34,0,0,0,0,0,0,3935.65,0.0028717912128795042,546.67,26.51,28.308774331505983
2019-09-23,74.5,72.46,74.77,72.3,85562,627201920.0,0.73,-3.35,3.29,74.97,7.58950225271019,549.9353332313804,565.4179178269092,567.4670834351409,548.7210128709468,-0.03348005869014281,2161897822,156651116182.12,0,0,0,0,0,0,3890.66,-0.011431402690788128,528.6,25.46,27.360994905441157
2019-09-24,72.25,69.49,72.25,69.01,202319,1414411488.0,1.73,-4.1,4.47,72.46,7.58950225271019,527.3945115408311,548.3415377583112,548.3415377583112,523.7515504595302,-0.04098813138283186,2161897822,150230279650.78,0,0,0,0,0,0,3901.08,0.0026782088386032576,507.21,24.21,26.23951885149194
2019-09-25,69.5,69.6,70.46,68.86,116477,811873920.0,1.0,0.16,2.3,69.49,7.58950225271019,528.2293567886292,527.4704065633582,534.75632872596,522.6131251216237,0.0015829615772053884,2161897822,150468088411.19998,0,0,0,0,0,0,3870.98,-0.007715812031539926,508.0,24.26,26.281055001638205
2019-09-26,69.6,62.64,70.26,62.64,341164,2186238256.0,2.92,-10.0,10.95,69.6,7.58950225271019,475.4064211097663,528.2293567886292,533.238428275418,475.4064211097663,-0.09999999999999987,2161897822,135421279570.08,0,1,0,1,0,0,3841.14,-0.007708642255966236,457.89,21.33,23.65294950147439
2019-09-27,63.52,68.0,68.58,63.52,268154,1787691552.0,2.3,8.56,8.08,62.64,7.58950225271019,516.0861531842929,482.0851830921513,520.4880644908649,482.0851830921513,0.08556832694763727,2161897822,147009051896.0,0,0,0,0,0,0,3852.65,0.002996506245541708,496.48,23.58,25.676892817692504
2019-09-30,68.15,70.5,71.41,68.0,160428,1129615536.0,1.37,3.68,5.01,68.0,7.58950225271019,535.0599088160684,517.2245785221995,541.9663558660346,516.0861531842929,0.03676470588235303,2161897822,152413796451.0,0,0,0,0,0,0,3814.53,-0.009894488209414298,514.48,24.63,26.620896230107668
2019-10-08,73.6,75.15,75.48,71.5,255083,1887734112.0,2.19,6.6,5.65,70.5,7.58950225271019,570.3510942911709,558.5873657994699,572.8556300345651,542.6494110687786,0.06595744680851068,2161897822,162466621323.30002,0,0,0,0,0,0,3837.68,0.006068899707172282,547.96,26.59,28.37674257719988
2019-10-09,75.8,76.0,76.4,74.3,171027,1293287792.0,1.47,1.13,2.79,75.15,7.58950225271019,576.8021712059744,575.2842707554324,579.8379721070586,563.9000173763671,0.01131071190951416,2161897822,164304234472.0,0,0,0,0,0,0,3843.24,0.0014487919784869074,554.08,26.95,28.697703737421033
2019-10-10,76.6,82.01,82.87,76.1,305857,2465322080.0,2.62,7.91,8.91,76.0,7.58950225271019,622.4150797447627,581.3558725576005,628.9420516820935,577.5611214312454,0.07907894736842103,2161897822,177297240382.22,0,0,0,0,0,0,3874.64,0.008170189735743794,597.36,29.47,30.967087940867092
2019-10-11,81.19,82.3,83.66,80.7,198789,1639032256.0,1.7,0.35,3.61,82.01,7.58950225271019,624.6160353980487,616.1916878975403,634.9377584617345,612.4728317937123,0.0035361541275453767,2161897822,177924190750.6,0,0,0,0,0,0,3911.73,0.009572502219561185,599.44,29.59,31.07659233670725
2019-10-14,82.3,83.15,83.5,80.1,219565,1809128704.0,1.88,1.03,4.13,82.3,7.58950225271019,631.0671123128524,624.6160353980487,633.7234381013009,607.9191304420862,0.010328068043742533,2161897822,179761803899.30002,0,0,0,0,0,0,3953.24,0.010611673096047047,605.56,29.95,31.39755349692841
2019-10-15,82.0,83.79,85.4,81.78,149301,1243741584.0,1.28,0.77,4.35,83.15,7.58950225271019,635.9243937545868,622.3391847222356,648.1434923814503,620.6694942266394,0.007696933253156901,2161897822,181145418505.38,0,0,0,0,0,0,3936.25,-0.004297740587467458,610.17,30.22,31.63921837050669
2019-10-16,83.5,82.35,83.79,82.0,105546,874879696.0,0.9,-1.72,2.14,83.79,7.58950225271019,624.9955105106841,633.7234381013009,635.9243937545868,622.3391847222356,-0.017185821697100034,2161897822,178032285641.69998,0,0,0,0,0,0,3922.69,-0.003444903143855149,599.8,29.61,31.09547240495555
2019-10-17,82.79,83.05,84.37,81.7,105419,875483072.0,0.9,0.85,3.24,82.35,7.58950225271019,630.3081620875813,628.3348915018767,640.3263050611588,620.0623340464225,0.00850030358227083,2161897822,179545614117.1,0,0,0,0,0,0,3925.22,0.0006449655720945913,604.84,29.91,31.3597933604318
2019-10-18,83.3,87.3,88.66,82.5,244206,2112679472.0,2.09,5.12,7.42,83.05,7.58950225271019,662.5635466615996,632.2055376507589,672.8852697252854,626.1339358485907,0.0511739915713425,2161897822,188733679860.6,0,0,0,0,0,0,3869.38,-0.014225954214031278,635.44,31.69,32.964599161537585
2019-10-21,88.5,88.27,90.7,87.59,254132,2263009760.0,2.18,1.11,3.56,87.3,7.58950225271019,669.9253638467285,671.6709493648518,688.3678543208142,664.7645023148856,0.011111111111111072,2161897822,190830720747.94,0,0,0,0,0,0,3880.84,0.0029617147966858326,642.43,32.1,33.330872485554664
2019-10-22,88.5,89.8,90.3,86.33,176609,1564928672.0,1.51,1.73,4.5,88.27,7.58950225271019,681.5373022933751,671.6709493648518,685.3320534197302,655.2017294764707,0.01733318228163583,2161897822,194138424415.6,0,0,0,0,0,0,3895.88,0.0038754496449222575,653.44,32.74,33.90860257395275
2019-10-23,89.66,89.39,90.4,88.61,113596,1017258816.0,0.97,-0.46,1.99,89.8,7.58950225271019,678.4256063697638,680.4747719779956,686.0910036450013,672.50579461265,-0.00456570155902003,2161897822,193252046308.58,0,0,0,0,0,0,3871.08,-0.006365699148844439,650.49,32.57,33.75378601431666
2019-10-24,89.94,90.66,91.59,88.6,156811,1415313200.0,1.34,1.42,3.34,89.39,7.58950225271019,688.0642742307058,682.5998326087545,695.1225113257264,672.4298995901228,0.014207405750083835,2161897822,195997656542.52,0,0,0,0,0,0,3870.67,-0.00010591359517242438,659.64,33.11,34.233339747823564
2019-10-25,91.99,99.73,99.73,90.1,306040,2918488464.0,2.62,10.0,10.62,90.66,7.58950225271019,756.9010596627872,698.1583122268104,756.9010596627872,683.8141529691881,0.10004412089124215,2161897822,215606069788.06,1,0,1,0,0,0,3896.79,0.0067481857146178825,724.94,36.92,37.658184128065784
2019-10-28,97.8,99.78,103.6,96.5,281083,2795834784.0,2.41,0.05,7.12,99.73,7.58950225271019,757.2805347754228,742.2533203150566,786.2724333807756,732.3869673865333,0.0005013536548681419,2161897822,215714164679.16,0,0,0,0,0,0,3926.59,0.007647319973619338,725.3,36.94,37.677064196314085
2019-10-29,99.9,101.03,103.6,98.6,214933,2177582464.0,1.84,1.25,5.01,99.78,7.58950225271019,766.7674125913105,758.1912750457481,786.2724333807756,748.3249221172247,0.012527560633393442,2161897822,218416536956.66,0,0,0,0,0,0,3910.23,-0.004166465049826984,734.3,37.46,38.14906590252167
2019-10-30,100.28,100.18,102.59,97.01,160370,1596868960.0,1.37,-0.84,5.52,101.03,7.58950225271019,760.3163356765069,761.0752859017779,778.6070361055384,736.2576135354155,-0.008413342571513382,2161897822,216578923807.96002,0,0,0,0,0,0,3891.23,-0.004859049211938915,728.18,37.11,37.82810474230052
2019-10-31,101.0,98.5,101.58,97.07,151760,1494988768.0,1.3,-1.68,4.5,100.18,7.58950225271019,747.5659718919537,766.5397275237292,770.9416388303011,736.7129836705781,-0.01676981433419855,2161897822,212946935467.0,0,0,0,0,0,0,3886.75,-0.0011513069132382814,716.08,36.4,37.193734449157525
2019-11-01,96.64,94.65,97.0,92.3,273145,2582292736.0,2.34,-3.91,4.77,98.5,7.58950225271019,718.3463882190196,733.4494977019127,736.1817185128884,700.5110579251506,-0.03908629441624356,2161897822,204623628852.30002,0,0,0,0,0,0,3952.39,0.016888145622949713,688.36,34.78,35.739969194038174
2019-11-04,93.83,95.66,96.29,93.33,197565,1876456704.0,1.69,1.07,3.13,94.65,7.58950225271019,726.0117854942567,712.1229963717972,730.7931719134642,708.3282452454421,0.010670892762810302,2161897822,206807145652.52,0,0,0,0,0,0,3978.12,0.00650998509762446,695.64,35.21,36.12134657265389
2019-11-05,95.67,99.1,99.1,95.51,205842,2011427408.0,1.76,3.6,3.75,95.66,7.58950225271019,752.1196732435798,726.0876805167838,752.1196732435798,724.8733601563503,0.035960694125026116,2161897822,214244074160.19998,0,0,0,0,0,0,4002.81,0.006206449277548209,720.4,36.65,37.42029526813716
2019-11-06,99.11,94.79,99.14,91.79,280944,2659682096.0,2.41,-4.35,7.42,99.1,7.58950225271019,719.4089185343989,752.195568266107,752.4232533336882,696.6404117762684,-0.04349142280524709,2161897822,204926294547.38,0,0,0,0,0,0,3984.88,-0.0044793532543387915,689.37,34.84,35.79283338513342
2019-11-07,94.0,95.68,98.07,93.0,170358,1636324832.0,1.46,0.94,5.35,94.79,7.58950225271019,726.1635755393111,713.4132117547579,744.3024859232883,705.8237095020477,0.009389176073425487,2161897822,206850383608.96002,0,0,0,0,0,0,3991.87,0.0017541306137198731,695.78,35.21,36.12889859995322
2019-11-08,95.68,93.02,96.44,92.63,138295,1298035360.0,1.19,-2.78,3.98,95.68,7.58950225271019,705.9754995471019,726.1635755393111,731.9315972513707,703.0155936685449,-0.027801003344481767,2161897822,201099735402.44,0,0,0,0,0,0,3973.01,-0.004724602755099672,676.63,34.1,35.12447896914348
2019-11-11,92.2,93.88,96.24,92.0,146105,1377334800.0,1.25,0.92,4.56,93.02,7.58950225271019,712.5024714844326,699.7521076998795,730.4136968008287,698.2342072493375,0.00924532358632546,2161897822,202958967529.36,0,0,0,0,0,0,3902.98,-0.017626434365883847,682.82,34.46,35.4492161430143
2019-11-12,93.61,96.0,97.48,93.61,164589,1577734048.0,1.41,2.26,4.12,93.88,7.58950225271019,728.5922162601782,710.453305876201,739.8246795941893,710.453305876201,0.0225820195994888,2161897822,207542190912.0,0,0,0,0,0,0,3903.69,0.00018191228240982404,698.08,35.35,36.249731036742354
2019-11-13,95.99,94.13,97.39,93.3,163674,1559171824.0,1.4,-1.95,4.26,96.0,7.58950225271019,714.3998470476101,728.5163212376511,739.1416243914454,708.1005601778608,-0.019479166666666714,2161897822,203499441984.86,0,0,0,0,0,0,3899.98,-0.0009503828428999439,684.62,34.56,35.54361648425581
2019-11-14,95.2,94.95,95.45,92.8,108262,1023051536.0,0.93,0.87,2.82,94.13,7.58950225271019,720.6232388948325,722.5206144580101,724.4179900211876,704.3058090515057,0.008711356634441891,2161897822,205272198198.9,0,0,0,0,0,0,3905.86,0.001507700039487414,690.52,34.91,35.853249603527985
2019-11-15,94.0,90.78,94.0,90.09,185532,1696741152.0,1.59,-4.39,4.12,94.95,7.58950225271019,688.9750145010311,713.4132117547579,713.4132117547579,683.7382579466611,-0.04391785150078986,2161897822,196257084281.16,0,0,0,0,0,0,3877.09,-0.007365855407003852,660.5,33.16,34.27865191161949
2019-11-18,90.31,92.57,93.55,87.37,201972,1843007456.0,1.73,1.97,6.81,90.78,7.58950225271019,702.5602235333822,685.4079484422573,709.9979357410383,663.0948118192894,0.019717999559374144,2161897822,200126881382.53998,0,0,0,0,0,0,3907.93,0.007954419422814496,673.39,33.91,34.95455835490875
2019-11-19,93.4,95.68,95.85,93.02,148550,1408449552.0,1.27,3.36,3.06,92.57,7.58950225271019,726.1635755393111,708.8595104031318,727.4537909222717,705.9754995471019,0.03359619747218345,2161897822,206850383608.96002,0,0,0,0,0,0,3947.04,0.010007855821368317,695.78,35.21,36.12889859995322
2019-11-20,96.0,92.5,96.24,92.2,154503,1455901728.0,1.32,-3.32,4.22,95.68,7.58950225271019,702.0289583756926,728.5922162601782,730.4136968008287,699.7521076998795,-0.03323578595317733,2161897822,199975548535.0,0,0,0,0,0,0,3907.86,-0.009926425878633016,672.88,33.88,34.92812625936113
2019-11-21,92.6,93.53,94.55,91.94,108845,1018291824.0,0.93,1.11,2.82,92.5,7.58950225271019,709.8461456959841,702.7879086009635,717.5874379937485,697.7788371141748,0.011135135135135199,2161897822,202202303291.66,0,0,0,0,0,0,3889.6,-0.004672634127118269,680.3,34.31,35.31705566527617
2019-11-22,94.2,92.0,95.35,90.65,122227,1140833776.0,1.05,-1.64,5.03,93.53,7.58950225271019,698.2342072493375,714.9311122052999,723.6590397959166,687.9883792081788,-0.016358387683096387,2161897822,198894599624.0,0,0,0,0,0,0,3849.99,-0.010183566433566438,669.28,33.67,34.739325576878095
2019-11-25,92.1,89.22,92.8,88.48,146345,1314349744.0,1.25,-3.02,4.7,92.0,7.58950225271019,677.1353909868031,698.9931574746084,704.3058090515057,671.5191593197976,-0.030217391304347863,2161897822,192884523678.84,0,0,0,0,0,0,3878.21,0.00732988916854338,649.27,32.5,33.689593782272425
2019-11-26,90.45,91.0,91.27,88.95,110913,1001521888.0,0.95,2.0,2.6,89.22,7.58950225271019,690.6447049966273,686.4704787576367,692.6938706048591,675.0862253785714,0.01995068370320552,2161897822,196732701802.0,0,0,0,0,0,0,3891.65,0.0034655163077812468,662.08,33.25,34.361724211912026
2019-11-27,90.85,89.94,91.89,89.44,82411,744093664.0,0.71,-1.16,2.69,91.0,7.58950225271019,682.5998326087545,689.5062796587207,697.3993620015393,678.8050814823994,-0.011648351648351651,2161897822,194441090110.68,0,0,0,0,0,0,3875.62,-0.00411907545642598,654.45,32.8,33.961466765047994
2019-11-28,90.04,90.5,91.97,88.34,91495,828915888.0,0.78,0.62,4.04,89.94,7.58950225271019,686.8499538702722,683.3587828340255,698.0065221817562,670.4566290044182,0.00622637313764729,2161897822,195651752891.0,0,0,0,0,0,0,3862.3,-0.003436869455725744,658.48,33.04,34.17292352942899
2019-11-29,90.68,86.8,91.0,85.9,200228,1745287168.0,1.72,-4.09,5.64,90.5,7.58950225271019,658.7687955352445,688.2160642757601,690.6447049966273,651.9382435078054,-0.04088397790055254,2161897822,187652730949.6,0,0,0,0,0,0,3828.67,-0.008707246977189831,631.84,31.48,32.77579847905455
2019-12-02,89.69,90.17,92.36,89.09,192309,1744722848.0,1.65,3.88,3.77,86.8,7.58950225271019,684.3454181268778,680.7024570455769,700.9664280603132,676.1487556939509,0.03882488479262669,2161897822,194938326609.74,0,0,0,0,0,0,3836.06,0.00193017418581376,656.11,32.9,34.04831507899019
2019-12-03,90.68,89.95,93.35,89.19,156465,1422343088.0,1.34,-0.24,4.61,90.17,7.58950225271019,682.6757276312816,688.2160642757601,708.4800352904962,676.9077059192218,-0.002439835865587159,2161897822,194462709088.9,0,0,0,0,0,0,3851.09,0.003918082616017449,654.52,32.81,33.96524277869766
2019-12-04,89.9,90.6,90.8,88.28,87168,780502496.0,0.75,0.72,2.8,89.95,7.58950225271019,687.6089040955432,682.2962525186462,689.1268045460853,670.0012588692556,0.007226236798221208,2161897822,195867942673.19998,0,0,0,0,0,0,3849.82,-0.00032977676450041127,659.2,33.08,34.21068366592559
2019-12-05,91.4,90.4,91.47,89.75,90449,817303840.0,0.78,-0.22,1.9,90.6,7.58950225271019,686.0910036450013,693.6805058977114,694.2117710554011,681.1578271807396,-0.002207505518763697,2161897822,195435563108.80002,0,0,0,0,0,0,3879.36,0.007673086014410968,657.76,33.0,34.13516339293239
2019-12-06,91.01,91.15,93.7,90.72,178083,1640849168.0,1.53,0.83,3.3,90.4,7.58950225271019,691.7831303345339,690.7206000191544,711.1363610789448,688.5196443658684,0.00829646017699126,2161897822,197056986475.30002,0,0,0,0,0,0,3902.39,0.0059365462344302955,663.16,33.31,34.41836441665694
2019-12-09,90.89,88.7,91.15,87.7,195653,1734330352.0,1.68,-2.69,3.78,91.15,7.58950225271019,673.1888498153938,689.8098597488291,691.7831303345339,665.5993475626836,-0.02687877125617122,2161897822,191760336811.4,0,0,0,0,0,0,3895.45,-0.001778397341116622,645.52,32.28,33.49324107249007
2019-12-10,86.9,84.0,86.9,83.1,315323,2669797408.0,2.7,-5.3,4.28,88.7,7.58950225271019,637.518189227656,659.5277457605156,659.5277457605156,630.6876372002167,-0.05298759864712521,2161897822,181599417048.0,0,0,0,0,0,0,3900.38,0.0012655790730211613,611.68,30.31,31.718514657149562
2019-12-11,83.5,82.35,84.42,82.12,168411,1394575728.0,1.44,-1.96,2.74,84.0,7.58950225271019,624.9955105106841,633.7234381013009,640.7057801737942,623.2499249925609,-0.019642857142857184,2161897822,178032285641.69998,0,0,0,0,0,0,3902.75,0.0006076331024156278,599.8,29.61,31.09547240495555
2019-12-12,83.65,82.61,84.37,82.46,137151,1141285520.0,1.18,0.32,2.32,82.35,7.58950225271019,626.9687810963889,634.8618634392075,640.3263050611588,625.8303557584823,0.0031572556162720034,2161897822,178594379075.42,0,0,0,0,0,0,3891.02,-0.0030055729934020947,601.68,29.72,31.193648759846734
2019-12-13,82.39,83.25,83.89,79.89,142714,1177273296.0,1.22,0.77,4.84,82.61,7.58950225271019,631.8260625381233,625.2990906007925,636.6833439798578,606.325334969017,0.007747246096114324,2161897822,179977993681.5,0,0,0,0,0,0,3968.22,0.01984055594676959,606.28,29.99,31.435313633425015
2019-12-16,83.5,82.88,83.75,81.41,140271,1153300496.0,1.2,-0.44,2.81,83.25,7.58950225271019,629.0179467046205,633.7234381013009,635.6208136644784,617.8613783931365,-0.004444444444444473,2161897822,179178091487.36,0,0,0,0,0,0,3987.55,0.00487120169748656,603.62,29.84,31.295601128387567
2019-12-17,82.87,83.76,84.9,82.0,184332,1546306864.0,1.58,1.06,3.5,82.88,7.58950225271019,635.6967086870055,628.9420516820935,644.3487412550952,622.3391847222356,0.010617760617760652,2161897822,181080561570.72,0,0,0,0,0,0,4041.8,0.013604845080312566,609.96,30.21,31.627890329557708
2019-12-18,83.12,81.91,84.2,81.9,150400,1243213920.0,1.29,-2.21,2.75,83.76,7.58950225271019,621.6561295194916,630.839427245271,639.036089678198,621.5802344969646,-0.022086914995224527,2161897822,177081050600.02,0,0,0,0,0,0,4032.78,-0.002231678954921046,596.64,29.43,30.92932780437048
2019-12-19,81.9,81.65,82.54,80.78,131159,1070605264.0,1.12,-0.32,2.15,81.91,7.58950225271019,619.6828589337871,621.5802344969646,626.4375159386991,613.0799919739292,-0.0031742156024904267,2161897822,176518957166.30002,0,0,0,0,0,0,4027.15,-0.0013960592940850391,594.76,29.32,30.83115144947931
2019-12-20,81.5,83.14,83.49,81.09,192723,1591570176.0,1.65,1.82,2.94,81.65,7.58950225271019,630.9912172903252,618.5444335958805,633.6475430787738,615.4327376722694,0.01824862216778933,2161897822,179740184921.08,0,0,0,0,0,0,4017.25,-0.002458314192418931,605.49,29.95,31.393777483278743
2019-12-23,83.3,80.18,83.88,80.01,177092,1439961776.0,1.52,-3.56,4.65,83.14,7.58950225271019,608.5262906223031,632.2055376507589,636.6074489573307,607.2360752393423,-0.03560259802742349,2161897822,173340967367.96002,0,0,0,0,0,0,3967.1,-0.012483664198145505,584.18,28.7,30.276077442979194
2019-12-24,80.17,78.77,80.88,77.9,146203,1151120720.0,1.25,-1.76,3.72,80.18,7.58950225271019,597.8250924459817,608.4503955997759,613.8389421992001,591.2222254861239,-0.017585432776253573,2161897822,170292691438.94,0,0,0,0,0,0,3992.96,0.0065186156134204865,574.03,28.11,29.743659518377036
2019-12-25,78.85,78.18,79.44,78.0,91182,716467104.0,0.78,-0.75,1.83,78.77,7.58950225271019,593.3472861168827,598.4322526261984,602.9100589552975,591.9811757113948,-0.007490161228894121,2161897822,169017171723.96002,0,0,0,0,0,0,3990.87,-0.0005234212213496292,569.78,27.86,29.52087471304706
2019-12-26,78.7,77.78,78.86,77.25,86517,674423408.0,0.74,-0.51,2.06,78.18,7.58950225271019,590.3114852157986,597.2938272882919,598.5081476487256,586.2890490218622,-0.0051163980557688005,2161897822,168152412595.16,0,0,0,0,0,0,4025.99,0.008800086196744106,566.9,27.69,29.36983416706063
2019-12-27,78.79,82.97,83.17,78.22,288619,2341710944.0,2.47,6.67,6.36,77.78,7.58950225271019,629.7010019073645,597.9768824910359,631.2189023579065,593.650866206991,0.06672666495242985,2161897822,179372662291.34,0,0,0,0,0,0,4022.03,-0.0009836090005189702,604.27,29.87,31.329585251234512
2019-12-30,83.3,85.1,85.23,81.2,248813,2080585056.0,2.13,2.57,4.86,82.97,7.58950225271019,645.8666417056371,632.2055376507589,646.8532769984895,616.2675829200674,0.025671929613113154,2161897822,183977504652.19998,0,0,0,0,0,0,4081.63,0.01481838772957933,619.6,30.77,32.13387615861223
2019-12-31,85.2,88.79,90.5,85.18,281727,2486689584.0,2.41,4.34,6.25,85.1,7.58950225271019,673.8719050181378,646.6255919309082,686.8499538702722,646.4738018858541,0.04336075205640433,2161897822,191954907615.38,0,0,0,0,0,0,4096.58,0.0036627523807890583,646.17,32.32,33.52722519533702
2020-01-02,90.05,91.82,92.86,90.01,212801,1952824560.0,1.82,3.41,3.21,88.79,7.58950225271019,696.8680968438496,683.4346778565526,704.7611791866683,683.1310977664442,0.03412546457934429,2161897822,198505458016.03998,0,0,0,0,0,0,4152.24,0.013586943255105455,667.99,33.59,34.6713573311842
2020-01-03,92.38,90.8,93.67,89.12,164551,1488092256.0,1.41,-1.11,4.96,91.82,7.58950225271019,689.1268045460853,701.1182181053673,710.9086760113635,676.3764407615322,-0.011108690917011499,2161897822,196300322237.6,0,0,0,0,0,0,4144.96,-0.0017532705238617607,660.64,33.16,34.28620393891882
2020-01-06,89.6,90.35,91.31,89.5,118669,1073677072.0,1.02,-0.5,1.99,90.8,7.58950225271019,685.7115285323656,680.019401842833,692.9974506949675,679.260451617562,-0.004955947136563887,2161897822,195327468217.69998,0,0,0,0,0,0,4129.3,-0.0037780822975371775,657.4,32.98,34.116283324684076
2020-01-07,90.5,93.8,94.99,90.35,199120,1861821184.0,1.71,3.82,5.14,90.35,7.58950225271019,711.8953113042159,686.8499538702722,720.926818984941,685.7115285323656,0.03818483674598783,2161897822,202786015703.6,0,0,0,0,0,0,4160.23,0.007490373671082073,682.24,34.42,35.419008033817015
2020-01-08,94.21,94.88,96.35,92.68,201074,1910094080.0,1.72,1.15,3.91,93.8,7.58950225271019,720.0919737371428,715.007007227827,731.2485420486267,703.3950687811805,0.011513859275053218,2161897822,205120865351.36,0,0,0,0,0,0,4112.32,-0.011516190210637323,690.02,34.88,35.82681750798036
2020-01-09,94.8,93.51,95.58,93.0,109421,1027554624.0,0.94,-1.44,2.72,94.88,7.58950225271019,709.6943556509299,719.484813556926,725.40462531404,705.8237095020477,-0.014439291736930704,2161897822,202159065335.22,0,0,0,0,0,0,4164.37,0.012657088942494843,680.16,34.3,35.30950363797685
2020-01-10,93.4,90.78,93.43,90.15,148238,1350723264.0,1.27,-2.92,3.51,93.51,7.58950225271019,688.9750145010311,708.8595104031318,709.0871954707131,684.1936280818237,-0.029194738530638475,2161897822,196257084281.16,0,0,0,0,0,0,4163.18,-0.0002857575095391862,660.5,33.16,34.27865191161949
2020-01-13,90.66,91.38,92.61,89.8,127674,1165009488.0,1.09,0.66,3.1,90.78,7.58950225271019,693.5287158526571,688.0642742307058,702.8638036234908,681.5373022933751,0.006609385327164485,2161897822,197554222974.36,0,0,0,0,0,0,4203.99,0.00980260281803802,664.82,33.41,34.505212730599126
2020-01-14,91.55,90.81,92.39,90.13,97451,887727808.0,0.84,-0.62,2.47,91.38,7.58950225271019,689.2026995686124,694.8189312356179,701.1941131278944,684.0418380367694,-0.006237688772160133,2204608322,200200481720.82,0,0,0,0,0,0,4189.89,-0.0033539565983742303,660.72,33.17,34.28997995256847
2020-01-15,94.98,89.68,95.0,88.79,199919,1830498208.0,1.71,-1.24,6.84,90.81,7.58950225271019,680.6265620230499,720.8509239624138,721.0027140074681,673.8719050181378,-0.012443563484197728,2204608322,197709274316.96002,0,0,0,0,0,0,4166.73,-0.005527591416481292,652.58,32.69,33.86329041015682
2020-01-16,89.68,90.5,92.35,88.08,131397,1192272528.0,1.13,0.91,4.76,89.68,7.58950225271019,686.8499538702722,680.6265620230499,700.890533037786,668.4833584187136,0.009143621766280141,2204608322,199517053141.0,0,0,0,0,0,0,4149.04,-0.004245535467860773,658.48,33.04,34.17292352942899
2020-01-17,90.57,88.82,91.18,88.1,121469,1082403568.0,1.04,-1.86,3.4,90.5,7.58950225271019,674.099590085719,687.3812190279618,692.0108154021152,668.6351484637677,-0.018563535911602314,2204608322,195813311160.03998,0,0,0,0,0,0,4154.85,0.0014003239303550519,646.39,32.33,33.538553236286
2020-01-20,88.86,90.83,91.49,86.7,139214,1250576368.0,1.19,2.26,5.39,88.82,7.58950225271019,689.3544896136666,674.4031701758275,694.3635611004553,658.0098453099735,0.022630038279666698,2204608322,200244573887.26,0,0,0,0,0,0,4185.83,0.007456346197816988,660.86,33.18,34.2975319798678
2020-01-21,90.56,88.5,90.98,88.4,85335,761564928.0,0.73,-2.57,2.84,90.83,7.58950225271019,671.6709493648518,687.3053240054348,690.4929149515731,670.9119991395809,-0.025652317516239087,2204608322,195107836497.0,0,0,0,0,0,0,4114.31,-0.01708621707044944,644.08,32.2,33.41772079949686
2020-01-22,87.88,86.05,87.88,83.36,180066,1536863712.0,1.54,-2.77,5.11,88.5,7.58950225271019,653.0766688457119,666.9654579681714,666.9654579681714,632.6609077859215,-0.027683615819209084,2204608322,189706546108.1,0,0,0,0,0,0,4131.93,0.004282613609572383,626.44,31.17,32.49259745533
2020-01-23,83.9,81.68,85.43,80.66,162753,1346424656.0,1.39,-5.08,5.54,86.05,7.58950225271019,619.9105440013684,636.759239002385,648.3711774490316,612.1692517036039,-0.050784427658338016,2204608322,180072407740.96002,0,0,0,0,0,0,4003.9,-0.030985520083834928,594.98,29.33,30.842479490428293
2020-02-03,73.51,73.6,76.56,73.51,263787,1966443008.0,2.26,-9.89,3.73,81.68,7.58950225271019,558.5873657994699,557.9043105967261,581.0522924674922,557.9043105967261,-0.0989226248775712,2204608322,162259172499.19998,0,1,0,0,0,0,3688.36,-0.07880816204200902,536.8,25.94,27.79146046150247
2020-02-04,75.03,80.96,80.96,75.0,228663,1808239552.0,1.96,10.0,8.1,73.6,7.58950225271019,614.446102379417,569.4403540208456,614.446102379417,569.2126689532643,0.10000000000000009,2204608322,178485089749.12,1,0,1,0,0,0,3785.64,0.02637486579401127,589.8,29.03,30.57060650765272
2020-02-05,83.01,81.93,84.88,81.55,196457,1628721568.0,1.68,1.2,4.11,80.96,7.58950225271019,621.807919564546,630.0045819974729,644.1969512100409,618.923908708516,0.011981225296442854,2204608322,180623559821.46002,0,0,0,0,0,0,3828.53,0.011329656280047784,596.78,29.44,30.93687983166981
2020-02-06,84.98,90.12,90.12,82.1,267031,2330780768.0,2.29,10.0,9.79,81.93,7.58950225271019,683.9659430142424,644.955901435312,683.9659430142424,623.0981349475065,0.0999633833760527,2204608322,198679301978.64,1,0,1,0,0,0,3899.78,0.01861027600671794,655.75,32.88,34.02943501074189
2020-02-07,88.9,92.45,94.32,86.35,258497,2375036960.0,2.22,2.59,8.84,90.12,7.58950225271019,701.649483263057,674.706750265936,715.841852475625,655.3535195215248,0.025854416333777275,2204608322,203816039368.9,0,0,0,0,0,0,3899.87,2.3078224925532353e-05,672.52,33.86,34.90924619111282
2020-02-10,92.48,99.21,101.6,92.48,287989,2851051152.0,2.47,7.31,9.86,92.45,7.58950225271019,752.9545184913779,701.8771683306384,771.0934288753552,701.8771683306384,0.07312060573282841,2204608322,218719191625.62,0,0,0,0,0,0,3916.01,0.004138599491777972,721.2,36.7,37.46183141828343
2020-02-11,99.21,100.01,103.0,99.21,204290,2055947664.0,1.75,0.81,3.82,99.21,7.58950225271019,759.0261202935461,752.9545184913779,781.7187320291496,752.9545184913779,0.008063703255720256,2204608322,220482878283.22,0,0,0,0,0,0,3952.46,0.009307943544577313,726.96,37.03,37.76391251025628
2020-02-12,99.99,98.25,100.7,97.4,220886,2177789568.0,1.89,-1.76,3.3,100.01,7.58950225271019,745.6685963287762,758.8743302484919,764.2628768479161,739.2175194139726,-0.017598240175982438,2204608322,216602767636.5,0,0,0,0,0,0,3984.43,0.008088633408054768,714.28,36.29,37.09933410791601
2020-02-13,98.68,98.17,99.63,96.19,158998,1556677456.0,1.36,-0.08,3.5,98.25,7.58950225271019,745.0614361485593,748.9320822974416,756.1421094375162,730.0342216881932,-0.0008142493638676473,2204608322,216426398970.74,0,0,0,0,0,0,3959.92,-0.006151444497707215,713.71,36.26,37.06912599871872
2020-02-14,99.8,106.01,106.52,99.8,312040,3241116784.0,2.67,7.99,6.85,98.17,7.58950225271019,804.5631338098073,757.432324820477,808.4337799586895,757.432324820477,0.0798614648059488,2204608322,233710528215.22,0,0,0,0,0,0,3987.73,0.007022869148871624,770.16,39.55,40.02952070005268
2020-02-17,106.01,105.45,107.85,103.71,208277,2193622576.0,1.78,-0.53,3.91,106.01,7.58950225271019,800.3130125482895,804.5631338098073,818.5278179547939,787.1072786285738,-0.005282520516932343,2204608322,232475947554.9,0,0,0,0,0,0,4077.42,0.022491492653715195,766.12,39.32,39.81806393567168
2020-02-18,104.0,106.25,106.75,103.11,149178,1570833472.0,1.28,0.76,3.45,105.45,7.58950225271019,806.3846143504577,789.3082342818598,810.1793654768128,782.5535772769477,0.007586533902323334,2204608322,234239634212.5,0,0,0,0,0,0,4057.51,-0.004882989733704157,771.88,39.66,40.12014502764453
2020-02-19,107.0,107.8,111.93,107.0,233643,2556315296.0,2.0,1.46,4.64,106.25,7.58950225271019,818.1483428421585,812.0767410399903,849.4929871458517,812.0767410399903,0.014588235294117569,2204608322,237656777111.6,0,0,0,0,0,0,4051.31,-0.0015280307380635128,783.04,40.31,40.70542714334194
2020-02-20,109.75,108.21,110.5,107.02,181691,1968242608.0,1.56,0.38,3.23,107.8,7.58950225271019,821.2600387657697,832.9478722349434,838.639998924476,812.2285310850446,0.003803339517625126,2204608322,238560666523.62,0,0,0,0,0,0,4144.66,0.023041929647447335,786.0,40.48,40.860243702978025
2020-02-21,108.0,110.46,112.79,106.4,196393,2160428576.0,1.68,2.08,5.91,108.21,7.58950225271019,838.3364188343676,819.6662432927005,856.0199590831824,807.5230396883643,0.02079290268921552,2204608322,243521035248.12,0,0,0,0,0,0,4149.49,0.0011653549386438922,802.2,41.42,41.70984677415167
2020-02-24,109.0,111.57,113.5,107.5,214581,2376996000.0,1.84,1.0,5.43,110.46,7.58950225271019,846.7607663348758,827.2557455454107,861.4085056826066,815.8714921663454,0.010048886474741892,2204608322,245968150485.53998,0,0,0,0,0,0,4132.84,-0.004012541300256078,810.19,41.89,42.128984289264004
2020-02-25,110.1,119.97,121.0,109.7,282049,3293811328.0,2.42,7.53,10.13,111.57,7.58950225271019,910.5125852576415,835.6041980233919,918.329772577933,832.5683971223078,0.07528905619790272,2204608322,264486860390.34,0,0,0,0,0,0,4123.85,-0.002175259627761994,870.67,45.42,45.30083575497896
2020-02-26,119.91,116.0,122.0,115.01,268788,3180195840.0,2.3,-3.31,5.83,119.97,7.58950225271019,880.382261314382,910.0572151224789,925.9192748306432,872.868654084199,-0.033091606234892046,2204608322,255734565352.0,0,0,0,0,0,0,4073.02,-0.012325860542939382,842.08,43.75,43.801758336063685
2020-02-27,116.0,118.6,123.4,114.0,330406,3938945856.0,2.83,2.24,8.1,116.0,7.58950225271019,900.1149671714285,880.382261314382,936.5445779844375,865.2032568089617,0.022413793103448265,2204608322,261466546989.19998,0,0,0,0,0,0,4084.88,0.0029118442826208124,860.8,44.84,44.78352188497545
2020-02-28,114.12,116.5,121.21,114.11,262388,3088221328.0,2.25,-1.77,5.99,118.6,7.58950225271019,884.1770124407371,866.113997079287,919.9235680510021,866.0381020567598,-0.01770657672849907,2204608322,256836869513.0,0,0,0,0,0,0,3940.05,-0.03545514188911303,845.68,43.96,43.99055901854671
2020-03-02,115.5,120.0,123.48,115.45,340042,4083285648.0,2.91,3.0,6.89,116.5,7.58950225271019,910.7402703252228,876.587510188027,937.1517381646543,876.2080350753914,0.030042918454935563,2204608322,264552998640.0,0,0,0,0,0,0,4069.67,0.0328980596692936,870.88,45.43,45.312163795927944
2020-03-03,121.83,119.59,122.8,119.25,229140,2767071248.0,1.96,-0.34,2.96,120.0,7.58950225271019,907.6285744016117,924.6290594476825,931.9908766328114,905.0481436356902,-0.0034166666666666234,2204608322,263649109227.98,0,0,0,0,0,0,4091.36,0.0053296704646814685,867.93,45.26,45.15734723629186
2020-03-04,118.51,121.7,124.0,118.51,236434,2886069328.0,2.03,1.76,4.59,119.59,7.58950225271019,923.6424241548301,899.4319119686846,941.0982793360636,899.4319119686846,0.017643615686930403,2204608322,268300832787.4,0,0,0,0,0,0,4115.05,0.005790250674592379,883.12,46.15,45.954086116370256
2020-03-05,123.0,126.6,129.98,121.88,325997,4118241248.0,2.79,4.03,6.66,121.7,7.58950225271019,960.83098519311,933.5087770833534,986.4835028072704,925.0085345603179,0.04026294165981925,2204608322,279103413565.2,0,0,0,0,0,0,4206.73,0.022279194663491264,918.4,48.21,47.80433280470398
2020-03-06,124.5,128.0,133.29,124.5,359206,4640307968.0,3.08,1.11,6.94,126.6,7.58950225271019,971.4562883469043,944.8930304624187,1011.6047552637411,944.8930304624187,0.011058451816745807,2204608322,282189865216.0,0,0,0,0,0,0,4138.51,-0.016216871536799182,928.48,48.79,48.332974715656476
2020-03-09,127.99,133.49,139.92,126.7,371964,4965642496.0,3.19,4.29,10.33,128.0,7.58950225271019,1013.1226557142834,971.3803933243772,1061.9231551992098,961.5899354183811,0.04289062500000007,2204608322,294293164903.78,0,0,0,0,0,0,3997.13,-0.0341620534926822,968.01,51.1,50.40600620932018
2020-03-10,134.12,130.31,137.0,126.03,316147,4108884736.0,2.71,-2.38,8.22,133.49,7.58950225271019,988.9880385506649,1017.9040421334907,1039.761808621296,956.5049689090653,-0.02382200913926147,2204608322,287282510439.82,0,0,0,0,0,0,4082.73,0.021415365524763974,945.12,49.76,49.205233868728094
2020-03-11,130.0,127.46,133.96,125.16,285468,3694816672.0,2.45,-2.19,6.75,130.31,7.58950225271019,967.3579571304408,986.6352928523247,1016.6897217730572,949.9021019492073,-0.021870923183178625,2204608322,280999376722.12,0,0,0,0,0,0,4028.43,-0.013299924315347877,924.6,48.57,48.1290699785748
2020-03-12,125.2,121.8,126.97,120.0,265827,3248070080.0,2.28,-4.44,5.47,127.46,7.58950225271019,924.4013743801012,950.2056820393158,963.6391010266128,910.7402703252228,-0.0444060881845284,2204608322,268521293619.6,0,0,0,0,0,0,3950.91,-0.019243228751647634,883.84,46.19,45.991846252866864
2020-03-13,115.58,122.6,125.5,115.51,237775,2865917536.0,2.04,0.66,8.2,121.8,7.58950225271019,930.4729761822692,877.1946703682438,952.4825327151289,876.6634052105541,0.006568144499178974,2204608322,270284980277.19998,0,0,0,0,0,0,3895.31,-0.01407270730034349,889.6,46.53,46.293927344839716
2020-03-16,124.2,114.0,124.28,110.83,276225,3226282432.0,2.37,-7.01,10.97,122.6,7.58950225271019,865.2032568089617,942.6161797866056,943.2233399668224,841.1445346678704,-0.07014681892332786,2204608322,251325348708.0,0,0,0,0,0,0,3727.84,-0.04299272715136915,827.68,42.91,43.04655560613155
2020-03-17,116.59,114.02,118.32,108.56,208270,2360291104.0,1.78,0.02,8.56,114.0,7.58950225271019,865.3550468540159,884.8600676434811,897.9899065406696,823.9163645542183,0.000175438596491162,2204608322,251369440874.44,0,0,0,0,0,0,3709.68,-0.004871453710459717,827.83,42.92,43.054107633430874
2020-03-18,116.0,117.51,125.2,115.63,317759,3828302592.0,2.72,3.06,8.39,114.02,7.58950225271019,891.8424097159744,880.382261314382,950.2056820393158,877.5741454808792,0.030608665146465652,2204608322,259063523918.22,0,0,0,0,0,0,3636.26,-0.01979146449289415,852.96,44.39,44.37193639716244
2020-03-19,117.61,120.13,121.0,114.5,214889,2536958896.0,1.84,2.23,5.53,117.51,7.58950225271019,911.7269056180751,892.6013599412455,918.329772577933,868.9980079353168,0.022295974810654373,2204608322,264839597721.86,0,0,0,0,0,0,3589.09,-0.012972119705411678,871.82,45.49,45.361251973373534
2020-03-20,122.12,116.7,123.14,115.11,215211,2534179632.0,1.84,-2.86,6.68,120.13,7.58950225271019,885.6949128912792,926.8300151009685,934.5713073987328,873.62760430947,-0.028552401564971186,2204608322,257277791177.4,0,0,0,0,0,0,3653.22,0.0178680389736674,847.12,44.05,44.06607929153993
2020-03-23,111.6,111.5,114.36,109.5,211611,2360029728.0,1.81,-4.46,4.16,116.7,7.58950225271019,846.2295011771862,846.9884514024571,867.9354776199374,831.0504966717658,-0.04455869751499575,2204608322,245813827903.0,0,0,0,0,0,0,3530.31,-0.0336442918849672,809.68,41.86,42.102552193716384
2020-03-24,115.0,114.77,116.0,111.82,191882,2187932592.0,1.64,2.93,3.75,111.5,7.58950225271019,871.0471735435485,872.7927590616719,880.382261314382,848.6581418980534,0.02932735426008959,2204608322,253022897115.94,0,0,0,0,0,0,3625.11,0.026853165869286322,833.23,43.24,43.33730865715542
2020-03-25,118.4,118.38,120.0,116.1,178566,2101766032.0,1.53,3.15,3.4,114.77,7.58950225271019,898.4452766758322,898.5970667208866,910.7402703252228,881.141211539653,0.03145421277337279,2204608322,260981533158.36,0,0,0,0,0,0,3722.52,0.026870908744837996,859.22,44.75,44.700449584682914
2020-03-26,116.8,118.0,120.2,116.06,138127,1638964848.0,1.18,-0.32,3.5,118.38,7.58950225271019,895.5612658198024,886.4538631165502,912.2581707757648,880.8376314495447,-0.0032100016894744954,2204608322,260143781996.0,0,0,0,0,0,0,3698.05,-0.006573503970428551,856.48,44.59,44.556961065995814
2020-03-27,118.89,114.34,119.01,114.18,160892,1860599024.0,1.38,-3.1,4.09,118.0,7.58950225271019,867.7836875748832,902.3159228247144,903.2266630950397,866.5693672144496,-0.031016949152542383,2204608322,252074915537.48,0,0,0,0,0,0,3710.06,0.003247657549248828,830.13,43.05,43.17494007022001
2020-03-30,112.3,114.5,115.83,112.0,100945,1148081760.0,0.87,0.14,3.35,114.34,7.58950225271019,868.9980079353168,852.3011029793544,879.0920459314214,850.0242523035413,0.0013993353157248922,2204608322,252427652869.0,0,0,0,0,0,0,3674.11,-0.009689870244686039,831.28,43.12,43.23535628861458
2020-03-31,115.5,122.21,122.58,114.7,284185,3426884560.0,2.44,6.73,6.88,114.5,7.58950225271019,927.5130703037123,876.587510188027,930.3211861372151,870.5159083858588,0.06733624454148468,2204608322,269425183031.62,0,0,0,0,0,0,3686.16,0.00327970583352144,886.8,46.36,46.14666281250295
2020-04-01,122.98,121.3,123.99,119.52,189755,2308522544.0,1.63,-0.74,3.66,122.21,7.58950225271019,920.6066232537461,933.3569870382992,941.0223843135365,907.0973092439219,-0.007446199165371037,2204608322,267418989458.6,0,0,0,0,0,0,3675.08,-0.0030058380536927,880.24,45.98,45.80304557038384
2020-04-02,122.01,120.53,122.97,118.6,149737,1794504624.0,1.28,-0.63,3.6,121.3,7.58950225271019,914.7627065191592,925.9951698531703,933.2810920157721,900.1149671714285,-0.006347897774113709,2204608322,265721441050.66,0,0,0,0,0,0,3734.53,0.016176518606397794,874.7,45.66,45.51229251935996
2020-04-03,119.55,122.86,125.28,119.01,171130,2108063584.0,1.47,1.93,5.2,120.53,7.58950225271019,932.446246767974,907.3249943115032,950.8128422195326,903.2266630950397,0.019331286816560267,2204608322,270858178440.92,0,0,0,0,0,0,3713.22,-0.005706206671254543,891.48,46.63,46.392103699730896
2020-04-07,124.9,128.3,128.7,122.0,220084,2786437536.0,1.89,4.43,5.45,122.86,7.58950225271019,973.7331390227175,947.9288313635028,976.7689399238013,925.9192748306432,0.04427804004558045,2204608322,282851247712.60004,0,0,0,0,0,0,3798.02,0.02283732178540454,930.64,48.92,48.4462551251463
2020-04-08,128.0,123.29,128.8,122.2,228636,2852942576.0,1.96,-3.9,5.14,128.3,7.58950225271019,935.7097327366394,971.4562883469043,977.5278901490726,927.4371752811852,-0.039049103663289175,2204608322,271806160019.38,0,0,0,0,0,0,3780.34,-0.004655057108703953,894.57,46.82,46.554472286666304
2020-04-09,123.0,124.3,125.3,119.51,158947,1940316864.0,1.36,0.82,4.7,123.29,7.58950225271019,943.3751300118766,933.5087770833534,950.9646322645868,907.0214142213948,0.008192067483169696,2204608322,274032814424.6,0,0,0,0,0,0,3792.81,0.003298645095414665,901.84,47.24,46.935849665282035
2020-04-10,123.6,123.9,126.74,122.76,104374,1298217760.0,0.89,-0.32,3.2,124.3,7.58950225271019,940.3393291107926,938.0624784349794,961.8935155084895,931.6872965427029,-0.0032180209171358554,2204608322,273150971095.80002,0,0,0,0,0,0,3769.18,-0.006230209264371345,898.96,47.07,46.78480911929561
2020-04-13,122.8,123.5,126.26,121.88,88504,1098931840.0,0.76,-0.32,3.54,123.9,7.58950225271019,937.3035282097085,931.9908766328114,958.2505544271886,925.0085345603179,-0.0032284100080710587,2204608322,272269127767.0,0,0,0,0,0,0,3753.26,-0.004223730360449651,896.08,46.9,46.633768573309176
2020-04-14,124.86,124.57,127.02,123.41,110895,1387366448.0,0.95,0.87,2.92,123.5,7.58950225271019,945.4242956201083,947.6252512733944,964.0185761392484,936.6204730069645,0.008663967611336032,2204608322,274628058671.53998,0,0,0,0,0,0,3825.7,0.01930055471776515,903.79,47.35,47.037802033822864
2020-04-15,124.0,121.67,125.29,121.41,129385,1585999280.0,1.11,-2.33,3.11,124.57,7.58950225271019,923.4147390872488,941.0982793360636,950.8887372420597,921.4414685015441,-0.0232800834871959,2204608322,268234694537.74,0,0,0,0,0,0,3797.36,-0.007407794651959065,882.91,46.13,45.942758075421274
2020-04-16,121.1,119.27,121.99,118.3,129828,1552069648.0,1.11,-1.97,3.03,121.67,7.58950225271019,905.1999336807444,919.088722803204,925.8433798081161,897.8381164956155,-0.019725486972959727,2204608322,262943634564.94,0,0,0,0,0,0,3802.38,0.0013219710535741225,865.63,45.13,45.03651479950272
2020-04-17,120.0,123.97,124.85,119.0,176580,2170486400.0,1.51,3.94,4.9,119.27,7.58950225271019,940.8705942684823,910.7402703252228,947.5493562508672,903.1507680725126,0.03940638886559911,2204608322,273305293678.34,0,0,0,0,0,0,3839.49,0.009759676833982933,899.47,47.1,46.81124121484323
2020-04-20,123.52,124.1,125.25,122.5,100284,1243718768.0,0.86,0.1,2.22,123.97,7.58950225271019,941.8572295613345,937.4553182547627,950.5851571519513,929.7140259569983,0.0010486408001935121,2204608322,273591892760.19998,0,0,0,0,0,0,3853.46,0.0036385040721553796,900.4,47.16,46.86032939228881
2020-04-21,123.81,123.51,124.45,121.68,99317,1221199632.0,0.85,-0.48,2.23,124.1,7.58950225271019,937.3794232322356,939.6562739080487,944.5135553497831,923.490634109776,-0.004754230459306896,2204608322,272291173850.22,0,0,0,0,0,0,3808.05,-0.011784214705744978,896.16,46.91,46.63754458695884
2020-04-22,123.0,126.46,128.29,122.6,207981,2625968736.0,1.78,2.39,4.61,123.51,7.58950225271019,959.7684548777306,933.5087770833534,973.6572440001902,930.4729761822692,0.023884705691846753,2204608322,278794768400.12,0,0,0,0,0,0,3839.38,0.008227307939759232,917.4,48.15,47.751468613608736
2020-04-23,126.62,128.01,131.68,126.62,152135,1965413856.0,1.3,1.23,4.0,126.46,7.58950225271019,971.5321833694313,960.9827752381643,999.3856566368779,960.9827752381643,0.012256840107543798,2204608322,282211911299.22,0,0,0,0,0,0,3829.75,-0.0025082174726127615,928.56,48.8,48.33675072930613
2020-04-24,129.22,128.4,129.9,126.6,96977,1246819808.0,0.7,0.3,2.58,128.01,7.58950225271019,974.4920892479885,980.7154810952107,985.8763426270538,960.83098519311,0.003046636981485884,2204608322,283071708544.8,0,0,0,0,0,0,3796.97,-0.008559305437691789,931.36,48.96,48.48401526164291
2020-04-27,130.96,133.2,136.56,128.44,203195,2703078736.0,1.46,3.74,6.32,128.4,7.58950225271019,1010.9217000609972,993.9212150149266,1036.4224276301036,974.7956693380968,0.03738317757009324,2204608322,293653828490.39996,0,0,0,0,0,0,3822.77,0.006794891716289664,965.92,50.98,50.29650181348001
2020-04-28,134.0,133.7,134.98,130.0,157493,2091607424.0,1.13,0.38,3.74,133.2,7.58950225271019,1014.7164511873523,1016.9933018631655,1024.4310140708214,986.6352928523247,0.0037537537537537524,2204608322,294756132651.39996,0,0,0,0,0,0,3849.15,0.006900755211535214,969.52,51.19,50.48530249596305
2020-04-29,133.3,128.9,133.68,128.21,133811,1738106208.0,0.96,-3.59,4.09,133.7,7.58950225271019,978.2868403743436,1011.6806502862685,1014.5646611422983,973.0500838199736,-0.03590127150336564,2204608322,284174012705.8,0,0,0,0,0,0,3867.03,0.004645181403686527,934.96,49.17,48.67281594412594
2020-04-30,129.4,127.4,129.62,125.61,115394,1465303216.0,0.83,-1.16,3.11,128.9,7.58950225271019,966.9025869952783,982.0815915006987,983.7512819962949,953.317377962927,-0.011636927851047307,2204608322,280867100222.8,0,0,0,0,0,0,3912.58,0.011779065587802506,924.16,48.54,48.10641389667684
2020-05-06,124.86,123.8,125.95,122.81,179090,2214156624.0,1.29,-2.83,2.46,127.4,7.58950225271019,939.5803788855216,947.6252512733944,955.8978087288484,932.0667716553385,-0.028257456828885474,2204608322,272930510263.6,0,0,0,0,0,0,3936.25,0.006049716555316387,898.24,47.03,46.747048982799
2020-05-07,123.65,123.65,126.38,123.0,120902,1506378224.0,0.87,-0.12,2.73,123.8,7.58950225271019,938.4419535476151,938.4419535476151,959.1612946975138,933.5087770833534,-0.0012116316639740887,2204608322,272599819015.30002,0,0,0,0,0,0,3924.89,-0.0028859955541442606,897.16,46.97,46.69040877805409
2020-05-08,123.91,123.3,124.3,121.21,115307,1419055568.0,0.83,-0.28,2.5,123.65,7.58950225271019,935.7856277591665,940.4152241333196,943.3751300118766,919.9235680510021,-0.0028305701577032716,2204608322,271828206102.6,0,0,0,0,0,0,3963.62,0.009867792473164938,894.64,46.82,46.55824830031597
2020-05-11,122.0,116.6,122.3,115.82,323673,3821323520.0,2.33,-5.43,5.26,123.3,7.58950225271019,884.9359626660081,925.9192748306432,928.1961255064563,879.0161509088941,-0.054339010543390076,2204608322,257057330345.19998,0,0,0,0,0,0,3960.18,-0.0008678934913034508,846.4,44.0,44.02831915504332
2020-05-12,115.5,116.03,117.81,115.3,141732,1646807008.0,1.02,-0.49,2.15,116.6,7.58950225271019,880.6099463819634,876.587510188027,894.1192603917875,875.0696097374849,-0.004888507718696311,2204608322,255800703601.66,0,0,0,0,0,0,3960.24,1.5150826477627888e-05,842.3,43.76,43.81308637701267
2020-05-13,116.12,115.3,116.6,113.83,186862,2145858640.0,1.34,-0.63,2.39,116.03,7.58950225271019,875.0696097374849,881.2930015847073,884.9359626660081,863.913041426001,-0.006291476342325297,2204608322,254191339526.6,0,0,0,0,0,0,3968.25,0.002022604690624874,837.04,43.46,43.537437380587434
2020-05-14,115.1,112.83,115.1,112.15,210747,2382747392.0,1.52,-2.14,2.56,115.3,7.58950225271019,856.3235391732908,873.5517092869428,873.5517092869428,851.1626776414479,-0.02142237640936684,2204608322,248745956971.26,0,0,0,0,0,0,3925.22,-0.010843570843570904,819.26,42.42,42.60476200912125
2020-05-15,113.8,114.0,114.98,112.4,129671,1475353504.0,0.93,1.04,2.29,112.83,7.58950225271019,865.2032568089617,863.6853563584197,872.6409690166176,853.0600532046254,0.01036958255783027,2204608322,251325348708.0,0,0,0,0,0,0,3912.82,-0.0031590586005370014,827.68,42.91,43.04655560613155
2020-05-18,114.9,119.3,119.95,114.9,269897,3201248000.0,1.94,4.65,4.43,114.0,7.58950225271019,905.4276187483257,872.0338088364009,910.3607952125873,872.0338088364009,0.04649122807017547,2204608322,263009772814.6,0,0,0,0,0,0,3922.91,0.002578702828139212,865.84,45.14,45.0478428404517
2020-05-19,120.0,116.91,120.88,115.6,164367,1930996128.0,1.18,-2.0,4.43,119.3,7.58950225271019,887.2887083643483,910.7402703252228,917.4190323076077,877.3464604132979,-0.020033528918692367,2204608322,257740758925.02,0,0,0,0,0,0,3956.25,0.008498792987858605,848.64,44.13,44.1453755781828
2020-05-20,116.0,113.3,116.0,112.38,204668,2319597280.0,1.47,-3.09,3.1,116.91,7.58950225271019,859.8906052320646,880.382261314382,880.382261314382,852.9082631595711,-0.03087845351124796,2204608322,249782122882.6,0,0,0,0,0,0,3935.22,-0.005315639810426598,822.64,42.62,42.782234650655305
2020-05-21,114.12,114.6,115.98,111.8,173356,1965702576.0,1.25,1.15,3.69,113.3,7.58950225271019,869.7569581605877,866.113997079287,880.2304712693278,848.5063518529993,0.011473962930273585,2204608322,252648113701.19998,0,0,0,0,0,0,3913.79,-0.005445692998104268,832.0,43.16,43.27311642511118
2020-05-22,115.01,116.57,119.18,113.6,168010,1964239328.0,1.21,1.72,4.87,114.6,7.58950225271019,884.7082775984268,872.868654084199,904.5168784780005,862.1674559078775,0.01719022687609084,2204608322,256991192095.53998,0,0,0,0,0,0,3824.06,-0.022926626109218917,846.19,43.99,44.01699111409434
2020-05-25,117.87,119.56,121.25,117.87,221535,2662616608.0,1.59,2.56,2.9,116.57,7.58950225271019,907.4008893340304,894.5746305269502,920.2271481411105,894.5746305269502,0.02564982414000183,2204608322,263582970978.32,0,0,0,0,0,0,3829.32,0.00137550143041687,867.72,45.25,45.14601919534288
2020-05-26,120.0,117.28,120.49,116.13,125153,1467454928.0,0.9,-1.91,3.65,119.56,7.58950225271019,890.0968241978511,910.7402703252228,914.4591264290508,881.3688966072343,-0.01906992305118771,2204608322,258556464004.16,0,0,0,0,0,0,3872.77,0.01134666207055024,851.3,44.29,44.285088083220245
2020-05-27,116.72,114.94,117.0,114.0,104974,1210694080.0,0.75,-2.0,2.56,117.28,7.58950225271019,872.3373889265092,885.8467029363334,887.9717635670922,865.2032568089617,-0.019952251023192424,2204608322,253397680530.68,0,0,0,0,0,0,3845.61,-0.007013068165679814,834.45,43.31,43.40150088919965
2020-05-28,116.0,115.3,116.8,114.05,95270,1099369136.0,0.68,0.31,2.39,114.94,7.58950225271019,875.0696097374849,880.382261314382,886.4538631165502,865.5827319215972,0.0031320689055158724,2204608322,254191339526.6,0,0,0,0,0,0,3856.63,0.0028656051965747498,837.04,43.46,43.537437380587434
2020-05-29,114.32,120.19,120.39,114.32,162699,1924867456.0,1.17,4.24,5.26,115.3,7.58950225271019,912.1822757532377,867.6318975298288,913.7001762037797,867.6318975298288,0.042411101474414625,2204608322,264971874221.18,0,0,0,0,0,0,3867.02,0.002694061914158219,872.25,45.51,45.3839080552715
2020-06-01,120.51,119.99,122.52,118.3,130328,1558921552.0,0.94,-0.17,3.51,120.19,7.58950225271019,910.6643753026957,914.610916474105,929.8658160020525,897.8381164956155,-0.001664031949413447,2204608322,264530952556.78,0,0,0,0,0,0,3971.34,0.026976845219316203,870.81,45.43,45.30838778227829
2020-06-02,120.0,121.65,124.99,119.99,142321,1743446640.0,1.02,1.38,4.17,119.99,7.58950225271019,923.2629490421947,910.7402703252228,948.6118865662467,910.6643753026957,0.013834486207183971,2204608322,268190602371.30002,0,0,0,0,0,0,3983.57,0.003079565083825564,882.76,46.13,45.93520604812196
2020-06-03,123.24,120.29,124.5,119.51,123472,1494654784.0,0.89,-1.12,4.1,121.65,7.58950225271019,912.9412259785088,935.3302576240038,944.8930304624187,907.0214142213948,-0.011179613645704856,2204608322,265192335053.38,0,0,0,0,0,0,3983.65,2.00824888227924e-05,872.97,45.55,45.421668191768106
2020-06-04,70.6,71.66,71.66,69.11,178873,1267589200.0,0.76,-40.43,2.12,70.43529411764706,12.961417105089902,928.8151497507423,915.076047619347,928.8151497507423,895.7635361327631,0.017387673292132977,3747834147,268569794974.02,0,1,0,1,0,0,3982.19,-0.0003664980608236723,887.96,46.43,46.21144531867023
2020-06-05,71.66,69.18,71.68,69.12,235411,1643705824.0,1.0,-3.46,3.57,71.66,12.961417105089902,896.6708353301195,928.8151497507423,929.0743780928443,895.8931503038141,-0.03460787049958125,3747834147,259275166289.46002,0,0,0,0,0,0,4001.25,0.004786311049949976,857.61,44.66,44.61216560348322
2020-06-08,70.3,69.52,70.4,68.5,154997,1079365216.0,0.66,0.49,2.75,69.18,12.961417105089902,901.07771714585,911.1876224878201,912.4837641983291,887.8570716986583,0.00491471523561704,3747834147,260549429899.43997,0,0,0,0,0,0,4021.95,0.0051733833177132205,861.77,44.9,44.83142169346853
2020-06-09,69.73,69.4,70.48,68.9,119660,830470192.0,0.51,-0.17,2.27,69.52,12.961417105089902,899.5223470932393,903.7996147379189,913.5206775667364,893.0416385406943,-0.0017261219792863436,3747834147,260099689801.80002,0,0,0,0,0,0,4047.03,0.006235781150934372,860.3,44.82,44.75403719112077
2020-06-10,69.4,69.62,71.32,69.13,207563,1459847392.0,0.88,0.32,3.16,69.4,12.961417105089902,902.373858856359,899.5223470932393,924.4082679350117,896.0227644748649,0.0031700288184437486,3747834147,260924213314.14,0,0,0,0,0,0,4039.71,-0.0018087338122030339,862.99,44.97,44.895908778758326
2020-06-11,69.4,66.1,69.4,65.84,461351,3099406560.0,1.95,-5.06,5.11,69.62,12.961417105089902,856.7496706464425,899.5223470932393,899.5223470932393,853.3797021991192,-0.050560183855214214,3747834147,247731837116.69998,0,0,0,0,0,0,3995.88,-0.010849788722457787,819.91,42.46,42.62596337655739
2020-06-12,65.46,66.7,66.88,65.18,230019,1526725008.0,0.97,0.91,2.57,66.1,12.961417105089902,864.5265209094965,848.4543636991849,866.8595759884126,844.8251669097599,0.00907715582450841,3747834147,249980537604.90002,0,0,0,0,0,0,4003.08,0.0018018559115888788,827.25,42.89,43.01288588829619
2020-06-15,68.0,69.23,70.74,67.99,326389,2271597856.0,1.38,3.79,4.12,66.7,12.961417105089902,897.318906185374,881.3763631461134,916.8906460140596,881.2467489750624,0.037931034482758585,3747834147,259462557996.81003,0,0,0,0,0,0,3954.99,-0.012013249797655834,858.22,44.69,44.64440914612811
2020-06-16,70.0,68.96,70.03,67.58,199689,1361480352.0,0.84,-0.39,3.54,69.23,12.961417105089902,893.8193235669995,907.2991973562931,907.6880398694459,875.9325679619756,-0.0039000433338149953,3747834147,258450642777.11996,0,0,0,0,0,0,4014.57,0.015064513437454963,854.92,44.5,44.470294015845646
2020-06-17,68.8,70.0,70.64,68.0,233893,1626630992.0,0.99,1.51,3.83,68.96,12.961417105089902,907.2991973562931,891.7454968301852,915.5945043035507,881.3763631461134,0.015081206496519783,3747834147,262348390290.0,0,0,0,0,0,0,4017.59,0.0007522598933384916,867.65,45.24,45.14095970285957
2020-06-18,70.43,72.11,73.18,70.28,315543,2277549888.0,1.33,3.01,4.14,70.0,12.961417105089902,934.6477874480329,912.8726067114819,948.5165037504792,910.9283941457184,0.030142857142857027,3747834147,270256320340.16998,0,0,0,0,0,0,4044.38,0.006668176692992578,893.47,46.75,46.501637202474335
2020-06-19,72.7,74.93,75.38,71.83,334287,2469929264.0,1.41,3.91,4.92,72.11,12.961417105089902,971.1989836843865,942.2950235400359,977.0316213816768,931.0185906586076,0.03910691998335891,3747834147,280825212634.71,0,0,0,0,0,0,4098.71,0.013433455807812411,927.99,48.77,48.32017300764668
2020-06-22,75.1,75.94,77.4,73.81,319749,2423282048.0,1.35,1.35,4.79,74.93,12.961417105089902,984.2900149605272,973.4024245922516,1003.2136839339585,956.6821965266857,0.013479247297477626,3747834147,284610525123.18,0,0,0,0,0,0,4102.05,0.0008148905387304062,940.35,49.49,48.971492569073654
2020-06-23,76.04,75.99,76.66,75.01,225601,1710135296.0,0.95,0.07,2.17,75.94,12.961417105089902,984.9380858157816,985.5861566710362,993.6222352761919,972.2358970527936,0.0006584145377930284,3747834147,284797916830.52997,0,0,0,0,0,0,4121.79,0.004812228032325283,940.96,49.52,49.003736111718545
2020-06-24,76.11,75.2,77.77,74.97,192143,1457195056.0,0.81,-1.04,3.68,75.99,12.961417105089902,974.6985663027607,986.4934558683924,1008.0094082628416,971.7174403685899,-0.010396104750625024,3747834147,281837127854.4,0,0,0,0,0,0,4138.99,0.004172944279063229,931.29,48.96,48.49428813792914
2020-06-29,76.51,78.0,79.0,75.88,306547,2382206464.0,1.3,3.72,4.15,75.2,12.961417105089902,1010.9905341970124,991.6780227104284,1023.9519513021023,983.5123299342217,0.037234042553191404,3747834147,292331063466.0,0,0,0,0,0,0,4109.72,-0.007071773548619209,965.57,50.96,50.29992652604352
2020-06-30,78.11,82.0,82.12,78.0,308768,2484088064.0,1.31,5.13,5.28,78.0,12.961417105089902,1062.836202617372,1012.4162900785723,1064.391572669983,1010.9905341970124,0.05128205128205132,3747834147,307322400054.0,0,0,0,0,0,0,4163.96,0.01319797942438905,1014.53,53.82,52.879409937635494
2020-07-01,82.65,83.28,85.99,82.26,410614,3459277248.0,1.74,1.56,4.55,82.0,12.961417105089902,1079.426816511887,1071.2611237356805,1114.5522568666806,1066.2061710646954,0.01560975609756099,3747834147,312119627762.16003,0,0,0,0,0,0,4247.78,0.020129876367688482,1030.19,54.73,53.70484462934492
2020-07-02,83.38,81.5,84.4,80.53,423178,3466827728.0,1.79,-2.14,4.65,83.28,12.961417105089902,1056.355494064827,1080.722958222396,1093.943603669588,1043.7829194728897,-0.021373679154659042,3747834147,305448482980.5,0,0,0,0,0,0,4335.84,0.02073082880940169,1008.41,53.46,52.556974511186496
2020-07-03,80.97,82.79,82.9,78.55,295046,2390776704.0,1.25,1.58,5.34,81.5,12.961417105089902,1073.0757221303932,1049.4859429991293,1074.501478011953,1018.1193136048117,0.015828220858895792,3747834147,310283189030.13,0,0,0,0,0,0,4419.6,0.019318056016827345,1024.19,54.38,53.388857911424914
2020-07-06,83.5,87.98,88.37,83.5,422497,3649533280.0,1.79,6.27,5.88,82.79,12.961417105089902,1140.3454769058096,1082.2783282750067,1145.4004295767947,1082.2783282750067,0.06268873052300994,3747834147,329734448253.06,0,0,0,0,0,0,4670.09,0.05667707484840245,1087.72,58.09,56.7357376379655
2020-07-07,92.7,87.0,92.7,86.92,579385,5165059328.0,2.45,-1.11,6.57,87.98,12.961417105089902,1127.6432881428216,1201.523365641834,1201.523365641834,1126.6063747744142,-0.011138895203455346,3747834147,326061570789.0,0,0,0,0,0,0,4698.13,0.006004166943249567,1075.73,57.39,56.10376420212547
2020-07-08,87.08,87.85,89.26,86.6,310740,2724988592.0,1.31,0.98,3.06,87.0,12.961417105089902,1138.6604926821478,1128.6802015112287,1156.9360908003248,1122.4587213007856,0.009770114942528663,3747834147,329247229813.94995,0,0,0,0,0,0,4774.0,0.016148978423330185,1086.13,57.99,56.65190442708875
2020-07-09,87.5,90.75,91.7,87.08,417850,3748579920.0,1.77,3.3,5.26,87.85,12.961417105089902,1176.2486022869086,1134.1239966953665,1188.561948536744,1128.6802015112287,0.03301081388730798,3747834147,340115948840.25,0,0,0,0,0,0,4840.77,0.0139861751152075,1121.63,60.07,58.52202990049294
2020-07-10,89.3,89.41,90.69,88.5,261778,2339290560.0,1.11,-1.48,2.41,90.75,12.961417105089902,1158.8803033660881,1157.4545474845281,1175.4709172606033,1147.0854138004563,-0.01476584022038574,3747834147,335093851083.26996,0,0,0,0,0,0,4753.13,-0.018104557745978522,1105.22,59.11,57.65790295760962
2020-07-13,89.42,93.63,94.6,89.41,432900,4021332848.0,1.83,4.72,5.8,89.41,12.961417105089902,1213.5774835495674,1159.009917537139,1226.1500581415046,1158.8803033660881,0.047198299966446644,3747834147,350909711183.61,0,0,0,0,0,0,4852.96,0.021003002232213186,1156.88,62.12,60.379257956839155
2020-07-14,93.68,96.3,96.68,91.5,390871,3673040832.0,1.65,2.85,5.53,93.63,12.961417105089902,1248.1844672201576,1214.225554404822,1253.1098057200918,1185.969665115726,0.028516501121435445,3747834147,360916428356.1,0,0,0,0,0,0,4806.69,-0.009534387260558552,1189.56,64.03,62.1010631340768
2020-07-15,96.3,96.43,99.01,94.0,382303,3724187280.0,1.62,0.13,5.2,96.3,12.961417105089902,1249.8694514438193,1248.1844672201576,1283.3099075749512,1218.3732078784508,0.0013499480789200824,3747834147,361403646795.21,0,0,0,0,0,0,4744.47,-0.012944458660741454,1191.15,64.12,62.18489634495355
2020-07-16,96.5,90.02,97.5,90.0,441698,4104275184.0,1.87,-6.65,7.78,96.43,12.961417105089902,1166.786767800193,1250.7767506411756,1263.7381677462654,1166.5275394580913,-0.06647308928756623,3747834147,337380029912.94,0,0,0,0,0,0,4516.25,-0.048102317013280826,1112.69,59.54,58.0512741778774
2020-07-17,90.0,94.48,94.48,90.0,359437,3340411168.0,1.52,4.95,4.98,90.02,12.961417105089902,1224.594688088894,1166.5275394580913,1224.594688088894,1166.5275394580913,0.04954454565652089,3747834147,354095370208.56,0,0,0,0,0,0,4544.7,0.006299474121228776,1167.28,62.73,60.92739818180245
2020-07-20,96.0,96.98,99.0,95.0,395521,3836873360.0,1.67,2.65,4.23,94.48,12.961417105089902,1256.9982308516187,1244.2960420886307,1283.1802934039004,1231.3346249835406,0.026460626587637703,3747834147,363464955576.06,0,0,0,0,0,0,4680.3,0.02983695293418709,1197.88,64.52,62.53957531404744
2020-07-21,97.4,95.57,97.44,93.18,305720,2909346352.0,1.29,-1.45,4.39,96.98,12.961417105089902,1238.7226327334417,1262.4420260357565,1262.96048271996,1207.7448458522772,-0.01453908022272643,3747834147,358180509428.79,0,0,0,0,0,0,4691.04,0.0022947246971347646,1180.62,63.51,61.63030741146126
2020-07-22,94.9,93.52,95.94,93.21,441306,4161348352.0,1.87,-2.15,2.86,95.57,12.961417105089902,1212.1517276680077,1230.0384832730317,1243.518357062325,1208.1336883654296,-0.02145024589306266,3747834147,350497449427.44,0,0,0,0,0,0,4714.45,0.004990364609979814,1155.53,62.04,60.30832216302038
2020-07-23,92.95,92.01,93.95,90.15,357629,3278140640.0,1.51,-1.61,4.06,93.52,12.961417105089902,1192.579987839322,1204.7637199181065,1217.7251370231963,1168.4717520238548,-0.016146278870829645,3747834147,344838219865.47003,0,0,0,0,0,0,4712.44,-0.0004263487787546927,1137.05,60.97,59.334567175144414
2020-07-24,91.8,89.25,94.6,87.5,516489,4721790464.0,2.18,-3.0,7.72,92.01,12.961417105089902,1156.8064766292737,1189.858090247253,1226.1500581415046,1134.1239966953665,-0.029996739484838608,3747834147,334494197619.75,0,0,0,0,0,0,4505.59,-0.04389445807267567,1103.27,58.99,57.554723621145946
2020-07-27,91.0,87.16,91.98,86.19,329535,2914717600.0,1.39,-2.34,6.49,89.25,12.961417105089902,1129.7171148796358,1179.488956563181,1192.1911453261691,1117.1445402876986,-0.02341736694677876,3747834147,326661224252.51996,0,0,0,0,0,0,4528.45,0.005073697340414851,1077.68,57.5,56.20694353858914
2020-07-28,88.21,90.24,90.79,87.8,327524,2936424160.0,1.39,3.53,3.43,87.16,12.961417105089902,1169.6382795633126,1143.32660283998,1176.7670589711122,1138.0124218268934,0.03533731069297841,3747834147,338204553425.27997,0,0,0,0,0,0,4568.26,0.008791087458181135,1115.38,59.7,58.193145765514956
2020-07-29,90.24,91.1,91.19,88.5,286141,2583462976.0,1.21,0.95,2.98,90.24,12.961417105089902,1180.78509827369,1169.6382795633126,1181.9516258131482,1147.0854138004563,0.009530141843971718,3747834147,341427690791.69995,0,0,0,0,0,0,4679.01,0.02424336618318579,1125.91,60.32,58.74773469900723
2020-07-30,90.89,91.04,92.88,90.39,280256,2569780880.0,1.19,-0.07,2.73,91.1,12.961417105089902,1180.0074132473849,1178.0632006816213,1203.85642072075,1171.5824921290762,-0.0006586169045004198,3747834147,341202820742.88,0,0,0,0,0,0,4656.15,-0.004885648887264726,1125.17,60.27,58.70904244783337
2020-07-31,91.04,91.48,92.34,89.5,225714,2055860624.0,0.95,0.48,3.12,91.04,12.961417105089902,1185.7104367736242,1180.0074132473849,1196.8572554840016,1160.0468309055461,0.004833040421792667,3747834147,342851867767.56,0,0,0,0,0,0,4695.05,0.0083545418425095,1130.56,60.59,58.992785623108475
2020-08-03,92.0,93.42,95.55,91.98,341597,3198467200.0,1.44,2.12,3.9,91.48,12.961417105089902,1210.8555859574988,1192.450373668271,1238.4634043913402,1192.1911453261691,0.0212068211630958,3747834147,350122666012.74,0,0,0,0,0,0,4771.31,0.016242638523551456,1154.31,61.97,60.24383507773059
2020-08-04,92.7,93.09,94.5,92.21,219404,2046320368.0,0.93,-0.35,2.45,93.42,12.961417105089902,1206.578318312819,1201.523365641834,1224.8539164309957,1195.1722712603398,-0.0035324341682723137,3747834147,348885880744.23004,0,0,0,0,0,0,4775.8,0.0009410413492310088,1150.27,61.74,60.03102769627424
2020-08-05,93.9,94.7,95.0,92.27,324574,3059912096.0,1.37,1.73,2.93,93.09,12.961417105089902,1227.4461998520137,1217.077066167942,1231.3346249835406,1195.9499562866451,0.01729509077237079,3747834147,354919893720.9,0,0,0,0,0,0,4777.11,0.00027429959378522106,1169.97,62.89,61.06926976944001
2020-08-06,96.1,93.0,96.95,92.22,411973,3900370080.0,1.74,-1.8,4.99,94.7,12.961417105089902,1205.411790773361,1245.5921837991395,1256.609388338466,1195.3018854313907,-0.01795142555438234,3747834147,348548575671.0,0,0,0,0,0,0,4762.76,-0.003003908220660545,1149.17,61.67,59.972989319513424
2020-08-07,91.88,90.82,93.18,89.58,322754,2929792096.0,1.36,-2.34,3.87,93.0,12.961417105089902,1177.1559014842649,1190.8950036156602,1207.7448458522772,1161.0837442739535,-0.02344086021505387,3747834147,340378297230.54,0,0,0,0,0,0,4707.93,-0.01151223240306043,1122.48,60.12,58.567170860195795
2020-08-10,90.61,91.75,91.75,89.61,225944,2053132672.0,0.96,1.02,2.36,90.82,12.961417105089902,1189.2100193919985,1174.434003892196,1189.2100193919985,1161.4725867871061,0.010240035234529987,3747834147,343863782987.25,0,0,0,0,0,0,4724.87,0.0035981843400390012,1133.87,60.78,59.16690075339093
2020-08-11,91.5,93.93,96.86,91.5,446735,4244501728.0,1.89,2.38,5.84,91.75,12.961417105089902,1217.4659086810946,1185.969665115726,1255.4428607990078,1185.969665115726,0.023760217983651355,3747834147,352034061427.71,0,0,0,0,0,0,4681.78,-0.009119827635469369,1160.55,62.34,60.57271921270856
2020-08-12,94.13,92.7,94.78,90.3,280455,2572281280.0,1.19,-1.31,4.77,93.93,12.961417105089902,1201.523365641834,1220.0581921021123,1228.483113220421,1170.4159645896182,-0.013094857872884114,3747834147,347424225426.9,0,0,0,0,0,0,4647.64,-0.007292098304490957,1145.49,61.46,59.77952806364403
2020-08-13,92.8,92.0,94.66,91.72,223447,2079365872.0,0.94,-0.76,3.17,92.7,12.961417105089902,1192.450373668271,1202.819507352343,1226.9277431678101,1188.8211768788458,-0.007551240560949357,3747834147,344800741524.0,0,0,0,0,0,0,4635.71,-0.0025668941656411537,1136.93,60.96,59.32811846661543
2020-08-14,92.02,92.28,92.86,90.8,155882,1430110528.0,0.66,0.3,2.24,92.0,12.961417105089902,1196.0795704576963,1192.7096020103727,1203.5971923786483,1176.896673142163,0.003043478260869481,3747834147,345850135085.16003,0,0,0,0,0,0,4704.63,0.014867194022059271,1140.35,61.16,59.50868230542687
2020-08-17,92.27,91.71,93.38,91.25,255944,2351628976.0,1.08,-0.62,2.31,92.28,12.961417105089902,1188.691562707795,1195.9499562866451,1210.337129273295,1182.7293108394535,-0.006176853055916864,3747834147,343713869621.37,0,0,0,0,0,0,4815.23,0.02350875626776161,1133.38,60.75,59.14110591927501
2020-08-18,91.99,91.17,92.39,91.0,257370,2353193824.0,1.09,-0.59,1.52,91.71,12.961417105089902,1181.6923974710464,1192.32075949722,1197.505326339256,1179.488956563181,-0.0058881256133462845,3747834147,341690039181.99,0,0,0,0,0,0,4812.76,-0.0005129557674294905,1126.77,60.37,58.792875658710095
2020-08-19,91.3,89.6,91.6,89.58,234538,2118384096.0,0.99,-1.72,2.22,91.17,12.961417105089902,1161.3429726160552,1183.377381694708,1187.265806826235,1161.0837442739535,-0.01722057694417034,3747834147,335805939571.19995,0,0,0,0,0,0,4740.68,-0.014976853198580442,1107.55,59.24,57.78042841966025
2020-08-20,89.55,89.81,90.49,88.03,162950,1456059760.0,0.69,0.23,2.75,89.6,12.961417105089902,1164.0648702081241,1160.6949017608008,1172.878633839585,1140.993547761064,0.002343750000000089,3747834147,336592984742.07,0,0,0,0,0,0,4679.15,-0.012979150670368145,1110.12,59.39,57.91585129876883
2020-08-21,90.13,89.74,90.48,89.05,177746,1596048784.0,0.75,-0.08,1.59,89.81,12.961417105089902,1163.1575710107677,1168.2125236817528,1172.7490196685344,1154.2141932082557,-0.000779423226812237,3747834147,336330636351.77997,0,0,0,0,0,0,4718.84,0.008482309821228329,1109.26,59.34,57.87071033906596
2020-08-24,90.52,90.69,91.75,90.29,240932,2195528976.0,1.02,1.06,1.63,89.74,12.961417105089902,1175.4709172606033,1173.267476352738,1189.2100193919985,1170.2863504185673,0.010586137731223522,3747834147,339891078791.43,0,0,0,0,0,0,4755.85,0.00784302921904545,1120.89,60.02,58.48333764931906
2020-08-25,91.01,90.2,91.33,90.09,132415,1198877072.0,0.56,-0.54,1.37,90.69,12.961417105089902,1169.1198228791093,1179.618570734232,1183.7662242078607,1167.6940669975493,-0.00540302128128789,3747834147,338054640059.4,0,0,0,0,0,0,4761.95,0.001282630865145018,1114.89,59.67,58.16735093139905
2020-08-26,90.98,89.2,91.3,88.5,197602,1766293168.0,0.84,-1.11,3.1,90.2,12.961417105089902,1156.1584057740192,1179.2297282210793,1183.377381694708,1147.0854138004563,-0.011086474501108667,3747834147,334306805912.4,0,0,0,0,0,0,4706.13,-0.01172208864015789,1102.65,58.96,57.52248007850105
2020-08-27,89.15,88.6,89.15,87.65,147643,1304413152.0,0.62,-0.67,1.68,89.2,12.961417105089902,1148.3815555109652,1155.5103349187648,1155.5103349187648,1136.06820926113,-0.0067264573991032695,3747834147,332058105424.19995,0,0,0,0,0,0,4731.35,0.005358967984309793,1095.31,58.53,57.135557566762245
2020-08-28,88.6,89.73,89.97,88.37,207443,1852130160.0,0.88,1.28,1.81,88.6,12.961417105089902,1163.027956839717,1148.3815555109652,1166.1386969449384,1145.4004295767947,0.012753950338600495,3747834147,336293158010.31,0,0,0,0,0,0,4844.27,0.023866338360087447,1109.14,59.34,57.86426163053699
2020-08-31,87.58,87.8,88.77,85.47,356557,3111943872.0,1.51,-2.15,3.68,89.73,12.961417105089902,1138.0124218268934,1135.1609100637736,1150.5849964188305,1107.812319972034,-0.021508971358520035,3747834147,329059838106.6,0,0,0,0,0,0,4816.22,-0.005790346120261747,1085.52,57.96,56.61966088444385
2020-09-01,87.7,88.92,88.96,87.2,181385,1598337696.0,0.77,1.28,2.0,87.8,12.961417105089902,1152.529208984594,1136.7162801163845,1153.0476656687977,1130.2355715638396,0.012756264236902126,3747834147,333257412351.24,0,0,0,0,0,0,4842.12,0.005377661319457827,1099.23,58.76,57.34191623968961
2020-09-02,89.31,89.29,93.0,89.0,389370,3539877024.0,1.65,0.42,4.5,88.92,12.961417105089902,1157.3249333134775,1157.5841616555792,1205.411790773361,1153.5661223530012,0.004161043634727912,3747834147,334644110985.63,0,0,0,0,0,0,4843.89,0.00036554236574071197,1103.75,59.02,57.580518455261874
2020-09-03,89.2,88.03,89.2,87.43,254188,2236557984.0,1.02,-1.41,1.98,89.29,12.961417105089902,1140.993547761064,1156.1584057740192,1156.1584057740192,1133.2166974980103,-0.014111322656512493,3747834147,329921839960.41003,0,0,0,0,0,0,4817.1,-0.00553067885521763,1088.33,58.12,56.76798118061039
2020-09-04,86.51,87.45,87.86,86.0,181562,1580941520.0,0.73,-0.66,2.11,88.03,12.961417105089902,1133.475925840112,1121.2921937613276,1138.7901068531987,1114.6818710377315,-0.006588662955810509,3747834147,327748096155.15,0,0,0,0,0,0,4770.22,-0.009731996429387046,1081.23,57.71,56.39395608592957
2020-09-07,87.0,82.82,87.99,82.0,403602,3409856656.0,1.62,-5.29,6.85,87.45,12.961417105089902,1073.4645646435456,1127.6432881428216,1140.4750910768605,1062.836202617372,-0.052944539736992646,3747834147,310395624054.54,0,0,0,0,0,0,4669.37,-0.021141582568518946,1024.56,54.4,53.40820403701184
2020-09-08,82.82,82.78,83.65,81.09,278062,2283468464.0,1.11,-0.05,3.09,82.82,12.961417105089902,1072.946107959342,1073.4645646435456,1084.2225408407703,1051.0413130517402,-0.0004829751267808602,3747834147,310245710688.66003,0,0,0,0,0,0,4694.39,0.0053583245705524085,1024.07,54.37,53.38240920289592
2020-09-09,81.9,79.4,81.9,79.09,261780,2096835136.0,1.05,-4.08,3.39,82.78,12.961417105089902,1029.1365181441383,1061.5400609068631,1061.5400609068631,1025.1184788415603,-0.040831118627687846,3747834147,297578031271.80005,0,0,0,0,0,0,4584.59,-0.023389620376662368,982.7,51.96,51.202745720100715
2020-09-10,81.0,79.2,81.66,78.81,184061,1475235888.0,0.74,-0.25,3.59,79.4,12.961417105089902,1026.5442347231203,1049.874785512282,1058.4293208016413,1021.4892820521352,-0.0025188916876575096,3747834147,296828464442.4,0,0,0,0,0,0,4581.98,-0.0005692984541694202,980.25,51.82,51.07377154952111
2020-09-11,80.0,78.31,80.45,77.49,211025,1655431040.0,0.85,-1.12,3.74,79.2,12.961417105089902,1015.0085734995903,1036.9133684071921,1042.7460061044826,1004.3802114734165,-0.011237373737373768,3747834147,293492892051.57,0,0,0,0,0,0,4627.28,0.009886555593869861,969.36,51.18,50.4998364904419
2020-09-14,79.49,78.13,80.79,77.34,220759,1738437008.0,0.88,-0.23,4.41,78.31,12.961417105089902,1012.6755184206739,1030.3030456835963,1047.1528879202133,1002.435998907653,-0.002298557016983893,3747834147,292818281905.11,0,0,0,0,0,0,4651.05,0.00513692709323843,967.16,51.05,50.38375973692025
2020-09-15,78.2,78.71,78.89,77.07,147572,1153294880.0,0.59,0.74,2.33,78.13,12.961417105089902,1020.1931403416261,1013.5828176180304,1022.5261954205424,998.9364162892787,0.0074235248944067855,3747834147,294992025710.37,0,0,0,0,0,0,4688.48,0.0080476451553948,974.26,51.47,50.757784831601086
2020-09-16,78.19,75.45,78.55,72.79,446314,3364636224.0,1.79,-4.14,7.32,78.71,12.961417105089902,977.9389205790332,1013.4532034469794,1018.1193136048117,943.461551079494,-0.04141786304154482,3747834147,282774086391.15,0,0,0,0,0,0,4657.36,-0.00663754564379071,934.35,49.14,48.655505851153634
2020-09-17,75.0,74.09,75.13,72.61,295685,2178983088.0,1.19,-1.8,3.34,75.45,12.961417105089902,960.3113933161109,972.1062828817427,973.7912671054042,941.1284960005778,-0.01802518223989391,3747834147,277677031951.23004,0,0,0,0,0,0,4632.71,-0.005292698009172536,917.71,48.17,47.77848149121236
2020-09-18,74.0,75.3,76.15,73.81,228953,1720045056.0,0.92,1.63,3.16,74.09,12.961417105089902,975.9947080132696,959.1448657766528,987.0119125525961,956.6821965266857,0.01633148872992307,3747834147,282211911269.1,0,0,0,0,0,0,4737.09,0.022531088714812686,932.52,49.03,48.55877522321893
2020-09-21,75.3,73.83,75.31,73.05,186439,1377837216.0,0.75,-1.95,3.0,75.3,12.961417105089902,956.9414248687874,975.9947080132696,976.1243221843206,946.8315195268173,-0.019521912350597637,3747834147,276702595073.01,0,0,0,0,0,0,4691.43,-0.009638828901287422,914.52,47.98,47.61081506945888
2020-09-22,74.0,72.9,74.59,72.68,181431,1335641024.0,0.73,-1.26,2.59,73.83,12.961417105089902,944.8873069610539,959.1448657766528,966.7921018686559,942.0357951979341,-0.012596505485574894,3747834147,273217109316.30002,0,0,0,0,0,0,4635.76,-0.011866317945701033,903.14,47.32,47.01108517626375
2020-09-23,72.9,74.52,74.88,72.66,185797,1376558176.0,0.74,2.22,3.05,72.9,12.961417105089902,965.8848026712994,944.8873069610539,970.5509128291318,941.7765668558322,0.022222222222222143,3747834147,279288600634.44,0,0,0,0,0,0,4652.33,0.003574386939789731,922.97,48.47,48.055775957958495
2020-09-24,74.4,73.71,74.83,73.32,185794,1371633600.0,0.74,-1.09,2.03,74.52,12.961417105089902,955.3860548161766,964.3294326186888,969.9028419738773,950.3311021451915,-0.010869565217391353,3747834147,276252854975.37,0,0,0,0,0,0,4563.07,-0.019186085251906126,913.06,47.89,47.53343056711112
2020-09-25,74.2,73.95,75.05,73.57,200150,1487818880.0,0.8,0.33,2.01,73.71,12.961417105089902,958.4967949213983,961.7371491976708,972.7543537369971,953.5714564214641,0.0032560032560033925,3747834147,277152335170.65,0,0,0,0,0,0,4570.02,0.0015230973883813004,915.99,48.07,47.68819957180664
2020-09-28,74.2,70.67,74.39,70.51,245191,1765242192.0,0.98,-4.44,5.25,73.95,12.961417105089902,915.9833468167034,961.7371491976708,964.1998184476378,913.909520079889,-0.044354293441514536,3747834147,264859439168.49002,0,0,0,0,0,0,4581.91,0.002601739160878802,875.85,45.72,45.57302317430122
2020-09-29,72.43,74.0,74.29,71.15,245000,1798383312.0,0.98,4.71,4.44,70.67,12.961417105089902,959.1448657766528,938.7954409216617,962.9036767371289,922.2048270271466,0.04712041884816753,3747834147,277339726878.0,0,0,0,0,0,0,4591.8,0.002158488490607624,916.61,48.1,47.72044311445154
2020-09-30,74.28,74.0,75.18,73.16,187700,1391978608.0,0.75,0.0,2.73,74.0,12.961417105089902,959.1448657766528,962.774062566078,974.4393379606589,948.2572754083772,0.0,3747834147,277339726878.0,0,0,0,0,0,0,4587.4,-0.0009582298880614903,916.61,48.1,47.72044311445154
2020-10-09,74.99,72.58,74.99,72.01,247274,1797825600.0,0.99,-1.92,4.03,74.0,12.961417105089902,940.739653487425,971.9766687106917,971.9766687106917,933.3516457375239,-0.019189189189189215,3747834147,272017802389.25998,0,0,0,0,0,0,4681.14,0.020434232898809856,899.22,47.09,46.80472650333639
2020-10-12,72.97,75.83,76.26,72.54,405224,3034647040.0,1.62,4.48,5.13,72.58,12.961417105089902,982.8642590789673,945.7946061584101,988.437668434156,940.2211968032216,0.04477817580600707,3747834147,284198263367.01,0,0,0,0,0,0,4823.16,0.030338763634499166,939.0,49.41,48.90055677525487
2020-10-13,75.99,81.35,81.89,75.02,392592,3077153008.0,1.57,7.28,9.06,75.83,12.961417105089902,1054.4112814990635,984.9380858157816,1061.410446735812,972.3655112238444,0.07279440854543062,3747834147,304886307858.44995,0,0,0,0,0,0,4839.2,0.0033256205475249434,1006.57,53.35,52.4602438832518
2020-10-14,80.5,78.0,81.08,77.82,355530,2804885872.0,1.42,-4.12,4.01,81.35,12.961417105089902,1010.9905341970124,1043.394076959737,1050.9116988806893,1008.657479118096,-0.04118008604794088,3747834147,292331063466.0,0,0,0,0,0,0,4807.1,-0.006633327822780477,965.57,50.96,50.29992652604352
2020-10-15,77.5,76.3,77.57,75.39,220133,1677991920.0,0.88,-2.18,2.79,78.0,12.961417105089902,988.9561251183595,1004.5098256444674,1005.4171248418236,977.1612355527277,-0.02179487179487183,3747834147,285959745416.1,0,0,0,0,0,0,4798.74,-0.001739094256412499,944.76,49.74,49.203646076116925
2020-10-16,76.49,75.25,76.63,74.83,142900,1079374864.0,0.57,-1.38,2.36,76.3,12.961417105089902,975.3466371580151,991.4187943683265,993.2333927630391,969.9028419738773,-0.013761467889908174,3747834147,282024519561.75,0,0,0,0,0,0,4791.68,-0.001471219528459411,931.91,48.99,48.52653168057403
2020-10-19,75.6,74.2,76.8,73.82,175284,1320570304.0,0.7,-1.4,3.96,75.25,12.961417105089902,961.7371491976708,979.8831331447965,995.4368336709044,956.8118106977365,-0.013953488372092981,3747834147,278089293707.4,0,0,0,0,0,0,4755.49,-0.007552674636035928,919.05,48.24,47.849417285031144
2020-10-20,74.5,74.9,75.12,73.34,146112,1084726992.0,0.59,0.94,2.4,74.2,12.961417105089902,970.8101411712338,965.6255743291977,973.6616529343535,950.5903304872935,0.009433962264151052,3747834147,280712777610.30005,0,0,0,0,0,0,4793.47,0.00798655869321574,927.62,48.74,48.300826882059745
2020-10-21,74.9,73.04,74.91,72.87,174014,1277143600.0,0.7,-2.48,2.72,74.9,12.961417105089902,946.7019053557665,970.8101411712338,970.9397553422846,944.4984644479013,-0.02483311081441919,3747834147,273741806096.88004,0,0,0,0,0,0,4792.83,-0.00013351496932290097,904.85,47.42,47.10136709566947
2020-10-22,73.1,71.24,73.35,71.02,199460,1432381008.0,0.8,-2.46,3.19,73.04,12.961417105089902,923.3713545666045,947.4795903820718,950.7199446583443,920.5198428034848,-0.02464403066812726,3747834147,266995704632.27997,0,0,0,0,0,0,4777.98,-0.0030983782024399664,882.82,46.13,45.94059956045307
2020-10-23,71.0,69.02,71.44,68.9,218850,1531392224.0,0.88,-3.12,3.57,71.24,12.961417105089902,894.597008593305,920.260614461383,925.9636379876225,893.0416385406943,-0.031162268388545744,3747834147,258675512825.93997,0,0,0,0,0,0,4718.49,-0.01245086835859499,855.65,44.54,44.50898626701953
2020-10-26,69.01,70.45,71.08,67.67,141167,984452160.0,0.57,2.07,4.94,69.02,12.961417105089902,913.1318350535836,894.4673944222542,921.2975278297902,877.0990955014337,0.020718632280498417,3747834147,264034915656.15002,0,0,0,0,0,0,4691.24,-0.005775152644172166,873.15,45.57,45.43115158666366
2020-10-27,70.44,71.39,71.58,70.1,130733,929749056.0,0.52,1.33,2.1,70.45,12.961417105089902,925.3155671323681,913.0022208825327,927.7782363823352,908.595339066802,0.013342796309439242,3747834147,267557879754.33002,0,0,0,0,0,0,4699.28,0.0017138325901040474,884.66,46.24,46.03733018838778
2020-10-28,71.58,70.35,72.1,70.35,141965,1010530736.0,0.57,-1.46,2.45,71.39,12.961417105089902,911.8356933430746,927.7782363823352,934.5181732769819,911.8356933430746,-0.014567866647990035,3747834147,263660132241.44998,0,0,0,0,0,0,4737.27,0.008084217156670848,871.93,45.49,45.36666450137386
2020-10-29,69.61,72.0,72.8,69.1,180752,1285493584.0,0.72,2.35,5.26,70.35,12.961417105089902,933.222031566473,902.2442446853081,943.5911652505448,895.6339219617122,0.023454157782516027,3747834147,269844058584.0,0,0,0,0,0,0,4772.92,0.007525431313815778,892.13,46.67,46.43070140865556
2020-10-30,71.9,70.88,72.8,70.8,145450,1039435104.0,0.58,-1.56,2.78,72.0,12.961417105089902,918.7052444087722,931.925889855964,943.5911652505448,917.668331040365,-0.015555555555555656,3747834147,265646484339.36,0,0,0,0,0,0,4695.33,-0.01625629593624034,878.42,45.87,45.708446053409794
2020-11-02,71.12,71.9,73.24,71.1,174612,1260395216.0,0.7,1.44,3.02,70.88,12.961417105089902,931.925889855964,921.8159845139938,949.2941887767844,921.556756171892,0.014390519187359008,3747834147,269469275169.30002,0,0,0,0,0,0,4720.83,0.005430928177572181,890.9,46.6,46.36621432336575
2020-11-03,72.07,71.63,72.79,71.22,132463,952047264.0,0.53,-0.38,2.18,71.9,12.961417105089902,928.4263072375896,934.1293307638291,943.461551079494,923.1121262245028,-0.003755215577190718,3747834147,268457359949.61,0,0,0,0,0,0,4777.56,0.012016954645687417,887.6,46.41,46.192099193083294
2020-11-04,71.4,71.15,72.4,70.5,126262,900426768.0,0.51,-0.67,2.65,71.63,12.961417105089902,922.2048270271466,925.4451813034191,938.406598408509,913.7799059088381,-0.006701102889850485,3747834147,266658399559.05002,0,0,0,0,0,0,4813.66,0.0075561583737304705,881.72,46.07,45.88256118369226
2020-11-05,71.27,71.89,72.59,71.16,132287,950215840.0,0.53,1.04,2.01,71.15,12.961417105089902,931.7962756849131,923.7601970797573,940.869267658476,922.3344411981974,0.010400562192550922,3747834147,269431796827.83002,0,0,0,0,0,0,4885.11,0.014843175463161051,890.78,46.59,46.359765614836775
2020-11-06,72.35,70.66,72.35,69.71,177873,1251624688.0,0.71,-1.71,3.67,71.89,12.961417105089902,915.8537326456525,937.7585275532543,937.7585275532543,903.540386395817,-0.01710947280567543,3747834147,264821960827.02,0,0,0,0,0,0,4885.72,0.0001248692455237954,875.72,45.72,45.56657446577224
2020-11-09,70.5,71.65,72.26,69.95,220000,1576070016.0,0.88,1.4,3.27,70.66,12.961417105089902,928.6855355796915,913.7799059088381,936.5920000137963,906.6511265010387,0.014010755731672875,3747834147,268532316632.55002,0,0,0,0,0,0,4981.35,0.01957336892003636,887.84,46.42,46.20499661014126
2020-11-10,71.68,70.83,71.88,70.37,149446,1058579872.0,0.6,-1.14,2.11,71.65,12.961417105089902,918.0571735535177,929.0743780928443,931.6666615138621,912.0949216851765,-0.011444521981856304,3747834147,265459092632.00998,0,0,0,0,0,0,4953.88,-0.005514569343651909,877.8,45.84,45.676202510764895
2020-11-11,70.41,70.47,71.38,70.26,123152,870277200.0,0.49,-0.51,1.58,70.83,12.961417105089902,913.3910633956854,912.6133783693799,925.1859529613172,910.6691658036166,-0.0050825921219822545,3747834147,264109872339.09,0,0,0,0,0,0,4904.9,-0.009887199528450519,873.4,45.58,45.444049003721624
2020-11-12,70.27,68.11,70.43,67.71,245041,1676342336.0,0.98,-3.35,3.86,70.47,12.961417105089902,882.8021190276733,910.7987799746674,912.8726067114819,877.6175521856372,-0.03348942812544342,3747834147,255264983752.16998,0,0,0,0,0,0,4908.46,0.0007258048074374468,844.51,43.89,43.92215379088236
2020-11-13,68.12,70.08,70.3,67.72,189949,1307808640.0,0.76,2.89,3.79,68.11,12.961417105089902,908.3361107247003,882.9317331987241,911.1876224878201,877.7471663566881,0.028923799735721678,3747834147,262648217021.75998,0,0,0,0,0,0,4856.85,-0.010514499456041104,868.62,45.3,45.19254937109141
2020-11-16,70.62,72.83,72.95,69.81,307551,2211479392.0,1.23,3.92,4.48,70.08,12.961417105089902,943.9800077636976,915.3352759614489,945.5353778163084,904.8365281063261,0.039240867579908745,3747834147,272954760926.00998,0,0,0,0,0,0,4904.17,0.00974294038317014,902.28,47.27,46.96594421656089
2020-11-17,72.57,72.35,73.58,71.8,178191,1292413872.0,0.71,-0.66,2.44,72.83,12.961417105089902,937.7585275532543,940.6100393163741,953.701070592515,930.629748145455,-0.00659069064945772,3747834147,271155800535.44998,0,0,0,0,0,0,4894.79,-0.0019126580032911011,896.41,46.92,46.656406207169844
2020-11-18,72.5,72.6,72.95,71.3,148000,1067248640.0,0.59,0.35,2.28,72.35,12.961417105089902,940.9988818295268,939.7027401190179,945.5353778163084,924.14903959291,0.003455425017277136,3747834147,272092759072.19998,0,0,0,0,0,0,4891.67,-0.0006374124324025621,899.47,47.1,46.81762392039435
2020-11-19,72.89,75.19,76.27,72.2,311244,2332128752.0,1.25,3.57,5.61,72.6,12.961417105089902,974.5689521317097,944.7576927900029,988.5672826052067,935.814314987491,0.03567493112947662,3747834147,281799649512.93,0,0,0,0,0,0,4927.99,0.007424867172151739,931.17,48.95,48.487839429400154
2020-11-20,74.8,72.97,75.0,72.0,239609,1753206144.0,0.96,-2.95,3.99,75.19,12.961417105089902,945.7946061584101,969.5139994607247,972.1062828817427,933.222031566473,-0.029525202819523866,3747834147,273479457706.59,0,0,0,0,0,0,4943.29,0.0031047140923581296,904.0,47.37,47.05622613596661
2020-11-23,72.7,72.0,72.72,71.08,173650,1246510656.0,0.7,-1.33,2.25,72.97,12.961417105089902,933.222031566473,942.2950235400359,942.5542518821377,921.2975278297902,-0.013293134164725218,3747834147,269844058584.0,0,0,0,0,0,0,5005.03,0.012489657697606127,892.13,46.67,46.43070140865556
2020-11-24,71.5,72.42,73.5,71.21,118801,860268032.0,0.48,0.58,3.18,72.0,12.961417105089902,938.6658267506107,926.741323013928,952.6641572241078,922.9825120534518,0.005833333333333357,3747834147,271418148925.74002,0,0,0,0,0,0,4974.29,-0.006141821327744212,897.27,46.97,46.70154716687271
2020-11-25,72.45,72.58,73.2,71.99,97174,705069504.0,0.39,0.22,1.67,72.42,12.961417105089902,940.739653487425,939.0546692637635,948.7757320925808,933.092417395422,0.002209334438000532,3747834147,272017802389.25998,0,0,0,0,0,0,4910.7,-0.012783733960022414,899.22,47.09,46.80472650333639
2020-11-26,73.1,75.0,75.3,72.79,275187,2048190096.0,1.1,3.33,3.46,72.58,12.961417105089902,972.1062828817427,947.4795903820718,975.9947080132696,943.461551079494,0.03334251860016546,3747834147,281087561025.0,0,0,0,0,0,0,4919.59,0.0018103325391491953,928.85,48.82,48.365313967349536
2020-11-27,76.38,77.18,78.99,76.38,335723,2603226480.0,1.35,2.91,3.48,75.0,12.961417105089902,1000.3621721708387,989.9930384867666,1023.8223371310513,989.9930384867666,0.029066666666666796,3747834147,289257839465.46,0,0,0,0,0,0,4980.77,0.012435995682567036,955.53,50.37,49.771132426667165
2020-11-30,78.5,77.0,78.86,77.0,263429,2051504752.0,1.06,-0.23,2.41,77.18,12.961417105089902,998.0291170919224,1017.4712427495573,1022.1373529073896,998.0291170919224,-0.0023322104172066593,3747834147,288583229319.0,0,0,0,0,0,0,4960.25,-0.004119844923576199,953.33,50.24,49.65505567314552
2020-12-01,77.0,78.25,78.68,76.9,174167,1359158160.0,0.7,1.62,2.31,77.0,12.961417105089902,1014.2308884732848,998.0291170919224,1019.8042978284736,996.7329753814136,0.016233766233766156,3747834147,293268022002.75,0,0,0,0,0,0,5067.1,0.02154125296104037,968.63,51.14,50.461144239268016
2020-12-02,78.9,79.22,79.96,78.04,166429,1313687200.0,0.67,1.24,2.45,78.25,12.961417105089902,1026.803463065222,1022.6558095915933,1036.3949117229886,1011.508990881216,0.012396166134185371,3747834147,296903421125.33997,0,0,0,0,0,0,5067.14,7.89406169210416e-06,980.5,51.83,51.08666896657907
2020-12-03,79.71,79.07,79.78,78.11,166566,1315903312.0,0.67,-0.19,2.11,79.22,12.961417105089902,1024.8592504994585,1033.1545574467161,1034.0618566440723,1012.4162900785723,-0.0018934612471598333,3747834147,296341246003.29,0,0,0,0,0,0,5057.06,-0.0019892878428462435,978.66,51.72,50.98993833864437
2020-12-04,78.9,78.14,79.47,77.38,154719,1208885488.0,0.62,-1.18,2.64,79.07,12.961417105089902,1012.8051325917249,1022.6558095915933,1030.0438173414946,1002.9544555918566,-0.011761730112558433,3747834147,292855760246.58,0,0,0,0,0,0,5065.92,0.001752006106314763,967.28,51.06,50.39020844544923
2020-12-07,77.87,78.77,78.8,76.89,229168,1783837184.0,0.92,0.81,2.44,78.14,12.961417105089902,1020.9708253679315,1009.3055499733507,1021.3596678810842,996.6033612103626,0.008062452009214072,3747834147,295216895759.19,0,0,0,0,0,0,5022.24,-0.00862232328974799,974.99,51.51,50.79647708277497
2020-12-08,78.94,78.22,79.5,78.2,197106,1553922128.0,0.79,-0.7,1.65,78.77,12.961417105089902,1013.8420459601322,1023.1742662757969,1030.4326598546472,1013.5828176180304,-0.006982353687952192,3747834147,293155586978.33997,0,0,0,0,0,0,5009.88,-0.0024610532352097314,968.26,51.12,50.441798113681074
2020-12-09,78.5,76.58,78.99,76.39,181846,1411091600.0,0.73,-2.1,3.32,78.22,12.961417105089902,992.5853219077846,1017.4712427495573,1023.8223371310513,990.1226526578176,-0.02096650473024808,3747834147,287009138977.26,0,0,0,0,0,0,4942.7,-0.013409502822422925,948.18,49.94,49.38420991492836
2020-12-10,76.35,75.0,76.93,75.0,164425,1247096928.0,0.66,-2.06,2.52,76.58,12.961417105089902,972.1062828817427,989.604195973614,997.1218178945662,972.1062828817427,-0.020632018803865226,3747834147,281087561025.0,0,0,0,0,0,0,4940.52,-0.00044105448439102357,928.85,48.82,48.365313967349536
2020-12-11,75.09,73.7,75.38,72.7,242734,1790273056.0,0.97,-1.73,3.57,75.0,12.961417105089902,955.2564406451258,973.2728104212008,977.0316213816768,942.2950235400359,-0.01733333333333331,3747834147,276215376633.9,0,0,0,0,0,0,4889.63,-0.010300535166338887,912.93,47.89,47.52698185858215
2020-12-14,75.0,74.85,75.49,73.27,189543,1412908944.0,0.76,1.56,3.01,73.7,12.961417105089902,970.1620703159791,972.1062828817427,978.4573772632366,949.683031289937,0.015603799185888612,3747834147,280525385902.94995,0,0,0,0,0,0,4934.84,0.0092460983755418,927.01,48.71,48.26858333941483
2020-12-15,74.99,75.06,75.44,73.85,151401,1133409376.0,0.61,0.28,2.12,74.85,12.961417105089902,972.8839679080481,971.9766687106917,977.8093064079821,957.2006532108892,0.002805611222445048,3747834147,281312431073.82,0,0,0,0,0,0,4945.1,0.0020790947629507617,929.58,48.86,48.40400621852342
2020-12-16,75.1,74.53,75.55,73.65,138122,1029189104.0,0.55,-0.71,2.53,75.06,12.961417105089902,966.0144168423504,973.4024245922516,979.235062289542,954.6083697898714,-0.007061017852384777,3747834147,279326078975.91003,0,0,0,0,0,0,4953.87,0.0017734727305815934,923.09,48.48,48.06222466648748
2020-12-17,74.51,74.73,75.2,74.2,137453,1027994432.0,0.55,0.27,1.34,74.53,12.961417105089902,968.6067002633685,965.7551885002487,974.6985663027607,961.7371491976708,0.0026834831611433074,3747834147,280075645805.31,0,0,0,0,0,0,5017.48,0.012840466140613183,925.54,48.62,48.19119883706708
2020-12-18,75.01,73.21,75.2,73.08,152626,1126939648.0,0.61,-2.03,2.84,74.73,12.961417105089902,948.9053462636316,972.2358970527936,974.6985663027607,947.22036203997,-0.020339890271644734,3747834147,274378937901.86996,0,0,0,0,0,0,4999.97,-0.003489799660387094,906.94,47.54,47.21099514066212
2020-12-21,72.55,74.0,74.0,71.5,168238,1229977792.0,0.67,1.08,3.41,73.21,12.961417105089902,959.1448657766528,940.3508109742723,959.1448657766528,926.741323013928,0.0107908755634476,3747834147,277339726878.0,0,0,0,0,0,0,5046.84,0.009374056244337403,916.61,48.1,47.72044311445154
2020-12-22,73.36,71.35,73.75,71.24,193151,1394348848.0,0.77,-3.58,3.39,74.0,12.961417105089902,924.7971104481644,950.8495588293952,955.9045115003803,923.3713545666045,-0.035810810810810834,3747834147,267407966388.44998,0,0,0,0,0,0,4964.77,-0.016261660761981656,884.17,46.21,46.01153535427185
2020-12-23,71.31,71.98,72.31,70.39,161616,1150489456.0,0.65,0.88,2.69,71.35,12.961417105089902,932.9628032243712,924.278653763961,937.2400708690509,912.3541500272783,0.008829712683952495,3747834147,269769101901.06003,0,0,0,0,0,0,5007.12,0.008530103106488163,891.88,46.66,46.417803991597594
2020-12-24,71.98,75.65,75.66,71.3,294321,2194674048.0,1.18,5.1,6.06,71.98,12.961417105089902,980.5312040000512,932.9628032243712,980.6608181711019,924.14903959291,0.050986385106974286,3747834147,283523653220.55005,0,0,0,0,0,0,5000.02,-0.0014179807953472734,936.8,49.28,48.78448002173324
2020-12-25,75.0,74.33,75.56,74.16,134538,1004132480.0,0.54,-1.74,1.85,75.65,12.961417105089902,963.4221334213324,972.1062828817427,979.364676460593,961.2186925134671,-0.01744877726371452,3747834147,278576512146.51,0,0,0,0,0,0,5042.01,0.008397966408134394,920.64,48.34,47.93325049590788
2020-12-28,74.49,77.5,77.6,74.2,278593,2120837312.0,1.12,4.26,4.57,74.33,12.961417105089902,1004.5098256444674,965.4959601581468,1005.8059673549764,961.7371491976708,0.04264765236109236,3747834147,290457146392.5,0,0,0,0,0,0,5064.41,0.004442672664274783,959.45,50.6,49.977491099594516
2020-12-29,77.51,76.45,77.78,75.75,181758,1389055600.0,0.73,-1.35,2.62,77.5,12.961417105089902,990.9003376841231,1004.6394398155184,1008.1390224338926,981.82734571056,-0.013548387096774195,3747834147,286521920538.15,0,0,0,0,0,0,5042.94,-0.004239388201192296,946.59,49.85,49.30037670405163
2020-12-30,76.31,76.27,77.44,75.75,166868,1276570112.0,0.67,-0.24,2.21,76.45,12.961417105089902,988.5672826052067,989.0857392894104,1003.732140618162,981.82734571056,-0.002354480052321861,3747834147,285847310391.69,0,0,0,0,0,0,5113.71,0.01403348046972619,944.39,49.72,49.18429995052998
2020-12-31,75.75,77.1,78.29,75.75,176752,1361546832.0,0.71,1.09,3.33,76.27,12.961417105089902,999.3252588024313,981.82734571056,1014.7493451574885,981.82734571056,0.010882391503867828,3747834147,288958012733.69995,0,0,0,0,0,0,5211.29,0.019082036329787888,954.55,50.32,49.71954275843532
2021-01-04,80.5,84.81,84.81,79.99,391494,3265083792.0,1.57,10.0,6.25,77.1,12.961417105089902,1099.2577846826746,1043.394076959737,1099.2577846826746,1036.7837542361412,0.10000000000000009,3747834147,317853814007.07,1,0,1,0,0,0,5267.72,0.010828412926549902,1048.92,55.82,54.691497034278854
2021-01-05,88.39,93.29,93.29,88.0,835538,7671463168.0,3.35,10.0,6.24,84.81,12.961417105089902,1209.170601733837,1145.6596579188965,1209.170601733837,1140.6047052479114,0.09998820893762539,3747834147,349635447573.63,1,0,1,0,0,0,5368.5,0.019131616714631816,1152.71,61.88,60.16000186685384
2021-01-06,97.5,96.0,99.38,93.29,649267,6196567552.0,2.6,2.9,6.53,93.29,12.961417105089902,1244.2960420886307,1263.7381677462654,1288.1056319038344,1209.170601733837,0.029049201414942605,3747834147,359792078112.0,0,0,0,0,0,0,5417.67,0.009158982956132933,1185.89,63.82,61.90760187820741
2021-01-07,95.46,97.87,97.87,92.4,585272,5572915968.0,2.35,1.95,5.7,96.0,12.961417105089902,1268.5338920751487,1237.296876851882,1268.5338920751487,1197.634940510307,0.019479166666666714,3747834147,366800527966.89,0,0,0,0,0,0,5513.66,0.017717948859934163,1208.77,65.15,63.11351037312666
2021-01-08,99.0,96.68,99.0,94.43,443459,4276198416.0,1.78,-1.22,4.67,97.87,12.961417105089902,1253.1098057200918,1283.1802934039004,1283.1802934039004,1223.9466172336395,-0.012158986410544581,3747489397,362307274901.96,0,0,0,0,0,0,5495.43,-0.003306333723878452,1194.21,64.3,62.346114058178046
2021-01-11,95.0,89.01,95.0,87.94,630297,5749836544.0,2.53,-7.93,7.3,96.68,12.961417105089902,1153.6957365240523,1231.3346249835406,1231.3346249835406,1139.827020221606,-0.07933388498138194,3747489397,333564031226.97003,0,0,0,0,0,0,5441.16,-0.009875478352012523,1100.33,58.82,57.39995461645044
2021-01-12,89.01,90.24,90.49,88.11,334420,2992054080.0,1.34,1.38,2.67,89.01,12.961417105089902,1169.6382795633126,1153.6957365240523,1172.878633839585,1142.0304611294712,0.01381867205931897,3747489397,338173443185.27997,0,0,0,0,0,0,5596.35,0.02852149174073193,1115.38,59.7,58.193145765514956
2021-01-13,90.25,88.49,90.7,86.62,308228,2725044384.0,1.24,-1.94,4.52,90.24,12.961417105089902,1146.9557996294054,1169.7678937343637,1175.6005314316542,1122.7179496428873,-0.019392730496453847,3759330297,332663137981.52997,0,0,0,0,0,0,5577.97,-0.003284283506213903,1093.96,58.45,57.06462177294347
2021-01-14,88.5,83.88,89.29,83.65,375246,3215711824.0,1.5,-5.21,6.37,88.49,12.961417105089902,1087.203666774941,1147.0854138004563,1157.3249333134775,1084.2225408407703,-0.052096282065770105,3759330297,315332625312.36,0,0,0,0,0,0,5470.46,-0.019274036970439057,1037.54,55.16,54.09176714108372
2021-01-15,84.98,82.2,85.8,81.0,304697,2538690416.0,1.22,-2.0,5.72,83.88,12.961417105089902,1065.42848603839,1101.46122559054,1112.0895876167135,1049.874785512282,-0.02002861230329034,3759330297,309016950413.4,0,0,0,0,0,0,5458.08,-0.0022630638008503956,1016.97,53.96,53.0083841082151
2021-01-18,84.01,83.44,84.58,82.05,292418,2441976288.0,1.17,1.51,3.08,82.2,12.961417105089902,1081.5006432487014,1088.8886509986028,1096.276658748504,1063.4842734726265,0.015085158150851541,3759330297,313678519981.68,0,0,0,0,0,0,5518.52,0.011073491044469863,1032.15,54.84,53.8080239658086
2021-01-19,83.44,82.09,83.5,81.21,252104,2073120368.0,1.01,-1.62,2.74,83.44,12.961417105089902,1064.00273015683,1081.5006432487014,1082.2783282750067,1052.5966831043509,-0.01617929050814948,3759330297,308603424080.73004,0,0,0,0,0,0,5437.52,-0.014677848408631289,1015.63,53.88,52.937448314396306
2021-01-20,81.51,82.55,83.83,81.18,256973,2120246064.0,1.03,0.56,3.23,82.09,12.961417105089902,1069.9649820251714,1056.485108235878,1086.5555959196865,1052.2078405911984,0.005603605798513822,3759330297,310332716017.35,0,0,0,0,0,0,5476.43,0.007155835748650086,1021.26,54.21,53.23408890672938
2021-01-21,82.99,83.58,84.4,81.7,292994,2433309184.0,1.17,1.25,3.27,82.55,12.961417105089902,1083.315241643414,1075.668005551411,1093.943603669588,1058.947777485845,0.012477286493034478,3759330297,314204826223.26,0,0,0,0,0,0,5564.97,0.016167466762105898,1033.86,54.94,53.89830588521433
2021-01-22,83.6,81.99,83.66,80.5,305162,2490266976.0,1.22,-1.9,3.78,83.58,12.961417105089902,1062.706588446321,1083.5744699855156,1084.3521550118212,1043.394076959737,-0.019023689877961325,3759330297,308227491051.02997,0,0,0,0,0,0,5569.78,0.0008643352974049279,1014.4,53.81,52.8729612291065
2021-01-25,82.01,81.46,82.9,81.0,301266,2462760800.0,1.21,-0.65,2.32,81.99,12.961417105089902,1055.8370373806233,1062.965816788423,1074.501478011953,1049.874785512282,-0.006464202951579456,3759330297,306235045993.62,0,0,0,0,0,0,5625.92,0.010079392722872393,1007.92,53.43,52.53117967707057
2021-01-26,84.07,87.4,89.61,82.21,757332,6555884032.0,3.04,7.29,9.08,81.46,12.961417105089902,1132.8278549848576,1089.6663360249079,1161.4725867871061,1065.5581002094407,0.07291922415909657,3759330297,328565467957.80005,1,0,0,0,0,0,5512.97,-0.020076716341504985,1080.62,57.67,56.36171254328467
2021-01-27,88.1,92.81,94.63,88.1,621765,5723335424.0,2.49,6.19,7.47,87.4,12.961417105089902,1202.9491215233938,1141.9008469584203,1226.5389006546575,1141.9008469584203,0.06189931350114408,3759330297,348903444864.57,0,0,0,0,0,0,5528.0,0.0027262981659612606,1146.84,61.54,59.850463857462806
2021-01-28,91.01,92.83,95.43,88.48,492019,4537761280.0,1.97,0.02,7.49,92.81,12.961417105089902,1203.2083498654956,1179.618570734232,1236.9080343387295,1146.8261854583545,0.00021549402004095164,3759330297,348978631470.51,0,0,0,0,0,0,5377.14,-0.02729015918958022,1147.08,61.55,59.86336127452076
2021-01-29,92.85,88.9,93.9,88.68,381910,3456375792.0,1.53,-4.23,5.62,92.83,12.961417105089902,1152.2699806424923,1203.4675782075974,1217.077066167942,1149.4184688793725,-0.04233545190132493,3759330297,334204463403.30005,0,0,0,0,0,0,5351.96,-0.0046827867602480255,1098.98,58.74,57.32901882263165
2021-02-01,91.0,96.98,97.0,89.44,535876,5085598720.0,2.15,9.09,8.5,88.9,12.961417105089902,1256.9982308516187,1179.488956563181,1257.2574591937205,1159.2691458792408,0.09088863892013488,3759330297,364579852203.06,0,0,0,0,0,0,5417.65,0.012274008026965655,1197.88,64.52,62.53957531404744
2021-02-02,98.5,97.46,99.3,95.65,437305,4257433424.0,1.75,0.49,3.76,96.98,12.961417105089902,1263.2197110620618,1276.6995848513554,1287.0687185354273,1239.7595461018493,0.004949474118374875,3759330297,366384330745.62,0,0,0,0,0,0,5501.09,0.015401511725563699,1203.76,64.86,62.84911332343847
2021-02-03,96.0,107.02,107.21,95.04,778330,8076469248.0,3.12,9.81,12.49,97.46,12.961417105089902,1387.1308585867212,1244.2960420886307,1389.5935278366883,1231.8530816677444,0.09809152472809357,3759330297,402323528384.94,1,0,0,0,0,0,5485.2,-0.0028885184572512435,1320.77,71.69,69.01407867714329
2021-02-04,106.0,106.53,108.28,103.02,543600,5773836544.0,2.18,-0.46,4.91,107.02,12.961417105089902,1380.7797642052274,1373.9102131395296,1403.4622441391346,1335.2851901663616,-0.004578583442347184,3759330297,400481456539.41003,0,0,0,0,0,0,5473.95,-0.002050973528768374,1314.77,71.34,68.69809195922329
2021-02-05,108.0,106.53,116.0,105.95,704325,7793055488.0,2.82,0.0,9.43,106.53,12.961417105089902,1380.7797642052274,1399.8330473497094,1503.5243841904287,1373.2621422842751,0.0,3759330297,400481456539.41003,0,0,0,0,0,0,5483.41,0.0017281853140784786,1314.77,71.34,68.69809195922329
2021-02-08,111.2,116.4,116.8,110.8,622935,7119969792.0,2.49,9.26,5.63,106.53,12.961417105089902,1508.7089510324647,1441.3095820859971,1513.8935178745005,1436.1250152439611,0.09264995775837792,3759330297,437586046570.80005,0,0,0,0,0,0,5564.56,0.014799185178566043,1435.58,78.39,75.06296727732648
2021-02-09,116.0,117.5,119.04,114.68,478517,5585156608.0,1.88,0.95,3.75,116.4,12.961417105089902,1522.9665098480634,1503.5243841904287,1542.927092189902,1486.41531361171,0.009450171821305808,3759330297,441721309897.5,0,0,0,0,0,0,5686.25,0.021868755121698724,1449.05,79.17,75.77232521551427
2021-02-10,116.22,124.55,126.48,115.15,660471,8098145024.0,2.6,6.0,9.64,117.5,12.961417105089902,1614.3445004389473,1506.3758959535485,1639.360035451771,1492.5071796511022,0.06000000000000005,3759330297,468224588491.35,0,0,0,0,0,0,5807.72,0.021362057595075923,1535.34,84.21,80.31866472844513
2021-02-18,128.35,118.8,128.4,116.78,615948,7410242304.0,2.42,-4.62,9.33,124.55,12.961417105089902,1539.8163520846804,1663.5978854382888,1664.2459562935435,1513.6342895323987,-0.046166198313930096,3759330297,446608439283.6,0,0,0,0,0,0,5768.38,-0.006773742535797211,1464.96,80.1,76.61065732428166
2021-02-19,117.97,126.9,130.58,117.94,569273,7101409536.0,2.24,6.82,10.64,118.8,12.961417105089902,1644.8038306359088,1529.0583758874557,1692.5018455826396,1528.669533374303,0.06818181818181834,3759330297,477059014689.30005,0,0,0,0,0,0,5778.84,0.0018133340729979963,1564.1,85.89,81.83411123275542
2021-02-22,129.29,124.95,131.0,123.1,460082,5844131328.0,1.81,-1.54,6.23,126.9,12.961417105089902,1619.5290672809833,1675.7816175170733,1697.9456407667772,1595.5504456365668,-0.015366430260047248,3759330297,469728320610.15,0,0,0,0,0,0,5597.33,-0.03140941780703399,1540.23,84.49,80.57661306960433
2021-02-23,122.64,121.88,127.16,119.84,384173,4726518272.0,1.51,-2.46,5.86,124.95,12.961417105089902,1579.7375167683572,1589.5881937682257,1648.1737990832319,1553.296225873974,-0.024569827931172572,3759330297,458187176598.36,0,0,0,0,0,0,5579.67,-0.0031550757236039617,1502.66,82.3,78.59685955120749
2021-02-24,120.41,121.93,129.5,120.41,422223,5247586816.0,1.66,0.04,7.46,121.88,12.961417105089902,1580.3855876236119,1560.6842336238751,1678.5035151091424,1560.6842336238751,0.0004102395799148173,3759330297,458375143113.21,0,0,0,0,0,0,5437.57,-0.025467455960657248,1503.27,82.34,78.6291030938524
2021-02-25,124.0,124.69,126.27,120.64,238087,2954840832.0,0.94,2.26,4.62,121.93,12.961417105089902,1616.1590988336598,1607.215721031148,1636.6381378597018,1563.6653595580458,0.022635938653325693,3759330297,468750894732.93,0,0,0,0,0,0,5469.56,0.005883142653795748,1537.05,84.31,80.40894664785084
2021-02-26,120.21,113.9,121.5,113.9,485188,5674339072.0,1.91,-8.65,6.1,124.69,12.961417105089902,1476.30540826974,1558.091950202857,1574.8121782684232,1476.30540826974,-0.08653460582243955,3759330297,428187720828.30005,0,0,0,0,0,0,5336.76,-0.024279832381398192,1404.98,76.6,73.4507901450815
2021-03-01,117.01,118.88,120.55,116.41,316759,3766747472.0,1.25,4.37,3.63,113.9,12.961417105089902,1540.8532654530875,1516.6154154665694,1562.4988320185876,1508.8385652035154,0.04372256365232641,3759330297,446909185707.36,0,0,0,0,0,0,5418.78,0.015368875497492773,1465.94,80.16,76.6622469925135
2021-03-02,121.0,119.22,121.35,116.21,210393,2499910800.0,0.83,0.29,4.32,118.88,12.961417105089902,1545.2601472688182,1568.3314697158783,1572.8679657026596,1506.2462817824974,0.002860026917900438,3759330297,448187358008.33997,0,0,0,0,0,0,5349.63,-0.012761175024636473,1470.1,80.4,76.88150308249882
2021-03-03,119.89,120.99,121.3,118.5,167638,2011728480.0,0.66,1.48,2.35,119.22,12.961417105089902,1568.2018555448271,1553.9442967292284,1572.2198948474052,1535.9279269531535,0.014846502264720618,3759330297,454841372634.02997,0,0,0,0,0,0,5452.21,0.01917515790811697,1491.76,81.67,78.02292449212827
2021-03-04,119.98,118.4,119.99,115.5,208990,2458719200.0,0.82,-2.14,3.71,120.99,12.961417105089902,1534.6317852426446,1555.1108242686864,1555.2404384397373,1497.0436756378838,-0.021406727828746086,3759330297,445104707164.80005,0,0,0,0,0,0,5280.71,-0.03145513470684369,1460.06,79.82,76.35270898312247
2021-03-05,116.5,112.91,116.79,110.7,303139,3423859104.0,1.19,-4.64,5.14,118.4,12.961417105089902,1463.4736053357008,1510.0050927429736,1513.7639037034498,1434.8288735334522,-0.04636824324324329,3759330297,424465983834.26996,0,0,0,0,0,0,5262.8,-0.0033915893885481108,1392.86,75.89,72.81236800071248
2021-03-08,118.03,110.2,119.98,110.0,326342,3754161616.0,1.28,-2.4,8.84,112.91,12.961417105089902,1428.3481649809073,1529.8360609137612,1555.1108242686864,1425.7558815598893,-0.02400141705783365,3759330297,414278198729.4,0,0,0,0,0,0,5080.02,-0.034730561678194105,1359.69,73.96,71.06476798935893
2021-03-09,109.5,105.84,110.8,105.36,285811,3078431584.0,1.13,-3.96,4.94,110.2,12.961417105089902,1371.8363864027153,1419.2751730073442,1436.1250152439611,1365.614906192272,-0.03956442831215967,3759330297,397887518634.48004,0,0,0,0,0,0,4971.0,-0.021460545430923572,1306.33,70.84,68.25313107072367
2021-03-10,108.25,105.65,108.84,105.0,167223,1780734976.0,0.66,-0.18,3.63,105.84,12.961417105089902,1369.3737171527482,1403.073401625982,1410.720637717985,1360.9487960344397,-0.0017951625094482226,3759330297,397173245878.05005,0,0,0,0,0,0,5003.61,0.0065600482800241,1304.0,70.71,68.13060560867305
2021-03-11,107.49,107.16,108.16,104.0,183857,1953731040.0,0.72,1.43,3.94,105.65,12.961417105089902,1388.9454569814338,1393.2227246261134,1401.9068740865237,1347.98737892935,0.014292475153809603,3759330297,402849834626.51996,0,0,0,0,0,0,5128.22,0.02490401929806696,1322.48,71.79,69.10436059654901
2021-03-12,108.0,107.67,108.46,105.03,148731,1589251648.0,0.59,0.48,3.2,107.16,12.961417105089902,1395.5557797050299,1399.8330473497094,1405.7952992180508,1361.3376385475924,0.004759238521836462,3759330297,404767093077.99,0,0,0,0,0,0,5146.38,0.003541189730549732,1328.73,72.15,69.433244731527
2021-03-15,105.0,103.82,107.35,102.03,394967,4119334544.0,1.55,-3.58,4.94,107.67,12.961417105089902,1345.6543238504335,1360.9487960344397,1391.408126231401,1322.4533872323227,-0.03575740689142759,3759330297,390293671434.54,0,0,0,0,0,0,5035.54,-0.021537469055918912,1281.6,69.4,66.95049194786971
2021-03-16,104.0,101.47,106.2,100.51,246847,2519319344.0,0.97,-2.26,5.48,103.82,12.961417105089902,1315.1949936534722,1347.98737892935,1376.5024965605476,1302.7520332325862,-0.022635330379502938,3759330297,381459245236.58997,0,0,0,0,0,0,5079.36,0.008702145152257756,1252.84,67.72,65.43504544355943
2021-03-17,105.01,109.51,111.18,104.55,303530,3274064704.0,1.19,7.92,6.53,101.47,12.961417105089902,1419.4047871783953,1361.0784102054906,1441.0503537438954,1355.1161583371493,0.07923524194343168,3759330297,411684260824.47003,0,0,0,0,0,0,5100.86,0.004232816732816724,1351.25,73.47,70.6198071008593
2021-03-18,109.9,109.94,110.35,106.75,183136,1991024304.0,0.72,0.39,3.29,109.51,12.961417105089902,1424.9781965335837,1424.4597398493804,1430.2923775466707,1383.6312759683472,0.003926582047301563,3759330297,413300772852.18,0,0,0,0,0,0,5141.77,0.008020216198837193,1356.51,73.77,70.89710156760543
2021-03-19,107.8,104.95,108.6,102.89,254182,2669362032.0,1.0,-4.54,5.19,109.94,12.961417105089902,1360.3007251791853,1397.2407639286914,1407.6098976127632,1333.6002059427,-0.04538839366927405,3759330297,394541714670.15,0,0,0,0,0,0,5007.09,-0.026193314753479857,1295.43,70.21,67.67919601164445
2021-03-22,102.99,104.94,104.94,101.33,186013,1923827264.0,0.73,-0.01,3.44,104.95,12.961417105089902,1360.1711110081344,1334.896347653209,1360.1711110081344,1313.3803952587598,-9.528346831833012e-05,3759330297,394504121367.18,0,0,0,0,0,0,5057.15,0.0099978230868627,1295.31,70.2,67.67274730311547
2021-03-23,106.0,102.25,106.25,101.2,163697,1683634912.0,0.64,-2.56,4.81,104.94,12.961417105089902,1325.3048989954425,1373.9102131395296,1377.150567415802,1311.6954110350982,-0.025633695445016147,3759330297,384391522868.25,0,0,0,0,0,0,5009.25,-0.009471738034268262,1262.39,68.28,65.93804470881987
2021-03-24,102.8,100.96,103.18,100.62,181564,1844269376.0,0.71,-1.26,2.5,102.25,12.961417105089902,1308.5846709298764,1332.4336784032419,1337.359016903176,1304.177789114146,-0.012616136919315513,3759330297,379541986785.12,0,0,0,0,0,0,4928.69,-0.01608224784149337,1246.6,67.36,65.10616130858145
2021-03-25,101.99,98.7,102.21,98.7,193150,1927499856.0,0.76,-2.24,3.48,100.96,12.961417105089902,1279.2918682723734,1321.9349305481192,1324.7864423112387,1279.2918682723734,-0.02238510301109342,3759330297,371045900313.9,0,0,0,0,0,0,4926.35,-0.00047477118666405804,1218.93,65.74,63.64875318103199
2021-03-26,99.47,97.6,99.5,96.2,238732,2330688928.0,0.94,-1.11,3.34,98.7,12.961417105089902,1265.0343094567743,1289.2721594432926,1289.6610019564453,1246.8883255096487,-0.011144883485309065,3759330297,366910636987.19995,0,0,0,0,0,0,5037.99,0.022661808438295905,1205.47,64.96,62.939395242844185
2021-03-29,98.01,98.19,101.78,97.6,209434,2083271824.0,0.82,0.6,4.28,97.6,12.961417105089902,1272.6815455487774,1270.3484904698614,1319.2130329560503,1265.0343094567743,0.006045081967213095,3759330297,369128641862.43,0,0,0,0,0,0,5046.88,0.001764592625233652,1212.69,65.38,63.31986904605401
2021-03-30,98.51,100.36,102.6,97.5,179086,1796272736.0,0.71,2.21,5.19,98.19,12.961417105089902,1300.8078206668226,1276.8291990224063,1329.8413949822238,1263.7381677462654,0.022100010184336494,3759330297,377286388606.92,0,0,0,0,0,0,5094.73,0.009481105158038128,1239.25,66.93,64.71923879684266
2021-03-31,99.0,100.03,102.48,98.98,112207,1123312960.0,0.44,-0.33,3.49,100.36,12.961417105089902,1296.5305530221428,1283.1802934039004,1328.2860249296132,1282.9210650617986,-0.00328816261458742,3759330297,376045809608.91003,0,0,0,0,0,0,5048.36,-0.0091015618099487,1235.21,66.69,64.50643141538632
2021-04-01,101.58,104.0,104.5,101.58,156675,1619142272.0,0.62,3.97,2.92,100.03,12.961417105089902,1347.98737892935,1316.6207495350322,1354.4680874818948,1316.6207495350322,0.03968809357192837,3759330297,390970350888.0,0,0,0,0,0,0,5110.78,0.01236441141281519,1283.81,69.53,67.06656870139136
2021-04-02,105.59,105.9,106.78,103.01,158991,1667303008.0,0.63,1.83,3.63,104.0,12.961417105089902,1372.6140714290207,1368.5960321264429,1384.0201184814998,1335.155575995311,0.018269230769230926,3759330297,398113078452.30005,0,0,0,0,0,0,5161.56,0.009935861062303708,1307.06,70.89,68.29182332189754
2021-04-06,104.9,105.07,105.22,103.0,108792,1134200624.0,0.43,-0.78,2.1,105.9,12.961417105089902,1361.856095231796,1359.6526543239308,1363.8003077975595,1335.0259618242599,-0.007837582625118134,3759330297,394992834305.79,0,0,0,0,0,0,5140.34,-0.00411116019188007,1296.9,70.29,67.7565805139922
2021-04-07,106.3,103.9,107.58,101.9,179994,1869355408.0,0.71,-1.11,5.41,105.07,12.961417105089902,1346.6912372188408,1377.7986382710565,1394.3892521655716,1320.7684030086612,-0.011135433520510052,3759330297,390594417858.30005,0,0,0,0,0,0,5103.74,-0.007120151585303769,1282.58,69.46,67.00208161610155
2021-04-08,102.86,102.16,103.66,101.05,130014,1327064112.0,0.51,-1.67,2.51,103.9,12.961417105089902,1324.1383714559843,1333.2113634295474,1343.5804971136192,1309.7511984693347,-0.016746871992300405,3759330297,384053183141.51996,0,0,0,0,0,0,5112.21,0.0016595672977073317,1261.28,68.22,65.88000633205904
2021-04-09,102.18,102.45,103.43,99.34,104891,1063096352.0,0.41,0.28,4.0,102.16,12.961417105089902,1327.8971824164605,1324.3975997980863,1340.5993711794486,1287.5871752196308,0.0028386844166015113,3759330297,385143388927.65,0,0,0,0,0,0,5035.34,-0.015036549750499284,1264.83,68.42,66.06701887939947
2021-04-12,102.89,101.63,104.5,100.55,133904,1367783152.0,0.53,-0.8,3.86,102.45,12.961417105089902,1317.2688203902867,1333.6002059427,1354.4680874818948,1303.2704899167895,-0.008003904343582335,3759330297,382060738084.11,0,0,0,0,0,0,4947.75,-0.017395051774060977,1254.8,67.84,65.53822478002311
2021-04-13,101.5,102.63,104.95,101.5,135577,1400355536.0,0.53,0.98,3.39,101.63,12.961417105089902,1330.2302374953765,1315.5838361666251,1360.3007251791853,1315.5838361666251,0.009839614287119991,3759330297,385820068381.11,0,0,0,0,0,0,4939.64,-0.0016391288969732631,1267.04,68.55,66.1830956329211
2021-04-14,100.0,102.18,102.9,99.1,153408,1551300576.0,0.6,-0.44,3.7,102.63,12.961417105089902,1324.3975997980863,1296.1417105089902,1333.729820113751,1284.4764351144092,-0.004384682841274357,3759330297,384128369747.46,0,0,0,0,0,0,4980.63,0.008298175575548017,1261.53,68.23,65.89290374911701
2021-04-15,105.06,104.38,106.8,103.1,188209,1970207840.0,0.74,2.15,3.62,102.18,12.961417105089902,1352.912717429284,1361.726481060745,1384.2793468236016,1336.3221035347688,0.021530632217654944,3759330297,392398896400.86,0,0,0,0,0,0,4948.97,-0.006356625567448315,1288.46,69.8,67.3116196254926
2021-04-16,104.0,101.02,104.09,100.9,133693,1366387792.0,0.53,-3.22,3.06,104.38,12.961417105089902,1309.3623559561818,1347.98737892935,1349.153906468808,1307.806985903571,-0.03219007472695923,3759330297,379767546602.94,0,0,0,0,0,0,4966.18,0.00347749127596253,1247.33,67.4,65.14485355975533
2021-04-19,101.0,106.94,106.99,99.19,260880,2730969360.0,1.03,5.86,7.72,101.02,12.961417105089902,1386.093945218314,1309.1031276140802,1386.7420160735685,1285.6429626538675,0.05860225697881605,3759330297,402022781961.18,0,0,0,0,0,0,5087.02,0.02433258560905971,1319.79,71.63,68.96248900891145
2021-04-20,106.07,111.9,114.96,106.07,257357,2874961248.0,1.01,4.64,8.31,106.94,12.961417105089902,1450.38257405956,1374.8175123368858,1490.044510401135,1374.8175123368858,0.046381148307462094,3759330297,420669060234.30005,0,0,0,0,0,0,5083.37,-0.0007175124139477962,1380.5,75.17,72.16104843928551
2021-04-21,109.9,110.6,112.2,109.38,96525,1067620416.0,0.38,-1.16,2.52,111.9,12.961417105089902,1433.532731822943,1424.4597398493804,1454.270999191087,1417.7198029547335,-0.011617515638963516,3759330297,415781930848.19995,0,0,0,0,0,0,5098.74,0.0030235847479131994,1364.59,74.24,71.3227163305181
2021-04-22,111.5,109.99,111.5,108.36,92595,1015308288.0,0.36,-0.55,2.84,110.6,12.961417105089902,1425.6262673888382,1445.198007217524,1445.198007217524,1404.499157507542,-0.005515370705244105,3759330297,413488739367.02997,0,0,0,0,0,0,5089.24,-0.0018632054193781222,1357.12,73.81,70.92934511025034
2021-04-23,111.2,111.15,112.8,110.11,99915,1114062816.0,0.39,1.05,2.45,109.99,12.961417105089902,1440.6615112307427,1441.3095820859971,1462.047849454141,1427.181637441449,0.01054641331030104,3759330297,417849562511.55005,0,0,0,0,0,0,5135.45,0.00907994120929656,1371.32,74.64,71.67739529961202
2021-04-26,111.13,106.97,112.66,106.9,169044,1839414112.0,0.67,-3.76,5.18,111.15,12.961417105089902,1386.4827877314667,1440.4022828886407,1460.2332510594283,1385.5754885341107,-0.037606837606837695,3759330297,402135561870.08997,0,0,0,0,0,0,5077.24,-0.011334936568363041,1320.16,71.65,68.9818351344984
2021-04-27,106.98,105.01,108.12,103.3,143185,1502767312.0,0.56,-1.83,4.51,106.97,12.961417105089902,1361.0784102054906,1386.6124019025178,1401.3884174023203,1338.9143869557868,-0.01832289426942124,3759330297,394767274487.97003,0,0,0,0,0,0,5090.52,0.002615594299265167,1296.17,70.25,67.71788826281833
2021-04-28,105.01,108.33,110.83,104.64,142170,1538269088.0,0.56,3.16,5.89,105.01,12.961417105089902,1404.110314994389,1361.0784102054906,1436.5138577571138,1356.2826858766073,0.03161603656794587,3759330297,407248251074.01,0,0,0,0,0,0,5119.24,0.005641859770710855,1336.8,72.62,69.85885949443967
2021-04-29,110.0,114.68,114.68,107.65,185573,2069168784.0,0.73,5.86,6.49,108.33,12.961417105089902,1486.41531361171,1425.7558815598893,1486.41531361171,1395.296551362928,0.05861718822117612,3759330297,431119998459.96,0,0,0,0,0,0,5164.17,0.008776693415428971,1414.53,77.16,73.95378941034193
2021-04-30,115.0,113.11,115.1,112.01,175061,1986064864.0,0.69,-1.37,2.69,114.68,12.961417105089902,1466.0658887567188,1490.5629670853386,1491.8591087958478,1451.80832994112,-0.013690268573421704,3759330297,425217849893.67,0,0,0,0,0,0,5123.49,-0.007877354928284785,1395.31,76.04,72.94134217129208
2021-05-06,113.0,104.8,113.1,104.66,207175,2233684128.0,0.82,-7.35,7.46,113.11,12.961417105089902,1358.3565126134217,1464.640132875159,1465.936274585668,1356.541914218709,-0.07346830518963843,3759330297,393977815125.6,0,0,0,0,0,0,5061.12,-0.012173342780019025,1293.6,70.1,67.58246538370975
2021-05-07,104.4,106.09,110.75,104.4,199829,2152069728.0,0.79,1.23,6.06,104.8,12.961417105089902,1375.0767406789878,1353.171945771386,1435.4769443887067,1353.171945771386,0.01230916030534357,3759330297,398827351208.73004,0,0,0,0,0,0,4996.05,-0.012856838012139549,1309.39,71.02,68.41434878394817
2021-05-10,104.46,100.0,105.0,99.19,314476,3181933104.0,1.24,-5.74,5.48,106.09,12.961417105089902,1296.1417105089902,1353.949630797691,1360.9487960344397,1285.6429626538675,-0.05740409086624565,3759330297,375933029700.0,0,0,0,0,0,0,4992.42,-0.000726573993454882,1234.85,66.67,64.48708528979938
2021-05-11,100.02,100.17,101.4,97.0,148508,1489003744.0,0.58,0.17,4.4,100.0,12.961417105089902,1298.3451514168555,1296.400938851092,1314.2876944561162,1257.2574591937205,0.0017000000000000348,3759330297,376572115850.49,0,0,0,0,0,0,5023.06,0.0061373041530961014,1236.93,66.79,64.59671333479204
2021-05-12,100.6,101.0,103.38,100.17,146259,1484233376.0,0.58,0.83,3.2,100.17,12.961417105089902,1309.1031276140802,1303.918560772044,1339.951300324194,1298.3451514168555,0.00828591394629119,3759330297,379692359997.0,0,0,0,0,0,0,5044.55,0.004278268625101056,1247.09,67.39,65.13195614269738
2021-05-13,98.51,98.5,99.9,96.7,134665,1325433696.0,0.53,-2.48,3.17,101.0,12.961417105089902,1276.6995848513554,1276.8291990224063,1294.8455687984813,1253.3690340621936,-0.024752475247524774,3759330297,370294034254.5,0,0,0,0,0,0,4992.97,-0.010224896175080045,1216.49,65.6,63.519779010452396
2021-05-14,98.69,99.95,101.9,98.69,158726,1590502864.0,0.62,1.47,3.26,98.5,12.961417105089902,1295.4936396537357,1279.1622541013223,1320.7684030086612,1279.1622541013223,0.014720812182741128,3759330297,375745063185.15,0,0,0,0,0,0,5110.59,0.023557121312565377,1234.23,66.64,64.45484174715448
2021-05-17,101.35,101.8,102.48,100.11,143323,1454134160.0,0.56,1.85,2.37,99.95,12.961417105089902,1319.472261298152,1313.6396236008616,1328.2860249296132,1297.5674663905502,0.018509254627313565,3759330297,382699824234.6,0,0,0,0,0,0,5184.99,0.014558006022787895,1256.88,67.96,65.64785282501578
2021-05-18,101.88,100.18,101.96,98.76,135912,1357654320.0,0.54,-1.59,3.14,101.8,12.961417105089902,1298.4747655879064,1320.5091746665591,1321.5460880349663,1280.0695532986788,-0.015913555992141393,3759330297,376609709153.46,0,0,0,0,0,0,5187.6,0.0005033760913715213,1237.05,66.8,64.60316204332102
2021-05-19,100.12,100.48,101.17,98.48,112266,1120550112.0,0.44,0.3,2.69,100.18,12.961417105089902,1302.3631907194333,1297.697080561601,1311.3065685219453,1276.4403565092537,0.002994609702535511,3759330297,377737508242.56,0,0,0,0,0,0,5172.27,-0.002955123756650413,1240.72,67.02,64.79662329919041
2021-05-20,100.0,101.49,102.2,99.35,152811,1535544480.0,0.6,1.01,2.84,100.48,12.961417105089902,1315.454221995574,1296.1417105089902,1324.656828140188,1287.7167893906817,0.010051751592356606,3759330297,381534431842.52997,0,0,0,0,0,0,5186.41,0.0027338093332327507,1253.08,67.74,65.44794286061739
2021-05-21,101.79,98.93,103.48,98.5,166573,1664043920.0,0.66,-2.52,4.91,101.49,12.961417105089902,1282.2729942065441,1319.3426471271011,1341.2474420347032,1276.6995848513554,-0.025224160015764996,3759330297,371910546282.21,0,0,0,0,0,0,5134.15,-0.010076334111649543,1221.75,65.91,63.79707347719853
2021-05-24,99.1,90.44,99.19,89.04,588803,5360893184.0,2.32,-8.58,10.26,98.93,12.961417105089902,1172.2305629843306,1284.4764351144092,1285.6429626538675,1154.084579037205,-0.085818255332053,3759330297,339993832060.68,0,1,0,0,0,0,5155.59,0.004175959019506736,1117.83,59.84,58.32211993609455
2021-05-25,89.95,92.0,93.96,87.0,322626,2953319872.0,1.27,1.72,7.7,90.44,12.961417105089902,1192.450373668271,1165.8794686028368,1217.8547511942472,1127.6432881428216,0.017249004865103945,3759330297,345858387324.0,0,0,0,0,0,0,5318.48,0.03159483201728608,1136.93,60.96,59.32811846661543
2021-05-26,92.0,91.98,92.97,89.7,168077,1529290320.0,0.66,-0.02,3.55,92.0,12.961417105089902,1192.1911453261691,1192.450373668271,1205.022948260208,1162.6391143265641,-0.00021739130434783593,3759330297,345783200718.06,0,0,0,0,0,0,5320.59,0.0003967298927514129,1136.68,60.94,59.315221049557465
2021-05-27,90.8,91.82,92.45,89.5,144493,1317765360.0,0.57,-0.17,3.21,91.98,12.961417105089902,1190.1173185893547,1176.896673142163,1198.2830113655614,1160.0468309055461,-0.0017395085888237682,3759330297,345181707870.54,0,0,0,0,0,0,5338.23,0.0033154217859296953,1134.72,60.83,59.21204171309378
2021-05-28,92.0,90.36,92.49,89.9,171450,1548467488.0,0.68,-1.59,2.82,91.82,12.961417105089902,1171.1936496159235,1192.450373668271,1198.801468049765,1165.2313977475824,-0.015900675234153727,3759330297,339693085636.92,0,0,0,0,0,0,5321.09,-0.003210802082338038,1116.85,59.79,58.27053026786272
2021-05-31,89.01,89.08,89.86,87.0,271995,2413420320.0,1.07,-1.42,3.17,90.36,12.961417105089902,1154.6030357214086,1153.6957365240523,1164.7129410633786,1127.6432881428216,-0.014165559982293074,3759330297,334881142856.76,0,0,0,0,0,0,5331.57,0.0019695212822936625,1101.18,58.87,57.44509557615329
2021-06-01,90.08,89.99,90.49,86.0,348055,3070285184.0,1.37,1.02,5.04,89.08,12.961417105089902,1166.3979252870402,1167.5644528264984,1172.878633839585,1114.6818710377315,0.010215536596317909,3759330297,338302133427.02997,0,0,0,0,0,0,5341.68,0.0018962519483005646,1112.32,59.52,58.03192805229045
2021-06-02,89.98,93.11,94.77,89.13,311827,2886957648.0,1.23,3.47,6.27,89.99,12.961417105089902,1206.8375466549207,1166.2683111159895,1228.35349904937,1155.251106576663,0.03467051894654971,3759330297,350031243953.67,0,0,0,0,0,0,5289.97,-0.009680475056536575,1150.51,61.75,60.0439251133322
2021-06-03,66.0,66.25,69.7,64.57,400189,2695589680.0,1.13,-28.85,5.51,65.46357142857143,18.435253688713342,1221.3355568772588,1216.7267434550806,1284.93718210332,1190.3643306802203,0.012013224366878017,5263062415,348677884993.75,0,1,0,1,0,0,5255.29,-0.006555802773928865,1163.99,62.54,60.765246257586675
2021-06-04,66.04,67.8,68.88,64.38,286129,1928239584.0,0.81,2.34,6.79,66.25,18.435253688713342,1249.9102000947646,1217.4641536026293,1269.8202740785748,1186.861632479365,0.0233962264150942,5263062415,356835631737.0,0,0,0,0,0,0,5282.28,0.005135777473745495,1190.55,64.09,62.18692371719814
2021-06-07,66.6,64.4,66.65,63.63,336146,2174098512.0,0.95,-5.01,4.45,67.8,18.435253688713342,1187.2303375531394,1227.7878956683085,1228.7096583527443,1173.03519221283,-0.05014749262536866,5263062415,338941219526.0,0,0,0,0,0,0,5277.63,-0.0008803016879074255,1132.29,60.69,59.06840541869559
2021-06-08,64.82,64.8,65.65,63.78,171026,1109647248.0,0.48,0.62,2.9,64.4,18.435253688713342,1194.6044390286245,1194.9731441023987,1210.274404664031,1175.800480266137,0.006211180124223503,5263062415,341046444492.0,0,0,0,0,0,0,5232.12,-0.00862318881770796,1139.14,61.09,59.435289924401765
2021-06-09,64.55,65.0,65.85,63.6,187695,1217054112.0,0.53,0.31,3.47,64.8,18.435253688713342,1198.2914897663672,1189.995625606446,1213.9614554017735,1172.4821346021686,0.0030864197530864335,5263062415,342099056975.0,0,0,0,0,0,0,5236.45,0.0008275804071771198,1142.57,61.29,59.618732177254856
2021-06-10,64.6,63.91,64.91,63.63,182391,1169610176.0,0.51,-1.68,1.97,65.0,18.435253688713342,1178.1970632456696,1190.9173882908817,1196.632316934383,1173.03519221283,-0.01676923076923087,5263062415,336362318942.64996,0,0,0,0,0,0,5271.47,0.00668773692100566,1123.89,60.2,58.618971899205505
2021-06-11,63.95,62.8,64.25,62.8,185543,1176190256.0,0.52,-1.74,2.27,63.91,18.435253688713342,1157.7339316511977,1178.9344733932182,1184.4650494998323,1157.7339316511977,-0.017368173994680047,5263062415,330520319662.0,0,0,0,0,0,0,5224.7,-0.008872287995568717,1104.87,59.09,57.60086739587084
2021-06-15,62.32,61.8,62.33,60.5,249645,1533728944.0,0.7,-1.59,2.91,62.8,18.435253688713342,1139.2986779624844,1148.8850098806154,1149.0693624175026,1115.3328481671572,-0.015923566878980888,5263062415,325257257247.0,0,0,0,0,0,0,5166.56,-0.01112791165042959,1087.73,58.09,56.68365613160538
2021-06-16,62.57,60.41,63.0,60.24,198647,1217329744.0,0.56,-2.25,4.47,61.8,18.435253688713342,1113.673675335173,1153.4938233027938,1161.4209823889405,1110.5396822080918,-0.02249190938511325,5263062415,317941600490.14996,0,0,0,0,0,0,5080.49,-0.01665905360626807,1063.91,56.7,55.4087324742764
2021-06-17,60.42,58.6,60.66,58.18,339387,1998064288.0,0.96,-3.0,4.11,60.41,18.435253688713342,1080.305866158602,1113.8580278720601,1118.2824887573513,1072.5630596093422,-0.029961926833305674,5263062415,308415457519.0,0,0,0,0,0,0,5101.89,0.004212192131074044,1032.9,54.89,53.74858008595592
2021-06-18,58.6,57.15,58.88,56.5,417978,2407088128.0,1.18,-2.47,4.06,58.6,18.435253688713342,1053.5747483099674,1080.305866158602,1085.4677371914415,1041.591833412304,-0.024744027303754357,5263062415,300784017017.25,0,0,0,0,0,0,5102.47,0.00011368336048023231,1008.05,53.44,52.418623752771
2021-06-21,56.3,54.0,57.19,54.0,548806,3021313280.0,1.55,-5.51,5.58,57.15,18.435253688713342,995.5036991905205,1037.9047826745611,1054.312158457516,995.5036991905205,-0.055118110236220486,5263062415,284205370410.0,0,0,0,0,0,0,5090.39,-0.0023674808475110387,954.07,50.29,49.529408270334805
2021-06-22,54.66,54.4,55.45,53.22,433880,2356680752.0,1.22,0.74,4.13,54.0,18.435253688713342,1002.8778006660058,1007.6709666250712,1022.2348170391549,981.1242013133241,0.007407407407407307,5263062415,286310595376.0,0,0,0,0,0,0,5122.16,0.006241172090939884,960.93,50.69,49.89629277604099
2021-06-23,55.12,57.0,57.36,54.62,562448,3152507904.0,1.58,4.78,5.04,54.4,18.435253688713342,1050.8094602566605,1016.1511833218793,1057.4461515845974,1006.9335564775226,0.047794117647058876,5263062415,299994557655.0,0,0,0,0,0,0,5147.39,0.004925656363721664,1005.48,53.29,52.28104206313118
2021-06-24,56.99,56.18,56.99,55.72,220148,1239190384.0,0.62,-1.44,2.23,57.0,18.435253688713342,1035.6925522319154,1050.6251077197735,1050.6251077197735,1027.2123355351073,-0.014385964912280724,5263062415,295678846474.7,0,0,0,0,0,0,5155.97,0.001666864177767735,991.43,52.47,51.5289288264335
2021-06-25,56.95,58.53,58.66,56.8,384870,2228111024.0,1.08,4.18,3.31,56.18,18.435253688713342,1079.0153984003919,1049.8876975722249,1081.4119813799246,1047.1224095189177,0.0418298326806692,5263062415,308047043149.95,0,0,0,0,0,0,5239.97,0.016291793784680708,1031.7,54.82,53.684375297457336
2021-06-28,61.0,63.35,63.82,60.2,633974,3952015808.0,1.79,8.24,6.18,58.53,18.435253688713342,1167.8733211799902,1124.5504750115138,1176.5378904136855,1109.8022720605431,0.08235093114642056,5263062415,333415003990.25,0,0,0,0,0,0,5251.76,0.002250012881753083,1114.29,59.64,58.10533359121685
2021-06-29,63.0,62.37,63.35,60.64,394270,2436671808.0,1.11,-1.55,4.28,63.35,18.435253688713342,1149.806772565051,1161.4209823889405,1167.8733211799902,1117.913783683577,-0.015469613259668558,5263062415,328257202823.55,0,0,0,0,0,0,5190.54,-0.011657044495559599,1097.5,58.66,57.20646655223669
2021-06-30,62.21,60.82,62.21,60.61,228034,1390107920.0,0.64,-2.49,2.57,62.37,18.435253688713342,1121.2321293475454,1146.857131974857,1146.857131974857,1117.3607260729157,-0.024851691518358088,5263062415,320099456080.3,0,0,0,0,0,0,5224.04,0.006454049097011083,1070.94,57.11,55.78478909262524
2021-07-01,61.35,59.8,61.99,59.19,237174,1424035424.0,0.67,-1.68,4.6,60.82,18.435253688713342,1102.4281705850578,1131.0028138025637,1142.8013761633401,1091.1826658349426,-0.016770799079250276,5263062415,314731132417.0,0,0,0,0,0,0,5229.66,0.0010757957442897315,1053.46,56.09,54.84923360307447
2021-07-02,59.0,59.21,60.84,58.82,239458,1427295984.0,0.67,-0.99,3.38,59.8,18.435253688713342,1091.551370908717,1087.6799676340872,1121.6008344213199,1084.3616219701187,-0.009866220735785913,5263062415,311625925592.15,0,0,0,0,0,0,5081.12,-0.028403376127702384,1043.35,55.5,54.308078957157846
2021-07-05,58.88,59.3,60.3,57.43,262307,1543350048.0,0.74,0.15,4.85,59.21,18.435253688713342,1093.210543740701,1085.4677371914415,1111.6457974294144,1058.7366193428072,0.0015200135112312108,5263062415,312099601209.5,0,0,0,0,0,0,5085.79,0.0009190887048524665,1044.89,55.59,54.39062797094173
2021-07-06,60.07,59.29,60.29,58.51,163827,968297328.0,0.46,-0.02,3.0,59.3,18.435253688713342,1093.026191203814,1107.4056890810105,1111.4614448925274,1078.6466933266177,-0.0001686340640809636,5263062415,312046970585.35,0,0,0,0,0,0,5083.1,-0.000528924709828682,1044.72,55.58,54.381455858299084
2021-07-07,59.13,57.9,60.12,57.68,227471,1325430000.0,0.64,-2.34,4.12,59.29,18.435253688713342,1067.4011885765024,1090.07655061362,1108.327451765446,1063.3454327649856,-0.02344408837915335,5263062415,304731313828.5,0,0,0,0,0,0,5140.49,0.011290354311345396,1020.9,54.19,53.106532200970086
2021-07-08,57.79,57.18,57.9,57.05,196667,1128017056.0,0.55,-1.24,1.47,57.9,18.435253688713342,1054.1278059206288,1065.373310670744,1067.4011885765024,1051.7312229410961,-0.012435233160621784,5263062415,300941908889.7,0,0,0,0,0,0,5088.26,-0.010160509990292721,1008.56,53.47,52.44614009069896
2021-07-09,57.68,56.7,58.24,55.99,248095,1409705120.0,0.7,-0.84,3.93,57.18,18.435253688713342,1045.2788841500465,1063.3454327649856,1073.669174830665,1032.1898540310601,-0.008394543546694555,5263062415,298415638930.5,0,0,0,0,0,0,5069.44,-0.0036987103646434205,1000.34,52.99,52.00587868385154
2021-07-12,56.66,57.52,58.28,55.6,290406,1660166336.0,0.82,1.45,4.73,56.7,18.435253688713342,1060.3957921747915,1044.5414740024978,1074.4065849782137,1025.0001050924618,0.014462081128747695,5263062415,302731350110.8,0,0,0,0,0,0,5132.71,0.012480668476202661,1014.39,53.81,52.75799192054922
2021-07-13,57.53,57.89,58.48,56.99,209765,1215831296.0,0.59,0.64,2.59,57.52,18.435253688713342,1067.2168360396154,1060.5801447116785,1078.0936357159562,1050.6251077197735,0.0064325452016689155,5263062415,304678683204.35,0,0,0,0,0,0,5142.1,0.001829442925861846,1020.73,54.18,53.09736008832744
2021-07-14,57.64,56.45,58.58,56.38,233170,1334998592.0,0.66,-2.49,3.8,57.89,18.435253688713342,1040.6700707278683,1062.608022617437,1079.9371610848275,1039.3796029696582,-0.024874762480566526,5263062415,297099873326.75,0,0,0,0,0,0,5083.08,-0.011477800898465729,996.05,52.74,51.77657586778518
2021-07-15,59.0,56.96,59.3,56.52,401358,2322945712.0,1.13,0.9,4.92,56.45,18.435253688713342,1050.072050109112,1087.6799676340872,1093.210543740701,1041.9605384860781,0.009034543844109733,5263062415,299784035158.4,0,0,0,0,0,0,5151.46,0.013452473697049827,1004.79,53.25,52.24435361256057
2021-07-16,57.0,54.35,57.12,54.0,451756,2471592048.0,1.27,-4.58,5.48,56.96,18.435253688713342,1001.9560379815701,1050.8094602566605,1053.021690699306,995.5036991905205,-0.045821629213483095,5263062415,286047442255.25,0,0,0,0,0,0,5094.77,-0.011004647226223185,960.07,50.64,49.85043221282772
2021-07-19,53.68,51.76,53.75,51.3,533467,2774493296.0,1.5,-4.77,4.51,54.35,18.435253688713342,954.2087309278025,989.6044180101322,990.8948857683421,945.7285142309944,-0.047654093836246636,5263062415,272416110600.4,0,0,0,0,0,0,5113.49,0.003674356251606836,915.69,48.05,47.47485503838018
2021-07-20,51.81,52.5,52.57,51.31,283546,1476134640.0,0.8,1.43,2.43,51.76,18.435253688713342,967.8508186574504,955.1304936122383,969.1412864156604,945.9128667678816,0.014296754250386456,5263062415,276310776787.5,0,0,0,0,0,0,5108.99,-0.0008800251882764565,928.37,48.79,48.153591373936614
2021-07-21,52.5,50.66,52.98,50.09,490715,2510029664.0,1.38,-3.5,5.5,52.5,18.435253688713342,933.9299518702178,967.8508186574504,976.6997404280328,923.4218572676514,-0.035047619047619105,5263062415,266626741943.9,0,0,0,0,0,0,5144.04,0.006860455784802877,896.84,46.95,46.46592264768817
2021-07-22,51.51,50.73,51.88,50.3,331619,1685451824.0,0.93,0.14,3.12,50.66,18.435253688713342,935.2204196284277,949.5999175056241,956.4209613704483,927.293260542281,0.0013817607579944546,5263062415,266995156312.94998,0,0,0,0,0,0,5151.75,0.0014988219376210754,898.04,47.02,46.530127436186746
2021-07-23,50.5,47.41,50.6,46.01,924982,4426179072.0,2.61,-6.54,9.05,50.73,18.435253688713342,874.0153773818995,930.9803112800238,932.8238366488952,848.2060222177008,-0.06544451015178399,5263062415,249521789095.15,0,0,0,0,0,0,5089.23,-0.012135682049788987,841.15,43.7,43.484986038825426
2021-07-26,47.77,46.09,48.17,45.61,537570,2518639680.0,1.51,-2.78,5.4,47.41,18.435253688713342,849.680842512798,880.6520687098364,888.0261701853217,840.8319207422155,-0.027842227378190088,5263062415,242574546707.35,0,0,0,0,0,0,4925.3,-0.03221115964497567,818.53,42.38,42.27426716999503
2021-07-27,46.65,42.83,46.85,42.8,726917,3220130592.0,2.05,-7.07,8.79,46.09,18.435253688713342,789.5819154875924,860.0045845784774,863.6916353162201,789.0288578769309,-0.07073117812974627,5263062415,225416963234.44998,0,0,0,0,0,0,4751.31,-0.035325766958357874,762.66,39.12,39.28415844848962
2021-07-28,42.49,40.91,42.5,39.01,896645,3651932320.0,2.53,-4.48,8.15,42.83,18.435253688713342,754.1862284052628,783.3139292334299,783.498281770317,719.1592463967074,-0.04482839131449923,5263062415,215311883397.65,0,0,0,0,0,0,4760.48,0.0019299940437478291,729.76,37.2,37.52311282109994
2021-07-29,42.12,41.71,42.96,41.08,635734,2667273824.0,1.79,1.96,4.6,40.91,18.435253688713342,768.9344313562335,776.4928853686059,791.9784984671252,757.320221532344,0.01955512099731127,5263062415,219522333329.65,0,0,0,0,0,0,4850.27,0.018861543373777545,743.47,38.0,38.25688183251231
2021-07-30,42.01,42.27,42.98,40.72,552368,2330886224.0,1.56,1.34,5.42,41.71,18.435253688713342,779.258173421913,774.4650074628474,792.3472035408994,750.6835302044072,0.013426036921601492,5263062415,222469648282.05002,0,0,0,0,0,0,4811.17,-0.008061406890750522,753.07,38.56,38.77052014050097
2021-08-02,41.25,44.8,46.46,40.45,934688,4144720208.0,2.63,5.99,14.22,42.27,18.435253688713342,825.8993652543577,760.4542146594254,856.5018863776219,745.7060117084548,0.059853323870357134,5263062415,235785196192.0,0,0,0,0,0,0,4933.74,0.025476131585456363,796.42,41.09,41.09106463909258
2021-08-03,44.8,43.86,46.16,43.65,650162,2894749952.0,1.83,-2.1,5.6,44.8,18.435253688713342,808.5702267869672,825.8993652543577,850.9713102710078,804.6988235123373,-0.020982142857142838,5263062415,230837917521.9,0,0,0,0,0,0,4934.46,0.00014593391625838947,780.31,40.15,40.228886050683045
2021-08-04,43.7,43.16,43.81,42.58,533064,2299409392.0,1.5,-1.6,2.8,43.86,18.435253688713342,795.6655492048677,805.620586196773,807.6484641025315,784.9731020654141,-0.015959872321021473,5263062415,227153773831.4,0,0,0,0,0,0,4978.85,0.008995918499693945,768.32,39.45,39.586838165697216
2021-08-05,42.68,41.85,43.64,41.84,441481,1875268352.0,1.24,-3.04,4.17,43.16,18.435253688713342,771.5153668726534,786.8166274342855,804.5144709754502,771.3310143357663,-0.030352177942539305,5263062415,220259162067.75,0,0,0,0,0,0,4948.67,-0.006061640740331664,745.87,38.14,38.38529140950948
2021-08-06,41.84,42.28,43.07,41.11,449890,1897021824.0,1.27,1.03,4.68,41.85,18.435253688713342,779.4425259588002,771.3310143357663,794.0063763728837,757.8732791430054,0.010274790919952093,5263062415,222522278906.2,0,0,0,0,0,0,4921.56,-0.005478239607813795,753.24,38.57,38.77969225314362
2021-08-09,42.68,46.51,46.51,42.67,890854,4033856128.0,2.51,10.0,9.08,42.28,18.435253688713342,857.4236490620575,786.8166274342855,857.4236490620575,786.6322748973984,0.10004730368968762,5263062415,244785032921.65,1,0,1,0,0,0,4985.56,0.01300400685961356,825.72,42.8,42.659495900986514
2021-08-10,47.5,48.18,48.66,45.56,1127297,5314816768.0,3.18,3.59,6.67,46.51,18.435253688713342,888.2105227222088,875.6745502138838,897.0594444927912,839.9101580577799,0.035906256718985174,5263062415,253574347154.7,0,0,0,0,0,0,5043.15,0.011551360328629023,854.34,44.47,44.19123871230983
2021-08-11,47.5,48.18,48.8,47.16,614446,2943781584.0,1.73,0.0,3.4,48.18,18.435253688713342,888.2105227222088,875.6745502138838,899.6403800092111,869.4065639597211,0.0,5263062415,253574347154.7,0,0,0,0,0,0,5015.34,-0.005514410636209388,854.34,44.47,44.19123871230983
2021-08-12,50.0,47.5,50.53,47.0,688076,3309714960.0,1.94,-1.41,7.33,48.18,18.435253688713342,875.6745502138838,921.7626844356671,931.5333688906852,866.4569233695271,-0.01411374014113742,5263062415,249995464712.5,0,0,0,0,0,0,4973.35,-0.008372313741441206,842.69,43.79,43.56753505260932
2021-08-13,47.51,46.85,47.53,46.3,516749,2414553856.0,1.46,-1.37,2.59,47.5,18.435253688713342,863.6916353162201,875.8589027507709,876.2276078245452,853.5522457874276,-0.013684210526315743,5263062415,246574474142.75,0,0,0,0,0,0,4945.98,-0.005503332763630353,831.55,43.14,42.97134773083677
2021-08-16,46.14,47.4,48.18,45.41,481389,2263134208.0,1.36,1.17,5.91,46.85,18.435253688713342,873.8310248450124,850.6026051972336,888.2105227222088,837.1448700044728,0.011739594450373536,5263062415,249469158471.0,0,0,0,0,0,0,4941.07,-0.000992725405278616,840.97,43.69,43.475813926182774
2021-08-17,46.99,45.31,48.16,45.17,487065,2264815008.0,1.37,-4.41,6.31,47.4,18.435253688713342,835.3013446356016,866.27257083264,887.8418176484345,832.7204091191817,-0.04409282700421935,5263062415,238469358023.65002,0,0,0,0,0,0,4837.4,-0.020981285430078933,805.16,41.6,41.55884238386797
2021-08-18,44.96,45.5,45.89,44.18,344048,1551135776.0,0.97,0.42,3.77,45.31,18.435253688713342,838.804042836457,828.8490058445518,845.9937917750552,814.4695079673554,0.004193334804678761,5263062415,239469339882.5,0,0,0,0,0,0,4894.24,0.011750113697440723,808.42,41.79,41.7331125240784
2021-08-19,45.0,44.88,46.13,44.7,292123,1319245936.0,0.82,-1.36,3.14,45.5,18.435253688713342,827.3741855494549,829.5864159921003,850.4182526603465,824.0558398854864,-0.013626373626373534,5263062415,236206241185.2,0,0,0,0,0,0,4862.14,-0.006558730262512524,797.79,41.17,41.16444154023382
2021-08-20,44.88,44.34,44.99,43.5,299429,1319888816.0,0.84,-1.2,3.32,44.88,18.435253688713342,817.4191485575496,827.3741855494549,829.4020634552132,801.9335354590304,-0.012032085561497263,5263062415,233364187481.1,0,0,0,0,0,0,4769.27,-0.019100642926777045,788.54,40.63,40.66914745753047
2021-08-23,44.03,44.44,45.5,43.4,360223,1604440832.0,1.01,0.23,4.74,44.34,18.435253688713342,819.2626739264209,811.7042199140485,838.804042836457,800.090010090159,0.00225529995489393,5263062415,233890493722.59998,0,0,0,0,0,0,4835.88,0.01396649801751626,790.25,40.73,40.76086858395701
2021-08-24,44.5,45.08,45.98,44.09,375721,1697545760.0,1.06,1.44,4.25,44.44,18.435253688713342,831.0612362871974,820.3687891477437,847.6529646070394,812.8103351353712,0.014401440144014455,5263062415,237258853668.19998,0,0,0,0,0,0,4888.39,0.01085841666873466,801.22,41.37,41.34788379308691
2021-08-25,44.5,44.89,45.9,44.35,292607,1322040736.0,0.82,-0.42,3.44,45.08,18.435253688713342,827.558538086342,820.3687891477437,846.1781443119423,817.6035010944368,-0.004214729370008774,5263062415,236258871809.35,0,0,0,0,0,0,4898.16,0.0019986130402851465,797.96,41.18,41.17361365287647
2021-08-26,44.89,43.56,44.94,43.51,348218,1525985232.0,0.98,-2.96,3.19,44.89,18.435253688713342,803.0396506803532,827.558538086342,828.4803007707775,802.1178879959175,-0.029627979505457702,5263062415,229258998797.40002,0,0,0,0,0,0,4801.61,-0.019711483495843396,775.17,39.85,39.95372267140341
2021-08-27,43.04,42.92,44.33,42.81,345903,1503271552.0,0.97,-1.47,3.49,43.56,18.435253688713342,791.2410883195766,793.4533187622222,817.2347960206624,789.2132104138182,-0.014692378328741929,5263062415,225890638851.80002,0,0,0,0,0,0,4827.04,0.005296140252956771,764.2,39.21,39.36670746227352
2021-08-30,42.68,42.1,43.06,41.58,387857,1638383792.0,1.09,-1.91,3.45,42.92,18.435253688713342,776.1241802948317,786.8166274342855,793.8220238359966,766.5378483767007,-0.01910531220876044,5263062415,221574927671.5,0,0,0,0,0,0,4813.27,-0.0028526799032118078,750.15,38.39,38.61459422557584
2021-08-31,42.94,42.31,44.43,42.07,483514,2080604608.0,1.36,0.5,5.61,42.1,18.435253688713342,779.9955835694616,791.6097933933509,819.0783213895338,775.5711226841703,0.004988123515439424,5263062415,222680170778.65002,0,0,0,0,0,0,4805.61,-0.0015914336822993036,753.75,38.6,38.80720859107159
2021-09-01,42.0,44.78,44.87,41.45,673423,2933913840.0,1.9,5.84,8.08,42.31,18.435253688713342,825.5306601805835,774.2806549259603,827.1898330125676,764.1412653971681,0.05837863389269682,5263062415,235679934943.7,0,0,0,0,0,0,4869.46,0.013286554672559792,796.08,41.07,41.07272041380727
2021-09-02,44.76,43.16,44.76,42.86,504548,2187126704.0,1.42,-3.62,4.24,44.78,18.435253688713342,795.6655492048677,825.1619551068092,825.1619551068092,790.1349730982538,-0.03617686467172854,5263062415,227153773831.4,0,0,0,0,0,0,4869.41,-1.026807900672555e-05,768.32,39.45,39.586838165697216
2021-09-03,42.6,45.85,46.44,42.11,683688,3036534032.0,1.93,6.23,10.03,43.16,18.435253688713342,845.2563816275067,785.3418071391884,856.1331813038476,776.3085328317188,0.06232622798887877,5263062415,241311411727.75,0,0,0,0,0,0,4843.06,-0.005411333200531332,814.41,42.14,42.05413646657131
2021-09-06,44.88,47.15,47.6,44.67,661914,3088912352.0,1.86,2.84,6.39,45.85,18.435253688713342,869.222211422834,827.3741855494549,877.518075582755,823.502782274825,0.028353326063249584,5263062415,248153392867.25,0,0,0,0,0,0,4933.73,0.018721634668990017,836.69,43.44,43.2465111101164
2021-09-07,46.9,46.84,47.33,46.18,417598,1952609632.0,1.18,-0.66,2.44,47.15,18.435253688713342,863.507282779333,864.6133980006557,872.5405570868024,851.3400153447822,-0.006574761399787854,5263062415,246521843518.6,0,0,0,0,0,0,4992.83,0.011978766572147359,831.38,43.13,42.96217561819412
2021-09-08,46.5,45.93,47.5,45.8,394974,1824446384.0,1.11,-1.94,3.63,46.84,18.435253688713342,846.7312019226038,857.2392965251704,875.6745502138838,844.334618943071,-0.019427839453458606,5263062415,241732456720.95,0,0,0,0,0,0,4972.13,-0.004145945285539465,815.78,42.22,42.127513367712545
2021-09-09,45.62,45.62,46.33,45.08,308701,1405852608.0,0.87,-0.67,2.72,45.93,18.435253688713342,841.0162732791026,841.0162732791026,854.1053033980891,831.0612362871974,-0.0067494012627912214,5263062415,240100907372.3,0,0,0,0,0,0,4970.01,-0.00042637662329825243,810.47,41.91,41.84317787579025
2021-09-10,45.68,45.45,46.5,45.27,340373,1560391328.0,0.96,-0.37,2.7,45.62,18.435253688713342,837.8822801520214,842.1223885004255,857.2392965251704,834.5639344880531,-0.0037264357737832876,5263062415,239206186761.75,0,0,0,0,0,0,5013.52,0.008754509548270617,807.56,41.74,41.687251960865126
2021-09-13,45.0,43.68,45.0,43.38,474481,2087029984.0,1.34,-3.89,3.56,45.45,18.435253688713342,805.2518811229987,829.5864159921003,829.5864159921003,799.7213050163848,-0.038943894389439015,5263062415,229890566287.2,0,0,0,0,0,0,4991.66,-0.00436020999218123,777.23,39.97,40.063788023115265
2021-09-14,44.03,43.21,44.37,43.0,320555,1397438896.0,0.9,-1.08,3.14,43.68,18.435253688713342,796.5873118893035,811.7042199140485,817.972206168211,792.7159086146737,-0.010760073260073222,5263062415,227416926952.15,0,0,0,0,0,0,4917.16,-0.014924894724400284,769.17,39.5,39.6326987289105
2021-09-15,43.1,42.91,43.31,42.63,242336,1039331040.0,0.68,-0.69,1.57,43.21,18.435253688713342,791.0567357826894,794.5594339835451,798.4308372581748,785.8948647498498,-0.006942837306179173,5263062415,225838008227.65,0,0,0,0,0,0,4867.32,-0.010135932123420899,764.03,39.2,39.35753534963086
2021-09-16,42.5,44.2,46.2,42.48,807949,3601028992.0,2.28,3.01,8.67,42.91,18.435253688713342,814.8382130411297,783.498281770317,851.7087204185565,783.1295766965427,0.030062922395712066,5263062415,232627358743.0,0,0,0,0,0,0,4807.7,-0.012249040539763167,786.14,40.49,40.54073788053331
2021-09-17,44.47,44.69,45.56,42.99,524842,2319775792.0,1.48,1.11,5.81,44.2,18.435253688713342,823.8714873485992,819.8157315370823,839.9101580577799,792.5315560777866,0.011085972850678694,5263062415,235206259326.34998,0,0,0,0,0,0,4855.94,0.010033903945753542,794.54,40.98,40.99017140002338
2021-09-22,43.76,43.25,44.2,43.11,287303,1248524800.0,0.81,-3.22,2.44,44.69,18.435253688713342,797.324722036852,806.7267014180958,814.8382130411297,794.7437865204322,-0.03222197359588275,5263062415,227627449448.75,0,0,0,0,0,0,4821.77,-0.007036742628615533,769.86,39.54,39.66938717948111
2021-09-23,43.11,44.22,44.55,43.06,359220,1565422496.0,1.01,2.24,3.45,43.25,18.435253688713342,815.2069181149039,794.7437865204322,821.2905518321793,793.8220238359966,0.02242774566473993,5263062415,232732619991.3,0,0,0,0,0,0,4853.2,0.006518353218838646,786.48,40.51,40.55908210581861
2021-09-24,43.98,45.41,46.01,43.72,545169,2465868608.0,1.54,2.69,5.18,44.22,18.435253688713342,837.1448700044728,810.7824572296128,848.2060222177008,805.9892912705473,0.026910900045228336,5263062415,238995664265.15,0,0,0,0,0,0,4849.43,-0.0007768070551388284,806.87,41.7,41.6505635102945
2021-09-27,45.1,48.95,49.68,44.63,1095585,5245494272.0,3.09,7.8,11.12,45.41,18.435253688713342,902.4056680625181,831.4299413609717,915.8634032552789,822.7653721272765,0.07795639726932402,5263062415,257626905214.25,0,0,0,0,0,0,4877.37,0.005761501867229679,867.53,45.24,44.89749138579423
2021-09-28,48.2,48.25,48.5,47.2,568118,2714227104.0,1.6,-1.43,2.66,48.95,18.435253688713342,889.5009904804187,888.5792277959831,894.109803902597,870.1439741072697,-0.01430030643513791,5263062415,253942761523.75,0,0,0,0,0,0,4883.83,0.0013244843019906138,855.54,44.54,44.25544350080841
2021-09-29,47.57,50.9,52.22,46.88,973214,4840679936.0,2.74,5.49,11.07,48.25,18.435253688713342,938.3544127555091,876.9650179720936,962.6889476246107,864.2446929268815,0.054922279792746,5263062415,267889876923.5,0,0,0,0,0,0,4833.93,-0.01021739085922313,900.95,47.19,46.68605335111188
2021-09-30,50.89,51.9,54.0,50.66,922808,4844530432.0,2.6,1.96,6.56,50.9,18.435253688713342,956.7896664442225,938.170060218622,995.5036991905205,933.9299518702178,0.01964636542239684,5263062415,273152939338.5,0,0,0,0,0,0,4866.38,0.006712964399567145,918.09,48.19,47.60326461537734
2021-10-08,51.91,54.7,55.87,50.69,884254,4798397184.0,2.49,5.39,9.98,51.9,18.435253688713342,1008.4083767726198,956.9740189811096,1029.9776235884144,934.4830094808792,0.05394990366088637,5263062415,287889514100.5,0,0,0,0,0,0,4929.94,0.013061043321729748,966.07,50.99,50.17145615532063
2021-10-11,54.7,55.17,57.33,52.83,1182550,6504043008.0,3.33,0.86,8.23,54.7,18.435253688713342,1017.0729460063151,1008.4083767726198,1056.893093973936,973.9344523747258,0.008592321755027443,5263062415,290363153435.55,0,0,0,0,0,0,4936.19,0.0012677639078770842,974.12,51.46,50.602545449525394
2021-10-12,55.0,53.92,56.25,53.8,724912,3981974176.0,2.04,-2.27,4.44,55.17,18.435253688713342,994.0288788954234,1013.9389528792339,1036.9830199901255,991.8166484527777,-0.022657241254304905,5263062415,283784325416.8,0,0,0,0,0,0,4883.84,-0.01060534541822733,952.7,50.21,49.45603136919357
2021-10-13,54.11,55.33,55.41,52.1,718565,3867218064.0,2.02,2.61,6.14,53.92,18.435253688713342,1020.0225865965092,997.531577096279,1021.4974068916063,960.4767171819651,0.026149851632047305,5263062415,291205243421.95,0,0,0,0,0,0,4940.11,0.011521671471628858,976.86,51.62,50.74929925180786
2021-10-14,54.73,53.08,54.98,52.91,530826,2849352576.0,1.5,-4.07,3.74,55.33,18.435253688713342,978.5432657969042,1008.9614343832811,1013.5702478054595,975.4092726698228,-0.04066510030724746,5263062415,279363352988.2,0,0,0,0,0,0,4913.61,-0.005364253022705934,938.31,49.37,48.68557390721058
2021-10-15,52.1,55.4,56.88,52.1,1040700,5765980416.0,2.93,4.37,9.01,53.08,18.435253688713342,1021.3130543547192,960.4767171819651,1048.597229814015,960.4767171819651,0.04370761115297661,5263062415,291573657791.0,0,0,0,0,0,0,4932.11,0.0037650525784505007,978.06,51.69,50.81350404030645
2021-10-18,55.15,56.01,57.33,54.3,613667,3433918928.0,1.73,1.1,5.47,55.4,18.435253688713342,1032.5585591048343,1016.7042409325408,1056.893093973936,1001.0342752971344,0.011010830324909682,5263062415,294784125864.14996,0,0,0,0,0,0,4874.78,-0.011623828341217002,988.51,52.3,51.37300291150838
2021-10-19,55.8,59.6,61.1,55.8,1084709,6413710080.0,3.06,6.41,9.46,56.01,18.435253688713342,1098.7411198473153,1028.6871558302043,1126.3940003803853,1028.6871558302043,0.06409569719692909,5263062415,313678519934.0,0,0,0,0,0,0,4922.72,0.009834289957700859,1050.03,55.89,54.66579135022138
2021-10-20,59.09,57.6,60.33,57.5,669629,3899659136.0,1.89,-3.36,4.75,59.6,18.435253688713342,1061.8706124698886,1089.3391404660715,1112.1988550400758,1060.027087101017,-0.03355704697986572,5263062415,303152395104.0,0,0,0,0,0,0,4910.18,-0.0025473721844834207,1015.76,53.89,52.83136882169046
2021-10-21,57.6,56.9,58.3,55.95,530407,3011228816.0,1.49,-1.22,4.08,57.6,18.435253688713342,1048.9659348877892,1061.8706124698886,1074.7752900519877,1031.4524438835115,-0.01215277777777779,5263062415,299468251413.5,0,0,0,0,0,0,4928.02,0.003633268026834058,1003.77,53.19,52.18932093670464
2021-10-22,56.87,57.03,57.49,56.1,340155,1935193040.0,0.96,0.23,2.44,56.9,18.435253688713342,1051.362517867322,1048.4128772771278,1059.84273456413,1034.2177319368186,0.002284710017574687,5263062415,300152449527.45,0,0,0,0,0,0,4959.73,0.006434632976326959,1005.99,53.32,52.308558401059145
2021-10-25,59.02,56.51,59.59,56.0,649535,3727756032.0,1.83,-0.91,6.29,57.03,18.435253688713342,1041.776185949191,1088.0486727078614,1098.556767310428,1032.374206567947,-0.009118008065930217,5263062415,297415657071.64996,0,0,0,0,0,0,4979.52,0.003990136559853141,997.08,52.8,51.8316085436411
2021-10-26,55.7,54.66,56.2,54.56,571759,3148921440.0,1.61,-3.27,2.9,56.51,18.435253688713342,1007.6709666250712,1026.843630461333,1036.0612573056899,1005.8274412562,-0.03273756857193422,5263062415,287678991603.89996,0,0,0,0,0,0,4963.1,-0.003297506586980248,965.38,50.95,50.134767704750004
2021-10-27,54.8,55.25,56.0,54.37,369300,2037848016.0,1.04,1.08,2.98,54.66,18.435253688713342,1018.5477663014121,1010.2519021414911,1032.374206567947,1002.3247430553444,0.010793999268203569,5263062415,290784198428.75,0,0,0,0,0,0,4898.16,-0.013084564082932126,975.49,51.54,50.67592235066663
2021-10-28,54.55,55.1,56.08,54.28,355406,1963002880.0,1.0,-0.27,3.26,55.25,18.435253688713342,1015.7824782481051,1005.6430887193127,1033.8490268630442,1000.6655702233602,-0.002714932126696823,5263062415,289994739066.5,0,0,0,0,0,0,4864.14,-0.006945465235925208,972.92,51.39,50.53834066102681
2021-10-29,55.12,57.11,57.32,55.12,541178,3069949840.0,1.52,3.65,3.99,55.1,18.435253688713342,1052.837338162419,1016.1511833218793,1056.7087414370487,1016.1511833218793,0.03647912885662419,5263062415,300573494520.65,0,0,0,0,0,0,4908.77,0.009175311565867705,1007.36,53.4,52.38193530220038
2021-11-01,56.01,57.63,58.16,55.7,419634,2399118848.0,1.18,0.91,4.31,57.11,18.435253688713342,1062.42367008055,1032.5585591048343,1072.194354535568,1026.843630461333,0.009105235510418641,5263062415,303310286976.45,0,0,0,0,0,0,4890.69,-0.003683203735355467,1016.28,53.92,52.858885159618424
2021-11-02,57.17,58.03,58.63,56.56,468629,2699944800.0,1.32,0.69,3.59,57.63,18.435253688713342,1069.7977715560353,1053.9434533837418,1080.8589237692634,1042.6979486336268,0.006940829429116668,5263062415,305415511942.45,0,0,0,0,0,0,4839.85,-0.01039526120036216,1023.13,54.32,53.225769665324606
2021-11-03,58.0,59.45,60.69,57.39,658835,3942733776.0,1.86,2.45,5.69,58.03,18.435253688713342,1095.9758317940082,1069.2447139453739,1118.8355463680127,1057.9992091952588,0.02447010167154917,5263062415,312889060571.75,0,0,0,0,0,0,4821.11,-0.0038720208270919265,1047.46,55.74,54.52820966058156
2021-11-04,59.0,59.07,60.68,58.51,511100,3048269488.0,1.44,-0.64,3.65,59.45,18.435253688713342,1088.970435392297,1087.6799676340872,1118.6511938311255,1078.6466933266177,-0.006391925988225466,5263062415,310889096854.05,0,0,0,0,0,0,4868.74,0.009879467591488389,1040.95,55.36,54.17966938016068
2021-11-05,59.99,58.21,60.67,57.91,439294,2590659136.0,1.24,-1.46,4.67,59.07,18.435253688713342,1073.1161172200036,1105.9308687859134,1118.4668412942385,1067.5855411133896,-0.014558997799221207,5263062415,306362863177.15,0,0,0,0,0,0,4842.35,-0.005420293546174015,1026.21,54.5,53.390867692892385
2021-11-08,58.88,57.88,58.98,57.65,302453,1758990256.0,0.85,-0.57,2.28,58.21,18.435253688713342,1067.0324835027284,1085.4677371914415,1087.3112625603128,1062.7923751543242,-0.00566912901563299,5262358594,304585315420.72003,0,0,0,0,0,0,4848.18,0.0012039608867595586,1020.56,54.17,53.0881879756848
2021-11-09,57.57,56.97,58.04,56.8,353165,2021663120.0,0.99,-1.57,2.14,57.88,18.435253688713342,1050.256402645999,1061.3175548592271,1069.9821240929223,1047.1224095189177,-0.015722183828611014,5262358594,299796569100.18,0,0,0,0,0,0,4846.74,-0.0002970186750492765,1004.97,53.26,52.25352572520322
2021-11-10,56.71,56.09,56.9,55.5,367589,2058638928.0,1.04,-1.54,2.46,56.97,18.435253688713342,1034.0333793999314,1045.4632366869337,1048.9659348877892,1023.1565797235904,-0.015446726347200235,5262358594,295165693537.46,0,0,0,0,0,0,4821.19,-0.0052715846115121145,989.89,52.38,51.44637981264962
2021-11-11,56.37,56.91,57.71,55.9,308354,1755228896.0,0.87,1.46,3.23,56.09,18.435253688713342,1049.1502874246762,1039.195250432771,1063.898490375647,1030.5306811990758,0.01461936174006051,5262358594,299480827584.54,0,0,0,0,0,0,4898.65,0.016066572775601085,1003.94,53.2,52.198493049347285
2021-11-12,56.96,58.58,59.19,56.96,463931,2712926272.0,1.31,2.93,3.92,56.91,18.435253688713342,1079.9371610848275,1050.072050109112,1091.1826658349426,1050.072050109112,0.029344579160077267,5262358594,308268966436.52,0,0,0,0,0,0,4888.37,-0.0020985373521276163,1032.55,54.87,53.730235860670604
2021-11-15,59.28,58.88,59.48,58.29,300671,1770968928.0,0.85,0.51,2.03,58.58,18.435253688713342,1085.4677371914415,1092.8418386669268,1096.5288894046696,1074.5909375151007,0.005121201775349915,5262358594,309847674014.72003,0,0,0,0,0,0,4882.38,-0.0012253573276981289,1037.7,55.17,54.00539923995024
2021-11-16,58.88,58.74,59.41,58.57,246823,1452179024.0,0.7,-0.24,1.43,58.88,18.435253688713342,1082.8868016750218,1085.4677371914415,1095.2384216464595,1079.7528085479405,-0.0023777173913043237,5262358594,309110943811.56,0,0,0,0,0,0,4883.32,0.00019252905345346072,1035.3,55.03,53.876989662953086
2021-11-17,58.31,58.2,58.87,57.51,198842,1157655392.0,0.56,-0.92,2.32,58.74,18.435253688713342,1072.9317646831166,1074.959642588875,1085.2833846545543,1060.2114396379043,-0.009193054136874323,5262358594,306269270170.8,0,0,0,0,0,0,4885.75,0.00049761228017009,1026.04,54.49,53.38169558024974
2021-11-18,58.22,58.29,58.89,57.59,193564,1128037952.0,0.55,0.15,2.23,58.2,18.435253688713342,1074.5909375151007,1073.3004697568908,1085.6520897283287,1061.6862599330013,0.001546391752577314,5262358594,306742882444.26,0,0,0,0,0,0,4837.62,-0.009851097579696044,1027.59,54.58,53.46424459403362
2021-11-19,58.0,57.57,58.47,56.82,260133,1493956960.0,0.73,-1.24,2.83,58.29,18.435253688713342,1061.3175548592271,1069.2447139453739,1077.909283179069,1047.4911145926922,-0.012352032938754531,5262358594,302953984256.58,0,0,0,0,0,0,4890.06,0.01084004117727333,1015.25,53.86,52.8038524837625
2021-11-22,57.0,57.15,57.98,56.98,247704,1419764208.0,0.7,-0.73,1.74,57.57,18.435253688713342,1053.5747483099674,1050.8094602566605,1068.8760088715994,1050.440755182886,-0.007295466388744121,5262358594,300743793647.1,0,0,0,0,0,0,4912.4,0.0045684511028492025,1008.05,53.44,52.418623752771
2021-11-23,57.2,57.21,57.88,56.81,192235,1102714112.0,0.54,0.1,1.87,57.15,18.435253688713342,1054.6808635312902,1054.4965109944033,1067.0324835027284,1047.306762055805,0.0010498687664042272,5262358594,301059535162.74,0,0,0,0,0,0,4913.35,0.00019338816057334896,1009.08,53.5,52.473656428626924
2021-11-24,57.01,55.8,58.0,55.7,360493,2026115840.0,1.02,-2.46,4.02,57.21,18.435253688713342,1028.6871558302043,1050.9938127935475,1069.2447139453739,1026.843630461333,-0.024646040901940336,5262358594,293639609545.2,0,0,0,0,0,0,4916.66,0.0006736747840068169,984.92,52.09,51.18038854601262
2021-11-25,55.71,55.88,56.35,55.6,172079,963029456.0,0.48,0.14,1.34,55.8,18.435253688713342,1030.1619761253016,1027.0279829982203,1038.8265453589968,1025.0001050924618,0.0014336917562725038,5262358594,294060598232.72003,0,0,0,0,0,0,4896.44,-0.00411254794921756,986.29,52.17,51.253765447153874
2021-11-26,56.08,54.65,56.09,54.36,290338,1594374784.0,0.82,-2.2,3.1,55.88,18.435253688713342,1007.4866140881841,1033.8490268630442,1034.0333793999314,1002.1403905184573,-0.02201145311381536,5262358594,287587897162.1,0,0,0,0,0,0,4860.13,-0.007415591736036675,965.21,50.94,50.12559559210735
2021-11-29,54.0,54.5,55.0,53.55,232794,1266834656.0,0.66,-0.27,2.65,54.65,18.435253688713342,1004.7213260348772,995.5036991905205,1013.9389528792339,987.2078350305994,-0.0027447392497712553,5262358594,286798543373.0,0,0,0,0,0,0,4851.42,-0.001792133132241358,962.64,50.79,49.988013902467536
2021-11-30,54.45,52.4,54.45,51.6,604636,3196199984.0,1.7,-3.85,5.23,54.5,18.435253688713342,966.007293288579,1003.7995633504415,1003.7995633504415,951.2590903376084,-0.03853211009174318,5262358594,275747590325.6,0,0,0,0,0,0,4832.03,-0.003996767956598313,926.65,48.69,48.061870247510065
2021-12-01,52.2,51.86,52.43,51.44,400730,2077175904.0,1.13,-1.03,1.89,52.4,18.435253688713342,956.0522562966739,962.3202425508365,966.5603508992405,948.3094497474143,-0.010305343511450404,5262358594,272905916684.84,0,0,0,0,0,0,4843.85,0.0024461768656238725,917.4,48.15,47.566576164806726
2021-12-02,51.5,52.24,53.07,51.19,317829,1667012320.0,0.9,0.73,3.63,51.86,18.435253688713342,963.057652698385,949.4155649687372,978.3589132600171,943.7006363252359,0.007327419976860927,5262358594,274905612950.56,0,0,0,0,0,0,4856.16,0.002541366887909291,923.91,48.53,47.915116445227596
2021-12-03,52.0,53.32,53.32,51.88,280462,1483630560.0,0.79,2.07,2.76,52.24,18.435253688713342,982.9677266821953,958.6331918130937,982.9677266821953,956.4209613704483,0.020673813169984623,5262358594,280588960232.08,0,0,0,0,0,0,4901.02,0.0092377516391553,942.42,49.61,48.90570461063429
2021-12-06,53.1,51.61,53.1,51.5,377710,1962902752.0,1.06,-3.21,3.0,53.32,18.435253688713342,951.4434428744955,978.9119708706785,978.9119708706785,949.4155649687372,-0.03207051762940738,5262358594,271590327036.34,0,0,0,0,0,0,4892.62,-0.0017139289372417599,913.12,47.9,47.337273348740354
2021-12-07,48.5,48.97,50.18,48.34,1104774,5421641984.0,3.11,-5.12,3.57,51.61,18.435253688713342,902.7743731362923,894.109803902597,925.0810300996355,891.160163312403,-0.05115287734935092,5262358594,257697700348.18,0,0,0,0,0,0,4922.1,0.006025401523110485,867.88,45.26,44.915835611079544
2021-12-08,50.03,51.03,52.0,49.54,736109,3755682512.0,2.07,4.21,5.02,48.97,18.435253688713342,940.7509957350419,922.3157420463285,958.6331918130937,913.2824677388589,0.042066571370226624,5262358594,268538159051.82,0,0,0,0,0,0,4995.93,0.014999695252026601,903.18,47.32,46.80529081546639
2021-12-09,51.05,51.22,52.0,50.65,434488,2229869648.0,1.22,0.37,2.65,51.03,18.435253688713342,944.2536939358973,941.119700808816,958.6331918130937,933.7455993333307,0.0037233000195961985,5262358594,269538007184.68,0,0,0,0,0,0,5078.69,0.016565484304223554,906.43,47.51,46.979560955676824
2021-12-10,50.98,50.95,51.5,50.7,318535,1622748192.0,0.9,-0.53,1.56,51.22,18.435253688713342,939.2761754399448,939.8292330506061,949.4155649687372,934.6673620177664,-0.005271378367824986,5262358594,268117170364.30002,0,0,0,0,0,0,5055.12,-0.00464096056266472,901.81,47.24,46.731913914325155
2021-12-13,50.6,50.12,51.12,50.06,363820,1836082688.0,1.02,-1.63,2.08,50.95,18.435253688713342,923.9749148783127,932.8238366488952,942.410168567026,922.86879965699,-0.01629048086359186,5262358594,263749412731.28,0,0,0,0,0,0,5083.8,0.005673455823007156,887.58,46.41,45.97062856498482
2021-12-14,50.12,49.89,51.17,49.7,357588,1797468864.0,1.01,-0.46,2.93,50.12,18.435253688713342,919.7348065299086,923.9749148783127,943.3319312514617,916.2321083290532,-0.004588986432561781,5262358594,262539070254.66,0,0,0,0,0,0,5049.7,-0.006707580943388858,883.64,46.18,45.75966997420377
2021-12-15,49.81,49.06,50.1,49.0,310533,1534883888.0,0.87,-1.66,2.2,49.89,18.435253688713342,904.4335459682766,918.2599862348115,923.6062098045385,903.3274307469537,-0.01663660052114646,5262358594,258171312621.64,0,0,0,0,0,0,5005.9,-0.008673782600946645,869.42,45.35,44.998384624863434
2021-12-16,48.11,47.75,48.58,46.61,696338,3310518016.0,1.96,-2.67,4.02,49.06,18.435253688713342,880.2833636360621,886.9200549639988,895.5846241976941,859.2671744309289,-0.02670199755401559,5262358594,251277622863.5,0,0,0,0,0,0,5034.73,0.005759204139115903,846.97,44.04,43.79683786867568
2021-12-17,47.7,47.36,48.67,47.0,427058,2030418624.0,1.2,-0.82,3.5,47.75,18.435253688713342,873.0936146974639,879.3616009516264,897.2437970296784,866.4569233695271,-0.008167539267015744,5262358594,249225303011.84,0,0,0,0,0,0,4954.76,-0.015883672014189276,840.29,43.65,43.43912547561215
2021-12-20,47.02,46.29,47.62,46.21,341397,1596516832.0,0.96,-2.26,2.98,47.36,18.435253688713342,853.3678932505405,866.8256284433014,877.8867806565293,851.8930729554436,-0.022592905405405372,5262358594,243594579316.26,0,0,0,0,0,0,4880.42,-0.015003753965883382,821.95,42.58,42.45770942284811
2021-12-21,46.89,46.36,46.97,46.0,284491,1319986896.0,0.8,0.15,2.1,46.29,18.435253688713342,854.6583610087505,864.4290454637686,865.9038657588657,848.0216696808137,0.0015122056599696787,5262358594,243962944417.84,0,0,0,0,0,0,4913.49,0.00677605615910104,823.15,42.65,42.52191421134669
2021-12-22,46.58,48.07,48.55,46.46,669092,3207186688.0,1.88,3.69,4.51,46.36,18.435253688713342,886.1826448164503,858.7141168202675,895.0315665870327,856.5018863776219,0.03688524590163933,5262358594,252961577613.58,0,0,0,0,0,0,4914.45,0.0001953804729428743,852.46,44.36,44.09034547324063
2021-12-23,48.8,50.14,51.18,48.68,776364,3890942912.0,2.19,4.31,5.2,48.07,18.435253688713342,924.343619952087,899.6403800092111,943.5162837883488,897.4281495665655,0.04306220095693791,5262358594,263854659903.16,0,0,0,0,0,0,4948.74,0.0069773830235326795,887.93,46.43,45.98897279027013
2021-12-24,50.11,52.28,52.5,49.2,710162,3649778784.0,2.0,4.27,6.58,50.14,18.435253688713342,963.7950628459336,923.7905623414256,967.8508186574504,907.0144814846965,0.042680494615077835,5262358594,275116107294.32,0,0,0,0,0,0,4921.34,-0.0055367628931808355,924.6,48.57,47.95180489579822
2021-12-27,52.68,52.9,54.48,51.51,569676,3023905152.0,1.6,1.19,5.68,52.28,18.435253688713342,975.2249201329357,971.1691643214189,1004.3526209611028,949.5999175056241,0.011859219586840108,5262358594,278378769622.6,0,0,0,0,0,0,4919.32,-0.00041045731447131306,935.22,49.19,48.520475879642795
2021-12-28,52.7,52.35,53.81,52.0,448796,2364294160.0,1.26,-1.04,3.42,52.9,18.435253688713342,965.0855306041435,971.5378693951932,992.0010009896649,958.6331918130937,-0.010396975425330801,5262358594,275484472395.9,0,0,0,0,0,0,4955.96,0.007448183895335303,925.8,48.64,48.0160096842968
2021-12-29,52.31,51.53,52.83,51.46,324403,1682623216.0,0.91,-1.57,2.62,52.35,18.435253688713342,949.9686225793985,964.348120456595,973.9344523747258,948.6781548211886,-0.015663801337153727,5262358594,271169338348.82,0,0,0,0,0,0,4883.48,-0.01462481537381266,911.75,47.82,47.263896447599116
2021-12-30,51.5,52.14,52.81,51.4,257336,1340510896.0,0.72,1.18,2.74,51.53,18.435253688713342,961.2141273295136,949.4155649687372,973.5657473009517,947.5720395998658,0.01183776440908213,5262358594,274379377091.16,0,0,0,0,0,0,4921.51,0.007787479420413357,922.2,48.43,47.82339531880105
2021-12-31,51.85,53.36,53.66,51.83,339025,1799412960.0,0.95,2.34,3.51,52.14,18.435253688713342,983.7051368297439,955.8679037597868,989.2357129363579,955.4991986860125,0.023398542385884236,5262358594,280799454575.84,0,0,0,0,0,0,4940.37,0.003832157203784936,943.1,49.65,48.94239306120491
2022-01-04,54.0,57.8,58.2,54.0,847816,4777187072.0,2.39,8.32,7.87,53.36,18.435253688713342,1065.557663207631,995.5036991905205,1072.9317646831166,995.5036991905205,0.08320839580209882,5262358594,304164326733.2,0,0,0,0,0,0,4917.77,-0.004574556156724974,1019.19,54.09,53.014811074543545
2022-01-05,57.7,57.99,60.0,57.21,761535,4450352128.0,2.15,0.33,4.83,57.8,18.435253688713342,1069.0603614084866,1063.7141378387598,1106.1152213228006,1054.6808635312902,0.003287197231834016,5262358594,305164174866.06,0,0,0,0,0,0,4868.12,-0.010096039465042228,1022.44,54.28,53.18908121475398
2022-01-06,57.39,56.69,57.99,55.66,511697,2901595248.0,1.44,-2.24,4.02,57.99,18.435253688713342,1045.0945316131592,1057.9992091952588,1069.0603614084866,1026.1062203137844,-0.022417658216933978,5262358594,298323108693.86,0,0,0,0,0,0,4818.23,-0.010248309408971035,1000.17,52.98,51.99670657120888
2022-01-07,56.71,56.27,57.5,55.86,320467,1812712432.0,0.9,-0.74,2.89,56.69,18.435253688713342,1037.3517250638997,1045.4632366869337,1060.027087101017,1029.7932710515272,-0.007408714058916854,5262358594,296112918084.38,0,0,0,0,0,0,4822.37,0.000859236690652132,992.97,52.56,51.6114778402174
2022-01-10,55.99,59.28,59.28,55.9,667243,3892941296.0,1.88,5.35,6.01,56.27,18.435253688713342,1092.8418386669268,1032.1898540310601,1092.8418386669268,1030.5306811990758,0.05349209170072866,5262358594,311952617452.32,0,0,0,0,0,0,4844.05,0.004495714762658309,1044.55,55.57,54.372283745656425
2022-01-11,59.0,56.62,59.0,56.6,429420,2470584896.0,1.21,-4.49,4.05,59.28,18.435253688713342,1043.8040638549494,1087.6799676340872,1087.6799676340872,1043.4353587811752,-0.044871794871794934,5262358594,297954743592.27997,0,0,0,0,0,0,4797.77,-0.009553988914234979,998.97,52.91,51.932501782710304
2022-01-12,56.9,57.3,57.76,55.8,303189,1726501472.0,0.85,1.2,3.46,56.62,18.435253688713342,1056.3400363632745,1048.9659348877892,1064.8202530600827,1028.6871558302043,0.01200989049805723,5262358594,301533147436.2,0,0,0,0,0,0,4845.58,0.009965046261075416,1010.62,53.59,52.55620544241082
2022-01-13,57.0,55.25,58.4,54.89,347091,1955059440.0,0.98,-3.58,6.13,57.3,18.435253688713342,1018.5477663014121,1050.8094602566605,1076.6188154208592,1011.9110749734754,-0.035776614310645716,5262358594,290745312318.5,0,0,0,0,0,0,4765.92,-0.016439724449911042,975.49,51.54,50.67592235066663
2022-01-14,55.0,55.7,56.96,54.82,267534,1495788512.0,0.75,0.81,3.87,55.25,18.435253688713342,1026.843630461333,1013.9389528792339,1050.072050109112,1010.6206072152654,0.008144796380090469,5262358594,293113373685.8,0,0,0,0,0,0,4726.73,-0.008222966394736075,983.2,51.99,51.08866741958608
2022-01-17,55.7,56.0,56.35,54.6,236056,1313478880.0,0.66,0.54,3.14,55.7,18.435253688713342,1032.374206567947,1026.843630461333,1038.8265453589968,1006.5648514037484,0.0053859964093356805,5262358594,294692081264.0,0,0,0,0,0,0,4767.28,0.00857886953559861,988.34,52.29,51.36383079886572
2022-01-18,55.6,55.8,56.29,54.85,276029,1534225552.0,0.78,-0.36,2.57,56.0,18.435253688713342,1028.6871558302043,1025.0001050924618,1037.720430137674,1011.1736648259268,-0.0035714285714286698,5262358594,293639609545.2,0,0,0,0,0,0,4813.35,0.00966379151214114,984.92,52.09,51.18038854601262
2022-01-19,56.0,54.53,56.2,53.91,359432,1962223728.0,1.01,-2.28,4.1,55.8,18.435253688713342,1005.2743836455386,1032.374206567947,1036.0612573056899,993.8445263585362,-0.02275985663082425,5262358594,286956414130.82,0,0,0,0,0,0,4780.38,-0.006849699273894561,963.15,50.82,50.0155302403955
2022-01-20,54.62,57.2,57.5,54.3,580108,3292051088.0,1.63,4.9,5.87,54.53,18.435253688713342,1054.4965109944033,1006.9335564775226,1060.027087101017,1001.0342752971344,0.0489638730973776,5262358594,301006911576.8,0,0,0,0,0,0,4823.51,0.009022295298700023,1008.91,53.49,52.46448431598428
2022-01-21,57.03,55.0,57.16,54.99,388442,2160356736.0,1.08,-3.85,3.79,57.2,18.435253688713342,1013.9389528792339,1051.362517867322,1053.7591008468546,1013.7546003423467,-0.03846153846153855,5262358594,289429722670.0,0,0,0,0,0,0,4779.31,-0.009163451511451148,971.21,51.29,50.446619534600266
2022-01-24,55.1,53.82,55.88,53.72,297632,1624669824.0,0.83,-2.15,3.93,55.0,18.435253688713342,992.185353526552,1015.7824782481051,1030.1619761253016,990.3418281576807,-0.021454545454545504,5262358594,283220139529.08,0,0,0,0,0,0,4786.74,0.0015546177167833353,950.99,50.11,49.36431024276702
2022-01-25,53.8,52.0,54.35,52.0,274048,1450962864.0,0.76,-3.38,4.37,53.82,18.435253688713342,958.6331918130937,991.8166484527777,1001.9560379815701,958.6331918130937,-0.033816425120772986,5262358594,273642646888.0,0,0,0,0,0,0,4678.45,-0.022622912462343936,919.8,48.29,47.69498574180388
2022-01-26,52.58,54.35,54.5,52.55,307548,1647567328.0,0.85,4.52,3.75,52.0,18.435253688713342,1001.9560379815701,969.3256389525475,1004.7213260348772,968.772581341886,0.045192307692307754,5262358594,286009189583.9,0,0,0,0,0,0,4712.31,0.007237439750344743,960.07,50.64,49.85043221282772
2022-01-27,53.98,53.12,56.14,53.0,291782,1585392304.0,0.81,-2.26,5.78,54.35,18.435253688713342,979.2806759444527,995.1349941167462,1034.955142084367,977.0684455018071,-0.022631094756209835,5262358594,279536488513.27997,0,0,0,0,0,0,4619.88,-0.019614583930174456,938.99,49.41,48.7222623577812
2022-01-28,53.88,54.59,55.58,53.52,403808,2219634064.0,1.12,2.77,3.88,53.12,18.435253688713342,1006.3804988668614,993.2914687478749,1024.6314000186876,986.6547774199381,0.027673192771084487,5262358594,287272155646.46,0,0,0,0,0,0,4563.77,-0.012145337108323107,964.18,50.88,50.07056291625143
2022-02-07,55.79,55.23,56.4,52.26,510321,2774930256.0,1.42,1.17,7.58,54.59,18.435253688713342,1018.1790612276378,1028.5028032933174,1039.7483080434324,963.4263577721592,0.011723758930206829,5262358594,290640065146.62,0,0,0,0,0,0,4634.09,0.015408313740613577,975.15,51.52,50.65757812538131
2022-02-08,54.8,55.7,56.13,54.23,302244,1666409520.0,0.84,0.85,3.44,55.23,18.435253688713342,1026.843630461333,1010.2519021414911,1034.77078954748,999.7438075389244,0.008509867825457373,5262358594,293113373685.8,0,0,0,0,0,0,4608.77,-0.005463855902669068,983.2,51.99,51.08866741958608
2022-02-09,55.63,58.68,58.88,55.53,661891,3848760240.0,1.84,5.35,6.01,55.7,18.435253688713342,1081.780686453699,1025.5531627031232,1085.4677371914415,1023.7096373342519,0.05350089766606825,5262358594,308795202295.92,0,0,0,0,0,0,4652.06,0.00939296167958048,1034.27,54.97,53.82195698709716
2022-02-10,58.38,61.62,62.68,58.01,981231,6003187968.0,2.72,5.01,7.96,58.68,18.435253688713342,1135.980332298516,1076.250110347085,1155.5217012085523,1069.4290664822609,0.050102249488752415,5262358594,324266536562.27997,0,0,0,0,0,0,4639.86,-0.0026224941208842223,1084.65,57.91,56.5185581040376
2022-02-11,61.61,60.7,61.92,60.38,406737,2482279056.0,1.13,-1.49,2.5,61.62,18.435253688713342,1119.0198989049,1135.795979761629,1141.51090840513,1113.1206177245117,-0.01493021746186296,5262358594,319425166655.8,0,0,0,0,0,0,4601.4,-0.00828904320388979,1068.88,56.99,55.674723740913386
2022-02-14,60.61,59.18,61.49,58.21,360844,2143374768.0,1.0,-2.5,5.4,60.7,18.435253688713342,1090.9983132980556,1117.3607260729157,1133.5837493189833,1073.1161172200036,-0.02504118616144979,5262358594,311426381592.92,0,0,0,0,0,0,4551.69,-0.010803233798409195,1042.84,55.47,54.28056261922988
2022-02-15,59.0,59.18,59.55,58.1,324281,1907799792.0,0.9,0.0,2.45,59.18,18.435253688713342,1090.9983132980556,1087.6799676340872,1097.8193571628794,1071.0882393142451,0.0,5262358594,311426381592.92,0,0,0,0,0,0,4600.1,0.010635610070105939,1042.84,55.47,54.28056261922988
2022-02-16,59.0,58.25,59.21,57.7,331691,1931900592.0,0.92,-1.57,2.55,59.18,18.435253688713342,1073.8535273675523,1087.6799676340872,1091.551370908717,1063.7141378387598,-0.015714768502872567,5262358594,306532388100.5,0,0,0,0,0,0,4617.99,0.003889045890306697,1026.9,54.54,53.427556143463015
2022-02-17,57.96,59.6,59.9,56.52,462454,2715191152.0,1.28,2.32,5.8,58.25,18.435253688713342,1098.7411198473153,1068.5073037978252,1104.271695953929,1041.9605384860781,0.023175965665236165,5262358594,313636572202.4,0,0,0,0,0,0,4629.16,0.0024188012533592484,1050.03,55.89,54.66579135022138
2022-02-18,59.0,59.99,61.0,58.7,326366,1955799520.0,0.9,0.65,3.86,59.6,18.435253688713342,1105.9308687859134,1087.6799676340872,1124.5504750115138,1082.1493915274732,0.006543624161073902,5262358594,315688892054.06,0,0,0,0,0,0,4651.24,0.00476976384484451,1056.72,56.28,55.023503743284905
2022-02-21,59.3,59.53,60.38,58.97,210570,1255547200.0,0.58,-0.77,2.35,59.99,18.435253688713342,1097.4506520891052,1093.210543740701,1113.1206177245117,1087.1269100234258,-0.0076679446574429155,5262358594,313268207100.82,0,0,0,0,0,0,4634.31,-0.0036398895778329,1048.83,55.82,54.6015865617228
2022-02-22,59.08,58.54,59.47,57.82,251507,1469100784.0,0.7,-1.66,2.77,59.53,18.435253688713342,1079.199750937279,1089.1547879291843,1096.3445368677824,1065.9263682814055,-0.01663027045187304,5262358594,308058472092.76,0,0,0,0,0,0,4574.15,-0.0129814362871713,1031.87,54.83,53.693547410099995
2022-02-23,59.5,57.42,59.88,57.29,344360,1996434496.0,0.95,-1.91,4.42,58.54,18.435253688713342,1058.5522668059202,1096.8975944784438,1103.902990880155,1056.1556838263873,-0.019132217287324838,5262358594,302164630467.48,0,0,0,0,0,0,4623.05,0.01069051080528638,1012.68,53.71,52.66627079412268
2022-02-24,57.39,56.6,57.78,56.09,300397,1707806192.0,0.83,-1.43,2.94,57.42,18.435253688713342,1043.4353587811752,1057.9992091952588,1065.1889581338569,1034.0333793999314,-0.014280738418669503,5262358594,297849496420.4,0,0,0,0,0,0,4529.32,-0.02027449411103066,998.63,52.89,51.914157557425
2022-02-25,57.47,57.2,57.66,56.14,233576,1328256576.0,0.65,1.06,2.69,56.6,18.435253688713342,1054.4965109944033,1059.4740294903556,1062.9767276912112,1034.955142084367,0.010600706713780994,5262358594,301006911576.8,0,0,0,0,0,0,4573.42,0.0097365608965585,1008.91,53.49,52.46448431598428
2022-02-28,57.2,57.08,57.76,56.61,204543,1167474896.0,0.57,-0.21,2.01,57.2,18.435253688713342,1052.2842805517575,1054.4965109944033,1064.8202530600827,1043.6197113180622,-0.002097902097902171,5262358594,300375428545.52,0,0,0,0,0,0,4581.65,0.001799528580362031,1006.85,53.37,52.35441896427242
2022-03-01,57.8,60.61,60.62,56.8,612228,3623517360.0,1.7,6.18,6.69,57.08,18.435253688713342,1117.3607260729157,1065.557663207631,1117.5450786098027,1047.1224095189177,0.061843027330063194,5262358594,318951554382.34,0,0,0,0,0,0,4619.69,0.008302685713662106,1067.34,56.9,55.59217472712949
2022-03-02,59.93,59.69,60.79,59.41,315861,1890496176.0,0.88,-1.52,2.28,60.61,18.435253688713342,1100.4002926792994,1104.8247535645905,1120.679071736884,1095.2384216464595,-0.01517901336413141,5262358594,314110184475.86,0,0,0,0,0,0,4578.6,-0.008894536213468696,1051.58,55.98,54.748340364005266
2022-03-03,59.41,58.75,59.87,58.43,215905,1271593040.0,0.6,-1.57,2.41,59.69,18.435253688713342,1083.0711542119088,1095.2384216464595,1103.7186383432677,1077.1718730315206,-0.015748031496062964,5262358594,309163567397.5,0,0,0,0,0,0,4551.63,-0.005890446861486098,1035.47,55.04,53.88616177559574
2022-03-04,58.63,58.74,60.06,58.13,275824,1628671040.0,0.76,-0.02,3.29,58.75,18.435253688713342,1082.8868016750218,1080.8589237692634,1107.2213365441235,1071.6412969249066,-0.00017021276595741153,5262386729,309112596461.46,0,0,0,0,0,0,4496.43,-0.0121275235465097,1035.3,55.03,53.876989662953086
2022-03-07,58.6,57.25,59.3,56.56,297548,1722727328.0,0.83,-2.54,4.66,58.74,18.435253688713342,1055.418273678839,1080.305866158602,1093.210543740701,1042.6979486336268,-0.0253660197480422,5262386729,301271640235.25,0,0,0,0,0,0,4352.78,-0.031947567292274215,1009.76,53.54,52.510344879197554
2022-03-08,56.85,54.46,58.2,54.2,359338,2006704448.0,1.0,-4.87,6.99,57.25,18.435253688713342,1003.9839158873286,1048.0441722033536,1072.9317646831166,999.1907499282631,-0.048733624454148416,5262386729,286589581261.34,0,0,0,0,0,0,4265.39,-0.02007682446620307,961.95,50.75,49.95132545189692
2022-03-09,54.01,54.65,55.9,52.0,336651,1825309392.0,0.93,0.35,7.16,54.46,18.435253688713342,1007.4866140881841,995.6880517274076,1030.5306811990758,958.6331918130937,0.0034887991186192124,5262386729,287589434739.85,0,0,0,0,0,0,4226.35,-0.009152738671024174,965.21,50.94,50.12559559210735
2022-03-10,55.78,54.72,55.9,54.3,228771,1259354704.0,0.63,0.13,2.93,54.65,18.435253688713342,1008.777081846394,1028.3184507564301,1030.5306811990758,1001.0342752971344,0.0012808783165598747,5262386729,287957801810.88,0,0,0,0,0,0,4292.84,0.01573225123333377,966.41,51.01,50.18980038060593
2022-03-11,53.78,55.64,56.08,53.23,305519,1682614560.0,0.85,1.68,5.21,54.72,18.435253688713342,1025.7375152400105,991.4479433790035,1033.8490268630442,981.3085538502112,0.016812865497076057,5262386729,292799197601.56,0,0,0,0,0,0,4306.52,0.0031867015775104424,982.17,51.93,51.03363474373016
2022-03-14,54.96,52.33,55.5,52.33,402314,2150561264.0,1.12,-5.95,5.7,55.64,18.435253688713342,964.7168255303692,1013.2015427316853,1023.1565797235904,964.7168255303692,-0.059489575844716036,5262387691,275380747870.02997,0,0,0,0,0,0,4174.76,-0.030595469195545455,925.45,48.62,47.997665459011486
2022-03-15,52.61,49.22,52.79,49.2,476180,2407673104.0,1.32,-5.94,6.86,52.33,18.435253688713342,907.3831865584707,969.8786965632089,973.1970422271773,907.0144814846965,-0.0594305369768775,5262387699,259014722544.78,0,0,0,0,0,0,3983.81,-0.04573915626287506,872.16,45.51,45.14513842714591
2022-03-16,49.8,49.91,50.4,47.47,430860,2120012704.0,1.2,1.4,5.95,49.22,18.435253688713342,920.1035116036828,918.0756336979243,929.1367859111524,875.1214926032224,0.014018691588784993,5262387699,262645770057.09,0,0,0,0,0,0,4156.08,0.04324252411636098,883.99,46.2,45.77801419948907
2022-03-17,50.8,53.05,53.94,50.35,428015,2249226304.0,1.19,6.29,7.19,49.91,18.435253688713342,977.9902081862427,936.5108873866377,994.3975839691976,928.2150232267168,0.06291324383890995,5262387699,279169667431.95,0,0,0,0,0,0,4237.7,0.01963869800388829,937.79,49.34,48.65805756928262
2022-03-18,52.8,54.7,55.0,52.53,385531,2094789344.0,1.07,3.11,4.66,53.05,18.435253688713342,1008.4083767726198,973.3813947640643,1013.9389528792339,968.4038762681118,0.031102733270499616,5262387699,287852607135.3,0,0,0,0,0,0,4265.9,0.006654553177431133,966.07,50.99,50.17145615532063
2022-03-21,55.02,54.93,56.42,54.31,346189,1909998688.0,0.96,0.42,3.86,54.7,18.435253688713342,1012.6484851210239,1014.3076579530082,1040.1170131172069,1001.2186278340216,0.004204753199268607,5262387699,289062956306.07,0,0,0,0,0,0,4258.75,-0.0016760824210599878,970.01,51.22,50.38241474610168
2022-03-22,54.6,56.17,57.06,54.6,336707,1891928992.0,0.94,2.26,4.48,54.93,18.435253688713342,1035.5081996950285,1006.5648514037484,1051.9155754779833,1006.5648514037484,0.022574185326779572,5262389667,295588427595.39,0,0,0,0,0,0,4255.3,-0.0008100968594070279,991.26,52.46,51.519756713790855
2022-03-23,56.0,55.69,56.26,54.9,273872,1520124880.0,0.76,-0.85,2.42,56.17,18.435253688713342,1026.6592779244459,1032.374206567947,1037.1673725270125,1012.0954275103625,-0.008545486914723233,5262389667,293062480555.23,0,0,0,0,0,0,4276.52,0.004986722440251112,983.03,51.98,51.07949530694342
2022-03-24,55.0,54.99,56.0,54.5,211174,1162336000.0,0.59,-1.26,2.69,55.69,18.435253688713342,1013.7546003423467,1013.9389528792339,1032.374206567947,1004.7213260348772,-0.01256958161249766,5262389667,289378807788.33,0,0,0,0,0,0,4251.31,-0.0058949800304920474,971.04,51.28,50.437447421957614
2022-03-25,55.0,54.95,56.83,54.54,299961,1669152672.0,0.83,-0.07,4.16,54.99,18.435253688713342,1013.0171901947982,1013.9389528792339,1047.6754671295791,1005.4587361824257,-0.0007274049827241669,5322075091,292448026250.45,0,0,0,0,0,0,4174.57,-0.018050906661711497,970.35,51.24,50.40075897138699
2022-03-28,54.5,54.54,55.3,53.91,215913,1176568480.0,0.6,-0.75,2.53,54.95,18.435253688713342,1005.4587361824257,1004.7213260348772,1019.4695289858478,993.8445263585362,-0.007461328480436791,5322076260,290266039220.4,0,0,0,0,0,0,4148.47,-0.006252140939066675,963.33,50.83,50.02470235303815
2022-03-29,54.51,56.95,57.14,54.28,350106,1972742592.0,0.97,4.42,5.24,54.54,18.435253688713342,1049.8876975722249,1004.9056785717643,1053.3903957730804,1000.6655702233602,0.04418775210854431,5322076260,303092243007.0,0,0,0,0,0,0,4134.14,-0.003454285555879566,1004.62,53.24,52.235181499917914
2022-03-30,56.21,57.35,57.72,55.96,289526,1650019152.0,0.8,0.7,3.09,56.95,18.435253688713342,1057.2617990477102,1036.2456098425769,1064.082842912534,1031.6367964203987,0.0070237050043897575,5322076260,305221073511.0,0,0,0,0,0,0,4254.1,0.029016917666068398,1011.48,53.64,52.602066005624096
2022-03-31,57.35,56.86,57.65,55.89,212965,1205858832.0,0.59,-0.85,3.07,57.35,18.435253688713342,1048.2285247402406,1057.2617990477102,1062.7923751543242,1030.3463286621886,-0.008544027898866657,5322078466,302613381576.76,0,0,0,0,0,0,4222.6,-0.0074046214240379715,1003.08,53.15,52.15263248613402
2022-04-01,56.98,57.42,58.55,56.12,293602,1688879664.0,0.82,0.98,4.27,56.86,18.435253688713342,1058.5522668059202,1050.440755182886,1079.384103474166,1034.5864370105926,0.009848751319029292,5322078466,305593745517.72003,0,0,0,0,0,0,4276.16,0.012684128262208105,1012.68,53.71,52.66627079412268
2022-04-06,57.0,56.05,57.87,55.86,259595,1469875312.0,0.72,-2.39,3.5,57.42,18.435253688713342,1033.2959692523827,1050.8094602566605,1066.848130965841,1029.7932710515272,-0.023859282479972266,5322078466,298302498019.3,0,0,0,0,0,0,4263.84,-0.002881089575693996,989.2,52.34,51.409691362078995
2022-04-07,55.51,54.11,56.2,53.81,374859,2049575728.0,1.04,-3.46,4.26,56.05,18.435253688713342,997.531577096279,1023.3409322604775,1036.0612573056899,992.0010009896649,-0.034611953612845636,5322078466,287977665795.26,0,0,0,0,0,0,4209.1,-0.012838192802731796,955.96,50.4,49.630301509404006
2022-04-08,53.98,53.71,54.69,52.9,241348,1293103520.0,0.67,-0.74,3.31,54.11,18.435253688713342,990.1574756207935,995.1349941167462,1008.2240242357326,975.2249201329357,-0.007392348918868974,5322078466,285848834408.86,0,0,0,0,0,0,4230.77,0.005148369010002263,949.1,50.0,49.26341700369782
2022-04-11,53.96,54.7,55.61,53.36,310591,1701926368.0,0.86,1.84,4.19,53.71,18.435253688713342,1008.4083767726198,994.766289042972,1025.184457629349,983.7051368297439,0.018432321727797518,5322078466,291117692090.2,0,0,0,0,0,0,4100.07,-0.030892721655868982,966.07,50.99,50.17145615532063
2022-04-12,54.7,55.2,55.58,54.11,186154,1023728480.0,0.52,0.91,2.69,54.7,18.435253688713342,1017.6260036169765,1008.4083767726198,1024.6314000186876,997.531577096279,0.009140767824497242,5322078466,293778731323.2,0,0,0,0,0,0,4179.97,0.019487472165109487,974.63,51.49,50.63006178745336
2022-04-13,55.0,53.54,55.8,53.47,226134,1230419328.0,0.63,-3.01,4.22,55.2,18.435253688713342,987.0234824937123,1013.9389528792339,1028.6871558302043,985.7330147355024,-0.03007246376811601,5322078466,284944081069.64,0,0,0,0,0,0,4139.74,-0.009624470989026301,946.19,49.83,49.10749108877269
2022-04-14,53.75,53.25,53.76,52.4,257379,1367662528.0,0.71,-0.54,2.54,53.54,18.435253688713342,981.6772589239855,990.8948857683421,991.0792383052292,966.007293288579,-0.005416511019798231,5322081128,283400820066.0,0,0,0,0,0,0,4191.57,0.012520109958596315,941.22,49.54,48.84149982213571
2022-04-15,53.0,52.44,53.57,51.92,228022,1202558352.0,0.63,-1.52,3.1,53.25,18.435253688713342,966.7447034361276,977.0684455018071,987.5765401043737,957.1583715179968,-0.01521126760563385,5322081128,279089934352.32,0,0,0,0,0,0,4188.75,-0.0006727789348620616,927.34,48.73,48.09855869808069
2022-04-18,52.44,54.93,54.98,52.44,294502,1581426480.0,0.82,4.75,4.84,52.44,18.435253688713342,1012.6484851210239,966.7447034361276,1013.5702478054595,966.7447034361276,0.04748283752860405,5322081128,292341916361.04,0,0,0,0,0,0,4166.38,-0.005340495374515086,970.01,51.22,50.38241474610168
2022-04-19,56.0,57.45,58.99,56.0,652140,3752155536.0,1.81,4.59,5.44,54.93,18.435253688713342,1059.1053244165817,1032.374206567947,1087.4956150972,1032.374206567947,0.0458765701802295,5322081128,305753560803.60004,0,0,0,0,0,0,4134.9,-0.0075557198335246545,1013.19,53.74,52.693787132050645
2022-04-20,57.4,57.13,58.57,56.96,410130,2368972656.0,1.14,-0.56,2.8,57.45,18.435253688713342,1053.2060432361932,1058.1835617321458,1079.7528085479405,1050.072050109112,-0.005570060922541309,5322081128,304050494842.64,0,0,0,0,0,0,4070.79,-0.015504607124718794,1007.71,53.42,52.400279527485694
2022-04-21,57.0,55.98,58.69,55.55,394993,2250961136.0,1.1,-2.01,5.5,57.13,18.435253688713342,1032.005501494173,1050.8094602566605,1081.965038990586,1024.0783424080262,-0.020129529144057523,5322081128,297930101545.44,0,0,0,0,0,0,3995.83,-0.018414116178923523,988.0,52.27,51.345486573580416
2022-04-22,55.55,55.0,55.7,53.5,314234,1718421664.0,0.87,-1.75,3.93,55.98,18.435253688713342,1013.9389528792339,1024.0783424080262,1026.843630461333,986.2860723461638,-0.017506252232940334,5322081128,292714462040.0,0,0,0,0,0,0,4013.25,0.00435954482548051,971.21,51.29,50.446619534600266
2022-04-25,55.01,52.96,56.36,52.88,400848,2195986912.0,1.11,-3.71,6.33,55.0,18.435253688713342,976.3310353542586,1014.1233054161208,1039.010897895884,974.8562150591615,-0.03709090909090906,5322081128,281857416538.88,0,0,0,0,0,0,3814.91,-0.04942129197034828,936.25,49.25,48.57550855549873
2022-04-26,52.96,51.11,53.76,51.03,366179,1912140768.0,1.02,-3.49,5.15,52.96,18.435253688713342,942.2258160301388,976.3310353542586,991.0792383052292,940.7509957350419,-0.034932024169184284,5322081128,272011566452.08,0,0,0,0,0,0,3784.12,-0.008070963666246378,904.55,47.4,46.87866771660762
2022-04-27,50.5,54.52,54.53,49.57,401253,2116810352.0,1.11,6.67,9.7,51.11,18.435253688713342,1005.0900311086515,930.9803112800238,1005.2743836455386,913.8355253495204,0.06671884171395037,5322081128,290159863098.56,0,0,0,0,0,0,3895.54,0.02944409796729497,962.98,50.81,50.00635812775285
2022-04-28,54.2,53.7,54.6,52.77,253556,1358423712.0,0.7,-1.5,3.36,54.52,18.435253688713342,989.9731230839066,999.1907499282631,1006.5648514037484,972.8283371534031,-0.015040352164343407,5322081966,285795801574.2,0,0,0,0,0,0,3921.11,0.006563916684208193,948.93,49.99,49.25424489105517
2022-04-29,53.99,52.23,54.12,51.39,489870,2567355872.0,1.36,-2.74,5.08,53.7,18.435253688713342,962.8733001614978,995.3193466536334,997.715929633166,947.3876870629787,-0.027374301675977764,5322081966,277972341084.18,0,0,0,0,0,0,4016.24,0.024260987322467287,923.74,48.52,47.90594433258494
2022-05-05,52.8,52.24,53.41,52.02,347120,1824244416.0,0.96,0.02,2.66,52.23,18.435253688713342,963.057652698385,973.3813947640643,984.6268995141795,959.001896886868,0.00019146084625698556,5322081966,278025561903.84,0,0,0,0,0,0,4010.21,-0.001501404298547837,923.91,48.53,47.915116445227596
2022-05-06,51.68,51.4,52.23,51.01,211991,1093410576.0,0.59,-1.61,2.34,52.24,18.435253688713342,947.5720395998658,952.7339106327055,962.8733001614978,940.3822906612676,-0.01607963246554367,5322081966,273555013052.4,0,0,0,0,0,0,3908.82,-0.02528296523124718,909.52,47.69,47.14465898324461
2022-05-09,51.97,51.5,52.96,50.21,299002,1542193856.0,0.83,0.19,5.35,51.4,18.435253688713342,949.4155649687372,958.0801342024323,976.3310353542586,925.6340877102969,0.0019455252918287869,5322081966,274087221249.0,0,0,0,0,0,0,3877.44,-0.00802799821941147,911.23,47.79,47.23638010967116
2022-05-10,51.04,51.64,51.98,50.03,285562,1459492752.0,0.79,0.27,3.79,51.5,18.435253688713342,951.996500485157,940.935348271929,958.2644867393194,922.3157420463285,0.0027184466019416487,5322081966,274832312724.24,0,0,0,0,0,0,3919.87,0.01094278699348017,913.63,47.93,47.36478968666832
2022-05-11,51.78,51.51,52.1,50.8,394825,2030833808.0,1.1,-0.25,2.52,51.64,18.435253688713342,949.5999175056241,954.5774360015769,960.4767171819651,936.5108873866377,-0.0025174283501162575,5322081966,274140442068.66,0,0,0,0,0,0,3976.42,0.014426498837971646,911.4,47.8,47.245552222313805
2022-05-12,51.35,50.31,51.88,49.83,388893,1969381760.0,1.08,-2.33,3.98,51.51,18.435253688713342,927.4776130791682,946.6502769154301,956.4209613704483,918.6286913085858,-0.023296447291787925,5322081966,267753943709.46002,0,0,0,0,0,0,3958.74,-0.004446210410369189,890.84,46.6,46.14489870519526
2022-05-13,50.46,49.28,50.52,48.56,430275,2120447520.0,1.19,-2.05,3.9,50.31,18.435253688713342,908.4893017797935,930.2429011324753,931.3490163537981,895.2159191239199,-0.020473066984694865,5322081966,262272199284.48,0,0,0,0,0,0,3988.6,0.007542804023502381,873.19,45.57,45.20017110300184
2022-05-16,49.6,51.29,51.3,49.11,458392,2313361424.0,1.27,4.08,4.44,49.28,18.435253688713342,945.5441616941073,914.3885829601818,945.7285142309944,905.3553086527122,0.04078733766233755,5322081966,272969584036.13998,0,0,0,0,0,0,3956.54,-0.008037908037908048,907.63,47.58,47.04376574417541
2022-05-17,51.25,50.66,51.78,50.5,347557,1773429744.0,0.97,-1.23,2.5,51.29,18.435253688713342,933.9299518702178,944.8067515465588,954.5774360015769,930.9803112800238,-0.012283096120101478,5322081966,269616672397.55997,0,0,0,0,0,0,4005.89,0.012473019355295323,896.84,46.95,46.46592264768817
2022-05-18,50.67,49.94,50.8,49.67,273797,1368420992.0,0.76,-1.42,2.23,50.66,18.435253688713342,920.6565692143442,934.114304407105,936.5108873866377,915.6790507183917,-0.014212396367943136,5322081966,265784773382.03998,0,0,0,0,0,0,3991.91,-0.0034898611794133005,884.5,46.23,45.805530537417035
2022-05-19,48.4,48.58,49.1,47.7,489904,2369801456.0,1.36,-2.72,2.8,49.94,18.435253688713342,895.5846241976941,892.2662785337258,905.1709561158251,879.3616009516264,-0.02723267921505801,5322083560,258546819344.8,0,0,0,0,0,0,3999.6,0.0019263961361855042,861.19,44.87,44.558123218016014
2022-05-20,48.3,48.75,49.3,47.83,332402,1614166512.0,0.92,0.35,3.03,48.58,18.435253688713342,898.7186173247754,890.4227531648544,908.8580068535676,881.7581839311591,0.0034993824619184988,5322083560,259451573550.0,0,0,0,0,0,0,4077.6,0.019501950195019546,864.11,45.04,44.71404913294114
2022-05-23,49.08,49.84,50.22,49.03,330388,1643132288.0,0.92,2.24,2.44,48.75,18.435253688713342,918.813043845473,904.8022510420508,925.818440247184,903.8804883576151,0.022358974358974493,5322083560,265252644630.40002,0,0,0,0,0,0,4053.98,-0.00579262311163431,882.79,46.13,45.71380941099049
2022-05-24,49.6,48.54,49.75,48.5,289344,1416254096.0,0.8,-2.61,2.51,49.84,18.435253688713342,894.8472140501456,914.3885829601818,917.1538710134888,894.109803902597,-0.026083467094703106,5322083560,258333936002.4,0,0,0,0,0,0,3959.15,-0.023391827290711875,860.51,44.83,44.52143476744539
2022-05-25,48.52,50.17,50.8,48.31,416021,2069202688.0,1.16,3.36,5.13,48.54,18.435253688713342,924.8966775627484,894.4785089763714,936.5108873866377,890.6071057017416,0.03358055212196143,5322083560,267008932205.2,0,0,0,0,0,0,3983.18,0.006069484611595843,888.44,46.46,46.016489128198096
2022-05-26,50.8,49.86,50.88,49.82,319193,1603702768.0,0.89,-0.62,2.11,50.17,18.435253688713342,919.1817489192472,936.5108873866377,937.9857076817349,918.4443387716987,-0.006178991429140912,5322083560,265359086301.6,0,0,0,0,0,0,3993.04,0.002475409095245462,883.13,46.15,45.732153636275804
2022-05-27,50.28,49.31,50.47,49.05,228286,1133398576.0,0.63,-1.1,2.85,49.86,18.435253688713342,909.042359390455,926.9245554685068,930.4272536693624,904.2491934313894,-0.011030886482150004,5322083560,262431940343.6,0,0,0,0,0,0,4001.3,0.002068599362891499,873.7,45.6,45.227687440929806
2022-05-30,49.47,49.15,50.07,48.77,268900,1324493376.0,0.75,-0.32,2.64,49.31,18.435253688713342,906.0927188002607,911.991999980649,923.053152193877,899.0873223985498,-0.003244777935510146,5322083560,261580406974.0,0,0,0,0,0,0,4029.02,0.006927748481743379,870.96,45.44,45.08093363864732
2022-05-31,49.1,51.18,51.18,48.92,496303,2505634144.0,1.38,4.13,4.6,49.15,18.435253688713342,943.5162837883488,905.1709561158251,943.5162837883488,901.8526104518567,0.041302136317395766,5322083560,272384236600.8,0,0,0,0,0,0,4091.52,0.015512457123568524,905.75,47.47,46.94287250510621
2022-06-01,51.16,50.15,51.16,49.8,284015,1428991088.0,0.79,-2.01,2.66,51.18,18.435253688713342,924.5279724889741,943.1475787145745,943.1475787145745,918.0756336979243,-0.020125048847206006,5322085112,266902568366.8,0,0,0,0,0,0,4083.18,-0.0020383622712342175,888.1,46.44,45.998144902912784
2022-06-02,49.82,49.94,50.03,49.15,207583,1029378272.0,0.58,-0.42,1.75,50.15,18.435253688713342,920.6565692143442,918.4443387716987,922.3157420463285,906.0927188002607,-0.004187437686939188,5322085112,265784930493.28,0,0,0,0,0,0,4089.57,0.0015649567249056417,884.5,46.23,45.805530537417035
2022-06-06,49.95,49.35,50.0,48.7,386825,1899949488.0,1.07,-1.18,2.6,49.94,18.435253688713342,909.7797695380034,920.8409217512315,921.7626844356671,897.7968546403398,-0.011814177012414828,5322085112,262644900277.2,0,0,0,0,0,0,4166.09,0.018711013627349615,874.39,45.64,45.264375891500414
2022-06-07,49.65,50.45,51.25,49.51,389929,1966490080.0,1.08,2.23,3.53,49.35,18.435253688713342,930.0585485955881,915.3103456446174,944.8067515465588,912.7294101281975,0.02228976697061813,5322085112,268499193900.40002,0,0,0,0,0,0,4179.13,0.0031300331965944395,893.24,46.74,46.273308282192424
2022-06-08,50.0,50.38,51.2,49.8,361678,1822355808.0,1.0,-0.14,2.78,50.45,18.435253688713342,928.7680808373782,921.7626844356671,943.8849888621231,918.0756336979243,-0.0013875123885034313,5322085112,268126647942.56003,0,0,0,0,0,0,4219.81,0.009734083409705052,892.04,46.67,46.209103493693846
2022-06-09,50.39,51.79,52.58,50.01,540860,2785637792.0,1.5,2.8,5.1,50.131977,18.52646028377014,959.4853780964556,933.5483336991774,974.121281720634,926.5082787913448,0.03307316206580091,5322085112,275630787950.48,0,0,0,0,0,0,4175.67,-0.010460186596079057,920.45,48.33,47.737384662456144
2022-06-10,51.5,51.58,51.7,50.86,340601,1745876016.0,0.95,-0.41,1.62,51.79,18.52646028377014,955.5948214368639,954.1127046141623,957.8179966709164,942.2557700325494,-0.004054836841088982,5322085112,274513150076.96,0,0,0,0,0,0,4238.99,0.015164033556291479,916.85,48.12,47.54381735642958
2022-06-13,51.8,53.59,54.86,51.7,640585,3434937344.0,1.78,3.9,6.13,51.58,18.52646028377014,992.8330066072419,959.6706426992932,1016.3616111676299,957.8179966709164,0.03896859247770457,5322085112,285210541152.08,0,0,0,0,0,0,4189.35,-0.011710336660383569,951.3,50.13,49.396532999826704
2022-06-14,52.88,54.3,55.09,52.86,562441,3054409472.0,1.56,1.32,4.16,53.59,18.52646028377014,1005.9867934087187,979.6792198057651,1020.6226970328971,979.3086906000897,0.013248740436648587,5322085112,288989221581.6,0,0,0,0,0,0,4222.31,0.007867568954611048,963.46,50.84,50.05097484401175
2022-06-15,54.32,53.62,54.98,53.42,415473,2239171888.0,1.15,-1.25,2.87,54.3,18.52646028377014,993.388800415755,1006.3573226143941,1018.5847864016823,989.683508359001,-0.012523020257826922,5322085112,285370203705.44,0,0,0,0,0,0,4278.22,0.013241566820058281,951.81,50.16,49.42418547211621
2022-06-16,53.7,54.96,55.73,53.7,486032,2668451680.0,1.35,2.5,3.79,53.62,18.52646028377014,1018.214257196007,994.8709172384566,1032.47963161451,994.8709172384566,0.024990675121223438,5322085112,292501797755.52,0,0,0,0,0,0,4250.06,-0.00658217669965544,974.77,51.5,50.659329234380955
2022-06-17,54.64,54.85,55.64,54.54,329027,1809433840.0,0.91,-0.2,2.0,54.96,18.52646028377014,1016.1763465647923,1012.2857899052005,1030.8122501889707,1010.4331438768235,-0.002001455604075719,5322085112,291916368393.2,0,0,0,0,0,0,4309.04,0.013877451141866226,972.89,51.39,50.55793683598609
2022-06-20,55.55,55.93,57.02,55.25,383839,2154158720.0,1.07,1.97,3.23,54.85,18.52646028377014,1036.184923671264,1029.1448687634313,1056.3787653805734,1023.5869306783003,0.019690063810391845,5322098338,297664960044.34,0,0,0,0,0,0,4330.43,0.004963982696842173,991.39,52.47,51.553425838408415
2022-06-21,56.24,55.8,57.0,55.2,289184,1614083984.0,0.8,-0.23,3.22,55.93,18.52646028377014,1033.776483834374,1041.928126359233,1056.008236174898,1022.6606076641119,-0.0023243339889147396,5322098338,296973087260.39996,0,0,0,0,0,0,4325.57,-0.0011222903961040087,989.17,52.34,51.43359845848722
2022-06-22,56.26,57.25,57.8,55.33,430554,2446208752.0,1.2,2.6,4.43,55.8,18.52646028377014,1060.6398512458406,1042.2986555649081,1070.8294044019142,1025.069047501002,0.025985663082437327,5322098338,304690129850.5,0,0,0,0,0,0,4270.62,-0.012703528089939575,1014.01,53.79,52.77013461914683
2022-06-23,57.25,57.29,58.18,56.4,292074,1667812640.0,0.81,0.07,3.11,57.25,18.52646028377014,1061.3809096571913,1060.6398512458406,1077.8694593097468,1044.892360004636,0.0006986899563319326,5322098338,304903013784.02,0,0,0,0,0,0,4343.88,0.017154417859701843,1014.7,53.83,52.807004582199504
2022-06-24,57.4,56.9,57.5,56.25,389801,2212906704.0,1.08,-0.68,2.18,57.29,18.52646028377014,1054.155590146521,1063.418820288406,1065.271466316783,1042.1133909620705,-0.006807470762785872,5322098338,302827395432.2,0,0,0,0,0,0,4394.77,0.01171533283608217,1008.02,53.44,52.44752244243588
2022-06-27,57.8,58.58,59.13,57.8,505239,2956457712.0,1.4,2.95,2.34,56.9,18.52646028377014,1085.280043423255,1070.8294044019142,1095.4695965793285,1070.8294044019142,0.029525483304042144,5322099044,311768561997.52,0,0,0,0,0,0,4444.26,0.01126111264070695,1036.8,55.12,53.99606089064841
2022-06-28,58.85,58.31,59.25,57.62,345862,2020690992.0,0.96,-0.46,2.78,58.58,18.52646028377014,1080.277899146637,1090.2821876998728,1097.692771813381,1067.4946415508355,-0.0046090815978149235,5322099044,310331595255.64,0,0,0,0,0,0,4490.52,0.010408931970676827,1032.18,54.85,53.74718864004283
2022-06-29,58.0,54.87,58.1,54.66,662236,3703387744.0,1.84,-5.9,5.9,58.31,18.52646028377014,1016.5468757704676,1074.5346964586681,1076.3873424870453,1012.6563191108759,-0.05899502658206146,5322099044,292023574544.27997,0,0,0,0,0,0,4421.36,-0.015401334366621389,973.23,51.41,50.576371817512424
2022-06-30,55.14,55.27,55.75,54.46,331103,1826602848.0,0.92,0.73,2.35,54.87,18.52646028377014,1023.9574598839758,1021.5490200470856,1032.8501608201855,1008.9510270541219,0.0072899580827410215,5322103451,294152657736.77,0,0,0,0,0,0,4485.01,0.014396022943166997,980.08,51.81,50.94507144803922
2022-07-01,55.43,55.99,56.8,55.18,303391,1702796688.0,0.84,1.3,2.93,55.27,18.52646028377014,1037.2965112882903,1026.921693529379,1052.302944118144,1022.2900784584364,0.013026958567034619,5322103451,297984572221.49,0,0,0,0,0,0,4466.72,-0.004078028811529966,992.42,52.53,51.60873078298744
2022-07-04,57.8,61.59,61.59,57.8,877927,5243725312.0,2.44,10.0,6.77,55.99,18.52646028377014,1141.0446888774031,1070.8294044019142,1141.0446888774031,1070.8294044019142,0.10001786033220217,5322103451,327788351547.09,1,0,1,0,0,0,4496.03,0.006561861947916858,1088.38,58.13,56.770525610362505
2022-07-05,62.5,63.5,63.67,61.37,977620,6111672832.0,2.71,3.1,3.73,61.59,18.52646028377014,1176.430228019404,1157.903767735634,1179.579726267645,1136.9688676149735,0.031011527845429487,5322103451,337953569138.5,0,0,0,0,0,0,4489.54,-0.001443495706211828,1121.11,60.04,58.53106634612792
2022-07-06,61.5,61.19,63.66,60.59,667242,4124803056.0,1.85,-3.64,4.83,63.5,18.52646028377014,1133.634104763895,1139.3773074518638,1179.394461664807,1122.518228593633,-0.036377952755905496,5322103451,325659510166.69,0,0,0,0,0,0,4423.97,-0.014605059761133576,1081.53,57.73,56.401825979835714
2022-07-07,62.02,62.28,63.34,61.09,567430,3538172960.0,1.58,1.78,3.68,61.19,18.52646028377014,1153.8279464732045,1149.0110667994243,1173.4659943740007,1131.781458735518,0.017813368197417967,5322103451,331460602928.28,0,0,0,0,0,0,4443.47,0.0044078056587182335,1100.21,58.82,57.406532473021215
2022-07-08,62.67,62.84,64.12,61.9,491582,3096075184.0,1.37,0.9,3.56,62.28,18.52646028377014,1164.2027642321157,1161.0532659838748,1187.9166333953415,1146.7878915653716,0.008991650610147728,5322103451,334440980860.84,0,0,0,0,0,0,4428.78,-0.003305974834982739,1109.8,59.38,57.92271195575872
2022-07-11,62.84,65.14,65.84,62.83,717248,4644440064.0,1.99,3.66,4.79,62.84,18.52646028377014,1206.813622884787,1164.2027642321157,1219.7821450834263,1164.017499629278,0.036600891152132276,5322103451,346681818798.14,0,0,0,0,0,0,4354.62,-0.01674501781528992,1149.22,61.68,60.04273483128776
2022-07-12,65.6,63.5,65.99,63.08,482653,3107267633.39,1.34,-2.52,4.47,65.14,18.52646028377014,1176.430228019404,1215.3357946153212,1222.5611141259915,1168.6491147002205,-0.025176542830825932,5322103451,337953569138.5,0,0,0,0,0,0,4313.62,-0.009415287671484585,1121.11,60.04,58.53106634612792
2022-07-13,64.1,63.89,64.41,62.15,379828,2403177978.09,1.05,0.61,3.56,63.5,18.52646028377014,1183.6555475300743,1187.546104189666,1193.2893068776348,1151.4195066363143,0.006141732283464485,5322110491,340029639269.99,0,0,0,0,0,0,4321.46,0.0018174989915662465,1127.8,60.43,58.89054848589154
2022-07-14,63.89,63.56,64.66,62.41,299921,1911317899.2,0.83,-0.52,3.52,63.89,18.52646028377014,1177.5418156364303,1183.6555475300743,1197.9209219485774,1156.2363863100945,-0.005165127562998917,5322110491,338273342807.96,0,0,0,0,0,0,4322.07,0.00014115599820430091,1122.14,60.1,58.58637129070695
2022-07-15,62.9,62.5,64.13,62.31,338790,2137031013.75,0.94,-1.67,2.86,63.56,18.52646028377014,1157.903767735634,1165.314351849142,1188.101897998179,1154.3837402817176,-0.016677155443675318,5322110491,332631905687.5,0,0,0,0,0,0,4248.53,-0.017014995129648547,1103.98,59.04,57.60931726981095
2022-07-18,61.81,62.1,62.6,60.06,410532,2528715625.2,1.14,-0.64,4.06,62.5,18.52646028377014,1150.4931836221258,1145.1205101398325,1159.7564137640109,1112.6992046432347,-0.006399999999999961,5322110491,330503061491.10004,0,0,0,0,0,0,4292.59,0.010370645846916604,1097.12,58.64,57.24061763928416
2022-07-19,61.87,61.71,62.79,60.8,273549,1683994631.4,0.76,-0.63,3.2,62.1,18.52646028377014,1143.2678641114555,1146.2320977568586,1163.2764412179272,1126.4087852532246,-0.006280193236715026,5322110491,328427438399.61,0,0,0,0,0,0,4269.34,-0.0054163104326292455,1090.44,58.25,56.881135499520546
2022-07-20,62.2,59.92,62.26,59.3,475229,2866669479.75,1.32,-2.9,4.8,61.71,18.52646028377014,1110.1055002035068,1152.3458296505028,1153.457417267529,1098.6190948275694,-0.029006643979906044,5322110491,318900860620.72003,0,0,0,0,0,0,4283.8,0.003386940370174285,1059.77,56.46,55.23120465291315
2022-07-21,59.77,59.86,61.08,59.0,283417,1704205913.37,0.79,-0.1,3.47,59.92,18.52646028377014,1108.9939125864807,1107.3265311609414,1131.5961941326802,1093.0611567424385,-0.0010013351134846582,5322110491,318581533991.26,0,0,0,0,0,0,4236.06,-0.011144311125636075,1058.74,56.4,55.175899708334136
2022-07-22,59.8,58.8,59.87,58.3,278495,1642872101.17,0.77,-1.77,2.62,59.86,18.52646028377014,1089.3558646856843,1107.8823249694544,1109.1791771893184,1080.0926345437992,-0.01770798529903106,5322110491,312940096870.8,0,0,0,0,0,0,4238.23,0.000512268475894917,1040.57,55.34,54.19884568743814
2022-07-25,58.68,58.02,58.89,57.72,227535,1322371220.0,0.63,-1.33,1.99,58.8,18.52646028377014,1074.9052256643438,1087.132689451632,1091.0232461112237,1069.3472875792127,-0.013265306122448917,5322110491,308788850687.82,0,0,0,0,0,0,4212.64,-0.006037897896055466,1027.21,54.56,53.47988140791091
2022-07-26,58.61,58.12,59.18,57.78,221757,1294042904.83,0.62,0.17,2.41,58.02,18.52646028377014,1076.7578716927205,1085.835837231768,1096.395919593517,1070.4588751962388,0.0017235436056530773,5322110491,309321061736.92,0,0,0,0,0,0,4245.98,0.00791427703292924,1028.92,54.66,53.57205631554259
2022-07-27,57.88,58.05,58.58,57.68,210162,1219607004.18,0.58,-0.12,1.55,58.12,18.52646028377014,1075.4610194728566,1072.311521224616,1085.280043423255,1068.6062291678618,-0.001204404679972515,5322110491,308948514002.55,0,0,0,0,0,0,4225.04,-0.004931723653903153,1027.72,54.59,53.507533880200405
2022-07-28,58.58,58.2,59.7,58.07,353945,2085496444.87,0.98,0.26,2.81,58.05,18.52646028377014,1078.2399885154223,1085.280043423255,1106.0296789410775,1075.831548678532,0.0025839793281654533,5322110491,309746830576.2,0,0,0,0,0,0,4225.67,0.00014911101433368046,1030.29,54.74,53.64579624164796
2022-07-29,58.5,59.6,60.53,57.85,452056,2692317972.01,1.26,2.41,4.6,58.2,18.52646028377014,1104.1770329127005,1083.7979266005532,1121.4066409766067,1071.7557274161027,0.02405498281786933,5322110491,317197785263.60004,0,0,0,0,0,0,4170.1,-0.013150577304900657,1054.28,56.14,54.936244948491726
2022-08-01,59.66,58.77,59.73,57.78,295924,1734463862.62,0.82,-1.39,3.27,59.6,18.52646028377014,1088.8000708771713,1105.2886205297266,1106.5854727495905,1070.4588751962388,-0.013926174496644239,5322110491,312780433556.07,0,0,0,0,0,0,4188.68,0.004455528644397022,1040.06,55.31,54.171193215148634
2022-08-02,58.01,58.07,59.37,57.2,295794,1721012628.03,0.82,-1.19,3.69,58.77,18.52646028377014,1075.831548678532,1074.719961061506,1099.9159470474333,1059.7135282316522,-0.011910838863365747,5322110491,309054956212.37,0,0,0,0,0,0,4107.02,-0.019495401892720365,1028.07,54.61,53.525968861726746
2022-08-03,58.1,56.72,58.8,56.69,290484,1669509329.54,0.81,-2.32,3.63,58.07,18.52646028377014,1050.8208272954423,1076.3873424870453,1089.3558646856843,1050.2650334869293,-0.0232478043740314,5322110491,301870107049.52,0,0,0,0,0,0,4066.98,-0.009749161192300071,1004.93,53.26,52.28160760869883
2022-08-04,56.6,57.95,58.29,56.6,220194,1272818278.43,0.61,2.17,2.98,56.72,18.52646028377014,1073.6083734444799,1048.5976520613901,1079.9073699409616,1048.5976520613901,0.0216854724964739,5322160586,308419205958.7,0,0,0,0,0,0,4101.54,0.008497705914462417,1026.01,54.49,53.41535897256872
2022-08-05,58.0,58.41,58.48,57.5,159511,926826757.01,0.44,0.79,1.69,57.95,18.52646028377014,1082.1305451750138,1074.5346964586681,1083.4273973948777,1065.271466316783,0.007937877480586497,5322160586,310867399828.26,0,0,0,0,0,0,4156.91,0.013499807389419471,1033.89,54.95,53.83936354767451
2022-08-08,59.0,57.87,59.69,57.78,220120,1288019092.75,0.61,-0.92,3.27,58.41,18.52646028377014,1072.126256621778,1093.0611567424385,1105.8444143382396,1070.4588751962388,-0.009244992295839749,5322160586,307993433111.82,0,0,0,0,0,0,4148.07,-0.0021265795987885916,1024.64,54.41,53.34161904646336
2022-08-09,57.8,56.17,57.8,55.75,375492,2113029469.71,1.04,-2.94,3.54,57.87,18.52646028377014,1040.631274139369,1070.8294044019142,1070.8294044019142,1032.8501608201855,-0.02937618800760322,5322160586,298945760115.62,0,0,0,0,0,0,4156.29,0.0019816444756237672,995.51,52.71,51.774645616724506
2022-08-10,56.4,55.76,56.7,55.21,227150,1266646546.69,0.63,-0.73,2.65,56.17,18.52646028377014,1033.035425423023,1044.892360004636,1050.450298089767,1022.8458722669495,-0.007299270072992803,5322160733,296763682472.08,0,0,0,0,0,0,4109.74,-0.0111998922115637,988.48,52.3,51.39672849543454
2022-08-11,56.09,56.25,56.29,55.6,199071,1115780566.84,0.55,0.88,1.24,55.76,18.52646028377014,1042.1133909620705,1039.1491573166672,1042.8544493734212,1030.07119177762,0.008787661406025826,5322160733,299371541231.25,0,0,0,0,0,0,4193.54,0.02039058431920271,996.88,52.79,51.84838554282986
2022-08-12,56.3,55.75,56.33,55.52,171486,956247924.89,0.48,-0.89,1.44,56.25,18.52646028377014,1032.8501608201855,1043.039713976259,1043.595507784772,1028.5890749549183,-0.008888888888888835,5322160733,296710460864.75,0,0,0,0,0,0,4191.15,-0.0005699242167716001,988.31,52.29,51.38751100467137
2022-08-15,55.7,55.96,56.35,55.17,211680,1180906684.4,0.59,0.38,2.12,55.75,18.52646028377014,1036.7407174797772,1031.923837805997,1043.9660369904475,1022.1048138555988,0.003766816143497831,5322160733,297828114618.68,0,0,0,0,0,0,4185.68,-0.0013051310499503366,991.91,52.5,51.58107831069793
2022-08-16,55.97,57.4,57.4,55.68,359574,2039868325.46,1.0,2.57,3.07,55.96,18.52646028377014,1063.418820288406,1036.9259820826148,1063.418820288406,1031.5533086003215,0.02573266619013581,5322160733,305492026074.2,0,0,0,0,0,0,4177.84,-0.0018730528850748884,1016.58,53.94,52.908396980594375
2022-08-17,57.41,57.6,57.64,56.68,263743,1510639418.16,0.73,0.35,1.67,57.4,18.52646028377014,1067.1241123451603,1063.6040848912437,1067.865170756511,1050.0797688840917,0.0034843205574912606,5322160733,306556458220.8,0,0,0,0,0,0,4216.96,0.009363690328016316,1020.01,54.14,53.09274679585778
2022-08-18,57.49,55.65,57.49,55.6,314491,1765819624.62,0.87,-3.39,3.28,57.6,18.52646028377014,1030.9975147918083,1065.0862017139455,1065.0862017139455,1030.07119177762,-0.03385416666666674,5322160733,296178244791.45,0,0,0,0,0,0,4180.1,-0.008740893914099157,986.6,52.19,51.295336097039666
2022-08-19,55.31,58.28,58.73,55.29,518953,2988962095.39,1.44,4.73,6.18,55.65,18.52646028377014,1079.7221053381238,1024.6985182953265,1088.0590124658204,1024.327989089651,0.047259658580413255,5322160733,310175527519.24,0,0,0,0,0,0,4151.07,-0.0069448099327769075,1031.66,54.82,53.71953616775331
2022-08-22,58.3,58.81,60.35,58.3,374746,2217120999.71,1.04,0.91,3.52,58.28,18.52646028377014,1089.5411292885221,1080.0926345437992,1118.071878125528,1080.0926345437992,0.00909402882635546,5322160733,312996272707.73004,0,0,0,0,0,0,4181.4,0.007306549877501345,1040.75,55.35,54.208063178201314
2022-08-23,58.81,59.09,59.97,58.32,260998,1549319331.75,0.72,0.48,2.81,58.81,18.52646028377014,1094.7285381679778,1089.5411292885221,1111.0318232176953,1080.4631637494747,0.004761095051861952,5322160733,314486477712.97003,0,0,0,0,0,0,4161.08,-0.004859616396422184,1045.54,55.63,54.46615291957007
2022-08-24,59.14,59.24,60.57,58.88,416102,2480611893.91,1.16,0.25,2.86,59.09,18.52646028377014,1097.5075072105433,1095.654861182166,1122.1476993879576,1090.837981508386,0.0025385005923168613,5322160733,315284801822.92,0,0,0,0,0,0,4082.42,-0.018903746142828304,1048.11,55.78,54.604415281017616
2022-08-25,59.89,59.64,60.1,59.02,309300,1840389390.14,0.86,0.68,1.82,59.24,18.52646028377014,1104.9180913240514,1109.5497063949938,1113.4402630545856,1093.431685948114,0.006752194463200523,5322160733,317413666116.12,0,0,0,0,0,0,4116.24,0.008284301958152218,1054.97,56.18,54.97311491154441
2022-08-26,59.63,59.0,59.63,58.38,235420,1389138361.42,0.65,-1.07,2.1,59.64,18.52646028377014,1093.0611567424385,1104.7328267212135,1104.7328267212135,1081.574751366501,-0.010731052984574108,5322160733,314007483247.0,0,0,0,0,0,0,4107.55,-0.0021111499815364976,1044.0,55.54,54.38319550270154
2022-08-29,60.0,58.8,60.73,58.2,329333,1954142315.53,0.91,-0.34,4.29,59.0,18.52646028377014,1089.3558646856843,1111.5876170262086,1125.1119330333606,1078.2399885154223,-0.003389830508474634,5322160733,312943051100.39996,0,0,0,0,0,0,4089.52,-0.00438947791262434,1040.57,55.34,54.19884568743814
2022-08-30,58.4,59.16,59.45,57.76,220371,1290990718.29,0.61,0.61,2.87,58.8,18.52646028377014,1096.0253903878415,1081.9452805721762,1101.398063870135,1070.0883459905633,0.00612244897959191,5322160733,314859028964.27997,0,0,0,0,0,0,4075.79,-0.0033573622332205844,1046.74,55.7,54.53067535491225
2022-08-31,58.6,58.62,59.52,58.18,266399,1565717300.01,0.74,-0.91,2.27,59.16,18.52646028377014,1086.0211018346056,1085.6505726289304,1102.694916089999,1077.8694593097468,-0.009127789046653123,5322160733,311985062168.45996,0,0,0,0,0,0,4078.84,0.0007483211843593018,1037.49,55.16,54.03293085370108
2022-09-01,58.5,58.7,59.39,58.1,210264,1238463197.47,0.58,0.14,2.2,58.62,18.52646028377014,1087.5032186573073,1083.7979266005532,1100.2864762531087,1076.3873424870453,0.0013647219379051556,5322160733,312410835027.10004,0,0,0,0,0,0,4043.74,-0.008605387806337239,1038.86,55.24,54.10667077980644
2022-09-02,58.92,59.0,59.4,58.13,227293,1338674616.6,0.63,0.51,2.16,58.7,18.52646028377014,1093.0611567424385,1091.5790399197367,1100.4717408559463,1076.9431362955584,0.005110732538330387,5322160733,314007483247.0,0,0,0,0,0,0,4023.61,-0.004978064860747589,1044.0,55.54,54.38319550270154
2022-09-05,59.15,60.06,60.15,58.72,360572,2143565586.87,1.0,1.8,2.42,59.0,18.52646028377014,1112.6992046432347,1095.840125785004,1114.366586068774,1087.8737478629828,0.017966101694915304,5322160733,319648973623.98004,0,0,0,0,0,0,4015.43,-0.002033000216223768,1062.17,56.6,55.360249523597524
2022-09-06,60.07,59.75,60.59,59.62,264405,1584157023.29,0.73,-0.52,1.62,60.06,18.52646028377014,1106.956001955266,1112.8844692460725,1122.518228593633,1104.5475621183757,-0.005161505161505153,5322160733,317999103796.75,0,0,0,0,0,0,4052.28,0.009177099339298778,1056.85,56.29,55.074507309939264
2022-09-07,59.39,58.62,59.6,58.33,316797,1865271672.32,0.88,-1.89,2.13,59.75,18.52646028377014,1086.0211018346056,1100.2864762531087,1104.1770329127005,1080.6484283523123,-0.01891213389121338,5322165871,311985363358.01996,0,0,0,0,0,0,4054.98,0.0006662915691906246,1037.49,55.16,54.03293085370108
2022-09-08,58.62,58.4,59.48,58.23,227082,1334069422.77,0.63,-0.38,2.13,58.62,18.52646028377014,1081.9452805721762,1086.0211018346056,1101.9538576786479,1078.7957823239353,-0.003752985329239178,5322165871,310814486866.39996,0,0,0,0,0,0,4037.68,-0.004266358896961364,1033.72,54.94,53.830146056911346
2022-09-09,58.7,58.5,58.7,57.41,210287,1221601017.04,0.58,0.17,2.21,58.4,18.52646028377014,1083.7979266005532,1087.5032186573073,1087.5032186573073,1063.6040848912437,0.001712328767123239,5322165871,311346703453.5,0,0,0,0,0,0,4093.79,0.013896594083731229,1035.43,55.04,53.92232096454304
2022-09-13,58.85,60.62,60.9,58.52,444271,2670775889.7,1.23,3.62,4.07,58.5,18.52646028377014,1123.074022402146,1090.2821876998728,1128.2614312816015,1084.1684558062288,0.0362393162393162,5322165871,322629695100.01996,0,0,0,0,0,0,4111.11,0.004230798355558063,1071.76,57.16,55.87642900633504
2022-09-14,60.32,60.49,60.96,60.02,207733,1255001830.52,0.58,-0.21,1.55,60.62,18.52646028377014,1120.6655825652558,1117.516084317015,1129.3730188986278,1111.958146231884,-0.0021445067634443538,5322165871,321937813536.79004,0,0,0,0,0,0,4065.36,-0.01112838138604888,1069.53,57.03,55.756601626413826
2022-09-15,60.2,59.39,60.55,59.15,318553,1900887044.45,0.88,-1.82,2.31,60.49,18.52646028377014,1100.2864762531087,1115.2929090829625,1121.7771701822821,1095.840125785004,-0.018184823937841044,5322165871,316083431078.69,0,0,0,0,0,0,4027.12,-0.009406301040990273,1050.68,55.93,54.742677642465154
2022-09-16,59.43,58.9,60.19,58.9,293225,1744973767.01,0.81,-0.83,2.17,59.39,18.52646028377014,1091.2085107140613,1101.0275346644596,1115.1076444801247,1091.2085107140613,-0.008250547230173488,5322165871,313475569801.89996,0,0,0,0,0,0,3932.68,-0.02345100220504981,1042.29,55.44,54.29102059506983
2022-09-19,59.3,60.03,60.8,59.2,314886,1890089785.29,0.87,1.92,2.72,58.9,18.52646028377014,1112.1434108347216,1098.6190948275694,1126.4087852532246,1096.7664487991924,0.019185059422750506,5322165871,319489617236.13,0,0,0,0,0,0,3928.0,-0.0011900281741712426,1061.65,56.57,55.33259705130802
2022-09-20,59.99,58.88,60.2,58.51,272701,1612227099.56,0.76,-1.92,2.82,60.03,18.52646028377014,1090.837981508386,1111.4023524233708,1115.2929090829625,1083.983191203391,-0.019157088122605304,5322165871,313369126484.48004,0,0,0,0,0,0,3932.84,0.0012321792260692188,1041.95,55.42,54.272585613543505
2022-09-21,58.88,56.59,58.88,56.46,317053,1810067791.19,0.88,-3.89,4.11,58.88,18.52646028377014,1048.4123874585523,1090.837981508386,1090.837981508386,1046.0039476216623,-0.03889266304347827,5322165871,301181366639.89,0,0,0,0,0,0,3903.73,-0.007401775815949807,1002.7,53.13,52.16178022877762
2022-09-22,56.4,56.2,57.08,56.06,168248,950238389.8,0.47,-0.69,1.8,56.59,18.52646028377014,1041.187067947882,1044.892360004636,1057.4903529975998,1038.5933635081542,-0.006891676974730476,5322167155,299105794111.0,0,0,0,0,0,0,3869.34,-0.008809523199606484,996.02,52.74,51.80229808901401
2022-09-23,56.16,55.8,56.3,54.28,275100,1524238711.47,0.76,-0.71,3.59,56.2,18.52646028377014,1033.776483834374,1040.4460095365312,1043.039713976259,1005.6162642030433,-0.007117437722420017,5322167155,296976927249.0,0,0,0,0,0,0,3856.02,-0.0034424475491944273,989.17,52.34,51.43359845848722
2022-09-26,55.21,53.85,56.0,53.8,250025,1368288616.07,0.69,-3.49,3.94,55.8,18.52646028377014,997.6498862810222,1022.8458722669495,1037.4817758911279,996.7235632668336,-0.034946236559139754,5322167155,286598701296.75,0,0,0,0,0,0,3836.68,-0.005015534151793899,955.75,50.39,49.63618775966911
2022-09-27,54.0,54.93,54.99,53.4,242771,1315891135.68,0.67,2.01,2.95,53.85,18.52646028377014,1017.6584633874938,1000.4288553235876,1018.7700510045202,989.3129791533255,0.020055710306406738,5322167155,292346641824.15,0,0,0,0,0,0,3892.3,0.014496908785721185,974.26,51.47,50.631676762091445
2022-09-28,54.8,54.69,55.66,54.6,197827,1089487967.81,0.55,-0.44,1.93,54.93,18.52646028377014,1013.212112919389,1015.2500235506037,1031.182779394646,1011.5447314938498,-0.0043691971600219315,5322167155,291069321706.95,0,0,0,0,0,0,3828.71,-0.0163373840659764,970.15,51.23,50.41045698377537
2022-09-29,55.2,54.41,55.58,54.04,169653,929720910.44,0.47,-0.51,2.82,54.69,18.52646028377014,1008.0247040399333,1022.6606076641119,1029.7006625719443,1001.1699137349384,-0.005119765953556454,5322167155,289579114903.55,0,0,0,0,0,0,3827.14,-0.00041005978514963015,965.35,50.95,50.15236724240662
2022-09-30,54.51,54.52,54.78,53.5,189709,1029883444.06,0.53,0.2,2.35,54.41,18.52646028377014,1010.0626146711481,1009.8773500683104,1014.8794943449284,991.1656251817026,0.0020216871898548483,5322167365,290164564739.8,0,0,0,0,0,0,3804.89,-0.005813740809063717,967.23,51.06,50.25375964080149
2022-10-10,56.5,58.05,58.67,56.06,549241,3174572187.01,1.53,6.47,4.79,54.52,18.52646028377014,1075.4610194728566,1046.745006033013,1086.9474248487943,1038.5933635081542,0.06474688187820976,5322167365,308951815538.25,0,0,0,0,0,0,3720.94,-0.022063712748594533,1027.72,54.59,53.507533880200405
2022-10-11,58.0,58.26,58.5,57.04,228343,1324130633.74,0.63,0.36,2.52,58.05,18.52646028377014,1079.3515761324484,1074.5346964586681,1083.7979266005532,1056.7492945862489,0.0036175710594315014,5322167365,310069470684.89996,0,0,0,0,0,0,3727.69,0.0018140577380985068,1031.32,54.8,53.70110118622697
2022-10-12,58.4,58.89,59.45,57.8,290134,1703392126.02,0.81,1.08,2.83,58.26,18.52646028377014,1091.0232461112237,1081.9452805721762,1101.398063870135,1070.8294044019142,0.010813594232749857,5322167365,313422436124.85,0,0,0,0,0,0,3784.31,0.015189031276742426,1042.12,55.43,54.28180310430667
2022-10-13,58.5,58.91,59.75,58.08,268691,1583575037.59,0.75,0.03,2.84,58.89,18.52646028377014,1091.3937753168989,1083.7979266005532,1106.956001955266,1076.0168132813699,0.0003396162336559705,5322167365,313528879472.14996,0,0,0,0,0,0,3752.67,-0.008360837246420005,1042.46,55.45,54.300238085833
2022-10-14,59.0,58.46,59.25,58.1,249314,1460645752.09,0.69,-0.76,1.95,58.91,18.52646028377014,1083.0568681892025,1093.0611567424385,1097.692771813381,1076.3873424870453,-0.0076387710066202485,5322167365,311133904157.9,0,0,0,0,0,0,3842.47,0.023929628770981592,1034.75,55.0,53.885451001490374
2022-10-17,57.69,58.28,58.82,57.15,221527,1287471696.78,0.62,-0.31,2.86,58.46,18.52646028377014,1079.7221053381238,1068.7914937706994,1089.7263938913597,1058.7872052174637,-0.003079028395484129,5322167365,310175914032.2,0,0,0,0,0,0,3846.41,0.0010253821109860173,1031.66,54.82,53.71953616775331
2022-10-18,58.35,58.7,59.85,58.15,254754,1499174430.73,0.71,0.72,2.92,58.28,18.52646028377014,1087.5032186573073,1081.0189575579877,1108.808647983643,1077.3136655012338,0.00720658888126291,5322167365,312411224325.5,0,0,0,0,0,0,3838.27,-0.002116259057146741,1038.86,55.24,54.10667077980644
2022-10-19,58.5,56.6,59.36,56.6,306925,1763419048.59,0.85,-3.58,4.7,58.7,18.52646028377014,1048.5976520613901,1083.7979266005532,1099.7306824445957,1048.5976520613901,-0.035775127768313486,5322167365,301234672859.0,0,0,0,0,0,0,3776.53,-0.016085371795105496,1002.88,53.14,52.1709977195408
2022-10-20,56.58,56.03,57.05,55.87,207200,1167179245.46,0.58,-1.01,2.08,56.6,18.52646028377014,1038.0375696996412,1048.2271228557147,1056.9345591890865,1035.0733360542379,-0.010070671378091922,5322167365,298201037460.95,0,0,0,0,0,0,3754.93,-0.005719536187982155,993.11,52.57,51.645600746040124
2022-10-21,55.85,55.92,56.3,55.36,186239,1038930005.49,0.52,-0.2,1.68,56.03,18.52646028377014,1035.9996590684264,1034.7028068485624,1043.039713976259,1025.624841309515,-0.0019632339817954314,5322167365,297615599050.8,0,0,0,0,0,0,3742.89,-0.0032064512520872945,991.22,52.46,51.54420834764525
2022-10-24,55.55,54.3,55.99,53.9,303325,1659891027.92,0.84,-2.9,3.74,55.92,18.52646028377014,1005.9867934087187,1029.1448687634313,1037.2965112882903,998.5762092952106,-0.02896995708154515,5322167365,288993687919.5,0,0,0,0,0,0,3633.37,-0.0292608118325679,963.46,50.84,50.05097484401175
2022-10-25,54.6,54.21,55.22,53.8,343137,1867769396.73,0.95,-0.17,2.62,54.3,18.52646028377014,1004.3194119831794,1011.5447314938498,1023.0311368697872,996.7235632668336,-0.0016574585635358297,5322167365,288514692856.65,0,0,0,0,0,0,3627.45,-0.0016293413552707081,961.92,50.75,49.968017427143224
2022-10-26,54.7,50.74,54.8,49.5,762785,3962371109.7,2.12,-6.4,9.78,54.21,18.52646028377014,940.032594798497,1013.3973775222269,1015.2500235506037,917.059784046622,-0.06401033019738056,5322167365,270046772100.1,0,0,0,0,0,0,3656.9,0.008118650842878772,902.46,47.28,46.76954813232332
2022-10-27,50.0,49.51,50.49,48.5,637681,3149841444.74,1.77,-2.42,3.92,50.74,18.52646028377014,917.2450486494597,926.323014188507,935.4009797275545,898.5333237628519,-0.02424122979897525,5322167365,263500506241.15,0,0,0,0,0,0,3631.14,-0.007044217780087014,881.38,46.05,45.63579676845344
2022-10-28,48.88,47.53,49.09,47.35,547551,2627159371.43,1.52,-4.0,3.51,49.51,18.52646028377014,880.5626572875949,905.5733786706846,909.4639353302763,877.2278944365163,-0.03999192082407588,5322167365,252962614858.45,0,0,0,0,0,0,3541.33,-0.024733279355794613,847.45,44.07,43.81073359734583
2022-10-31,46.37,46.78,47.83,46.21,424859,1999342156.38,1.18,-1.58,3.41,47.53,18.52646028377014,866.6678120747672,859.0719633584214,886.1205953727258,856.1077297130182,-0.015779507679360427,5322167365,248970989334.7,0,0,0,0,0,0,3508.7,-0.009214052347564339,834.6,43.32,43.1194217901081
2022-11-01,46.76,48.48,48.56,46.76,386873,1862319885.65,1.07,3.63,3.85,46.78,18.52646028377014,898.1627945571764,866.2972828690918,899.6449113798782,866.2972828690918,0.036340316374518844,5322167365,258018673855.19998,0,0,0,0,0,0,3634.17,0.03575968307350319,863.73,45.02,44.68639521984696
2022-11-02,48.4,48.25,48.75,47.8,339544,1637714698.53,0.94,-0.47,1.96,48.48,18.52646028377014,893.9017086919093,896.6806777344748,903.1649388337944,885.5648015642128,-0.004744224422442156,5322167365,256794575361.25,0,0,0,0,0,0,3677.81,0.012008243973176791,859.79,44.79,44.47439293229405
2022-11-03,48.0,47.6,48.01,46.8,319569,1517004648.34,0.89,-1.35,2.51,48.25,18.52646028377014,881.8595095074588,889.2700936209668,889.4553582238045,867.0383412804426,-0.013471502590673534,5322167365,253335166574.0,0,0,0,0,0,0,3647.9,-0.008132557146780295,848.65,44.14,43.87525603268802
2022-11-04,47.7,48.7,49.05,47.68,412962,1999203937.33,1.15,2.31,2.88,47.6,18.52646028377014,902.2386158196059,883.7121555358358,908.7228769189254,883.3416263301604,0.02310924369747913,5322167365,259189550675.5,0,0,0,0,0,0,3767.17,0.032695523451848896,867.5,45.24,44.88918001663669
2022-11-07,48.99,49.6,50.15,48.77,374572,1858784694.93,1.04,1.85,2.83,48.7,18.52646028377014,918.9124300749991,907.6112893018993,929.1019832310726,903.5354680394698,0.01848049281314168,5322167365,263979501304.0,0,0,0,0,0,0,3775.3,0.002158118693873723,882.92,46.14,45.71875418532197
2022-11-08,49.6,48.85,50.33,48.32,307985,1512215299.62,0.86,-1.51,4.05,49.6,18.52646028377014,905.0175848621715,918.9124300749991,932.4367460821512,895.1985609117733,-0.015120967741935498,5322170024,259988005672.4,0,0,0,0,0,0,3749.33,-0.006878923529256009,870.07,45.39,45.02744237808424
2022-11-09,48.43,48.1,48.74,48.07,204071,985219459.96,0.57,-1.54,1.37,48.85,18.52646028377014,891.1227396493439,897.2364715429879,902.9796742309568,890.5669458408307,-0.015353121801433,5322170024,255996378154.4,0,0,0,0,0,0,3714.27,-0.009351004046056266,857.22,44.64,44.33613057084651
2022-11-10,47.74,48.27,48.47,47.48,228053,1092578878.75,0.63,0.35,2.06,48.1,18.52646028377014,894.2722378975848,884.4532139471866,897.9775299543387,879.6363342734063,0.0035343035343036178,5322170024,256901147058.48,0,0,0,0,0,0,3685.69,-0.007694647938895072,860.13,44.81,44.49282791382039
2022-11-11,49.5,48.66,49.69,48.21,356537,1736077913.63,0.99,0.81,3.07,48.27,18.52646028377014,901.497557408255,917.059784046622,920.5798115005383,893.1606502805586,0.008079552517091138,5322170024,258976793367.84,0,0,0,0,0,0,3788.44,0.027878090669589684,866.82,45.2,44.852310053584006
2022-11-14,48.81,48.3,49.25,48.06,334531,1628083871.55,0.93,-0.74,2.45,48.66,18.52646028377014,894.8280317060978,904.2765264508207,912.4281689756795,890.381681237993,-0.007398273736128225,5322170024,257060812159.19998,0,0,0,0,0,0,3794.02,0.0014729017748729145,860.65,44.84,44.5204803861099
2022-11-15,48.27,48.69,48.75,47.86,325014,1570976275.42,0.9,0.81,1.84,48.3,18.52646028377014,902.0533512167682,894.2722378975848,903.1649388337944,886.676389181239,0.008074534161490732,5322170024,259136458468.56,0,0,0,0,0,0,3865.97,0.018964053958598015,867.33,45.23,44.87996252587352
2022-11-16,48.88,48.35,48.93,48.23,254057,1232579862.33,0.71,-0.7,1.44,48.69,18.52646028377014,895.7543547202864,905.5733786706846,906.499701684873,893.5311794862339,-0.006982953378517065,5322170024,257326920660.4,0,0,0,0,0,0,3834.39,-0.008168713156077256,861.5,44.89,44.56656783992575
2022-11-17,48.15,48.13,48.96,47.76,323799,1560906381.74,0.9,-0.46,2.48,48.35,18.52646028377014,891.6785334578569,892.0490626635323,907.0554954933862,884.8237431528619,-0.004550155118924537,5322170150,256156049319.5,0,0,0,0,0,0,3818.66,-0.004102347439879583,857.73,44.67,44.36378304313602
2022-11-18,48.13,47.2,48.31,47.15,362636,1723432544.42,1.01,-1.93,2.41,48.13,18.52646028377014,874.4489253939507,891.6785334578569,895.0132963089355,873.5226023797621,-0.019322667774776647,5322170150,251206431080.0,0,0,0,0,0,0,3801.57,-0.004475391891396341,841.8,43.74,43.50655640216123
2022-11-21,46.78,47.12,47.17,46.23,219909,1027331978.92,0.61,-0.17,1.99,47.2,18.52646028377014,872.966808571249,866.6678120747672,873.8931315854376,856.4782589186935,-0.0016949152542373724,5322170150,250780657468.0,0,0,0,0,0,0,3769.13,-0.008533316498183674,840.43,43.66,43.43281647605586
2022-11-22,47.12,46.79,47.49,46.64,180434,848358086.07,0.5,-0.7,1.8,47.12,18.52646028377014,866.8530766776049,872.966808571249,879.821598876244,864.0741076350395,-0.007003395585738481,5322170150,249024341318.5,0,0,0,0,0,0,3769.57,0.0001167378148272391,834.77,43.33,43.12863928087127
2022-11-23,46.7,45.99,46.7,45.59,304849,1403594352.93,0.85,-1.71,2.37,46.79,18.52646028377014,852.0319084505888,865.1856952520657,865.1856952520657,844.6213243370809,-0.01709767044240218,5322170150,244766605198.5,0,0,0,0,0,0,3773.53,0.001050517698305109,821.06,42.53,42.39124001981769
2022-11-24,46.0,45.92,46.57,45.88,212858,982018222.27,0.59,-0.15,1.5,45.99,18.52646028377014,850.7350562307249,852.2171730534266,862.7772554151755,849.9939978193742,-0.0015220700152207556,5322170150,244394053288.0,0,0,0,0,0,0,3756.81,-0.004430864469078144,819.86,42.46,42.3267175844755
2022-11-25,45.84,46.88,47.12,45.72,267431,1246961711.46,0.74,2.09,3.05,45.92,18.52646028377014,868.5204581031443,849.2529394080234,872.966808571249,847.0297641739709,0.020905923344947785,5322170150,249503336632.0,0,0,0,0,0,0,3775.78,0.005049496780513252,836.31,43.42,43.2115966977398
2022-11-28,46.45,46.2,46.58,45.61,237196,1093378379.74,0.66,-1.45,2.07,46.88,18.52646028377014,855.9224651101806,860.5540801811231,862.9625200180132,844.9918535427562,-0.014505119453924853,5322170150,245884260930.0,0,0,0,0,0,0,3733.24,-0.011266546250046416,824.66,42.74,42.58480732584426
2022-11-29,46.09,46.95,46.96,46.09,254767,1191097027.18,0.71,1.62,1.88,46.2,18.52646028377014,869.8173103230082,853.8845544789659,870.0025749258459,853.8845544789659,0.016233766233766156,5322170150,249875888542.5,0,0,0,0,0,0,3848.42,0.030852557028211436,837.51,43.49,43.276119133081984
2022-11-30,47.05,48.07,48.78,47.03,428043,2058240651.8,1.19,2.39,3.73,46.95,18.52646028377014,890.5669458408307,871.6699563513852,903.7207326423076,871.2994271457098,0.023855165069222473,5322170150,255836719110.5,0,0,0,0,0,0,3853.04,0.001200492669718889,856.71,44.61,44.308478098556996
2022-12-01,48.59,48.08,48.7,47.83,297486,1434657900.92,0.83,0.02,1.81,48.07,18.52646028377014,890.7522104436683,900.2007051883912,902.2386158196059,886.1205953727258,0.00020802995631363785,5322170150,255889940812.0,0,0,0,0,0,0,3894.77,0.010830409235305094,856.88,44.62,44.31769558932016
2022-12-02,48.1,48.9,49.26,47.87,386923,1880484969.12,1.07,1.71,2.89,48.08,18.52646028377014,905.94390787636,891.1227396493439,912.6134335785172,886.8616537840767,0.01705490848585689,5322170150,260254120335.0,0,0,0,0,0,0,3870.95,-0.006115893878200773,870.93,45.44,45.07352983190009
2022-12-05,49.3,49.24,49.75,48.9,375861,1850525404.85,1.04,0.7,1.74,48.9,18.52646028377014,912.2429043728418,913.3544919898679,921.6913991175645,905.94390787636,0.006952965235173858,5322170150,262063658186.0,0,0,0,0,0,0,3946.88,0.019615339903641393,876.75,45.78,45.38692451784786
2022-12-06,49.5,49.75,50.19,49.15,330924,1644008488.06,0.92,1.04,2.11,49.24,18.52646028377014,921.6913991175645,917.059784046622,929.8430416424234,910.5755229473025,0.010357432981315862,5322170150,264777964962.5,0,0,0,0,0,0,3968.2,0.005401735041349109,885.49,46.29,45.857016546769515
2022-12-07,49.77,49.95,51.19,49.58,412734,2077714985.63,1.15,0.4,3.24,49.75,18.52646028377014,925.3966911743187,922.0619283232401,948.3695019261935,918.5419008693236,0.004020100502512669,5322170150,265842398992.5,0,0,0,0,0,0,3958.44,-0.0024595534499268767,888.92,46.49,46.04136636203292
2022-12-08,49.53,48.69,49.7,48.58,378700,1856339378.91,1.05,-2.52,2.24,49.95,18.52646028377014,902.0533512167682,917.6155778551351,920.7650761033761,900.0154405855535,-0.0252252252252253,5322170150,259136464603.5,0,0,0,0,0,0,3959.18,0.0001869423308171747,867.33,45.23,44.87996252587352
2022-12-09,48.8,48.79,48.95,48.05,287046,1390161243.96,0.8,0.21,1.85,48.69,18.52646028377014,903.9059972451452,904.0912618479829,906.8702308905484,890.1964166351553,0.0020538098172109276,5472282734,266992674591.86,0,0,0,0,0,0,3998.24,0.009865679256815696,869.04,45.33,44.97213743350522
2022-12-12,48.0,48.12,48.7,47.85,235302,1133136189.66,0.65,-1.37,1.74,48.79,18.52646028377014,891.4932688550192,889.2700936209668,902.2386158196059,886.4911245784014,-0.013732322197171576,5472282734,263326245160.08,0,0,0,0,0,0,3953.44,-0.011204930169274374,857.56,44.66,44.35456555237285
2022-12-13,48.83,49.08,49.63,48.38,411872,2023534851.41,1.14,2.0,2.6,48.12,18.52646028377014,909.2786707274386,904.647055656496,919.4682238835122,896.3101485287995,0.01995012468827939,5472283785,268579688167.8,0,0,0,0,0,0,3945.68,-0.0019628475454288585,874.01,45.62,45.239444665637144
2022-12-14,49.0,49.2,49.49,48.51,226566,1111689262.97,0.63,0.24,2.0,49.08,18.52646028377014,911.501845961491,907.7965539047369,916.8745194437844,898.7185883656896,0.0024449877750611915,5472283785,269236362222.00003,0,0,0,0,0,0,3954.89,0.002334198414468469,876.07,45.74,45.35005455479518
2022-12-15,49.22,48.53,49.67,48.4,224331,1095080726.93,0.62,-1.36,2.58,49.2,18.52646028377014,899.089117571365,911.8723751671664,920.209282294863,896.6806777344748,-0.013617886178861838,5472283785,265569932086.05002,0,0,0,0,0,0,3951.99,-0.0007332694461793521,864.59,45.07,44.73248267366281
2022-12-16,48.32,48.35,48.43,47.78,203861,981240508.77,0.57,-0.37,1.34,48.53,18.52646028377014,895.7543547202864,895.1985609117733,897.2364715429879,885.1942723585374,-0.003709045950958112,5472283827,264584923035.45,0,0,0,0,0,0,3954.23,0.0005668030536514213,861.5,44.89,44.56656783992575
2022-12-19,48.06,47.13,48.39,47.08,267191,1269924892.56,0.74,-2.52,2.71,48.35,18.52646028377014,873.1520731740868,890.381681237993,896.4954131316372,872.2257501598982,-0.02523267838676313,5472283827,257908736766.51,0,0,0,0,0,0,3893.22,-0.015429046868796203,840.6,43.67,43.44203396681904
2022-12-20,47.21,46.25,47.67,46.15,243245,1133824630.77,0.68,-1.87,3.23,47.13,18.52646028377014,856.8487881243691,874.6341899967885,883.1563617273226,854.996142095992,-0.018671758964566187,5472283827,253093126998.75,0,0,0,0,0,0,3829.02,-0.01649020605051854,825.52,42.79,42.6308947796601
2022-12-21,46.25,47.13,47.63,46.08,265051,1248227001.7,0.74,1.9,3.35,46.25,18.52646028377014,873.1520731740868,856.8487881243691,882.4153033159719,853.6992898761281,0.019027027027027188,5472283827,257908736766.51,0,0,0,0,0,0,3830.54,0.0003969684148945607,840.6,43.67,43.44203396681904
2022-12-22,47.35,48.31,48.83,47.35,341756,1652799908.94,0.95,2.5,3.14,47.13,18.52646028377014,895.0132963089355,877.2278944365163,904.647055656496,877.2278944365163,0.025037131338849994,5472283827,264366031682.37003,0,0,0,0,0,0,3836.03,0.0014332182929821524,860.82,44.85,44.52969787687307
2022-12-23,48.35,47.89,48.56,47.73,157353,755063184.83,0.44,-0.87,1.72,48.31,18.52646028377014,887.2321829897521,895.7543547202864,899.6449113798782,884.2679493443488,-0.008693852204512575,5472283827,262067672475.03,0,0,0,0,0,0,3828.22,-0.0020359590514152925,853.62,44.43,44.14256326481994
2022-12-26,48.36,48.47,48.98,48.15,199166,967469531.0,0.55,1.21,1.73,47.89,18.52646028377014,897.9775299543387,895.939619323124,907.4260246990615,892.0490626635323,0.012111087909793206,5472283827,265241597094.69,0,0,0,0,0,0,3843.49,0.003988798971845897,863.56,45.01,44.67717772908378
2022-12-27,48.47,49.06,49.32,48.36,236313,1156746616.29,0.66,1.22,1.98,48.47,18.52646028377014,908.9081415217632,897.9775299543387,913.7250211955434,895.939619323124,0.012172477821332794,5472283827,268470244552.62003,0,0,0,0,0,0,3887.85,0.011541593707802056,873.67,45.6,45.221009684110804
2022-12-28,48.81,48.81,49.24,48.68,168812,825730750.85,0.47,-0.51,1.14,49.06,18.52646028377014,904.2765264508207,904.2765264508207,912.2429043728418,901.8680866139305,-0.005095801059926575,5472283827,267102173595.87003,0,0,0,0,0,0,3871.26,-0.004267139935954289,869.39,45.35,44.990572415031565
2022-12-29,48.7,48.2,48.8,48.05,158135,763574908.78,0.44,-1.25,1.54,48.81,18.52646028377014,892.9753856777209,902.2386158196059,904.0912618479829,890.1964166351553,-0.01249743904937517,5472283827,263764080461.40002,0,0,0,0,0,0,3856.7,-0.003761049374105707,858.93,44.74,44.4283054784782
2022-12-30,48.19,48.75,48.9,48.19,151464,736335237.73,0.42,1.14,1.47,48.2,18.52646028377014,903.1649388337944,892.7901210748831,905.94390787636,892.7901210748831,0.011410788381742698,5472283827,266773836566.25,0,0,0,0,0,0,3871.63,0.003871185210153838,868.36,45.29,44.93526747045254
2023-01-03,48.24,47.44,48.35,46.75,368212,1739904923.3,1.02,-2.69,3.28,48.75,18.52646028377014,878.8952758620554,893.7164440890717,895.7543547202864,866.1120182662542,-0.02687179487179492,5472283869,259605146745.36,0,0,0,0,0,0,3887.9,0.004202364378827594,845.91,43.98,43.7277761804773
2023-01-04,47.4,47.46,47.64,46.85,179014,848422016.54,0.5,0.04,1.67,47.44,18.52646028377014,879.265805067731,878.1542174507047,882.6005679188096,867.9646642946311,0.00042158516020252,5472283869,259714592422.74,0,0,0,0,0,0,3892.95,0.0012989017207232223,846.25,44.0,43.74621116200365
2023-01-05,47.75,47.71,47.87,46.9,343076,1621977890.3,0.95,0.53,2.04,47.46,18.52646028377014,883.8974201386735,884.6384785500243,886.8616537840767,868.8909873088196,0.005267593763168987,5472283953,261082667397.63,0,0,0,0,0,0,3968.58,0.01942742650175311,850.54,44.25,43.976648431082886
2023-01-06,47.56,47.49,48.09,47.18,217644,1035632435.92,0.6,-0.46,1.91,47.71,18.52646028377014,879.821598876244,881.118451096108,890.9374750465062,874.0783961882753,-0.004611192622091753,5472283995,259878766922.55002,0,0,0,0,0,0,3980.89,0.0031018651507592754,846.77,44.03,43.77386363429315
2023-01-09,47.59,48.69,49.09,47.1,410358,1976032476.73,1.14,2.53,4.19,47.49,18.52646028377014,902.0533512167682,881.6742449046211,909.4639353302763,872.5962793655737,0.02526847757422601,5472283995,266445507716.55,0,0,0,0,0,0,4013.12,0.008096179497549594,867.33,45.23,44.87996252587352
2023-01-10,48.6,48.29,48.82,47.8,247948,1194358617.03,0.69,-0.82,2.09,48.69,18.52646028377014,894.6427671032601,900.385969791229,904.4617910536583,885.5648015642128,-0.00821523926884371,5472283995,264256594118.55,0,0,0,0,0,0,4017.47,0.0010839446615102943,860.48,44.83,44.51126289534673
2023-01-11,48.39,48.44,48.78,47.84,228628,1105722830.27,0.63,0.31,1.95,48.29,18.52646028377014,897.4217361458257,896.4954131316372,903.7207326423076,886.3058599755636,0.003106233174570372,5472283995,265077436717.8,0,0,0,0,0,0,4010.03,-0.00185191177532118,863.05,44.98,44.64952525679428
2023-01-12,48.5,48.25,48.86,48.15,197696,958459360.3,0.55,-0.39,1.47,48.44,18.52646028377014,893.9017086919093,898.5333237628519,905.2028494650091,892.0490626635323,-0.003922378199834764,5472283995,264037702758.75,0,0,0,0,0,0,4017.87,0.0019550975927860037,859.79,44.79,44.47439293229405
2023-01-13,48.32,49.4,49.84,48.2,424871,2097498541.27,1.18,2.38,3.4,48.25,18.52646028377014,915.207138018245,895.1985609117733,923.3587805431039,892.9753856777209,0.023834196891191706,5472283995,270330829353.0,0,0,0,0,0,0,4074.38,0.014064666104179668,879.5,45.94,45.534404370058574
2023-01-16,49.8,50.0,50.26,49.11,353316,1759614924.48,0.98,1.21,2.33,49.4,18.52646028377014,926.323014188507,922.617722131753,931.1398938622873,909.8344645359516,0.012145748987854255,5472283995,273614199750.0,0,0,0,0,0,0,4137.96,0.0156048282192629,889.78,46.54,46.087453815848754
2023-01-17,50.05,49.43,50.17,49.09,264261,1306857634.55,0.73,-1.14,2.16,50.0,18.52646028377014,915.7629318267581,927.2493372026955,929.472512436748,909.4639353302763,-0.011399999999999966,5472284068,270495001481.24,0,0,0,0,0,0,4137.24,-0.00017399878200863306,880.01,45.97,45.56205684234808
2023-01-18,49.42,48.55,49.42,48.49,235841,1150359651.75,0.65,-1.78,1.88,49.43,18.52646028377014,899.4596467770403,915.5776672239205,915.5776672239205,898.3480591600143,-0.017802953671859245,5472284068,265679391501.4,0,0,0,0,0,0,4130.31,-0.0016750297299648054,864.93,45.09,44.75091765518914
2023-01-19,48.55,47.99,48.55,47.66,276709,1325506019.56,0.77,-1.15,1.83,48.55,18.52646028377014,889.0848290181291,899.4596467770403,899.4596467770403,882.9710971244849,-0.011534500514932988,5472284068,262614912423.32,0,0,0,0,0,0,4156.01,0.006222293241911592,855.33,44.53,44.234738172451635
2023-01-20,48.18,48.1,48.35,47.92,196194,944057140.93,0.54,0.23,0.9,47.99,18.52646028377014,891.1227396493439,892.6048564720454,895.7543547202864,887.7879767982653,0.002292144196707646,5472284068,263216863670.80002,0,0,0,0,0,0,4181.53,0.006140504955473913,857.22,44.64,44.33613057084651
2023-01-30,48.3,48.15,48.87,47.81,447145,2164689034.44,1.24,0.1,2.2,48.1,18.52646028377014,892.0490626635323,894.8280317060978,905.3881140678468,885.7500661670505,0.0010395010395010118,5472284068,263490477874.19998,0,0,0,0,0,0,4201.35,0.004739891857765022,858.08,44.69,44.38221802466235
2023-01-31,49.23,49.94,51.39,49.23,772880,3876705220.25,2.14,3.72,4.49,48.15,18.52646028377014,925.2114265714808,912.057639770004,952.0747939829475,912.057639770004,0.037175493250259484,5472284097,273285867804.18,0,0,0,0,0,0,4156.86,-0.010589453389981962,888.75,46.48,46.03214887126974
2023-02-01,50.01,50.5,50.88,50.01,394576,1989280742.28,1.09,1.12,1.74,49.94,18.52646028377014,935.5862443303921,926.5082787913448,942.6262992382249,926.5082787913448,0.011213456147376899,5472284097,276350346898.5,0,0,0,0,0,0,4195.93,0.0093989213011747,898.35,47.04,46.548328354007246
2023-02-02,50.65,50.51,50.8,49.8,309063,1553770161.12,0.86,0.02,1.98,50.5,18.52646028377014,935.7715089332298,938.3652133729577,941.1441824155231,922.617722131753,0.0001980198019801982,5472284097,276405069739.47,0,0,0,0,0,0,4181.15,-0.003522461051542969,898.52,47.05,46.55754584477042
2023-02-03,50.31,50.12,51.29,50.0,391896,1975343006.23,1.09,-0.77,2.55,50.51,18.52646028377014,928.5461894225595,932.0662168764759,950.2221479545706,926.323014188507,-0.0077212433181548246,5472284097,274270878941.63998,0,0,0,0,0,0,4141.63,-0.009451945039044118,891.83,46.66,46.198063705006795
2023-02-06,49.6,50.3,50.3,49.21,294213,1465945850.24,0.82,0.36,2.17,50.12,18.52646028377014,931.8809522736381,918.9124300749991,931.8809522736381,911.6871105643287,0.0035913806863527853,5472284097,275255890079.1,0,0,0,0,0,0,4086.88,-0.013219432928581298,894.92,46.84,46.36397853874385
2023-02-07,50.35,49.65,50.68,49.5,289552,1445271104.53,0.8,-1.29,2.35,50.3,18.52646028377014,919.8387530891875,932.8072752878267,938.9210071814708,917.059784046622,-0.012922465208747513,5472284097,271698905416.05,0,0,0,0,0,0,4094.23,0.0017984379281994478,883.78,46.19,45.76484163913782
2023-02-08,49.65,49.26,49.79,49.23,160862,794922853.73,0.45,-0.79,1.13,49.65,18.52646028377014,912.6134335785172,919.8387530891875,922.4324575289154,912.057639770004,-0.007854984894259842,5472284097,269564714618.22,0,0,0,0,0,0,4076.14,-0.0044184132303266566,877.1,45.8,45.4053594993742
2023-02-09,49.26,49.41,49.56,49.08,189226,932621243.06,0.52,0.3,0.97,49.26,18.52646028377014,915.3924026210826,912.6134335785172,918.1713716636483,909.2786707274386,0.003045066991473888,5472284097,270385557232.77,0,0,0,0,0,0,4130.86,0.013424465302958044,879.67,45.95,45.54362186082174
2023-02-10,49.37,49.07,49.72,48.9,239781,1180710183.78,0.66,-0.69,1.66,49.41,18.52646028377014,909.0934061246008,914.6513442097319,921.1356053090515,905.94390787636,-0.006881198138028677,5472284097,268524980639.79,0,0,0,0,0,0,4106.31,-0.005943072386863535,873.84,45.61,45.230227174873974
2023-02-13,49.39,49.19,49.62,48.78,286579,1407812478.62,0.79,0.24,1.71,49.07,18.52646028377014,911.3165813586533,915.0218734154073,919.2829592806744,903.7207326423076,0.002445486040350442,5472284324,269181665897.56,0,0,0,0,0,0,4143.57,0.009073840016949442,875.9,45.73,45.34083706403201
2023-02-14,49.49,49.62,50.15,49.2,337426,1674430095.39,0.93,0.87,1.93,49.19,18.52646028377014,919.2829592806744,916.8745194437844,929.1019832310726,911.501845961491,0.00874161414921737,5472284324,271534748156.87997,0,0,0,0,0,0,4145.29,0.00041510098779551363,883.27,46.16,45.7371891668483
2023-02-15,49.44,48.59,49.49,48.45,357675,1742950855.85,0.99,-2.08,2.1,49.62,18.52646028377014,900.2007051883912,915.9481964295958,916.8745194437844,897.6070007486634,-0.020757758968157902,5472284324,265898295303.16,0,0,0,0,0,0,4123.69,-0.0052107331453288275,865.62,45.13,44.78778761824183
2023-02-16,48.55,48.07,49.02,47.64,326027,1579586809.46,0.9,-1.07,2.84,48.59,18.52646028377014,890.5669458408307,899.4596467770403,908.1670831104124,882.6005679188096,-0.01070179049187081,5472284324,263052707454.68,0,0,0,0,0,0,4093.49,-0.007323537899308619,856.71,44.61,44.308478098556996
2023-02-17,48.1,47.93,48.32,47.9,193970,932364255.4,0.54,-0.29,0.87,48.07,18.52646028377014,887.9732414011029,891.1227396493439,895.1985609117733,887.4174475925897,-0.002912419388391929,5472285284,262286633662.12,0,0,0,0,0,0,4034.51,-0.014408243332706183,854.31,44.47,44.17943322787262
2023-02-20,48.18,48.76,48.83,47.68,274200,1324062597.29,0.76,1.73,2.4,47.93,18.52646028377014,903.3502034366321,892.6048564720454,904.647055656496,883.3416263301604,0.01731692050907574,5472285284,266828630447.84,0,0,0,0,0,0,4133.49,0.024533338621046896,868.53,45.3,44.94448496121571
2023-02-21,48.7,49.41,49.83,48.43,358010,1762818691.11,0.99,1.33,2.87,48.76,18.52646028377014,915.3924026210826,902.2386158196059,923.1735159402662,897.2364715429879,0.01333059885151755,5472285284,270385615882.43997,0,0,0,0,0,0,4144.35,0.0026273197709443252,879.67,45.95,45.54362186082174
2023-02-22,49.4,50.9,51.24,49.37,764869,3861109359.56,2.12,3.02,3.78,49.41,18.52646028377014,942.9968284439002,915.207138018245,949.2958249403821,914.6513442097319,0.030155838899008414,5472285284,278539320955.6,0,0,0,0,0,0,4106.95,-0.009024334334696738,905.2,47.44,46.91702798453404
2023-02-23,50.88,50.39,51.45,50.18,339532,1720357427.68,0.94,-1.0,2.5,50.9,18.52646028377014,933.5483336991774,942.6262992382249,953.1863815999739,929.6577770395857,-0.010019646365422408,5472285284,275748455460.76,0,0,0,0,0,0,4103.65,-0.000803515991185666,896.46,46.93,46.446935955612375
2023-02-24,50.39,49.79,50.5,49.67,217166,1085180046.74,0.6,-1.19,1.65,50.39,18.52646028377014,922.4324575289154,933.5483336991774,935.5862443303921,920.209282294863,-0.0119071244294503,5472285284,272465084290.36,0,0,0,0,0,0,4061.05,-0.010381002278459284,886.18,46.33,45.893886509822195
2023-02-27,50.0,49.31,50.31,49.16,216791,1072481251.15,0.6,-0.96,2.31,49.79,18.52646028377014,913.5397565927058,926.323014188507,932.0662168764759,910.7607875501401,-0.009640490058244522,5472287161,269838479908.91,0,0,0,0,0,0,4043.84,-0.004237820268157222,877.95,45.85,45.45144695319005
2023-02-28,49.51,49.54,49.7,49.2,236012,1167575861.61,0.65,0.47,1.01,49.31,18.52646028377014,917.8008424579729,917.2450486494597,920.7650761033761,911.501845961491,0.00466436828229555,5472287161,271097105955.94,0,0,0,0,0,0,4069.46,0.006335562237872905,881.9,46.08,45.66344924074295
2023-03-01,49.55,50.18,50.21,49.45,269837,1346738024.89,0.75,1.29,1.53,49.54,18.52646028377014,929.6577770395857,917.9861070608105,930.2135708480988,916.1334610324336,0.01291885345175614,5472287161,274599369738.98,0,0,0,0,0,0,4126.94,0.014124724164876756,892.86,46.72,46.25336864958581
2023-03-02,50.11,49.93,50.21,49.75,161063,804443046.76,0.45,-0.5,0.92,50.18,18.52646028377014,925.0261619686431,928.3609248197218,930.2135708480988,921.6913991175645,-0.004982064567556788,5472287161,273231297948.73,0,0,0,0,0,0,4117.74,-0.002229254605106923,888.58,46.47,46.02293138050657
2023-03-03,49.93,49.76,50.1,49.36,198184,983978274.27,0.55,-0.34,1.48,49.93,18.52646028377014,921.8766637204022,925.0261619686431,928.1756602168841,914.4660796068941,-0.003404766673342663,5472287161,272301009131.36,0,0,0,0,0,0,4130.55,0.003110929781870775,885.67,46.3,45.866234037532685
2023-03-06,49.44,49.59,49.88,49.22,212620,1052849581.92,0.59,-0.34,1.33,49.76,18.52646028377014,918.7271654721613,915.9481964295958,924.0998389544548,911.8723751671664,-0.003416398713826263,5472287161,271370720313.99002,0,0,0,0,0,0,4109.01,-0.0052148019028942505,882.75,46.13,45.7095366945588
2023-03-07,49.49,48.43,49.51,48.38,272716,1332198716.04,0.76,-2.34,2.28,49.59,18.52646028377014,897.2364715429879,916.8745194437844,917.2450486494597,896.3101485287995,-0.023391812865497186,5472287161,265022867207.23,0,0,0,0,0,0,4048.85,-0.01464099624970494,862.87,44.97,44.64030776603111
2023-03-08,48.36,48.04,48.37,47.76,218985,1051172739.59,0.61,-0.81,1.26,48.43,18.52646028377014,890.0111520323176,895.939619323124,896.1248839259617,884.8237431528619,-0.008052859797646139,5472287161,262888675214.44,0,0,0,0,0,0,4034.11,-0.0036405399063931254,856.19,44.58,44.280825626267486
2023-03-09,48.3,47.87,48.44,47.7,235268,1128302706.3,0.65,-0.35,1.54,48.04,18.52646028377014,886.8616537840767,894.8280317060978,897.4217361458257,883.7121555358358,-0.003538717735220631,5472287161,261958386397.06998,0,0,0,0,0,0,4019.85,-0.003534856511101636,853.28,44.41,44.1241282832936
2023-03-10,47.81,46.96,47.81,46.86,283473,1335207458.71,0.79,-1.9,1.98,47.87,18.52646028377014,870.0025749258459,885.7500661670505,885.7500661670505,868.1499288974688,-0.019009818257781474,5472287224,256978608039.04,0,0,0,0,0,0,3967.14,-0.013112429568267525,837.68,43.5,43.285336623845154
2023-03-13,46.81,47.92,48.1,46.72,256871,1217812522.45,0.71,2.04,2.94,46.96,18.52646028377014,887.7879767982653,867.2236058832804,891.1227396493439,865.556224457741,0.020442930153321992,5472287224,262232003774.08002,0,0,0,0,0,0,4008.69,0.010473540132186043,854.13,44.46,44.17021573710945
2023-03-14,47.99,50.4,50.48,47.99,920000,4601017405.49,2.55,5.18,5.2,47.92,18.52646028377014,933.7335983020151,889.0848290181291,935.2157151247167,889.0848290181291,0.05175292153589317,5472287224,275803276089.6,0,0,0,0,0,0,3984.7,-0.005984498676625094,896.63,46.94,46.45615344637555
2023-03-15,50.5,50.4,51.38,50.15,483225,2446643228.42,1.34,0.0,2.44,50.4,18.52646028377014,933.7335983020151,935.5862443303921,951.8895293801099,929.1019832310726,0.0,5472287224,275803276089.6,0,0,0,0,0,0,3986.9,0.0005521118277411752,896.63,46.94,46.45615344637555
2023-03-16,50.4,48.53,50.4,48.51,349724,1718823824.53,0.97,-3.71,3.75,50.4,18.52646028377014,899.089117571365,933.7335983020151,933.7335983020151,898.7185883656896,-0.03710317460317458,5472287224,265570098980.72,0,0,0,0,0,0,3939.15,-0.011976723770347864,864.59,45.07,44.73248267366281
2023-03-17,49.04,47.96,49.13,47.68,422646,2031057958.66,1.17,-1.17,2.99,48.53,18.52646028377014,888.529035209616,908.5376123160877,910.2049937416272,883.3416263301604,-0.011745312178034206,5472287308,262450899291.68,0,0,0,0,0,0,3958.82,0.0049934630567507465,854.82,44.5,44.20708570016213
2023-03-20,47.96,47.26,48.05,47.12,325271,1540070582.73,0.9,-1.46,1.94,47.96,18.52646028377014,875.5605130109768,888.529035209616,890.1964166351553,872.966808571249,-0.014595496246872508,5472287308,258620298176.08,0,0,0,0,0,0,3939.08,-0.004986334311739449,842.83,43.8,43.561861346740244
2023-03-21,47.27,47.55,47.62,47.09,234623,1111165705.33,0.65,0.61,1.12,47.26,18.52646028377014,880.9331864932702,875.7457776138147,882.2300387131341,872.411014762736,0.00613626745662299,5472287308,260207261495.4,0,0,0,0,0,0,3982.38,0.010992414472414946,847.79,44.09,43.82916857887217
2023-03-22,47.7,47.51,47.96,47.3,206222,982051686.19,0.57,-0.08,1.39,47.55,18.52646028377014,880.1921280819193,883.7121555358358,888.529035209616,876.3015714223277,-0.0008412197686645806,5472287308,259988370003.08,0,0,0,0,0,0,3999.44,0.004283870449329319,847.11,44.05,43.79229861581948
2023-03-23,47.25,47.47,47.72,47.18,212061,1004470799.71,0.59,-0.08,1.14,47.51,18.52646028377014,879.4510696705686,875.3752484081392,884.0826847415111,874.0783961882753,-0.0008419280151547026,5472287308,259769478510.75998,0,0,0,0,0,0,4039.09,0.009913887944312139,846.42,44.01,43.75542865276681
2023-03-24,47.55,47.49,47.82,47.24,184802,877839391.04,0.51,0.04,1.22,47.47,18.52646028377014,879.821598876244,880.9331864932702,885.9353307698882,875.1899838053015,0.0004213187276174146,5472287308,259878924256.92,0,0,0,0,0,0,4027.05,-0.0029808694532679203,846.77,44.03,43.77386363429315
2023-03-27,47.48,48.49,48.56,47.18,370387,1780136054.31,1.02,2.11,2.91,47.49,18.52646028377014,898.3480591600143,879.6363342734063,899.6449113798782,874.0783961882753,0.021057064645188417,5472287308,265351211564.92,0,0,0,0,0,0,4012.48,-0.0036180330514893333,863.9,45.03,44.69561271061013
2023-03-28,48.38,48.44,48.95,48.04,243012,1179003503.22,0.67,-0.1,1.88,48.49,18.52646028377014,897.4217361458257,896.3101485287995,906.8702308905484,890.0111520323176,-0.0010311404413282377,5472287308,265077597199.52,0,0,0,0,0,0,3999.51,-0.003232414865619204,863.05,44.98,44.64952525679428
2023-03-29,48.5,47.67,48.64,47.56,203539,973135204.22,0.56,-1.59,2.23,48.44,18.52646028377014,883.1563617273226,898.5333237628519,901.1270282025797,881.118451096108,-0.0158959537572253,5472287308,260863935972.36002,0,0,0,0,0,0,4006.14,0.001657703068625782,849.85,44.21,43.939778468030205
2023-03-30,47.7,48.12,48.35,47.5,198388,951801629.47,0.55,0.94,1.78,47.67,18.52646028377014,891.4932688550192,883.7121555358358,895.7543547202864,880.0068634790817,0.009439899307740696,5472287308,263326465260.96,0,0,0,0,0,0,4038.53,0.008085089387789735,857.56,44.66,44.35456555237285
2023-03-31,49.71,49.0,50.37,48.75,620922,3080036476.18,1.71,1.83,3.37,48.12,18.52646028377014,907.7965539047369,920.9503407062138,933.177804493502,903.1649388337944,0.018287614297589405,5472289401,268142180649.0,0,0,0,0,0,0,4050.93,0.0030704241394763354,872.64,45.54,45.16570473953178
2023-04-03,48.71,49.88,50.5,48.5,529704,2648090154.32,1.46,1.8,4.08,49.0,18.52646028377014,924.0998389544548,902.4238804224436,935.5862443303921,898.5333237628519,0.01795918367346938,5472289401,272957795321.88,0,0,0,0,0,0,4090.57,0.009785407301533322,887.72,46.42,45.97684392669073
2023-04-04,49.88,50.66,51.6,49.8,617794,3135317382.07,1.7,1.56,3.61,49.88,18.52646028377014,938.5504779757953,924.0998389544548,955.9653506425393,922.617722131753,0.015637530072173167,5472289401,277226181054.66,0,0,0,0,0,0,4103.11,0.0030655874364695634,901.09,47.2,46.695808206217954
2023-04-06,50.39,50.18,51.66,49.78,381087,1927450147.16,1.05,-0.95,3.71,50.66,18.52646028377014,929.6577770395857,933.5483336991774,957.0769382595655,922.2471929260777,-0.009474930911962054,5472289401,274599482142.18,0,0,0,0,0,0,4096.64,-0.0015768526800401528,892.86,46.72,46.25336864958581
2023-04-07,50.0,49.43,50.45,49.38,229775,1143071315.19,0.63,-1.49,2.13,50.18,18.52646028377014,915.7629318267581,926.323014188507,934.6599213162037,914.8366088125697,-0.014946193702670363,5472289401,270495265091.43,0,0,0,0,0,0,4123.28,0.006502890173410325,880.01,45.97,45.56205684234808
2023-04-10,49.43,49.38,49.94,49.04,206940,1022723427.96,0.57,-0.1,1.82,49.43,18.52646028377014,914.8366088125697,915.7629318267581,925.2114265714808,908.5376123160877,-0.001011531458628312,5472289401,270221650621.38,0,0,0,0,0,0,4104.81,-0.004479443549795126,879.15,45.92,45.51596938853224
2023-04-11,49.45,49.1,49.56,48.83,247553,1216407329.34,0.68,-0.57,1.48,49.38,18.52646028377014,909.649199933114,916.1334610324336,918.1713716636483,904.647055656496,-0.005670311867152722,5472289401,268689409589.1,0,0,0,0,0,0,4100.15,-0.0011352535196514912,874.36,45.64,45.257879647163485
2023-04-12,49.15,48.64,49.26,48.39,236095,1148632252.9,0.65,-0.94,1.77,49.1,18.52646028377014,901.1270282025797,910.5755229473025,912.6134335785172,896.4954131316372,-0.009368635437881911,5472289401,266172156464.64,0,0,0,0,0,0,4097.29,-0.0006975354560198044,866.47,45.18,44.83387507205767
2023-04-13,48.46,48.45,48.84,48.23,188000,911922843.42,0.52,-0.39,1.25,48.64,18.52646028377014,897.6070007486634,897.7922653515011,904.8323202593338,893.5311794862339,-0.00390625,5472289550,265132428697.50003,0,0,0,0,0,0,4068.98,-0.006909445023417948,863.22,44.99,44.65874274755745
2023-04-14,48.67,48.26,48.7,48.0,207180,999398399.72,0.57,-0.39,1.44,48.45,18.52646028377014,894.086973294747,901.6828220110929,902.2386158196059,889.2700936209668,-0.0039215686274510775,5469778889,263971529183.13998,0,0,0,0,0,0,4092.0,0.005657437490476758,859.96,44.8,44.48361042305722
2023-04-17,48.27,48.68,48.68,48.02,245184,1187010277.81,0.67,0.87,1.37,48.26,18.52646028377014,901.8680866139305,894.2722378975848,901.8680866139305,889.6406228266422,0.008702859510982153,5469778889,266268836316.52,0,0,0,0,0,0,4149.38,0.01402248289345076,867.16,45.22,44.87074503511035
2023-04-18,48.67,48.48,48.9,48.28,248742,1207303185.55,0.68,-0.41,1.27,48.68,18.52646028377014,898.1627945571764,901.6828220110929,905.94390787636,894.4575025004225,-0.0041084634346755244,5469778889,265174880538.71997,0,0,0,0,0,0,4162.03,0.003048648231783968,863.73,45.02,44.68639521984696
2023-04-19,48.47,48.26,48.8,48.08,292742,1413906520.49,0.81,-0.45,1.49,48.48,18.52646028377014,894.086973294747,897.9775299543387,904.0912618479829,890.7522104436683,-0.004537953795379468,5469778889,263971529183.13998,0,0,0,0,0,0,4124.56,-0.00900281833624439,859.96,44.8,44.48361042305722
2023-04-20,48.26,48.2,48.54,47.76,223477,1075138936.57,0.61,-0.12,1.62,48.26,18.52646028377014,892.9753856777209,894.086973294747,899.2743821742026,884.8237431528619,-0.001243265644425895,5469778889,263643342449.80002,0,0,0,0,0,0,4113.02,-0.0027978741974901133,858.93,44.74,44.4283054784782
2023-04-21,48.3,47.77,48.39,47.71,225718,1081877385.91,0.62,-0.89,1.41,48.2,18.52646028377014,885.0090077556997,894.8280317060978,896.4954131316372,883.8974201386735,-0.00892116182572611,5469778889,261291337527.53003,0,0,0,0,0,0,4032.57,-0.019559836810907894,851.56,44.31,44.03195337566191
2023-04-24,47.77,47.32,47.88,47.01,251182,1189467646.33,0.69,-0.94,1.82,47.77,18.52646028377014,876.6721006280031,885.0090077556997,887.0469183869144,870.9288979400343,-0.00942013816202647,5469778889,258829937027.48,0,0,0,0,0,0,3982.64,-0.012381682153068674,843.85,43.86,43.617166291319265
2023-04-25,47.2,47.74,47.74,47.1,190942,905230639.92,0.53,0.89,1.35,47.32,18.52646028377014,884.4532139471866,874.4489253939507,884.4532139471866,872.5962793655737,0.008875739644970349,5469778889,261127244160.86002,0,0,0,0,0,0,3962.67,-0.005014261896631345,851.05,44.28,44.004300903372396
2023-04-26,47.69,47.5,47.82,47.3,160889,763869577.4,0.44,-0.5,1.09,47.74,18.52646028377014,880.0068634790817,883.5268909329981,885.9353307698882,876.3015714223277,-0.0050272308336825056,5469779006,259814502785.0,0,0,0,0,0,0,3959.23,-0.000868101557788048,846.94,44.04,43.78308112505632
2023-04-27,47.45,47.67,47.68,47.13,145722,689883241.62,0.4,0.36,1.16,47.5,18.52646028377014,883.1563617273226,879.0805404648933,883.3416263301604,873.1520731740868,0.003578947368421126,5469779108,260744370078.36002,0,0,0,0,0,0,3988.42,0.007372645691207547,849.85,44.21,43.939778468030205
2023-04-28,48.5,47.87,48.6,47.61,225879,1082816538.78,0.62,0.42,2.08,47.67,18.52646028377014,886.8616537840767,898.5333237628519,900.385969791229,882.0447741102964,0.004195510803440161,5469779108,261838325899.96,0,0,0,0,0,0,4029.09,0.010197020373982735,853.28,44.41,44.1241282832936
2023-05-04,47.73,47.09,47.73,46.97,233578,1101432998.27,0.64,-1.63,1.59,47.87,18.52646028377014,872.411014762736,884.2679493443488,884.2679493443488,870.1878395286835,-0.016294129935241153,5469779108,257571898195.72003,0,0,0,0,0,0,4030.25,0.00028790620214480533,839.91,43.63,43.405164003766366
2023-05-05,47.05,47.15,47.25,46.24,263551,1232078261.75,0.72,0.13,2.14,47.09,18.52646028377014,873.5226023797621,871.6699563513852,875.3752484081392,856.6635235215314,0.00127415587173485,5469779108,257900084942.19998,0,0,0,0,0,0,4016.88,-0.0033174120712113897,840.94,43.69,43.46046894834538
2023-05-08,47.1,46.6,47.1,46.56,193843,905362949.98,0.53,-1.17,1.15,47.15,18.52646028377014,863.3330492236886,872.5962793655737,872.5962793655737,862.5919908123378,-0.01166489925768821,5469779108,254891706432.80002,0,0,0,0,0,0,4062.66,0.011396905060643947,831.52,43.14,42.953506956371044
2023-05-09,46.58,46.91,47.18,46.2,175138,817930480.08,0.48,0.67,2.1,46.6,18.52646028377014,869.0762519116573,862.9625200180132,874.0783961882753,855.9224651101806,0.006652360515021272,5469779108,256587337956.27997,0,0,0,0,0,0,4027.88,-0.008560893601728847,836.83,43.45,43.239249170029304
2023-05-10,46.9,46.5,46.9,46.26,119830,557239506.59,0.33,-0.87,1.36,46.91,18.52646028377014,861.4804031953116,868.8909873088196,868.8909873088196,857.0340527272067,-0.008740140694947662,5469779108,254344728522.0,0,0,0,0,0,0,3996.87,-0.007698839091532128,829.8,43.04,42.86133204873935
2023-05-11,46.49,46.85,46.9,46.3,100892,470939743.83,0.28,0.75,1.29,46.5,18.52646028377014,867.9646642946311,861.2951385924739,868.8909873088196,857.7751111385575,0.007526881720430145,5469779108,256259151209.80002,0,0,0,0,0,0,3990.66,-0.0015537157825998849,835.8,43.39,43.18394422545028
2023-05-12,46.8,46.71,47.25,46.62,113861,533771708.16,0.31,-0.3,1.34,46.85,18.52646028377014,865.3709598549034,867.0383412804426,875.3752484081392,863.7035784293639,-0.0029882604055496698,5469779108,255493382134.68,0,0,0,0,0,0,3937.76,-0.013255952649436353,833.4,43.25,43.054899354765915
2023-05-15,46.52,46.19,46.6,45.83,214474,989121016.18,0.59,-1.11,1.65,46.71,18.52646028377014,855.7372005073428,861.8509324009871,863.3330492236886,849.0676748051856,-0.011132519803040086,5469779108,252649096998.52,0,0,0,0,0,0,3998.89,0.015524054284669297,824.49,42.73,42.57558983508108
2023-05-16,46.2,46.05,46.45,46.01,116954,540155364.06,0.32,-0.3,0.95,46.19,18.52646028377014,853.1434960676149,855.9224651101806,860.5540801811231,852.4024376562642,-0.00303095908205242,5469779108,251883327923.4,0,0,0,0,0,0,3978.21,-0.005171435073232811,822.09,42.59,42.4465449643967
2023-05-17,46.0,45.79,46.2,45.79,144757,664296910.18,0.4,-0.56,0.89,46.05,18.52646028377014,848.3266163938348,852.2171730534266,855.9224651101806,848.3266163938348,-0.005646036916395203,5469779108,250461185355.32,0,0,0,0,0,0,3960.17,-0.00453470279346746,817.64,42.33,42.20689020455429
2023-05-18,45.79,42.99,45.85,42.89,659114,2899042388.34,1.81,-6.11,6.46,45.79,18.52646028377014,796.4525275992785,848.3266163938348,849.438204010861,794.5998815709014,-0.0611487224284778,5469779381,235145815589.19,0,0,0,0,0,0,3956.07,-0.0010353090902662787,769.65,39.53,39.62599279086677
2023-05-19,42.46,42.73,42.83,41.9,302595,1284130666.94,0.83,-0.6,2.16,42.99,18.52646028377014,791.6356479254981,786.6335036488803,793.4882939538751,776.2586858899689,-0.006047918120493212,5469779381,233723672950.12997,0,0,0,0,0,0,3944.54,-0.0029145085905962764,765.2,39.27,39.386338031024344
2023-05-22,42.64,43.04,43.13,42.45,213066,912800787.21,0.59,0.73,1.59,42.73,18.52646028377014,797.3788506134669,789.9682664999589,799.0462320390062,786.4482390460425,0.007254856073016569,5469779381,235419304558.24,0,0,0,0,0,0,3969.33,0.006284636484862549,770.51,39.58,39.67208024468261
2023-05-23,43.12,42.99,43.3,42.88,200175,862745475.55,0.55,-0.12,0.98,43.04,18.52646028377014,796.4525275992785,798.8609674361685,802.1957302872471,794.4146169680637,-0.0011617100371746902,5469779381,235145815589.19,0,0,0,0,0,0,3913.19,-0.01414344486349084,769.65,39.53,39.62599279086677
2023-05-24,42.92,43.18,43.42,42.32,179762,772033419.17,0.49,0.44,2.56,42.99,18.52646028377014,799.9725550531947,795.1556753794146,804.4189055212996,784.0397992091524,0.004419632472667967,5469779452,236185076737.36,0,0,0,0,0,0,3859.09,-0.01382503788469247,772.91,39.72,39.801125115366986
2023-05-25,42.99,42.84,43.18,42.51,130609,558791459.52,0.36,-0.79,1.55,43.18,18.52646028377014,793.6735585567129,796.4525275992785,799.9725550531947,787.5598266630686,-0.007874015748031371,5469779452,234325351723.68002,0,0,0,0,0,0,3850.5,-0.0022259133629949357,767.08,39.38,39.487730429419216
2023-05-26,42.95,42.82,42.97,42.51,85385,364521951.12,0.23,-0.05,1.07,42.84,18.52646028377014,793.3030293510375,795.7114691879276,796.0819983936029,787.5598266630686,-0.000466853408029988,5469779452,234215956134.64,0,0,0,0,0,0,3850.95,0.0001168679392287153,766.74,39.36,39.469295447892875
2023-05-29,42.75,41.74,43.0,41.0,302647,1261823845.59,0.83,-2.52,4.67,42.82,18.52646028377014,773.2944522445657,792.0061771311736,796.6377922021161,759.5848716345758,-0.025221858944418418,5469779452,228308594326.48,0,0,0,0,0,0,3833.94,-0.00441709188641759,748.23,38.28,38.473806445470544
2023-05-30,41.74,41.8,42.15,41.07,164273,681259135.74,0.45,0.14,2.59,41.74,18.52646028377014,774.4060398615919,773.2944522445657,780.8903009609114,760.8817238544398,0.0014374700527071127,5469779452,228636781093.59998,0,0,0,0,0,0,3837.75,0.0009937557708257216,749.26,38.34,38.529111390049565
2023-05-31,41.66,40.05,41.66,39.32,497167,1999867665.7,1.37,-4.19,5.6,41.8,18.52646028377014,741.9847343649941,771.8123354218641,771.8123354218641,728.460418357842,-0.04186602870813394,5469779452,219064667052.59998,0,0,0,0,0,0,3798.54,-0.010216923978893844,719.27,36.59,36.916050506494855
2023-06-01,39.83,40.36,41.09,39.61,309981,1253344560.41,0.85,0.77,3.7,40.05,18.52646028377014,747.727937052963,737.9089131025647,761.2522530601152,733.8330918401354,0.007740324594257331,5469779452,220760298682.72,0,0,0,0,0,0,3806.87,0.0021929478167928007,724.59,36.9,37.20179272015312
2023-06-02,40.36,40.76,40.99,40.32,162928,662844887.77,0.45,0.99,1.66,40.36,18.52646028377014,755.1385211664709,747.727937052963,759.3996070317381,746.9868786416121,0.009910802775024763,5469779452,222948210463.52,0,0,0,0,0,0,3861.83,0.01443705721498234,731.44,37.3,37.570492350679906
2023-06-05,40.8,40.38,40.86,39.91,156138,628020756.75,0.43,-0.93,2.33,40.76,18.52646028377014,748.0984662586384,755.8795795778217,756.991167194848,739.3910299252663,-0.009322865554465043,5469779452,220869694271.76,0,0,0,0,0,0,3844.25,-0.004552245955932843,724.93,36.92,37.22022770167946
2023-06-06,40.37,40.24,40.66,40.1,134691,543875866.44,0.37,-0.35,1.39,40.38,18.52646028377014,745.5047618189105,747.9132016558005,753.285875138094,742.9110573791827,-0.0034670629024269317,5469779452,220103925148.48,0,0,0,0,0,0,3808.16,-0.009388047083306317,722.53,36.78,37.09118283099508
2023-06-07,40.33,39.97,40.44,39.9,118547,475226281.91,0.33,-0.67,1.34,40.24,18.52646028377014,740.5026175422926,747.1721432444498,749.2100538756645,739.2057653224286,-0.006709741550695925,5469779452,218627084696.44,0,0,0,0,0,0,3789.34,-0.00494201924288884,717.9,36.51,36.8423105803895
2023-06-08,39.92,40.71,41.2,39.74,288909,1175496800.85,0.79,1.85,3.65,39.97,18.52646028377014,754.2121981522824,739.5762945281041,763.2901636913299,736.2415316770255,0.018513885414060516,5469779452,222674721490.92,0,0,0,0,0,0,3820.19,0.008141259427763226,730.58,37.25,37.524404896864056
2023-06-09,40.69,40.79,40.91,40.13,203026,824627610.07,0.56,0.2,1.92,40.71,18.52646028377014,755.6943149749841,753.841668946607,757.9174902090365,743.4668511876959,0.0019651191353475816,5469779452,223112303847.08,0,0,0,0,0,0,3836.7,0.004321774571421688,731.96,37.33,37.59814482296942
2023-06-12,40.75,40.79,41.1,40.47,136326,556037232.48,0.37,0.0,1.54,40.79,18.52646028377014,755.6943149749841,754.9532565636333,761.4375176629528,749.7658476841776,0.0,5469779452,223112303847.08,0,0,0,0,0,0,3844.43,0.0020147522610576285,731.96,37.33,37.59814482296942
2023-06-13,40.71,40.76,41.25,40.6,126671,516979339.43,0.35,-0.07,1.59,40.79,18.52646028377014,755.1385211664709,754.2121981522824,764.2164867055184,752.1742875210678,-0.0007354743809757647,5469779452,222948210463.52,0,0,0,0,0,0,3864.91,0.005327187645502773,731.44,37.3,37.570492350679906
2023-06-14,40.76,40.67,41.05,40.6,113527,463412411.19,0.31,-0.22,1.1,40.76,18.52646028377014,753.4711397409317,755.1385211664709,760.5111946487642,752.1742875210678,-0.0022080471050047734,5469779452,222455930312.84,0,0,0,0,0,0,3864.02,-0.00023027703103040142,729.9,37.21,37.48753493381138
2023-06-15,40.69,41.25,41.27,40.68,204855,840471102.23,0.56,1.43,1.45,40.67,18.52646028377014,764.2164867055184,753.841668946607,764.5870159111938,753.6564043437694,0.014261126137201874,5469779452,225628402395.0,0,0,0,0,0,0,3925.5,0.015910890730379323,739.84,37.79,38.02214939807523
2023-06-16,41.3,42.43,42.57,41.3,306795,1294556621.06,0.84,2.86,3.08,41.25,18.52646028377014,786.0777098403671,765.1428097197067,788.671414280095,765.1428097197067,0.028606060606060524,5469779452,232082742148.36,0,0,0,0,0,0,3963.35,0.009642083810979418,760.06,38.97,39.109813308129254
2023-06-19,42.34,42.43,43.32,42.06,259078,1106523455.93,0.71,0.0,2.97,42.43,18.52646028377014,786.0777098403671,784.4103284148279,802.5662594929225,779.2229195353722,0.0,5469779452,232082742148.36,0,0,0,0,0,0,3930.91,-0.008184995016841778,760.06,38.97,39.109813308129254
2023-06-20,42.3,42.55,42.88,42.18,157250,670192214.24,0.43,0.28,1.65,42.43,18.52646028377014,788.3008850744195,783.669270003477,794.4146169680637,781.4460947694246,0.0028281876031108766,5469779452,232739115682.59998,0,0,0,0,0,0,3924.24,-0.0016968081182220374,762.11,39.09,39.220423197287296
2023-06-21,42.3,42.15,42.8,42.01,126872,537551132.24,0.35,-0.94,1.86,42.55,18.52646028377014,780.8903009609114,783.669270003477,792.932500145362,778.2965965211836,-0.009400705052878933,5469779452,230551203901.8,0,0,0,0,0,0,3864.03,-0.015343098281450529,755.26,38.69,38.8517235667605
2023-06-26,42.14,42.33,42.57,41.67,179256,754717459.66,0.49,0.43,2.14,42.15,18.52646028377014,784.22506381199,780.7050363580738,788.671414280095,771.9976000247018,0.004270462633451988,5469779452,231535764203.16,0,0,0,0,0,0,3809.7,-0.014060449841228007,758.34,38.87,39.01763840049755
2023-06-27,42.21,42.36,42.52,41.73,145845,615578197.22,0.4,0.07,1.87,42.33,18.52646028377014,784.7808576205032,782.0018885779377,787.7450912659065,773.109187641728,0.0007087172218285254,5469779473,231699858476.28,0,0,0,0,0,0,3845.43,0.009378691235530257,758.86,38.9,39.04529087278707
2023-06-28,42.22,42.15,42.5,41.8,120522,507488428.45,0.33,-0.5,1.65,42.36,18.52646028377014,780.8903009609114,782.1871531807753,787.374562060231,774.4060398615919,-0.004957507082153034,5469779473,230551204786.94998,0,0,0,0,0,0,3840.8,-0.0012040265978056075,755.26,38.69,38.8517235667605
2023-06-29,42.0,42.0,42.99,41.74,205761,873375649.21,0.57,-0.36,2.97,42.15,18.52646028377014,778.111331918346,778.111331918346,796.4525275992785,773.2944522445657,-0.003558718861209953,5469779473,229730737866.0,0,0,0,0,0,0,3821.84,-0.004936471568423251,752.69,38.54,38.71346120531296
2023-06-30,41.9,42.15,42.44,41.7,129551,546733119.34,0.36,0.36,1.76,42.0,18.52646028377014,780.8903009609114,776.2586858899689,786.2629744432048,772.553393833215,0.0035714285714285587,5465349355,230364475313.25,0,0,0,0,0,0,3842.45,0.005392690431833769,755.26,38.69,38.8517235667605
2023-07-03,42.3,42.09,42.54,41.93,150204,633291869.69,0.41,-0.14,1.45,42.15,18.52646028377014,779.7787133438853,783.669270003477,788.1156204715818,776.814479698482,-0.001423487544483848,5465349355,230036554351.95,0,0,0,0,0,0,3892.88,0.013124438834597685,754.23,38.63,38.79641862218149
2023-07-04,42.23,42.28,42.8,41.6,195478,822578452.93,0.54,0.45,2.85,42.09,18.52646028377014,783.2987407978017,782.3724177836131,792.932500145362,770.7007478048379,0.004514136374435651,5465349376,231074971617.28,0,0,0,0,0,0,3899.01,0.0015746696533158744,757.49,38.82,38.97155094668172
2023-07-05,42.2,41.09,42.2,40.96,236489,976663719.64,0.65,-2.81,2.93,42.28,18.52646028377014,761.2522530601152,781.8166239751,781.8166239751,758.843813223225,-0.028145695364238388,5465349376,224571205859.84003,0,0,0,0,0,0,3868.81,-0.0077455559231702775,737.1,37.63,37.87466954586451
2023-07-06,40.88,41.18,41.66,40.71,189411,780415771.16,0.52,0.22,2.31,41.09,18.52646028377014,762.9196344856545,757.3616964005234,771.8123354218641,754.2121981522824,0.0021903139449988007,5465349376,225063087303.68,0,0,0,0,0,0,3842.75,-0.006735921381510024,738.64,37.72,37.95762696273304
2023-07-07,40.97,41.68,42.07,40.78,222721,925127317.85,0.61,1.21,3.13,41.18,18.52646028377014,772.1828646275395,759.0290778260627,779.4081841382099,755.5090503721464,0.012141816415735862,5465349376,227795761991.68,0,0,0,0,0,0,3825.7,-0.0044369266801119744,747.21,38.22,38.41850150089152
2023-07-10,41.69,42.0,42.29,41.67,159742,670723181.92,0.44,0.77,1.49,41.68,18.52646028377014,778.111331918346,772.3681292303771,783.4840054006393,771.9976000247018,0.007677543186180413,5465349376,229544673792.0,0,0,0,0,0,0,3844.33,0.004869697048906163,752.69,38.54,38.71346120531296
2023-07-11,42.21,42.04,42.22,41.82,116735,490712586.73,0.32,0.1,0.95,42.0,18.52646028377014,778.8523903296967,782.0018885779377,782.1871531807753,774.7765690672674,0.0009523809523810378,5465349376,229763287767.04,0,0,0,0,0,0,3869.49,0.006544703498398974,753.38,38.58,38.75033116836563
2023-07-12,42.0,42.24,42.38,41.72,165669,698681993.98,0.46,0.48,1.57,42.04,18.52646028377014,782.5576823864508,778.111331918346,785.1513868261786,772.9239230388903,0.004757373929590969,5465349376,230856357642.24002,0,0,0,0,0,0,3843.44,-0.0067321533328681404,756.8,38.78,38.93468098362903
2023-07-13,41.76,41.86,41.95,41.47,131342,548517302.97,0.36,-0.9,1.14,41.5018217,18.855983914230222,789.3114866496771,787.4258882582541,791.0085252019579,781.9576529231273,0.008630423565238354,5465349376,228779524879.36,0,0,0,0,0,0,3898.42,0.014304893532876894,762.94,39.13,39.270703771895185
2023-07-14,41.85,41.59,42.01,41.5,113458,472672376.82,0.31,-0.65,1.22,41.86,18.855983914230222,784.220370992835,789.1229268105349,792.1398842368116,782.5233324405542,-0.00645007166746292,5465349376,227303880547.84003,0,0,0,0,0,0,3899.1,0.0001744296407262258,758.31,38.86,39.01740491813475
2023-07-17,41.59,42.9,43.45,41.42,288114,1229954470.73,0.79,3.15,4.88,41.59,18.855983914230222,808.9217099204765,784.220370992835,819.2925010733032,781.0148537274158,0.031497956239480596,5465349376,234463488230.4,0,0,0,0,0,0,3867.17,-0.008189069272396154,780.76,40.17,40.24637343082425
2023-07-18,42.69,42.54,43.06,42.38,174981,747373356.72,0.48,-0.84,1.59,42.9,18.855983914230222,802.1335557113537,804.9619532984882,811.9386673467534,799.1165982850769,-0.008391608391608352,5465349376,232495962455.04,0,0,0,0,0,0,3854.94,-0.003162519361703753,774.59,39.81,39.90864162581035
2023-07-19,42.34,42.45,42.94,42.2,111794,475306884.24,0.31,-0.21,1.74,42.54,18.855983914230222,800.436517159073,798.3623589285077,809.6759492770457,795.7225211805154,-0.002115655853314413,5465349376,232004081011.2,0,0,0,0,0,0,3850.87,-0.001055788157532933,773.05,39.72,39.82420867455687
2023-07-20,42.44,42.41,42.75,42.35,110516,470165752.64,0.3,-0.09,0.94,42.45,18.855983914230222,799.6822778025037,800.2479573199306,806.093312333342,798.5509187676499,-0.0009422850412250661,5465349376,231785467036.15997,0,0,0,0,0,0,3823.69,-0.0070581453022303675,772.36,39.68,39.78668291844421
2023-07-21,42.42,43.02,43.34,42.41,177798,763960736.41,0.49,1.44,2.19,42.41,18.855983914230222,811.1844279901842,799.8708376416461,817.2183428427379,799.6822778025037,0.01438340014147621,5465349376,235119330155.52002,0,0,0,0,0,0,3821.91,-0.0004655189097443335,782.82,40.29,40.35895069916222
2023-07-24,43.12,42.74,43.68,42.55,189491,813406988.11,0.52,-0.65,2.63,43.02,18.855983914230222,805.9047524941998,813.0700263816071,823.6293773735761,802.3221155504959,-0.006508600650860119,5465349376,233589032330.24002,0,0,0,0,0,0,3805.22,-0.004366926484401845,778.02,40.01,40.096270406373634
2023-07-25,43.0,42.7,43.09,42.2,190085,807887275.51,0.52,-0.09,2.08,42.74,18.855983914230222,805.1505131376306,810.8073083118995,812.5043468641803,795.7225211805154,-0.0009358914365933391,5465349376,233370418355.2,0,0,0,0,0,0,3915.12,0.02888137873762897,777.33,39.97,40.05874465026098
2023-07-26,42.7,43.03,43.1,42.6,122930,527775866.52,0.34,0.77,1.17,42.7,18.855983914230222,811.3729878293265,805.1505131376306,812.6929067033226,803.2649147462075,0.007728337236533989,5465349376,235173983649.28,0,0,0,0,0,0,3907.01,-0.00207145630274419,782.99,40.3,40.36833213819039
2023-07-27,43.12,43.5,43.76,43.08,204263,888101563.18,0.56,1.09,1.58,43.03,18.855983914230222,820.2353002690147,813.0700263816071,825.1378560867145,812.3157870250379,0.010922612131071263,5465349376,237742697856.0,0,0,0,0,0,0,3902.35,-0.0011927279428515236,791.04,40.77,40.8092597725141
2023-07-28,43.48,43.54,43.67,43.14,176679,767559086.79,0.49,0.09,1.22,43.5,18.855983914230222,820.9895396255839,819.8581805907301,823.4408175344338,813.4471460598918,0.0009195402298849409,5465349376,237961311831.04,0,0,0,0,0,0,3992.74,0.02316296590515976,791.73,40.81,40.84678552862676
2023-07-31,43.89,44.45,44.5,43.6,380828,1678587166.03,1.05,2.09,2.07,43.54,18.855983914230222,838.1484849875335,827.5891339955645,839.0912841832449,822.1208986604378,0.020900321543408484,5465349376,242934779763.2,0,0,0,0,0,0,4014.63,0.005482450647926074,807.32,41.72,41.700496480189706
2023-08-01,44.0,43.88,44.4,43.7,242735,1066739346.36,0.67,-1.28,1.57,44.45,18.855983914230222,827.4005741564222,829.6632922261298,837.2056857918218,824.0064970518607,-0.012823397075365617,5465349376,239819530618.88,0,0,0,0,0,0,3998.0,-0.004142349357226016,797.55,41.15,41.16575445558434
2023-08-02,43.89,43.03,43.99,43.0,210794,914079569.52,0.58,-1.94,2.26,43.88,18.855983914230222,811.3729878293265,827.5891339955645,829.4747323869875,810.8073083118995,-0.019371011850501385,5465349376,235173983649.28,0,0,0,0,0,0,3969.9,-0.007028514257128582,782.99,40.3,40.36833213819039
2023-08-03,43.02,43.26,43.45,42.98,128907,557258170.52,0.35,0.53,1.09,43.03,18.855983914230222,815.7098641295994,811.1844279901842,819.2925010733032,810.4301886336149,0.005345108064141124,5465349376,236431014005.75998,0,0,0,0,0,0,4004.98,0.008836494622030733,786.93,40.53,40.58410523583816
2023-08-04,43.55,43.31,43.6,43.09,146053,632604589.06,0.4,0.12,1.18,43.26,18.855983914230222,816.652663325311,821.1780994647261,822.1208986604378,812.5043468641803,0.0011558021266759866,5465349376,236704281474.56,0,0,0,0,0,0,4020.58,0.003895150537580605,787.79,40.58,40.631012430978984
2023-08-07,43.6,43.54,43.9,43.39,176984,771789713.36,0.49,0.53,1.18,43.31,18.855983914230222,820.9895396255839,822.1208986604378,827.7776938347067,818.1611420384494,0.005310551835603805,5465349514,237961317839.56,0,0,0,0,0,0,3990.15,-0.0075685597600345655,791.73,40.81,40.84678552862676
2023-08-08,43.45,42.85,43.46,42.7,182451,783514451.09,0.5,-1.58,1.75,43.54,18.855983914230222,807.978910724765,819.2925010733032,819.4810609124455,805.1505131376306,-0.015847496554892038,5465349514,234190226674.9,0,0,0,0,0,0,3979.73,-0.0026114306479706473,779.9,40.12,40.19946623568343
2023-08-09,42.57,42.69,42.92,42.53,100203,427555854.51,0.28,-0.37,0.91,42.85,18.855983914230222,804.9619532984882,802.6992352287806,809.2988295987611,801.9449958722114,-0.003733955659276589,5465349514,233315770752.65997,0,0,0,0,0,0,3967.57,-0.003055483663464531,777.16,39.96,40.04936321123281
2023-08-10,42.55,43.31,43.37,42.51,149599,644649655.05,0.41,1.45,2.01,42.69,18.855983914230222,816.652663325311,802.3221155504959,817.7840223601647,801.5678761939267,0.014523307566174815,5465349514,236704287451.34003,0,0,0,0,0,0,3975.72,0.002054154053992674,787.79,40.58,40.631012430978984
2023-08-11,43.18,42.16,43.18,42.13,150895,642487157.59,0.41,-2.66,2.42,43.31,18.855983914230222,794.9682818239461,814.201385416461,814.201385416461,794.4026023065193,-0.026552759178019025,5465349514,230419135510.24,0,0,0,0,0,0,3884.25,-0.023007153421267024,768.08,39.43,39.5521469427401
2023-08-14,41.71,41.93,42.0,41.29,134396,559279357.34,0.37,-0.55,1.68,42.16,18.855983914230222,790.6314055236733,786.4830890625426,791.9513243976694,778.5635758185658,-0.005455407969639392,5465349514,229162105122.02,0,0,0,0,0,0,3855.91,-0.007296131814378604,764.14,39.2,39.33637384509233
2023-08-15,41.88,41.76,41.98,41.44,91303,380879128.08,0.25,-0.41,1.29,41.93,18.855983914230222,787.4258882582541,789.6886063279618,791.5742047193846,781.3919734057004,-0.004054376341521615,5465349514,228232995704.63998,0,0,0,0,0,0,3846.54,-0.0024300359707565278,761.23,39.03,39.17688938161354
2023-08-16,41.5,41.22,41.8,41.18,99325,411200456.11,0.27,-1.29,1.48,41.76,18.855983914230222,777.2436569445697,782.5233324405542,788.1801276148233,776.4894175880006,-0.012931034482758563,5465349514,225281706967.08,0,0,0,0,0,0,3818.33,-0.007333863680086483,751.97,38.49,38.670291674092674
2023-08-17,41.0,41.57,41.6,40.72,115865,476304828.59,0.32,0.85,2.13,41.22,18.855983914230222,783.8432513145503,773.0953404834391,784.4089308319773,767.8156649874546,0.008491023774866546,5465349514,227194579296.98,0,0,0,0,0,0,3831.1,0.003344394015184715,757.97,38.84,38.99864204007842
2023-08-18,41.58,41.01,41.69,41.0,81478,336454921.82,0.22,-1.35,1.66,41.57,18.855983914230222,773.2839003225814,784.0318111536926,786.105969384258,773.0953404834391,-0.013471253307673847,5465349514,224133983569.13998,0,0,0,0,0,0,3784.0,-0.012294119182480245,748.37,38.28,38.473281454501226
2023-08-21,41.01,40.08,41.03,40.08,140729,568763345.42,0.39,-2.27,2.32,41.01,18.855983914230222,755.7478352823473,773.2839003225814,773.6610200008661,755.7478352823473,-0.022677395757132346,5465349514,219051208521.12,0,0,0,0,0,0,3729.56,-0.014386892177589816,732.44,37.35,37.60080762488196
2023-08-22,40.2,40.08,40.47,39.66,128793,515852216.48,0.35,0.0,2.02,40.08,18.855983914230222,755.7478352823473,758.010553352055,763.101669008897,747.8283220383705,0.0,5465349514,219051208521.12,0,0,0,0,0,0,3758.23,0.007687233882817335,732.44,37.35,37.60080762488196
2023-08-23,40.08,39.77,40.29,39.75,109969,439482678.11,0.3,-0.77,1.35,40.08,18.855983914230222,749.902480268936,755.7478352823473,759.7075919043357,749.5253605906513,-0.007734530938123596,5465349514,217356950171.78003,0,0,0,0,0,0,3696.63,-0.016390694555681762,727.13,37.04,37.309983015008875
2023-08-24,39.87,40.18,40.35,39.1,145332,579814848.27,0.4,1.03,3.14,39.77,18.855983914230222,757.6334336737704,751.7880786603589,760.8389509391895,737.2689710464017,0.010309278350515427,5465349514,219597743472.52,0,0,0,0,0,0,3723.43,0.007249846481795608,734.15,37.45,37.6946220151636
2023-08-25,40.2,40.79,41.57,40.2,213717,874579395.24,0.59,1.52,3.41,40.18,18.855983914230222,769.1355838614508,758.010553352055,783.8432513145503,758.010553352055,0.015181682429069143,5465349514,222931606676.06,0,0,0,0,0,0,3709.15,-0.00383517348251472,744.6,38.06,38.26688979588162
2023-08-28,42.4,40.87,42.69,40.6,230375,955652154.42,0.63,0.2,5.12,40.79,18.855983914230222,770.6440625745892,799.4937179633614,804.9619532984882,765.552946917747,0.0019612650159352985,5465349514,223368834637.18,0,0,0,0,0,0,3752.62,0.011719666230807446,745.98,38.14,38.341941308106925
2023-08-29,40.83,41.14,41.35,40.41,144301,592152905.81,0.4,0.66,2.3,40.87,18.855983914230222,775.7351782314314,769.88982321802,779.6949348534197,761.9703099740432,0.006606312698801187,5465349514,224844479005.96,0,0,0,0,0,0,3790.11,0.009990353406420072,750.6,38.41,38.595240161867366
2023-08-30,41.14,40.75,41.39,40.75,121139,495331847.81,0.33,-0.95,1.56,41.14,18.855983914230222,768.3813445048816,775.7351782314314,780.4491742099889,768.3813445048816,-0.009479824987846386,5465349514,222712992695.5,0,0,0,0,0,0,3788.51,-0.0004221513359770057,743.92,38.02,38.22936403976896
2023-08-31,40.8,40.58,40.97,40.52,85377,347473528.63,0.23,-0.42,1.1,40.75,18.855983914230222,765.1758272394624,769.324143700593,772.5296609660122,764.0444682046086,-0.004171779141104337,5465349514,221783883278.12,0,0,0,0,0,0,3765.27,-0.006134337773953447,741.01,37.85,38.06987957629016
2023-09-01,40.8,40.88,40.93,40.56,75962,309761089.98,0.21,0.74,0.91,40.58,18.855983914230222,770.8326224137315,769.324143700593,771.775421609443,764.7987075611778,0.007392804337112091,5465349514,223423488132.32,0,0,0,0,0,0,3791.49,0.006963644041463102,746.15,38.15,38.35132274713509
2023-09-04,40.95,40.95,40.98,40.43,148975,607207643.54,0.41,0.17,1.35,40.88,18.855983914230222,772.1525412877277,772.1525412877277,772.7182208051545,762.3474296523278,0.001712328767123239,5465349514,223806062598.30002,0,0,0,0,0,0,3848.95,0.015154991836982212,747.35,38.22,38.41699282033225
2023-09-05,40.8,40.77,40.88,40.58,77918,317170170.29,0.21,-0.44,0.73,40.95,18.855983914230222,768.7584641831662,769.324143700593,770.8326224137315,765.1758272394624,-0.00439560439560438,5465349514,222822299685.78003,0,0,0,0,0,0,3820.32,-0.0074383922888059395,744.26,38.04,38.24812691782529
2023-09-06,40.77,40.67,40.87,40.56,78100,317849022.35,0.21,-0.25,0.76,40.77,18.855983914230222,766.8728657917432,768.7584641831662,770.6440625745892,764.7987075611778,-0.002452783909737577,5465349514,222275764734.38,0,0,0,0,0,0,3812.03,-0.002169975290028048,742.55,37.94,38.154312527543645
2023-09-07,40.66,40.26,40.9,40.25,111840,453548995.72,0.31,-1.01,1.6,40.67,18.855983914230222,759.1419123869088,766.6843059526008,771.2097420920161,758.9533525477665,-0.010081140890091045,5465349514,220034971433.63998,0,0,0,0,0,0,3758.47,-0.014050256687381912,735.52,37.53,37.76967352738892
2023-09-08,40.05,40.1,40.19,39.82,74588,298675922.39,0.21,-0.4,0.92,40.26,18.855983914230222,756.124954960632,755.1821557649204,757.8219935129126,750.8452794646474,-0.003974167908594062,5465349514,219160515511.4,0,0,0,0,0,0,3739.99,-0.004916894374572656,732.78,37.37,37.61957050293829
2023-09-11,40.1,40.64,40.67,40.1,109601,443241889.62,0.3,1.35,1.42,40.1,18.855983914230222,766.3071862743162,756.124954960632,766.8728657917432,756.124954960632,0.013466334164588423,5465349514,222111804248.96,0,0,0,0,0,0,3767.54,0.007366329856496989,742.03,37.91,38.12616821045915
2023-09-12,40.68,41.14,41.5,40.55,191569,788650660.76,0.53,1.23,2.34,40.64,18.855983914230222,775.7351782314314,767.0614256308854,782.5233324405542,764.6101477220354,0.012303149606299302,5465349514,224844479005.96,0,0,0,0,0,0,3760.6,-0.0018420507811462983,750.6,38.41,38.595240161867366
2023-09-13,41.15,40.97,41.3,40.84,87171,357443386.62,0.24,-0.41,1.12,41.14,18.855983914230222,772.5296609660122,775.9237380705737,778.7521356577081,770.0783830571623,-0.004132231404958664,5465349514,223915369588.58,0,0,0,0,0,0,3736.65,-0.006368664574801897,747.69,38.24,38.43575569838857
2023-09-14,41.2,40.74,41.23,40.52,75130,306461813.6,0.21,-0.56,1.73,40.97,18.855983914230222,768.1927846657393,776.8665372662853,777.432216783712,764.0444682046086,-0.005613863802782393,5465349514,222658339200.36002,0,0,0,0,0,0,3733.51,-0.0008403248899414573,743.75,38.01,38.21998260074079
2023-09-15,40.7,40.48,41.03,40.35,90259,366570544.51,0.25,-0.64,1.67,40.74,18.855983914230222,763.2902288480393,767.4385453091701,773.6610200008661,760.8389509391895,-0.006381934216985852,5465349514,221237348326.71997,0,0,0,0,0,0,3708.78,-0.006623793695476943,739.29,37.75,37.97606518600852
2023-09-18,40.51,40.52,40.66,40.21,104079,421105261.48,0.29,0.1,1.11,40.48,18.855983914230222,764.0444682046086,763.8559083654662,766.6843059526008,758.1991131911973,0.000988142292490224,5465349514,221455962307.28003,0,0,0,0,0,0,3727.71,0.005104104314626268,739.98,37.79,38.01359094212118
2023-09-19,40.53,40.44,40.76,40.24,84231,340451655.52,0.23,-0.2,1.28,40.52,18.855983914230222,762.5359894914701,764.2330280437509,768.5699043440238,758.7647927086242,-0.001974333662389083,5465349514,221018734346.15997,0,0,0,0,0,0,3720.5,-0.0019341633335211439,738.61,37.71,37.93853942989586
2023-09-20,40.58,40.42,40.85,40.31,132324,537144623.68,0.36,-0.05,1.34,40.44,18.855983914230222,762.1588698131857,765.1758272394624,770.2669428963046,760.0847115826203,-0.0004945598417407382,5465349514,220909427355.88,0,0,0,0,0,0,3705.69,-0.003980647762397482,738.26,37.69,37.91977655183955
2023-09-21,40.4,39.5,40.47,39.5,156933,626279451.93,0.43,-2.28,2.4,40.42,18.855983914230222,744.8113646120938,761.7817501349009,763.101669008897,744.8113646120938,-0.022761009401286558,5465349514,215881305803.0,0,0,0,0,0,0,3672.44,-0.008972687947453761,722.5,36.77,37.05668416124844
2023-09-22,39.5,39.81,39.87,39.16,145358,575692010.89,0.4,0.78,1.8,39.5,18.855983914230222,750.6567196255052,744.8113646120938,751.7880786603589,738.4003300812554,0.007848101265822915,5465349514,217575564152.34003,0,0,0,0,0,0,3738.93,0.0181051290150418,727.81,37.08,37.347508771121525
2023-09-25,39.97,39.81,39.97,39.55,95646,380137805.7,0.26,0.0,1.06,39.81,18.855983914230222,750.6567196255052,753.673677051782,753.673677051782,745.7541638078052,0.0,5465349514,217575564152.34003,0,0,0,0,0,0,3714.6,-0.0065072092817998195,727.81,37.08,37.347508771121525
2023-09-26,39.69,39.72,39.83,39.57,67606,268520758.96,0.19,-0.23,0.65,39.81,18.855983914230222,748.9596810732244,748.3940015557974,751.0338393037897,746.13128348609,-0.0022607385079126407,5465349514,217083682696.08,0,0,0,0,0,0,3692.89,-0.005844505464922212,726.27,36.99,37.26307581986805
2023-09-27,39.71,39.7,39.88,39.46,98161,389967288.26,0.27,-0.05,1.06,39.72,18.855983914230222,748.5825613949398,748.7711212340821,751.9766384995013,744.0571252555246,-0.000503524672708866,5465349529,216974376301.30002,0,0,0,0,0,0,3700.5,0.0020607166744746053,725.93,36.97,37.24431294181172
2023-09-28,39.7,37.89,39.8,37.89,466482,1794295857.67,1.28,-4.56,4.81,39.7,18.855983914230222,714.4532305101832,748.5825613949398,750.4681597863628,714.4532305101832,-0.04559193954659957,5465349529,207082093653.81,0,0,0,0,0,0,3689.52,-0.0029671665991082286,694.91,35.16,35.54627247771401
2023-10-09,37.53,35.0,37.53,34.49,648934,2291823206.63,1.78,-7.63,8.02,37.89,18.855983914230222,659.9594369980578,707.6650763010603,707.6650763010603,650.3428852018004,-0.0762734230667722,5465349529,191287233515.0,0,0,0,0,0,0,3684.73,-0.0012982718619224398,645.39,32.27,32.83503659857456
2023-10-10,35.0,36.03,36.4,35.0,372721,1337476557.83,1.03,2.94,4.0,35.0,18.855983914230222,679.3811004297149,659.9594369980578,686.35781447798,659.9594369980578,0.02942857142857136,5465349529,196916543529.87,0,0,0,0,0,0,3657.13,-0.007490372428916037,663.04,33.3,33.80132481847548
2023-10-11,36.1,35.65,36.59,35.53,198269,712217568.5,0.55,-1.05,2.94,36.03,18.855983914230222,672.2158265423074,680.7010193037111,689.9404514216839,669.9531084725999,-0.010546766583402811,5465349529,194839710708.85,0,0,0,0,0,0,3667.55,0.0028492287668198113,656.53,32.92,33.44483013540523
2023-10-12,35.99,36.04,36.26,35.52,185357,665487644.78,0.51,1.09,2.08,35.65,18.855983914230222,679.5696602688572,678.6268610731457,683.7179767299879,669.7645486334576,0.010939691444600275,5465349529,196971197025.16,0,0,0,0,0,0,3702.38,0.009496803042903235,663.21,33.31,33.81070625750364
2023-10-13,35.83,36.01,36.36,35.7,145169,521720527.49,0.4,-0.08,1.83,36.04,18.855983914230222,679.0039807514303,675.6099036468688,685.6035751214109,673.1586257380189,-0.0008324084350721517,5465349529,196807236539.28998,0,0,0,0,0,0,3663.41,-0.010525661871553016,662.69,33.28,33.78256194041914
2023-10-16,36.02,35.67,36.23,35.61,139517,501092056.97,0.38,-0.94,1.72,36.01,18.855983914230222,672.592946220592,679.1925405905727,683.1522972125609,671.4615871857382,-0.009441821716189791,5465349529,194949017699.43002,0,0,0,0,0,0,3626.6,-0.010048015373654628,656.87,32.94,33.46359301346156
2023-10-17,35.66,35.79,35.85,35.46,93628,334051484.58,0.26,0.34,1.09,35.67,18.855983914230222,674.8556642902996,672.4043863814496,675.9870233251535,668.6331895986037,0.003364171572750152,5465349529,195604859642.91,0,0,0,0,0,0,3639.4,0.0035294766447913073,658.92,33.06,33.576170281799534
2023-10-18,35.8,35.22,35.84,35.08,168820,597210953.66,0.46,-1.59,2.12,35.79,18.855983914230222,664.1077534591884,675.0442241294419,675.7984634860112,661.4679157111962,-0.0159262363788768,5465349529,192489610411.38,0,0,0,0,0,0,3610.58,-0.007918887728746493,649.16,32.49,33.04142825719418
2023-10-19,35.08,32.15,35.08,31.7,893488,2928723748.47,2.46,-8.72,9.6,35.22,18.855983914230222,606.2198828425016,661.4679157111962,661.4679157111962,597.734690081098,-0.08716638273708122,5465349529,175710987357.35,0,1,0,0,0,0,3533.54,-0.021337292069418146,596.55,29.42,30.161326475547778
2023-10-20,32.0,31.64,32.74,31.44,418618,1334193466.19,1.15,-1.59,4.04,32.15,18.855983914230222,596.6033310462442,603.3914852553671,617.3449133518975,592.8321342633982,-0.01586314152410573,5465349529,172923659097.56,0,0,0,0,0,0,3510.59,-0.006494903128307583,587.81,28.91,29.682873085111407
2023-10-23,31.51,31.64,32.09,31.17,298281,941615065.72,0.82,0.0,2.91,31.64,18.855983914230222,596.6033310462442,594.1520531373943,605.0885238076479,587.741018606556,0.0,5465349529,172923659097.56,0,0,0,0,0,0,3474.24,-0.010354384875476907,587.81,28.91,29.682873085111407
2023-10-24,31.66,31.75,32.1,31.5,271241,862101356.23,0.75,0.35,1.9,31.64,18.855983914230222,598.6774892768095,596.9804507245289,605.2770836467902,593.963493298252,0.003476611883691527,5465349529,173524847545.75,0,0,0,0,0,0,3487.13,0.0037101639495258354,589.7,29.02,29.78606891442121
2023-10-25,32.75,33.71,33.85,32.53,547345,1821885518.37,1.51,6.17,4.16,31.75,18.855983914230222,635.6352177487008,617.5334731910398,638.2750554966931,613.3851567299091,0.06173228346456705,5465349529,184236932622.59,0,0,0,0,0,0,3504.46,0.004969702878871773,623.28,30.98,31.624830963941392
2023-10-26,33.71,34.34,34.88,33.4,457857,1564327724.11,1.26,1.87,4.39,33.71,18.855983914230222,647.5144876146659,635.6352177487008,657.6967189283502,629.7898627352894,0.018688816374963002,5465349529,187680102825.86002,0,0,0,0,0,0,3514.14,0.002762194460772749,634.08,31.61,32.215861622715735
2023-10-27,34.35,36.15,36.3,34.03,504781,1787098280.45,1.39,5.27,6.61,34.34,18.855983914230222,681.6438184994225,647.7030474538082,684.4722160865571,641.6691326012544,0.052708211997670285,5465349529,197572385473.35,0,0,0,0,0,0,3562.39,0.013730244099552147,665.09,33.42,33.913902086813444
2023-10-30,36.0,37.81,37.85,35.85,461815,1715773401.2,1.27,4.59,5.53,36.15,18.855983914230222,712.9447517970448,678.815420912288,713.698991153614,675.9870233251535,0.045919778699861746,5465349529,206644865691.49002,0,0,0,0,0,0,3583.77,0.006001588820988113,693.54,35.08,35.4712209654887
2023-10-31,37.89,37.76,37.95,37.0,294891,1106400188.88,0.81,-0.13,2.51,37.81,18.855983914230222,712.0019526013332,714.4532305101832,715.584589545037,697.6714048265183,-0.0013224014810897522,5465349529,206371598215.03998,0,0,0,0,0,0,3572.51,-0.0031419427027961078,692.68,35.03,35.42431377034787
2023-11-01,37.55,37.86,38.36,37.41,236262,896278803.63,0.65,0.26,2.52,37.76,18.855983914230222,713.8875509927562,708.0421959793448,723.3155429498713,705.4023582313525,0.0026483050847458944,5465349529,206918133167.94,0,0,0,0,0,0,3571.03,-0.0004142745576639628,694.4,35.13,35.518128160629516
2023-11-02,38.25,37.8,38.76,37.75,222678,850528357.75,0.61,-0.16,2.67,37.86,18.855983914230222,712.7561919579024,721.241384719306,730.8579365155634,711.8133927621909,-0.0015847860538827918,5465349529,206590212196.19998,0,0,0,0,0,0,3554.19,-0.004715726275052345,693.37,35.07,35.46183952646053
2023-11-03,37.8,38.21,38.39,37.38,293619,1112124200.5,0.81,1.08,2.67,37.8,18.855983914230222,720.4871453627368,712.7561919579024,723.8812224672982,704.8366787139257,0.010846560846560882,5465349529,208831005503.09,0,0,0,0,0,0,3584.14,0.008426673869432966,700.39,35.48,35.84647852661526
2023-11-06,38.21,37.5,38.21,36.8,313789,1174189950.3,0.86,-1.86,3.69,38.21,18.855983914230222,707.0993967836333,720.4871453627368,720.4871453627368,693.9002080436721,-0.0185815231614761,5465349529,204950607337.5,0,0,0,0,0,0,3632.61,0.013523467275273982,688.23,34.77,35.180396355615606
2023-11-07,37.34,37.31,37.68,37.0,201399,751503523.08,0.55,-0.51,1.81,37.5,18.855983914230222,703.5167598399296,704.0824393573565,710.4934738881948,697.6714048265183,-0.005066666666666553,5465349529,203912190926.99002,0,0,0,0,0,0,3619.76,-0.0035374014826804467,684.97,34.58,35.00214901408049
2023-11-08,37.27,37.07,37.43,36.8,158592,587108851.47,0.44,-0.64,1.69,37.31,18.855983914230222,698.9913237005144,702.7625204833604,705.7794779096372,693.9002080436721,-0.006432591798445464,5465349529,202600507040.03,0,0,0,0,0,0,3611.07,-0.0024007116493911518,680.86,34.34,34.77699447740455
2023-11-09,37.06,37.22,37.6,36.82,137186,511006125.31,0.38,0.4,2.1,37.07,18.855983914230222,701.8197212876488,698.8027638613721,708.9849951750564,694.2773277219568,0.004046398705152443,5465350511,203420346019.41998,0,0,0,0,0,0,3612.83,0.00048739016413401615,683.43,34.49,34.917716062827004
2023-11-10,37.2,37.41,37.61,36.92,158521,591448265.59,0.44,0.51,1.85,37.22,18.855983914230222,705.4023582313525,701.4426016093644,709.1735550141987,696.1629261133799,0.005104782375067174,5465350511,204458762616.50998,0,0,0,0,0,0,3586.49,-0.007290683480817073,686.68,34.68,35.095963404362124
2023-11-13,37.52,37.46,37.55,36.7,187005,694592653.64,0.51,0.13,2.27,37.41,18.855983914230222,706.3451574270641,707.476516461918,708.0421959793448,692.0146096522492,0.0013365410318098014,5465350511,204732030142.06,0,0,0,0,0,0,3579.41,-0.001974074931200165,687.54,34.73,35.14287059950295
2023-11-14,37.45,37.47,37.86,37.25,125848,472377917.96,0.35,0.03,1.63,37.46,18.855983914230222,706.5337172662064,706.1565975879219,713.8875509927562,702.3854008050757,0.0002669514148423424,5465350511,204786683647.16998,0,0,0,0,0,0,3582.06,0.0007403454759304928,687.71,34.74,35.15225203853111
2023-11-15,37.47,37.46,37.79,37.2,125771,470962852.98,0.35,-0.03,1.57,37.47,18.855983914230222,706.3451574270641,706.5337172662064,712.5676321187601,701.4426016093644,-0.0002668801708032298,5465350511,204732030142.06,0,0,0,0,0,0,3607.25,0.007032266349530802,687.54,34.73,35.14287059950295
2023-11-16,37.46,37.12,37.64,37.1,95291,355200888.99,0.26,-0.91,1.44,37.46,18.855983914230222,699.9341228962259,706.3451574270641,709.7392345316256,699.5570032179413,-0.009076348104645082,5465350511,202873810968.31998,0,0,0,0,0,0,3572.36,-0.009672187954813172,681.72,34.39,34.82390167254537
2023-11-17,37.01,36.95,37.25,36.82,105340,389345766.97,0.29,-0.46,1.16,37.12,18.855983914230222,696.7286056308068,697.8599646656605,702.3854008050757,694.2773277219568,-0.004579741379310165,5465350511,201944701381.45,0,0,0,0,0,0,3568.07,-0.001200886808720325,678.8,34.22,34.66441720906658
2023-11-20,36.96,38.12,38.32,36.96,319002,1209444450.98,0.88,3.17,3.68,36.95,18.855983914230222,718.790106810456,696.917165469949,722.5613035933021,696.917165469949,0.03166441136671172,5465350511,208339161479.31998,0,0,0,0,0,0,3576.32,0.0023121743687763985,698.85,35.39,35.76204557536178
2023-11-21,38.16,38.28,38.83,38.02,254375,977282820.76,0.7,0.42,2.12,38.12,18.855983914230222,721.8070642367329,719.5443461670252,732.1778553895595,716.9045084190332,0.0041972717733473885,5465350511,209213617561.08002,0,0,0,0,0,0,3581.07,0.0013281809234073627,701.59,35.55,35.91214859981241
2023-11-22,37.99,38.55,39.1,37.99,239304,925495650.69,0.66,0.71,2.9,38.28,18.855983914230222,726.898179893575,716.3388289016062,737.2689710464017,716.3388289016062,0.007053291536049944,5465350511,210689262199.05,0,0,0,0,0,0,3544.42,-0.010234371291262145,706.22,35.82,36.16544745357284
2023-11-23,38.6,38.49,38.85,38.2,140346,540158390.1,0.39,-0.16,1.69,38.55,18.855983914230222,725.7668208587213,727.8409790892866,732.5549750678441,720.2985855235945,-0.0015564202334629185,5465350511,210361341168.39,0,0,0,0,0,0,3561.52,0.004824484682966368,705.19,35.76,36.10915881940386
2023-11-24,38.45,38.94,39.18,38.25,235836,916672506.72,0.65,1.17,2.42,38.49,18.855983914230222,734.2520136201248,725.0125815021521,738.7774497595401,721.241384719306,0.011691348402182333,5465350511,212820748898.34,0,0,0,0,0,0,3538.01,-0.006601114131045138,712.9,36.21,36.531323575671244
2023-11-27,39.0,39.41,39.78,38.93,288061,1133251672.82,0.79,1.21,2.18,38.94,18.855983914230222,743.114326059813,735.3833726549786,750.0910401080782,734.0634537809825,0.012069851052901814,5465350511,215389463638.50998,0,0,0,0,0,0,3511.94,-0.007368548986577239,720.96,36.68,36.97225120999496
2023-11-28,39.39,38.78,39.4,38.56,183994,714378001.52,0.51,-1.6,2.13,39.41,18.855983914230222,731.2350561938481,742.7372063815285,742.9257662206708,727.0867397327174,-0.015985790408525657,5465350511,211946292816.58002,0,0,0,0,0,0,3518.52,0.001873608319048703,710.16,36.05,36.38122055122062
2023-11-29,38.41,38.83,39.12,38.41,165074,637897510.14,0.45,0.13,1.83,38.78,18.855983914230222,732.1778553895595,724.2583421455828,737.6460907246862,724.2583421455828,0.0012893243940175214,5465350511,212219560342.13,0,0,0,0,0,0,3488.31,-0.008585996384843586,711.02,36.1,36.42812774636143
2023-11-30,39.0,39.08,39.18,38.76,128274,499689992.44,0.35,0.64,1.08,38.83,18.855983914230222,736.891851368117,735.3833726549786,738.7774497595401,730.8579365155634,0.006438320885912896,5465350536,213585898946.88,0,0,0,0,0,0,3496.2,0.002261840260756598,715.3,36.35,36.66266372206554
2023-12-01,39.08,38.58,39.08,38.51,131052,507957227.32,0.36,-1.28,1.46,39.08,18.855983914230222,727.463859411002,736.891851368117,736.891851368117,726.1439405370058,-0.012794268167860778,5465350536,210853223678.88,0,0,0,0,0,0,3482.88,-0.003809850695040251,706.73,35.85,36.193591770657335
2023-12-04,38.5,39.91,40.35,38.08,408827,1619906788.05,1.12,3.45,5.88,38.58,18.855983914230222,752.5423180169281,725.9553806978636,760.8389509391895,718.0358674538868,0.03447382063245197,5465350536,218122139891.75998,0,0,0,0,0,0,3460.14,-0.006529079382579961,729.52,37.18,37.44132316140317
2023-12-05,40.21,39.3,40.55,39.27,253365,1011816989.14,0.7,-1.53,3.21,39.91,18.855983914230222,741.0401678292477,758.1991131911973,764.6101477220354,740.4744883118209,-0.015284389877223692,5465350536,214788276064.8,0,0,0,0,0,0,3394.26,-0.019039692035582312,719.07,36.57,36.869055380685154
2023-12-06,39.18,40.63,40.99,39.0,368321,1476674882.84,1.01,3.38,5.06,39.3,18.855983914230222,766.118626435174,738.7774497595401,772.9067806442969,735.3833726549786,0.03384223918575069,5465350536,222057192277.68002,0,0,0,0,0,0,3399.6,0.0015732442417493164,741.86,37.9,38.11678677143099
2023-12-07,40.43,40.88,41.06,40.12,278474,1133177959.44,0.77,0.62,2.31,40.63,18.855983914230222,770.8326224137315,762.3474296523278,774.226699518293,756.5020746389165,0.00615308885060295,5465350536,223423529911.68002,0,0,0,0,0,0,3391.28,-0.0024473467466760157,746.15,38.15,38.35132274713509
2023-12-08,40.9,40.1,41.12,40.05,211967,856676740.81,0.58,-1.91,2.62,40.88,18.855983914230222,756.124954960632,771.2097420920161,775.3580585531467,755.1821557649204,-0.019080234833659504,5465350536,219160556493.6,0,0,0,0,0,0,3399.46,0.0024120685994668545,732.78,37.37,37.61957050293829
2023-12-11,39.9,40.74,40.9,39.51,181325,731473458.11,0.5,1.6,3.47,40.1,18.855983914230222,768.1927846657393,752.3537581777858,771.2097420920161,744.9999244512361,0.015960099750623513,5465350536,222658380836.64,0,0,0,0,0,0,3419.45,0.0058803457019642735,743.75,38.01,38.21998260074079
2023-12-12,40.74,40.47,40.88,40.0,114768,463273620.41,0.32,-0.66,2.16,40.74,18.855983914230222,763.101669008897,768.1927846657393,770.8326224137315,754.2393565692089,-0.006627393225331457,5465350536,221182736191.91998,0,0,0,0,0,0,3426.8,0.002149468481773553,739.12,37.74,37.96668374698036
2023-12-13,40.44,39.99,40.59,39.89,147864,593065009.83,0.41,-1.19,1.73,40.47,18.855983914230222,754.0507967300666,762.5359894914701,765.3643870786048,752.1651983386436,-0.011860637509266025,5465350536,218559367934.64,0,0,0,0,0,0,3369.61,-0.01668903933699084,730.9,37.26,37.51637467362848
2023-12-14,40.28,39.47,40.39,38.21,292129,1146260522.04,0.8,-1.3,5.45,39.99,18.855983914230222,744.2456850946669,759.5190320651934,761.5931902957587,720.4871453627368,-0.01300325081270326,5465350536,215717385655.91998,0,0,0,0,0,0,3351.96,-0.005237994901487131,721.99,36.74,37.028539844163944
2023-12-15,39.55,39.39,39.68,38.9,153032,602627019.95,0.42,-0.2,1.98,39.47,18.855983914230222,742.7372063815285,745.7541638078052,748.2054417166552,733.4977742635556,-0.002026855839878383,5465350536,215280157613.04,0,0,0,0,0,0,3341.55,-0.003105645652096034,720.61,36.66,36.95348833193864
2023-12-18,39.3,39.97,40.33,39.11,170170,678575835.38,0.47,1.47,3.1,39.39,18.855983914230222,753.673677051782,741.0401678292477,760.4618312609049,737.457530885544,0.014724549378014595,5465350536,218450060923.91998,0,0,0,0,0,0,3329.37,-0.003645015037931576,730.55,37.24,37.497611795572155
2023-12-19,39.8,39.81,40.07,39.36,96826,385008046.06,0.27,-0.4,1.78,39.97,18.855983914230222,750.6567196255052,750.4681597863628,755.559275443205,742.1715268641016,-0.004003002251688703,5465350536,217575604838.16,0,0,0,0,0,0,3334.04,0.0014026677719809477,727.81,37.08,37.347508771121525
2023-12-20,39.82,39.2,39.96,39.03,128424,506355061.09,0.35,-1.53,2.34,39.81,18.855983914230222,739.1545694378248,750.8452794646474,753.4851172126397,735.9490521724056,-0.015322783220296343,5465350536,214241741011.2,0,0,0,0,0,0,3297.5,-0.010959676548571662,717.36,36.47,36.77524099040352
2023-12-21,39.01,39.51,39.68,38.42,168394,658559071.24,0.46,0.79,3.21,39.2,18.855983914230222,744.9999244512361,735.5719324941209,748.2054417166552,724.4469019847252,0.007908163265305967,5465350536,215935999677.36,0,0,0,0,0,0,3330.87,0.010119787717968176,722.67,36.78,37.0660656002766
2023-12-22,39.5,39.91,40.29,39.28,159041,635230652.67,0.44,1.01,2.56,39.51,18.855983914230222,752.5423180169281,744.8113646120938,759.7075919043357,740.6630481509632,0.010124019235636439,5465350536,218122139891.75998,0,0,0,0,0,0,3337.23,0.0019094110547694942,729.52,37.18,37.44132316140317
2023-12-25,39.9,39.68,40.05,39.01,122518,483200071.95,0.34,-0.58,2.61,39.91,18.855983914230222,748.2054417166552,752.3537581777858,755.1821557649204,735.5719324941209,-0.005762966675018744,5465350536,216865109268.48,0,0,0,0,0,0,3347.45,0.00306242003098367,725.58,36.95,37.22555006375539
2023-12-26,39.52,39.46,39.8,39.3,92347,365287368.81,0.25,-0.55,1.26,39.68,18.855983914230222,744.0571252555246,745.1884842903785,750.4681597863628,741.0401678292477,-0.005544354838709631,5465350536,215662732150.56,0,0,0,0,0,0,3324.79,-0.006769331879490359,721.81,36.73,37.019158405135784
2023-12-27,39.5,40.98,40.99,39.5,316470,1280698494.97,0.87,3.85,3.78,39.46,18.855983914230222,772.7182208051545,744.8113646120938,772.9067806442969,744.8113646120938,0.03852002027369483,5465350536,223970064965.27997,0,0,0,0,0,0,3336.36,0.0034799190324803497,747.86,38.25,38.44513713741673
2023-12-28,40.97,40.78,41.08,40.52,180779,738088220.24,0.5,-0.49,1.37,40.98,18.855983914230222,768.9470240223085,772.5296609660122,774.6038191965775,764.0444682046086,-0.0048804294777939905,5465350536,222876994858.08002,0,0,0,0,0,0,3414.54,0.02343272308743649,744.43,38.05,38.25750835685345
2023-12-29,40.8,41.18,41.66,40.6,210171,862967865.72,0.58,0.98,2.6,40.78,18.855983914230222,776.4894175880006,769.324143700593,785.540289866831,765.552946917747,0.009808729769494873,5465350578,225063136802.04,0,0,0,0,0,0,3431.11,0.004852776655127844,751.29,38.45,38.63276591798002
2024-01-02,41.18,41.5,41.86,40.9,173243,718078086.45,0.48,0.78,2.33,41.18,18.855983914230222,782.5233324405542,776.4894175880006,789.3114866496771,771.2097420920161,0.007770762506071005,5465350578,226812048987.0,0,0,0,0,0,0,3386.35,-0.013045341012092315,756.77,38.77,38.93297196688127
2024-01-03,41.5,41.07,42.05,40.77,151424,623769724.8,0.42,-1.04,3.08,41.5,18.855983914230222,774.4152593574353,782.5233324405542,792.8941235933808,768.7584641831662,-0.010361445783132472,5465350578,224461948238.46,0,0,0,0,0,0,3378.3,-0.00237719078063392,749.4,38.34,38.52957008867021
2024-01-04,40.9,40.96,41.19,40.64,131036,536174340.59,0.36,-0.27,1.34,41.07,18.855983914230222,772.34110112687,771.2097420920161,776.6779774271428,766.3071862743162,-0.0026783540297053987,5465350578,223860759674.88,0,0,0,0,0,0,3347.05,-0.00925021460497888,747.52,38.23,38.42637425936041
2024-01-05,41.0,40.44,41.0,40.2,161091,654743944.65,0.44,-1.27,1.95,40.96,18.855983914230222,762.5359894914701,773.0953404834391,773.0953404834391,758.010553352055,-0.012695312500000111,5465350578,221018777374.31998,0,0,0,0,0,0,3329.11,-0.005359943831134917,738.61,37.71,37.93853942989586
2024-01-08,40.4,39.07,40.64,39.07,253565,1002625253.25,0.7,-3.39,3.88,40.44,18.855983914230222,736.7032915289748,761.7817501349009,766.3071862743162,736.7032915289748,-0.03387734915924823,5465350578,213531247082.46,0,0,0,0,0,0,3286.06,-0.012931384063608609,715.13,36.34,36.65328228303738
2024-01-09,39.06,38.65,39.17,38.6,174491,678445630.25,0.48,-1.07,1.46,39.07,18.855983914230222,728.7837782849981,736.5147316898325,738.5888899203978,727.8409790892866,-0.010749936012285688,5465350578,211235799839.69998,0,0,0,0,0,0,3292.5,0.001959793795609288,707.93,35.92,36.25926184385448
2024-01-10,38.63,36.73,38.84,35.25,600640,2200945357.6,1.65,-4.97,9.29,38.65,18.855983914230222,692.580289169676,728.4066586067136,732.366415228702,664.6734329766153,-0.04967658473479952,5465350578,200742326729.93997,0,0,0,0,0,0,3277.13,-0.004668185269551928,675.03,34.0,34.45802555044696
2024-01-11,36.49,36.92,37.96,36.49,385069,1442995015.55,1.06,0.52,4.0,36.73,18.855983914230222,696.1629261133799,688.0548530302608,715.7731493841793,688.0548530302608,0.005172883201742584,5465350578,201780743339.76,0,0,0,0,0,0,3295.67,0.0056573892399751635,678.29,34.19,34.63627289198209
2024-01-12,36.76,37.71,38.11,36.35,239388,900464879.24,0.66,2.14,4.77,36.92,18.855983914230222,711.0591534056217,693.1459686871029,718.6015469713137,685.4150152822687,0.02139761646803895,5465350578,206098370296.38,0,0,0,0,0,0,3284.17,-0.0034894270360806834,691.83,34.98,35.377406575207054
2024-01-15,37.52,37.03,38.12,36.95,187483,698017609.22,0.52,-1.8,3.1,37.71,18.855983914230222,698.2370843439452,707.476516461918,718.790106810456,696.7286056308068,-0.018032352161230447,5465350578,202381931903.34,0,0,0,0,0,0,3280.92,-0.0009895955446885818,680.17,34.3,34.73946872129189
2024-01-16,36.85,37.57,37.79,36.85,203958,765154165.0,0.56,1.46,2.54,37.03,18.855983914230222,708.4193156576295,694.8430072393837,712.5676321187601,694.8430072393837,0.014582770726438099,5465350578,205333221215.46,0,0,0,0,0,0,3300.88,0.006083659461370683,689.43,34.84,35.24606642881275
2024-01-17,37.45,36.74,38.15,36.72,190787,708228641.89,0.52,-2.21,3.81,37.57,18.855983914230222,692.7688490088184,706.1565975879219,719.3557863278829,692.3917293305337,-0.022092094756454572,5465350578,200796980235.72,0,0,0,0,0,0,3229.08,-0.02175177528416672,675.2,34.01,34.46740698947513
2024-01-18,36.65,37.12,37.29,35.69,255484,927214912.12,0.7,1.03,4.35,36.74,18.855983914230222,699.9341228962259,691.0718104565376,703.1396401616449,672.9700658988766,0.010342950462710832,5465350578,202873813455.36,0,0,0,0,0,0,3274.73,0.014137153616510023,681.72,34.39,34.82390167254537
2024-01-19,37.1,36.73,37.39,36.5,161373,593825959.21,0.44,-1.05,2.4,37.12,18.855983914230222,692.580289169676,699.5570032179413,705.025238553068,688.2434128694031,-0.010506465517241437,5465350578,200742326729.93997,0,0,0,0,0,0,3269.78,-0.0015115750000762596,675.03,34.0,34.45802555044696
2024-01-22,36.78,35.86,36.9,35.5,222519,808007969.7,0.61,-2.37,3.81,36.73,18.855983914230222,676.1755831642957,693.5230883653876,695.7858064350952,669.3874289551729,-0.023686359923767997,5465350578,195987471727.08,0,0,0,0,0,0,3218.9,-0.015560679923419918,660.12,33.13,33.64184035499668
2024-01-23,35.76,35.83,36.1,35.41,167030,596971343.3,0.46,-0.08,1.92,35.86,18.855983914230222,675.6099036468688,674.2899847728727,680.7010193037111,667.6903904028921,-0.0008365867261572735,5465350578,195823511209.74,0,0,0,0,0,0,3231.93,0.004047966696697491,659.61,33.1,33.61369603791219
2024-01-24,36.23,35.87,36.3,34.87,198216,702929532.13,0.55,0.11,3.99,35.83,18.855983914230222,676.364143003438,683.1522972125609,684.4722160865571,657.5081590892078,0.0011163829193412411,5465350578,196042125232.86,0,0,0,0,0,0,3277.11,0.013979263164734412,660.3,33.14,33.65122179402484
2024-01-25,36.03,36.03,36.14,35.49,181987,653519331.49,0.5,0.45,1.81,35.87,18.855983914230222,679.3811004297149,679.3811004297149,681.4552586602803,669.1988691160307,0.004460551993309192,5465350578,196916581325.34,0,0,0,0,0,0,3342.92,0.020081718343296417,663.04,33.3,33.80132481847548
2024-01-26,35.71,35.7,36.03,34.8,253904,900326953.93,0.7,-0.92,3.41,36.03,18.855983914230222,673.1586257380189,673.3471855771612,679.3811004297149,656.1882402152116,-0.009159034138218058,5465350578,195113015634.6,0,0,0,0,0,0,3333.82,-0.002722171036100174,657.38,32.97,33.49173733054606
2024-01-29,35.7,35.97,36.6,35.6,220665,798617171.17,0.61,0.76,2.8,35.7,18.855983914230222,678.2497413948611,673.1586257380189,690.1290112608261,671.273027346596,0.007563025210084007,5465350578,196588660290.66,0,0,0,0,0,0,3303.96,-0.008956692322920845,662.01,33.24,33.745036184306485
2024-01-30,35.9,35.62,36.5,35.54,180579,648318560.15,0.5,-0.97,2.67,35.97,18.855983914230222,671.6501470248804,676.929822520865,688.2434128694031,670.1416683117421,-0.009730330831248302,5465350578,194675787588.36,0,0,0,0,0,0,3245.04,-0.017833145679729823,656.01,32.89,33.41668581832074
2024-01-31,35.15,35.25,35.65,34.58,209741,739091624.49,0.58,-1.04,3.0,35.62,18.855983914230222,664.6734329766153,662.7878345851923,672.2158265423074,652.0399237540811,-0.010387422796181878,5465350578,192653607874.5,0,0,0,0,0,0,3215.35,-0.009149347927914664,649.67,32.52,33.069572574278666
2024-02-01,35.15,35.22,35.7,34.82,203632,717214844.5,0.56,-0.09,2.5,35.25,18.855983914230222,664.1077534591884,662.7878345851923,673.1586257380189,656.5653598934963,-0.0008510638297872797,5465350578,192489647357.16,0,0,0,0,0,0,3217.71,0.0007339791935558893,649.16,32.49,33.04142825719418
2024-02-02,35.1,35.34,36.2,34.51,300539,1068436284.16,0.83,0.34,4.8,35.22,18.855983914230222,666.3704715288961,661.8450353894808,682.5866176951341,650.720004880085,0.0034071550255538874,5465350578,193145489426.52002,0,0,0,0,0,0,3179.63,-0.011834503420134146,651.21,32.61,33.15400552553215
2024-02-05,35.0,35.7,36.0,34.24,307160,1083524600.19,0.84,1.02,4.98,35.34,18.855983914230222,673.1586257380189,659.9594369980578,678.815420912288,645.6288892232428,0.010186757215619568,5465350578,195113015634.6,0,0,0,0,0,0,3200.42,0.006538496617531031,657.38,32.97,33.49173733054606
2024-02-06,35.5,37.01,37.1,35.3,288957,1055019957.71,0.79,3.67,5.04,35.7,18.855983914230222,697.8599646656605,669.3874289551729,699.5570032179413,665.6162321723268,0.03669467787114833,5465350578,202272624891.78,0,0,0,0,0,0,3311.69,0.03476731179032755,679.83,34.28,34.720705843235564
2024-02-07,37.0,37.48,37.5,36.4,270079,1001099849.49,0.74,1.27,2.97,37.01,18.855983914230222,706.7222771053487,697.6714048265183,707.0993967836333,686.35781447798,0.012699270467441126,5465350620,204841341237.59998,0,0,0,0,0,0,3343.63,0.009644622534114022,687.88,34.75,35.16163347755928
2024-02-08,37.28,37.81,38.01,37.12,217016,814496335.39,0.6,0.88,2.37,37.48,18.855983914230222,712.9447517970448,702.9510803225027,716.7159485798907,699.9341228962259,0.008804695837780319,5465350620,206644906942.2,0,0,0,0,0,0,3364.93,0.006370322075109902,693.54,35.08,35.4712209654887
2024-02-19,37.9,37.4,38.11,36.81,222473,829516170.22,0.61,-1.08,3.44,37.81,18.855983914230222,705.2137983922103,714.6417903493254,718.6015469713137,694.0887678828145,-0.010843692144935302,5465350620,204404113188.0,0,0,0,0,0,0,3403.81,0.011554475130240549,686.51,34.67,35.08658196533396
2024-02-20,37.27,38.3,38.4,36.92,185897,704443036.03,0.51,2.41,3.96,37.4,18.855983914230222,722.1841839150175,702.7625204833604,724.0697823064405,696.1629261133799,0.024064171122994527,5465350620,209322928745.99997,0,0,0,0,0,0,3410.85,0.002068270555642071,701.94,35.57,35.93091147786873
2024-02-21,38.27,38.45,38.8,38.0,177628,685364228.55,0.49,0.39,2.09,38.3,18.855983914230222,725.0125815021521,721.6185043975906,731.6121758721325,716.5273887407484,0.003916449086162066,5465350620,210142731339.00003,0,0,0,0,0,0,3456.87,0.013492238005189394,704.51,35.72,36.0716330632912
2024-02-22,38.33,38.46,38.61,38.13,103595,397821537.68,0.28,0.03,1.25,38.45,18.855983914230222,725.2011413412944,722.7498634324444,728.0295389284289,718.9786666495984,0.0002600780234069955,5465350620,210197384845.2,0,0,0,0,0,0,3486.67,0.008620515090240755,704.68,35.73,36.08101450231937
2024-02-23,38.55,38.38,38.65,38.07,115949,443613465.49,0.32,-0.21,1.51,38.46,18.855983914230222,723.692662628156,726.898179893575,728.7837782849981,717.8473076147445,-0.002080083203328087,5465350620,209760156795.6,0,0,0,0,0,0,3489.74,0.0008804962901565183,703.31,35.65,36.005962990094055
2024-02-26,38.15,38.12,38.5,37.83,144879,553050840.99,0.4,-0.68,1.75,38.38,18.855983914230222,718.790106810456,719.3557863278829,725.9553806978636,713.3218714753293,-0.006774361646691096,5465350620,208339165634.4,0,0,0,0,0,0,3453.36,-0.010424845403955496,698.85,35.39,35.76204557536178
2024-02-27,37.98,38.86,39.26,37.94,167450,649955221.07,0.46,1.94,3.46,38.12,18.855983914230222,732.7435349069864,716.1502690624637,740.2859284726785,715.3960297058946,0.01941238195173134,5465350620,212383525093.19998,0,0,0,0,0,0,3494.79,0.011997011606087904,711.53,36.13,36.45627206344593
2024-02-28,38.98,38.25,38.98,38.22,168124,647835620.57,0.46,-1.57,1.96,38.86,18.855983914230222,721.241384719306,735.006252976694,735.006252976694,720.675705201879,-0.015697375193000518,5465350620,209049661215.0,0,0,0,0,0,0,3450.26,-0.012741824258395984,701.08,35.52,35.884004282727915
2024-02-29,38.24,38.49,38.66,38.16,150841,579465605.55,0.41,0.63,1.31,38.25,18.855983914230222,725.7668208587213,721.0528248801637,728.9723381241404,719.5443461670252,0.006274509803921635,5465350620,210361345363.80002,0,0,0,0,0,0,3516.08,0.019076823195933068,705.19,35.76,36.10915881940386
2024-03-01,38.5,38.17,38.5,37.59,237382,900418053.91,0.65,-0.83,2.36,38.49,18.855983914230222,719.7329060061676,725.9553806978636,725.9553806978636,708.7964353359141,-0.008313847752663084,5465350620,208612433165.40002,0,0,0,0,0,0,3537.8,0.006177333849059163,699.71,35.44,35.80895277050261
2024-03-04,38.17,37.71,38.17,37.52,215723,814624558.38,0.59,-1.21,1.7,38.17,18.855983914230222,711.0591534056217,719.7329060061676,719.7329060061676,707.476516461918,-0.012051349227141794,5465350620,206098371880.2,0,0,0,0,0,0,3540.87,0.0008677709310871418,691.83,34.98,35.377406575207054
2024-03-05,37.5,39.0,39.1,37.5,317524,1229855474.99,0.87,3.42,4.24,37.71,18.855983914230222,735.3833726549786,707.0993967836333,737.2689710464017,707.0993967836333,0.0342084327764518,5465350620,213148674180.0,0,0,0,0,0,0,3565.51,0.006958741778150701,713.93,36.27,36.58761220984023
2024-03-06,38.85,39.18,39.26,38.61,156614,609588626.54,0.43,0.46,1.67,39.0,18.855983914230222,738.7774497595401,732.5549750678441,740.2859284726785,728.0295389284289,0.004615384615384688,5465350620,214132437291.6,0,0,0,0,0,0,3551.05,-0.004055520809084778,717.02,36.45,36.75647811234718
2024-03-07,39.28,39.45,39.84,39.0,238832,941393459.38,0.66,0.69,2.14,39.18,18.855983914230222,743.8685654163824,740.6630481509632,751.2223991429321,735.3833726549786,0.006891271056661541,5465350620,215608081959.00003,0,0,0,0,0,0,3529.72,-0.006006674082313812,721.64,36.72,37.00977696610762
2024-03-08,39.15,39.1,39.43,38.81,132078,515839492.73,0.36,-0.89,1.57,39.45,18.855983914230222,737.2689710464017,738.2117702421132,743.4914457380977,731.800735711275,-0.008871989860583018,5465350691,213695212018.1,0,0,0,0,0,0,3544.91,0.004303457498045171,715.64,36.37,36.681426600121874
2024-03-11,39.09,40.0,40.1,39.05,200615,797740135.0,0.55,2.3,2.69,39.1,18.855983914230222,754.2393565692089,737.0804112072594,756.124954960632,736.3261718506901,0.023017902813299296,5465350691,218614027640.0,0,0,0,0,0,0,3589.26,0.01251089590426857,731.07,37.27,37.525756112656644
2024-03-12,39.96,40.1,40.15,39.4,185392,737866797.25,0.51,0.25,1.88,40.0,18.855983914230222,756.124954960632,753.4851172126397,757.0677541563434,742.9257662206708,0.0024999999999999467,5465350691,219160562709.1,0,0,0,0,0,0,3597.49,0.0022929517504999275,732.78,37.37,37.61957050293829
2024-03-13,40.0,39.01,40.14,38.96,208149,819320863.05,0.57,-2.72,2.94,40.1,18.855983914230222,735.5719324941209,754.2393565692089,756.8791943172012,734.6291332984094,-0.027182044887780643,5465350691,213203330455.91,0,0,0,0,0,0,3572.36,-0.006985425949759372,714.1,36.28,36.59699364886839
2024-03-14,38.98,38.44,39.22,38.41,141584,547694202.55,0.39,-1.46,2.08,39.01,18.855983914230222,724.8240216630097,735.006252976694,739.5316891161093,724.2583421455828,-0.014611638041527875,5465350691,210088080562.03998,0,0,0,0,0,0,3562.22,-0.002838459729702536,704.34,35.71,36.062251624263034
2024-03-15,38.44,38.4,38.75,38.19,126477,485484381.91,0.35,-0.1,1.46,38.44,18.855983914230222,724.0697823064405,724.8240216630097,730.6693766764212,720.1100256844521,-0.0010405827263266776,5465350691,209869466534.4,0,0,0,0,0,0,3569.99,0.0021812240681373662,703.65,35.67,36.02472586815038
2024-03-18,38.49,38.56,38.69,37.65,225725,863090732.98,0.62,0.42,2.71,38.4,18.855983914230222,727.0867397327174,725.7668208587213,729.5380176415673,709.9277943707679,0.004166666666666874,5465350691,210743922644.96002,0,0,0,0,0,0,3603.53,0.009394984299676112,706.39,35.83,36.17482889260101
2024-03-19,38.82,40.48,40.73,38.72,503682,2014471176.94,1.39,4.98,5.21,38.56,18.855983914230222,763.2902288480393,731.9892955504172,768.0042248265969,730.1036971589942,0.04979253112033177,5465350691,221237395971.68,0,0,0,0,0,0,3577.63,-0.0071873968025797375,739.29,37.75,37.97606518600852
2024-03-20,40.19,41.04,41.71,40.05,331403,1357864977.56,0.91,1.38,4.1,40.48,18.855983914230222,773.8495798400083,757.8219935129126,786.4830890625426,755.1821557649204,0.013833992094861802,5465350691,224297992358.63998,0,0,0,0,0,0,3585.38,0.002166238543393151,748.89,38.31,38.50142577158572
2024-03-21,41.04,42.7,42.97,41.03,488546,2074715552.75,1.34,4.04,4.73,41.04,18.855983914230222,805.1505131376306,773.8495798400083,810.2416287944726,773.6610200008661,0.04044834307992207,5465350691,233370474505.7,0,0,0,0,0,0,3581.09,-0.0011965258912584043,777.33,39.97,40.05874465026098
2024-03-22,42.71,42.25,42.89,41.65,342586,1444459463.54,0.94,-1.05,2.9,42.7,18.855983914230222,796.6653203762269,805.3390729767729,808.7331500813342,785.3517300276887,-0.010538641686182681,5465350691,230911066694.75,0,0,0,0,0,0,3545.0,-0.010077937164382988,769.62,39.52,39.636579893993584
2024-03-25,42.25,42.17,42.5,41.86,222455,939790335.09,0.61,-0.19,1.51,42.25,18.855983914230222,795.1568416630885,796.6653203762269,801.3793163547845,789.3114866496771,-0.0018934911242602936,5465350691,230473838639.47,0,0,0,0,0,0,3525.76,-0.005427362482369524,768.25,39.44,39.56152838176827
2024-03-26,42.22,42.15,43.16,41.94,264851,1124849252.04,0.72,-0.05,2.89,42.17,18.855983914230222,794.7797219848038,796.0996408588,813.8242657381763,790.8199653628155,-0.000474270808631827,5465350691,230364531625.65,0,0,0,0,0,0,3543.75,0.005102445997458682,767.91,39.42,39.54276550371194
2024-03-27,42.07,42.27,42.98,41.8,296741,1258894823.12,0.81,0.28,2.8,42.15,18.855983914230222,797.0424400545115,793.2712432716654,810.4301886336149,788.1801276148233,0.00284697508896814,5465350691,231020373708.57,0,0,0,0,0,0,3502.79,-0.011558377425044064,769.97,39.54,39.65534277204991
2024-03-28,42.15,42.05,42.67,41.8,251707,1061315440.1,0.69,-0.52,2.06,42.27,18.855983914230222,792.8941235933808,794.7797219848038,804.5848336202037,788.1801276148233,-0.005204636858292089,5465350691,229817996556.55,0,0,0,0,0,0,3520.96,0.005187293557421313,766.2,39.32,39.4489511134303
2024-03-29,42.05,43.15,43.15,41.78,311546,1333095091.56,0.85,2.62,3.26,42.05,18.855983914230222,813.6357058990341,792.8941235933808,813.6357058990341,787.8030079365387,0.026159334126040434,5465350691,235829882316.65,0,0,0,0,0,0,3537.48,0.004691902208488585,785.05,40.42,40.480909406528355
2024-04-01,43.14,44.64,44.84,43.04,395879,1754186246.72,1.08,3.45,4.17,43.15,18.855983914230222,841.7311219312371,813.4471460598918,845.5023187140832,811.5615476684687,0.03453070683661652,5465350691,243973254846.24,0,0,0,0,0,0,3595.65,0.01644390922351513,810.58,41.91,41.87874382172482
2024-04-02,44.5,44.33,44.71,43.64,239535,1061611861.94,0.65,-0.69,2.4,44.64,18.855983914230222,835.8857669178258,839.0912841832449,843.0510408052332,822.8751380170069,-0.006944444444444531,5465350691,242278996132.03,0,0,0,0,0,0,3580.68,-0.004163364064911801,805.27,41.6,41.58791921185173
2024-04-03,44.1,45.26,45.58,44.1,316459,1430505256.34,0.86,2.1,3.34,44.33,18.855983914230222,853.4218319580598,831.5488906175528,859.4557468106135,831.5488906175528,0.020979020979021046,5465350691,247361772274.66,0,0,0,0,0,0,3567.8,-0.0035970821184801993,821.2,42.53,42.460393041470994
2024-04-08,45.0,44.89,45.38,44.48,293214,1317545233.21,0.8,-0.82,1.99,45.26,18.855983914230222,846.4451179097947,848.51927614036,855.6845500277675,838.7141645049602,-0.008174988952717621,5465350691,245339592518.99,0,0,0,0,0,0,3536.41,-0.008798138909131725,814.86,42.16,42.11327979742892
2024-04-09,44.71,44.37,44.78,43.9,250117,1107042176.21,0.68,-1.16,1.96,44.89,18.855983914230222,836.6400062743949,843.0510408052332,844.3709596792294,827.7776938347067,-0.011583871686344449,5465350691,242497610159.66998,0,0,0,0,0,0,3533.49,-0.0008256961155522768,805.95,41.64,41.62544496796438
2024-04-10,44.37,43.99,44.88,43.75,200503,887332562.47,0.55,-0.86,2.55,44.37,18.855983914230222,829.4747323869875,836.6400062743949,846.2565580706524,824.9492962475722,-0.008564345278341157,5465350691,240420776897.09,0,0,0,0,0,0,3504.71,-0.008144921876105382,799.44,41.26,41.268950284894146
2024-04-11,43.6,43.14,43.94,42.97,303191,1312340188.99,0.83,-1.93,2.21,43.99,18.855983914230222,813.4471460598918,822.1208986604378,828.5319331912759,810.2416287944726,-0.019322573312116398,5465350691,235775228809.74,0,0,0,0,0,0,3504.24,-0.0001341052469392423,784.87,40.41,40.471527967500194
2024-04-12,43.13,42.18,43.41,42.0,330417,1407340339.89,0.9,-2.23,3.27,43.14,18.855983914230222,795.3454015022307,813.2585862207495,818.5382617167339,791.9513243976694,-0.022253129346314293,5465350691,230528492146.38,0,0,0,0,0,0,3475.84,-0.008104467730520648,768.42,39.45,39.57090982079643
2024-04-15,41.92,42.48,42.97,41.92,239968,1020663204.49,0.66,0.71,2.49,42.18,18.855983914230222,801.0021966764998,790.442845684531,810.2416287944726,790.442845684531,0.007112375533428139,5465350691,232168097353.68,0,0,0,0,0,0,3549.08,0.02107116553120969,773.56,39.75,39.852352991641354
2024-04-16,42.19,42.82,43.55,42.18,255623,1097933941.62,0.7,0.8,3.23,42.48,18.855983914230222,807.4132312073381,795.533961341373,821.1780994647261,795.3454015022307,0.008003766478342778,5465350691,234026316588.62,0,0,0,0,0,0,3511.11,-0.010698547229140987,779.39,40.09,40.171321918598935
2024-04-17,42.83,43.04,43.5,42.43,203480,872570288.05,0.56,0.51,2.5,42.82,18.855983914230222,811.5615476684687,807.6017910464803,820.2353002690147,800.0593974807883,0.005137786081270468,5465350691,235228693740.63998,0,0,0,0,0,0,3565.4,0.015462346665299664,783.16,40.31,40.37771357721855
2024-04-18,42.88,43.58,44.09,42.45,237200,1034570670.96,0.65,1.25,3.81,43.04,18.855983914230222,821.743778982153,808.5445902421919,831.3603307784106,800.436517159073,0.012546468401486877,5465350691,238179983113.78,0,0,0,0,0,0,3569.8,0.0012340831323274237,792.41,40.85,40.88431128473941
2024-04-19,43.58,43.48,43.94,42.92,172691,750213156.26,0.47,-0.23,2.34,43.58,18.855983914230222,819.8581805907301,821.743778982153,828.5319331912759,809.2988295987611,-0.0022946305644792053,5465350691,237633448044.68,0,0,0,0,0,0,3541.66,-0.007882794554316841,790.7,40.75,40.790496894457775
2024-04-22,43.6,45.16,45.85,43.52,386577,1742882573.33,1.06,3.86,5.36,43.48,18.855983914230222,851.5362335666367,822.1208986604378,864.5468624674558,820.6124199472994,0.03863845446182146,5465350691,246815237205.55997,0,0,0,0,0,0,3530.9,-0.003038123365879164,819.49,42.43,42.36657865118935
2024-04-23,45.16,44.99,45.58,44.85,220672,996170428.45,0.6,-0.38,1.62,45.16,18.855983914230222,848.3307163012178,851.5362335666367,859.4557468106135,845.6908785532255,-0.0037643932683789627,5465352559,245886211629.41,0,0,0,0,0,0,3506.22,-0.0069897193350138,816.58,42.26,42.20709418771057
2024-04-24,45.18,44.2,45.18,43.85,207511,917554271.52,0.57,-1.76,2.96,44.99,18.855983914230222,833.4344890089759,851.9133532449215,851.9133532449215,826.8348946389953,-0.017559457657257194,5465352559,241568583107.80002,0,0,0,0,0,0,3521.62,0.004392194443018527,803.04,41.47,41.4659605044856
2024-04-25,43.93,44.3,44.5,43.6,167814,739692338.01,0.46,0.23,2.04,44.2,18.855983914230222,835.3200874003988,828.3433733521337,839.0912841832449,822.1208986604378,0.002262443438913797,5465352559,242115118363.69998,0,0,0,0,0,0,3530.28,0.002459095529898203,804.75,41.57,41.55977489476724
2024-04-26,44.29,44.44,44.96,44.06,200028,890013956.96,0.55,0.32,2.03,44.3,18.855983914230222,837.959925148391,835.1315275612566,847.7650367837908,830.7946512609836,0.0031602708803610824,5465352559,242880267721.96,0,0,0,0,0,0,3584.27,0.015293404489162166,807.15,41.71,41.69111504116153
2024-04-29,44.12,43.62,44.4,43.62,250587,1101244413.87,0.68,-1.85,1.76,44.44,18.855983914230222,822.4980183387222,831.9260102958374,837.2056857918218,822.4980183387222,-0.01845184518451848,5465352559,238398678623.58,0,0,0,0,0,0,3623.91,0.011059434696604864,793.1,40.89,40.92183704085207
2024-04-30,43.5,43.62,44.45,43.43,177770,781065760.91,0.49,0.0,2.34,43.62,18.855983914230222,822.4980183387222,820.2353002690147,838.1484849875335,818.9153813950186,0.0,5465352559,238398678623.58,0,0,0,0,0,0,3604.39,-0.005386447235168679,793.1,40.89,40.92183704085207
2024-05-06,44.4,44.2,44.49,43.35,226546,998003889.14,0.62,1.33,2.61,43.62,18.855983914230222,833.4344890089759,837.2056857918218,838.9027243441026,817.4069026818802,0.01329665291150861,5465352559,241568583107.80002,0,0,0,0,0,0,3657.88,0.014840236489392256,803.04,41.47,41.4659605044856
2024-05-07,44.4,45.11,45.4,44.03,328366,1474936371.11,0.9,2.06,3.1,44.2,18.855983914230222,850.5934343709254,837.2056857918218,856.061669706052,830.2289717435567,0.020588235294117574,5465352559,246542053936.49,0,0,0,0,0,0,3659.01,0.000308922107887577,818.63,42.38,42.31967145604853
2024-05-08,45.03,46.83,47.16,44.6,538807,2499336135.68,1.47,3.81,5.68,45.11,18.855983914230222,883.0257267034012,849.084955657787,889.2482013950972,840.9768825746679,0.03812901795610735,5465352559,255942460337.97,0,0,0,0,0,0,3630.22,-0.007868248515308873,848.11,44.1,43.933278968892765
2024-05-09,46.7,46.95,47.09,46.38,275390,1289352668.53,0.75,0.26,1.52,46.83,18.855983914230222,885.288444773109,880.5744487945515,887.9282825211012,874.5405339419978,0.002562459961563235,5465352559,256598302645.05002,0,0,0,0,0,0,3664.56,0.009459481794491742,850.16,44.22,44.04585623723074
2024-05-10,46.84,47.29,47.89,46.66,280516,1325043081.07,0.77,0.72,2.62,46.95,18.855983914230222,891.6994793039472,883.2142865425437,903.0130696524853,879.8202094379822,0.007241746538870997,5465352559,258456522515.11,0,0,0,0,0,0,3666.28,0.00046936057807767106,855.99,44.56,44.36482516418832
2024-05-13,46.3,47.68,47.94,46.07,446242,2113438899.3,1.22,0.82,3.95,47.29,18.855983914230222,899.053313030497,873.0320552288592,903.9558688481968,868.6951789285863,0.008246986677944657,5465352559,260588010013.12,0,0,0,0,0,0,3664.69,-0.0004336820973848132,862.67,44.95,44.73070128628672
2024-05-14,47.45,47.68,48.38,47.12,315647,1504976955.99,0.86,0.0,2.64,47.68,18.855983914230222,899.053313030497,894.7164367302241,912.2525017704583,888.493962038528,0.0,5465352559,260588010013.12,0,0,0,0,0,0,3657.05,-0.0020847602389287845,862.67,44.95,44.73070128628672
2024-05-15,47.68,46.68,48.19,46.63,236176,1110519618.98,0.65,-2.1,3.27,47.68,18.855983914230222,880.1973291162668,899.053313030497,908.6698648267544,879.2545299205553,-0.02097315436241609,5465352559,255122657454.12,0,0,0,0,0,0,3626.06,-0.00847404328625534,845.54,43.95,43.79255738347031
2024-05-16,47.0,46.83,47.17,46.35,148056,693905779.48,0.4,0.32,1.76,46.68,18.855983914230222,883.0257267034012,886.2312439688204,889.4367612342396,873.9748544245708,0.0032133676092545027,5465352559,255942460337.97,0,0,0,0,0,0,3640.36,0.003943674401416519,848.11,44.1,43.933278968892765
2024-05-17,46.83,47.69,47.74,46.76,268055,1271496228.05,0.73,1.84,2.09,46.83,18.855983914230222,899.2418728696392,883.0257267034012,900.1846720653508,881.7058078294052,0.018364296391202295,5465352559,260642663538.71,0,0,0,0,0,0,3677.97,0.010331395796020049,862.84,44.96,44.740082725314885
2024-05-20,47.68,49.35,49.84,47.6,406619,1998791681.15,1.11,3.48,4.7,47.69,18.855983914230222,930.5428061672615,899.053313030497,939.7822382852344,897.5448343173587,0.0348081358775425,5465352559,269715148786.65,0,0,0,0,0,0,3690.96,0.003531839574548057,891.29,46.62,46.29740160399014
2024-05-21,49.18,49.12,50.07,48.79,238893,1177831783.05,0.65,-0.47,2.59,49.35,18.855983914230222,926.2059298669885,927.3372889018424,944.1191145855072,919.9834551752925,-0.004660587639311098,5465352559,268458117698.08,0,0,0,0,0,0,3676.16,-0.004009796909205221,887.35,46.39,46.08162850634236
2024-05-22,49.43,48.56,49.65,48.0,278368,1349178459.06,0.76,-1.14,3.36,49.12,18.855983914230222,915.6465788750196,932.0512848803999,936.1996013415305,905.0872278830507,-0.01140065146579794,5465352559,265397520265.04,0,0,0,0,0,0,3684.45,0.0022550705083566047,877.75,45.83,45.556267920765166
2024-05-23,48.67,47.65,48.99,47.4,234006,1122599834.62,0.64,-1.87,3.27,48.56,18.855983914230222,898.48763351307,917.7207371055849,923.7546519581387,893.7736375345125,-0.018739703459637602,5465352559,260424049436.35,0,0,0,0,0,0,3641.79,-0.011578390261775762,862.16,44.92,44.70255696920223
2024-05-24,47.68,48.05,49.0,47.4,314505,1518430211.45,0.86,0.84,3.36,47.65,18.855983914230222,906.0300270787621,899.053313030497,923.9432117972809,893.7736375345125,0.008394543546694555,5465352559,262610190459.94998,0,0,0,0,0,0,3601.48,-0.011068732683652827,869.01,45.32,45.077814530328794
2024-05-27,48.22,48.46,48.59,47.22,217822,1047115343.01,0.6,0.85,2.85,48.05,18.855983914230222,913.7609804835965,909.2355443441813,916.2122583924465,890.3795604299511,0.008532778355879289,5465352559,264850985009.14,0,0,0,0,0,0,3635.71,0.0095044259582171,876.04,45.73,45.46245353048352
2024-05-28,48.5,47.96,49.29,47.5,209009,1004546667.93,0.57,-1.03,3.69,48.46,18.855983914230222,904.3329885264815,914.5152198401657,929.4114471324076,895.6592359259356,-0.010317787866281458,5465352559,262118308729.64,0,0,0,0,0,0,3609.17,-0.007299812141232431,867.47,45.23,44.99338157907532
2024-05-29,47.8,48.0,48.58,47.52,162246,780012316.11,0.44,0.08,2.21,47.96,18.855983914230222,905.0872278830507,901.3160311002046,916.0236985533041,896.0363556042203,0.0008340283569641116,5465352559,262336922832.0,0,0,0,0,0,0,3613.52,0.0012052632599739432,868.16,45.27,45.030907335187976
2024-05-30,48.26,47.41,48.47,46.9,260769,1235730416.52,0.71,-1.23,3.27,48.0,18.855983914230222,893.9621973736548,909.9897837007505,913.9495403227388,884.3456455773974,-0.0122916666666667,5465352559,259112364822.18997,0,0,0,0,0,0,3594.31,-0.005316146029356372,858.04,44.68,44.47740243252629
2024-05-31,47.34,47.15,47.55,46.7,203097,956424527.35,0.55,-0.55,1.79,47.41,18.855983914230222,889.059641555955,892.6422784996588,896.602035121647,880.5744487945515,-0.0054840750896435475,5465352559,257691373156.85,0,0,0,0,0,0,3579.92,-0.004003550055504346,853.59,44.42,44.23348501779402
2024-06-03,47.07,48.35,48.68,47.07,313725,1509635788.42,0.86,2.55,3.41,47.15,18.855983914230222,911.6868222530313,887.5511628428166,917.9092969447272,887.5511628428166,0.02545068928950167,5465352559,264249796227.65,0,0,0,0,0,0,3588.75,0.0024665355650406173,874.15,45.62,45.359257701173725
2024-06-04,48.42,48.74,48.85,47.71,233724,1131646156.42,0.64,0.81,2.36,48.35,18.855983914230222,919.0406559795811,913.0067411270275,921.1148142101464,899.6189925479239,0.008066184074457139,5465352559,266381283725.66,0,0,0,0,0,0,3615.67,0.007501219087425959,880.84,46.01,45.725133823272124
2024-06-05,48.72,48.2,48.91,47.9,154408,745394602.02,0.42,-1.11,2.07,48.74,18.855983914230222,908.8584246658968,918.6635363012964,922.2461732450001,903.2016294916276,-0.01107919573245797,5465352559,263429993343.80002,0,0,0,0,0,0,3594.79,-0.005774863303343536,871.58,45.47,45.21853611575126
2024-06-06,48.05,47.61,48.05,47.16,263336,1253197265.09,0.72,-1.22,1.85,48.2,18.855983914230222,897.7333941565008,906.0300270787621,906.0300270787621,889.2482013950972,-0.012240663900415005,5465352559,260205435333.99,0,0,0,0,0,0,3592.25,-0.0007065781311286212,861.47,44.88,44.66503121308957
2024-06-07,47.92,47.87,48.3,47.35,206730,987569015.89,0.56,0.55,2.0,47.61,18.855983914230222,902.6359499742007,903.5787491699123,910.7440230573197,892.8308383388011,0.005461037597143337,5465352559,261626426999.33,0,0,0,0,0,0,3574.11,-0.005049759899784179,865.93,45.14,44.908948627821836
2024-06-11,47.8,47.1,48.26,46.51,240893,1133994257.81,0.66,-1.61,3.66,47.87,18.855983914230222,888.1168423602435,901.3160311002046,909.9897837007505,876.9918118508476,-0.016085230833507325,5465352559,257418105528.9,0,0,0,0,0,0,3542.88,-0.00873783963000585,852.73,44.37,44.1865778226532
2024-06-12,47.1,46.8,47.59,46.61,156103,732579842.04,0.43,-0.64,2.08,47.1,18.855983914230222,882.4600471859743,888.1168423602435,897.3562744782164,878.8774102422707,-0.006369426751592466,5465352559,255778499761.19998,0,0,0,0,0,0,3544.12,0.0003499977419498812,847.59,44.07,43.90513465180827
2024-06-13,46.51,44.48,46.53,43.95,616459,2769327696.03,1.68,-4.96,5.51,46.8,18.855983914230222,838.7141645049602,876.9918118508476,877.3689315291323,828.7204930304183,-0.04957264957264962,5465352559,243098881824.31998,0,0,0,0,0,0,3526.13,-0.00507601322754303,807.84,41.75,41.72864079727419
2024-06-14,44.4,45.03,45.16,43.52,433961,1927073596.26,1.19,1.24,3.69,44.48,18.855983914230222,849.084955657787,837.2056857918218,851.5362335666367,820.6124199472994,0.012365107913669071,5465352559,246104825731.77002,0,0,0,0,0,0,3541.53,0.004367394282116743,817.26,42.3,42.244619943823224
2024-06-17,45.03,45.16,45.35,44.41,167831,754494074.18,0.46,0.29,2.09,45.03,18.855983914230222,851.5362335666367,849.084955657787,855.1188705103406,837.3942456309641,0.0028869642460580547,5465352559,246815321564.43997,0,0,0,0,0,0,3536.2,-0.0015049992517359723,819.49,42.43,42.36657865118935
2024-06-18,45.56,44.63,45.88,44.18,235766,1053207285.26,0.64,-1.17,3.76,45.16,18.855983914230222,841.5425620920948,859.078627132329,865.1125419848827,833.0573693306912,-0.011736049601417053,5465352559,243918684708.17,0,0,0,0,0,0,3545.59,0.002655392794525202,810.41,41.9,41.86936238269666
2024-06-19,44.5,44.18,44.62,44.05,148721,657789976.5,0.41,-1.01,1.28,44.63,18.855983914230222,833.0573693306912,839.0912841832449,841.3540022529525,830.6060914218413,-0.010082903876316496,5465352559,241459276056.62,0,0,0,0,0,0,3528.75,-0.004749562132113416,802.7,41.45,41.447197626429265
2024-06-20,44.12,44.45,44.95,43.71,171691,762992991.67,0.47,0.61,2.81,44.18,18.855983914230222,838.1484849875335,831.9260102958374,847.5764769446486,824.195056891003,0.006111362607514881,5465352559,242934921247.55002,0,0,0,0,0,0,3503.28,-0.0072178533475025786,807.32,41.72,41.700496480189706
2024-06-21,44.45,43.91,45.0,43.9,337951,1501546044.21,0.92,-1.21,2.47,44.45,18.855983914230222,827.966253673849,838.1484849875335,848.51927614036,827.7776938347067,-0.012148481439820169,5465352559,239983630865.68997,0,0,0,0,0,0,3495.62,-0.0021865223447741222,798.07,41.18,41.19389877266883
2024-06-24,43.77,43.65,44.13,42.79,299112,1301435938.57,0.78,-0.59,3.05,43.91,18.855983914230222,823.0636978561491,825.3264159258568,832.1145701349798,806.8475516899111,-0.005921202459576391,5465352559,238562639200.35,0,0,0,0,0,0,3476.81,-0.005381019676051757,793.61,40.92,40.949981357936565
2024-06-25,43.66,43.51,44.22,43.32,144999,634045039.63,0.38,-0.32,2.06,43.65,18.855983914230222,820.423860108157,823.2522576952914,833.8116086872604,816.8412231644533,-0.0032073310423825774,5465352559,237797489842.09,0,0,0,0,0,0,3457.9,-0.005438893698534009,791.21,40.78,40.818641211542264
2024-06-26,43.36,43.2,43.51,42.43,205873,881714193.87,0.54,-0.71,2.48,43.51,18.855983914230222,814.5785050947457,817.5954625210225,820.423860108157,800.0593974807883,-0.007124798896805173,5465352559,236103230548.80002,0,0,0,0,0,0,3480.26,0.006466352410422482,785.9,40.47,40.52781660166918
2024-06-27,42.9,43.2,43.46,42.76,149241,644257533.32,0.39,0.0,1.62,43.2,18.855983914230222,814.5785050947457,808.9217099204765,819.4810609124455,806.2818721724843,0.0,5465352559,236103230548.80002,0,0,0,0,0,0,3454.12,-0.007510933091205874,785.9,40.47,40.52781660166918
2024-06-28,43.0,43.6,44.18,42.85,204989,893488226.38,0.54,0.93,3.08,43.2,18.855983914230222,822.1208986604378,810.8073083118995,833.0573693306912,807.978910724765,0.0092592592592593,5465352559,238289371572.4,0,0,0,0,0,0,3461.66,0.002182900420367506,792.76,40.87,40.90307416279575
2024-07-01,43.9,44.99,45.27,43.9,234806,1052696891.86,0.62,3.19,3.14,43.6,18.855983914230222,848.3307163012178,827.7776938347067,853.6103917972022,827.7776938347067,0.031880733944954054,5465352559,245886211629.41,0,0,0,0,0,0,3478.18,0.004772276884500437,816.58,42.26,42.20709418771057
2024-07-02,44.98,44.34,45.3,44.15,152691,679993964.88,0.4,-1.44,2.56,44.99,18.855983914230222,836.0743267569682,848.1421564620754,854.176071314629,832.4916898132643,-0.014447655034452112,5465352559,242333732466.06003,0,0,0,0,0,0,3471.79,-0.0018371677141493237,805.44,41.61,41.597300650879895
2024-07-03,44.15,44.12,44.75,43.78,113944,502292793.99,0.3,-0.5,2.19,44.34,18.855983914230222,831.9260102958374,832.4916898132643,843.8052801618024,825.5149757649991,-0.004961659900766913,5465352559,241131354903.08,0,0,0,0,0,0,3463.41,-0.002413740462412828,801.67,41.39,41.39090899226028
2024-07-04,44.12,43.83,44.4,43.22,161746,706552871.12,0.42,-0.66,2.67,44.12,18.855983914230222,826.4577749607106,831.9260102958374,837.2056857918218,814.9556247730302,-0.006572982774252001,5465352559,239546402660.97,0,0,0,0,0,0,3445.81,-0.005081696940298697,796.7,41.1,41.118847260443516
2024-07-05,43.75,43.82,43.99,42.8,154652,671560724.01,0.41,-0.02,2.72,43.83,18.855983914230222,826.2692151215683,824.9492962475722,829.4747323869875,807.0361115290534,-0.00022815423226096865,5465352559,239491749135.38,0,0,0,0,0,0,3431.06,-0.004280561029191943,796.53,41.09,41.109465821415355
2024-07-08,43.88,44.04,44.81,43.81,162927,721560380.66,0.43,0.5,2.28,43.82,18.855983914230222,830.417531582699,827.4005741564222,844.9366391966563,826.080655282426,0.005020538566864463,5465352559,240694126698.36,0,0,0,0,0,0,3401.76,-0.008539634981609145,800.3,41.31,41.315857480034964
2024-07-09,43.8,42.79,43.93,42.33,297269,1274481051.86,0.78,-2.84,3.63,44.04,18.855983914230222,806.8475516899111,825.8920954432837,828.3433733521337,798.1737990893653,-0.02838328792007261,5465352559,233862435999.61,0,0,0,0,0,0,3439.81,0.011185386388222529,778.88,40.06,40.143177601514445
2024-07-10,42.79,43.69,44.0,42.39,260222,1131624747.81,0.68,2.1,3.76,42.79,18.855983914230222,823.8179372127183,806.8475516899111,829.6632922261298,799.3051581242191,0.02103295162421115,5465352559,238781253302.71,0,0,0,0,0,0,3428.97,-0.0031513368470933445,794.3,40.96,40.987507114049215
2024-07-11,44.31,44.11,44.57,43.8,218493,965398485.37,0.57,0.96,1.76,43.69,18.855983914230222,831.7374504566951,835.5086472395412,840.411203057241,825.8920954432837,0.009613183794918712,5465352559,241076701377.49,0,0,0,0,0,0,3468.17,0.011432004362826209,801.5,41.38,41.38152755323212
2024-07-12,44.1,43.04,44.75,42.9,272659,1188125392.05,0.72,-2.43,4.19,44.11,18.855983914230222,811.5615476684687,831.5488906175528,843.8052801618024,808.9217099204765,-0.0242575379732487,5465352559,235228774139.36,0,0,0,0,0,0,3472.4,0.0012196633959695724,783.16,40.31,40.37771357721855
2024-07-15,43.65,44.67,45.04,43.3,346220,1536651440.72,0.91,3.79,4.04,43.04,18.855983914230222,842.296801448664,823.0636978561491,849.2735154969292,816.4641034861686,0.0378717472118959,5465352559,244137298810.53,0,0,0,0,0,0,3476.25,0.001108743232346443,811.09,41.94,41.90688813880931
2024-07-16,44.5,45.3,46.2,44.4,333592,1515304765.65,0.88,1.41,4.03,44.67,18.855983914230222,854.176071314629,839.0912841832449,871.1464568374363,837.2056857918218,0.01410342511752849,5465352559,247580470922.69998,0,0,0,0,0,0,3498.28,0.006337288745055902,821.89,42.57,42.49791879758365
2024-07-17,45.0,45.59,45.83,44.63,216018,981932591.2,0.57,0.64,2.65,45.3,18.855983914230222,859.6443066497559,848.51927614036,864.1697427891711,841.5425620920948,0.00640176600441511,5465352559,249165423164.81003,0,0,0,0,0,0,3501.58,0.0009433207176097191,826.86,42.86,42.769980529400414
2024-07-18,45.4,45.58,45.79,45.02,165977,754271757.73,0.44,-0.02,1.69,45.59,18.855983914230222,859.4557468106135,856.061669706052,863.4155034326019,848.8963958186447,-0.00021934634788345342,5465352559,249110769639.22,0,0,0,0,0,0,3520.93,0.005526076799616142,826.69,42.85,42.760599090372246
2024-07-19,45.4,45.88,46.03,44.8,200284,913089938.21,0.53,0.66,2.7,45.58,18.855983914230222,865.1125419848827,856.061669706052,867.9409395720171,844.7480793575139,0.006581834137779907,5465352559,250750375406.92,0,0,0,0,0,0,3539.02,0.00513784710289622,831.83,43.15,43.042042261217176
2024-07-22,45.92,45.08,46.03,44.7,251193,1132144964.63,0.66,-1.74,2.9,45.88,18.855983914230222,850.0277548534984,865.8667813414519,867.9409395720171,842.862480966091,-0.017436791630340065,5465352559,246378093359.72,0,0,0,0,0,0,3514.92,-0.006809794801950764,818.12,42.35,42.29152713896404
2024-07-23,45.15,43.78,45.49,43.7,189654,841531594.06,0.5,-2.88,3.97,45.08,18.855983914230222,825.5149757649991,851.3476737274946,857.7587082583328,824.0064970518607,-0.028837622005323804,5465352559,239273135033.02002,0,0,0,0,0,0,3439.88,-0.02134899229569942,795.84,41.05,41.0719400653027
2024-07-24,43.75,43.46,44.2,43.13,188207,818260106.18,0.49,-0.73,2.44,43.78,18.855983914230222,819.4810609124455,824.9492962475722,833.4344890089759,813.2585862207495,-0.007309273640931924,5465352559,237524222214.14,0,0,0,0,0,0,3418.17,-0.006311266672093252,790.36,40.73,40.771734016401446
2024-07-25,43.3,43.3,43.46,42.88,153943,664815807.53,0.4,-0.37,1.33,43.46,18.855983914230222,816.4641034861686,816.4641034861686,819.4810609124455,808.5445902421919,-0.0036815462494248496,5465352559,236649765804.69998,0,0,0,0,0,0,3399.27,-0.00552927443632123,787.62,40.57,40.621630991950816
2024-07-26,43.3,43.04,43.57,42.45,208662,896104679.51,0.55,-0.6,2.59,43.3,18.855983914230222,811.5615476684687,816.4641034861686,821.5552191430108,800.436517159073,-0.006004618937644257,5465352559,235228774139.36,0,0,0,0,0,0,3409.29,0.002947691710278866,783.16,40.31,40.37771357721855
2024-07-29,43.04,42.18,43.29,41.7,223631,943261628.55,0.59,-2.0,3.69,43.04,18.855983914230222,795.3454015022307,811.5615476684687,816.2755436470263,786.2945292234003,-0.019981412639405227,5465352559,230528570938.62,0,0,0,0,0,0,3390.74,-0.005441015578023678,768.42,39.45,39.57090982079643
2024-07-30,42.1,42.98,43.14,41.76,168880,719938662.98,0.44,1.9,3.27,42.18,18.855983914230222,810.4301886336149,793.8369227890923,813.4471460598918,787.4258882582541,0.018966334755808445,5465352559,234900852985.81998,0,0,0,0,0,0,3369.38,-0.006299509841509399,782.13,40.25,40.321424943049564
2024-07-31,42.95,43.72,43.84,42.38,199192,862339997.24,0.52,1.72,3.4,42.98,18.855983914230222,824.3836167301453,809.8645091161881,826.646334799853,799.1165982850769,0.017217310376919537,5465352559,238945213879.47998,0,0,0,0,0,0,3442.08,0.02157666989179008,794.81,40.99,41.01565143113371
2024-08-01,43.7,43.44,44.42,43.28,152191,665318735.85,0.4,-0.64,2.61,43.72,18.855983914230222,819.1039412341609,824.0064970518607,837.5828054701066,816.086983807884,-0.006404391582799707,5465352559,237414915162.96,0,0,0,0,0,0,3419.27,-0.006626807046901884,790.02,40.71,40.75297113834512
2024-08-02,43.29,44.21,44.85,43.12,220408,975217342.28,0.58,1.77,3.98,43.44,18.855983914230222,833.6230488481182,816.2755436470263,845.6908785532255,813.0700263816071,0.017725598526703523,5465352955,241623254140.55002,0,0,0,0,0,0,3384.39,-0.010201007817458141,803.21,41.48,41.47534194351376
2024-08-05,44.68,44.75,45.57,44.37,320853,1444544758.41,0.84,1.22,2.71,44.21,18.855983914230222,843.8052801618024,842.4853612878063,859.2671869714712,836.6400062743949,0.01221443112418008,5465352955,244574544736.25,0,0,0,0,0,0,3343.32,-0.012135126270908403,812.46,42.02,41.98193965103462
2024-08-06,44.96,44.69,45.08,44.07,212492,946876976.83,0.56,-0.13,2.26,44.75,18.855983914230222,842.6739211269486,847.7650367837908,850.0277548534984,830.9832111001259,-0.0013407821229051153,5465352955,244246623558.94998,0,0,0,0,0,0,3342.98,-0.0001016953208188287,811.44,41.96,41.925651016865636
2024-08-07,44.6,43.37,44.69,43.34,193345,844439929.71,0.51,-2.95,3.02,44.69,18.855983914230222,817.7840223601647,840.9768825746679,842.6739211269486,817.2183428427379,-0.02953680912955914,5465352955,237032357658.34998,0,0,0,0,0,0,3341.49,-0.0004457101149274445,788.82,40.64,40.68730106514797
2024-08-08,43.34,43.75,44.07,43.31,144972,634292007.8,0.38,0.88,1.75,43.37,18.855983914230222,824.9492962475722,817.2183428427379,830.9832111001259,816.652663325311,0.008761816924141241,5465352955,239109191781.25,0,0,0,0,0,0,3342.94,0.0004339381533389197,795.33,41.02,41.04379574821821
2024-08-09,43.76,43.3,43.97,43.26,125064,544344128.56,0.33,-1.03,1.62,43.75,18.855983914230222,816.4641034861686,825.1378560867145,829.0976127087029,815.7098641295994,-0.010285714285714342,5465352955,236649782951.49997,0,0,0,0,0,0,3331.63,-0.003383249475013006,787.62,40.57,40.621630991950816
2024-08-12,43.63,44.39,44.83,43.29,294613,1307489228.81,0.77,2.52,3.56,43.3,18.855983914230222,837.0171259526796,822.6865781778647,845.3137588749408,816.2755436470263,0.02517321016166285,5465352955,242607017672.45,0,0,0,0,0,0,3325.86,-0.001731884993231514,806.29,41.66,41.64420784602072
2024-08-13,44.34,44.4,45.2,43.97,174017,775587686.09,0.46,0.02,2.77,44.39,18.855983914230222,837.2056857918218,836.0743267569682,852.2904729232062,829.0976127087029,0.00022527596305477182,5465352955,242661671202.0,0,0,0,0,0,0,3334.39,0.0025647501698808917,806.47,41.67,41.653589285048874
2024-08-14,44.4,44.0,44.43,43.51,133539,586110873.19,0.35,-0.9,2.07,44.4,18.855983914230222,829.6632922261298,837.2056857918218,837.7713653092487,820.423860108157,-0.009009009009009028,5465352976,240475530944.0,0,0,0,0,0,0,3309.24,-0.007542608992949229,799.61,41.27,41.278331723922314
2024-08-15,43.99,43.76,44.55,43.43,196754,866405528.55,0.52,-0.55,2.55,44.0,18.855983914230222,825.1378560867145,829.4747323869875,840.0340833789563,818.9153813950186,-0.00545454545454549,5465352976,239163846229.75998,0,0,0,0,0,0,3341.95,0.009884444766774303,795.5,41.03,41.05317718724637
2024-08-16,43.51,42.96,43.6,42.76,180585,776052876.18,0.47,-1.83,1.92,43.76,18.855983914230222,810.0530689553303,820.423860108157,822.1208986604378,806.2818721724843,-0.018281535648994485,5465352976,234791563848.96,0,0,0,0,0,0,3345.63,0.001101153518155762,781.79,40.23,40.302662064993235
2024-08-19,42.55,41.99,42.85,41.8,260876,1099299957.11,0.68,-2.26,2.44,42.96,18.855983914230222,791.7627645585271,802.3221155504959,807.978910724765,788.1801276148233,-0.022579143389199197,5465352976,229490171462.24002,0,0,0,0,0,0,3356.97,0.003389496148707316,765.17,39.26,39.39266247926132
2024-08-20,41.9,40.82,41.95,40.47,280823,1152448842.41,0.74,-2.79,3.52,41.99,18.855983914230222,769.7012633788777,790.0657260062463,791.0085252019579,763.101669008897,-0.02786377708978327,5465352976,223095708480.32,0,0,0,0,0,0,3332.7,-0.007229733956514384,745.12,38.09,38.29503411296611
2024-08-21,40.53,39.42,40.6,39.25,395484,1571554018.34,1.04,-3.43,3.31,40.82,18.855983914230222,743.3028858989554,764.2330280437509,765.552946917747,740.0973686335362,-0.03429691327780493,5465352976,215444214313.92,0,0,0,0,0,0,3321.64,-0.003318630539802525,721.13,36.69,36.981632649023126
2024-08-22,39.21,39.3,39.41,38.43,285348,1110087608.32,0.75,-0.3,2.49,39.42,18.855983914230222,741.0401678292477,739.343129276967,743.114326059813,724.6354618238674,-0.003044140030441511,5465352976,214788371956.8,0,0,0,0,0,0,3313.14,-0.0025589768909334287,719.07,36.57,36.869055380685154
2024-08-23,39.2,38.56,39.55,38.44,230516,895419151.68,0.6,-1.88,2.82,39.3,18.855983914230222,727.0867397327174,739.1545694378248,745.7541638078052,724.8240216630097,-0.018829516539440094,5465352976,210744010754.56,0,0,0,0,0,0,3327.19,0.004240690100629774,706.39,35.83,36.17482889260101
2024-08-26,38.51,38.67,39.08,38.18,204595,790131838.84,0.54,0.29,2.33,38.56,18.855983914230222,729.1608979632828,726.1439405370058,736.891851368117,719.9214658453099,0.0028526970954356745,5465352976,211345199581.92,0,0,0,0,0,0,3324.22,-0.0008926451450023132,708.28,35.94,36.27802472191082
2024-08-27,38.5,37.56,38.63,37.37,256984,969655998.06,0.67,-2.87,3.26,38.67,18.855983914230222,708.2307558184872,725.9553806978636,728.4066586067136,704.6481188747833,-0.028704422032583388,5465352976,205278657778.56,0,0,0,0,0,0,3305.33,-0.005682536053570386,689.26,34.83,35.23668498978459
2024-08-28,37.4,38.0,38.06,37.11,204182,769674582.13,0.54,1.17,2.53,37.56,18.855983914230222,716.5273887407484,705.2137983922103,717.6587477756023,699.7455630570836,0.011714589989350266,5465352976,207683413088.0,0,0,0,0,0,0,3286.5,-0.0056968593151062175,696.8,35.27,35.64946830702381
2024-08-29,37.95,37.76,38.19,37.52,168662,638695591.03,0.44,-0.63,1.76,38.0,18.855983914230222,712.0019526013332,715.584589545037,720.1100256844521,707.476516461918,-0.006315789473684275,5465352976,206371728373.75998,0,0,0,0,0,0,3277.68,-0.0026837060702875615,692.68,35.03,35.42431377034787
2024-08-30,37.65,38.56,39.0,37.31,369957,1422783054.98,0.97,2.12,4.48,37.76,18.855983914230222,727.0867397327174,709.9277943707679,735.3833726549786,703.5167598399296,0.021186440677966267,5465352976,210744010754.56,0,0,0,0,0,0,3321.43,0.013347855800444286,706.39,35.83,36.17482889260101
2024-09-02,38.5,38.45,38.97,38.22,228963,882674122.13,0.6,-0.29,1.95,38.56,18.855983914230222,725.0125815021521,725.9553806978636,734.8176931375517,720.675705201879,-0.0028526970954356745,5465352976,210142821927.2,0,0,0,0,0,0,3265.01,-0.016986659360576528,704.51,35.72,36.0716330632912
2024-09-03,38.22,39.22,39.5,38.21,205381,802987723.34,0.54,2.0,3.36,38.45,18.855983914230222,739.5316891161093,720.675705201879,744.8113646120938,720.4871453627368,0.02002600780234065,5465352976,214351143718.72,0,0,0,0,0,0,3273.43,0.002578858870263767,717.7,36.49,36.79400386845984
2024-09-04,39.05,38.1,39.36,38.05,187402,722466621.09,0.49,-2.86,3.34,39.22,18.855983914230222,718.4129871321715,736.3261718506901,742.1715268641016,717.4701879364599,-0.028556858745537927,5465352976,208229948385.6,0,0,0,0,0,0,3252.16,-0.006497771450741263,698.51,35.37,35.74328269730545
2024-09-05,38.3,38.09,38.46,37.7,151181,574743848.45,0.4,-0.03,1.99,38.1,18.855983914230222,718.2244272930292,722.1841839150175,725.2011413412944,710.8705935664794,-0.0002624671916009458,5465352976,208175294855.84003,0,0,0,0,0,0,3257.76,0.0017219325002459929,698.34,35.36,35.73390125827729
2024-09-06,38.21,38.1,38.63,38.05,131197,503277519.34,0.34,0.03,1.52,38.09,18.855983914230222,718.4129871321715,720.4871453627368,728.4066586067136,717.4701879364599,0.00026253609871362826,5465352976,208229948385.6,0,0,0,0,0,0,3231.35,-0.008106797308580216,698.51,35.37,35.74328269730545
2024-09-09,37.79,38.58,38.75,37.42,194226,742946016.15,0.51,1.26,3.49,38.1,18.855983914230222,727.463859411002,712.5676321187601,730.6693766764212,705.5909180704949,0.012598425196850283,5465352976,210853317814.08,0,0,0,0,0,0,3192.95,-0.011883578071084866,706.73,35.85,36.193591770657335
2024-09-10,38.57,38.52,39.11,38.11,158360,611744318.96,0.42,-0.16,2.59,38.58,18.855983914230222,726.3325003761482,727.2752995718597,737.457530885544,718.6015469713137,-0.0015552099533435726,5465352976,210525396635.52002,0,0,0,0,0,0,3195.76,0.0008800638907595637,705.71,35.79,36.137303136488356
2024-09-11,38.39,38.47,38.85,37.83,113560,436641149.48,0.3,-0.13,2.65,38.52,18.855983914230222,725.3897011804366,723.8812224672982,732.5549750678441,713.3218714753293,-0.0012980269989616433,5465352976,210252128986.72,0,0,0,0,0,0,3186.13,-0.0030133677122187175,704.85,35.74,36.09039594134753
2024-09-12,38.49,37.48,38.62,37.47,209510,792511850.74,0.55,-2.57,2.99,38.47,18.855983914230222,706.7222771053487,725.7668208587213,728.2180987675712,706.5337172662064,-0.02573433844554207,5465352976,204841429540.47998,0,0,0,0,0,0,3172.47,-0.004287332908575747,687.88,34.75,35.16163347755928
2024-09-13,37.18,37.41,37.83,36.85,158406,593363526.64,0.42,-0.19,2.61,37.48,18.855983914230222,705.4023582313525,701.0654819310797,713.3218714753293,694.8430072393837,-0.001867662753468502,5465352976,204458854832.15997,0,0,0,0,0,0,3159.25,-0.0041671000829006655,686.68,34.68,35.095963404362124
2024-09-18,37.37,36.16,37.5,36.0,260195,947796703.02,0.68,-3.34,4.01,37.41,18.855983914230222,681.8323783385648,704.6481188747833,707.0993967836333,678.815420912288,-0.03341352579524193,5465352976,197627163612.15997,0,0,0,0,0,0,3171.01,0.0037224024689404,665.26,33.43,33.923283525841605
2024-09-19,36.3,36.57,37.29,35.88,288631,1057947879.07,0.76,1.13,3.9,36.16,18.855983914230222,689.5633317433992,684.4722160865571,703.1396401616449,676.5527028425804,0.011338495575221375,5465352976,199867958332.32,0,0,0,0,0,0,3196.04,0.007893384126823833,672.29,33.84,34.30792252599634
2024-09-20,36.52,35.93,36.52,35.02,380083,1356978718.99,1.0,-1.75,4.1,36.57,18.855983914230222,677.4955020382919,688.6205325476877,688.6205325476877,660.3365566763424,-0.017500683620453983,5465352976,196370132427.68,0,0,0,0,0,0,3201.05,0.001567564861516102,661.32,33.2,33.707510428193835
2024-09-23,35.4,35.63,36.29,35.15,178987,641402519.73,0.47,-0.83,3.17,35.93,18.855983914230222,671.8387068640229,667.5018305637499,684.2836562474148,662.7878345851923,-0.008349568605621971,5465352976,194730526534.88,0,0,0,0,0,0,3212.76,0.0036581746614392507,656.18,32.9,33.42606725734891
2024-09-24,36.24,38.37,38.4,36.05,397211,1480779103.43,1.04,7.69,6.6,35.63,18.855983914230222,723.5041027890136,683.3408570517033,724.0697823064405,679.7582201079995,0.07690148751052472,5465352976,209705593689.12,0,0,0,0,0,0,3351.91,0.04331166971700329,703.14,35.64,35.99658155106589
2024-09-25,39.01,38.38,39.37,38.31,303195,1177980133.63,0.8,0.03,2.76,38.37,18.855983914230222,723.692662628156,735.5719324941209,742.3600867032438,722.3727437541598,0.0002606202762576171,5465352976,209760247218.88,0,0,0,0,0,0,3401.53,0.014803500093976352,703.31,35.65,36.005962990094055
2024-09-26,38.49,39.94,39.97,38.22,388818,1526597622.42,1.02,4.06,4.56,38.38,18.855983914230222,753.107997534355,725.7668208587213,753.673677051782,720.675705201879,0.04064616988014569,5465352976,218286197861.44,0,0,0,0,0,0,3545.32,0.04227215400128759,730.04,37.21,37.46946747848766
2024-09-27,42.0,43.16,43.8,42.0,666735,2851506285.58,1.75,8.06,4.51,39.94,18.855983914230222,813.8242657381763,791.9513243976694,825.8920954432837,791.9513243976694,0.08062093139709559,5465352976,235884634444.15997,0,0,0,0,0,0,3703.68,0.04466733609377993,785.22,40.43,40.490290845556515
2024-09-30,44.1,46.31,46.93,43.79,944005,4275593467.31,2.48,7.3,7.28,43.16,18.855983914230222,873.2206150680016,831.5488906175528,884.9113250948243,825.7035356041414,0.07298424467099185,5465353161,253100504885.91,0,0,0,0,0,0,4017.85,0.08482644288923447,839.2,43.58,43.44544413942823
2024-10-08,50.78,45.1,50.78,43.22,1541556,7195262700.54,4.05,-2.61,16.32,46.31,18.855983914230222,850.4048745317831,957.5068631646108,957.5068631646108,814.9556247730302,-0.026128266033254133,5465353161,246487427561.1,0,0,0,0,0,0,4256.1,0.05929788319623697,818.46,42.37,42.31029001702037
2024-10-09,44.5,41.99,44.5,41.83,783250,3372269925.83,2.06,-6.9,5.92,45.1,18.855983914230222,791.7627645585271,839.0912841832449,839.0912841832449,788.7458071322502,-0.0689578713968958,5465353161,229490179230.39,0,0,0,0,0,0,3955.98,-0.07051526044970757,765.17,39.26,39.39266247926132
2024-10-10,44.4,43.49,45.44,43.37,1074933,4780888627.55,2.82,3.57,4.93,41.99,18.855983914230222,820.0467404298724,837.2056857918218,856.8159090626212,817.7840223601647,0.035722791140747834,5465353161,237688208971.89,0,0,0,0,0,0,3997.79,0.010568809751313246,790.87,40.76,40.79987833348594
2024-10-11,43.48,42.28,43.48,41.84,397289,1689715822.4,1.04,-2.78,3.77,43.49,18.855983914230222,797.2309998936538,819.8581805907301,819.8581805907301,788.9343669713926,-0.027822487928259365,5465353161,231075131647.08002,0,0,0,0,0,0,3887.17,-0.02767028783402825,770.14,39.55,39.664724211078074
2024-10-14,42.4,43.29,43.56,42.15,422951,1819548471.26,1.11,2.39,3.33,42.28,18.855983914230222,816.2755436470263,799.4937179633614,821.3666593038686,794.7797219848038,0.02388836329233679,5465353161,236595138339.69,0,0,0,0,0,0,3961.34,0.019080719392257084,787.44,40.56,40.612249552922655
2024-10-15,43.2,42.06,43.57,42.01,361135,1541808473.51,0.95,-2.84,3.6,43.29,18.855983914230222,793.0826834325231,814.5785050947457,821.5552191430108,792.1398842368116,-0.028413028413028396,5465353161,229872753951.66,0,0,0,0,0,0,3855.99,-0.02659453619229868,766.37,39.33,39.458332552458465
2024-10-16,41.75,41.8,42.35,41.23,289934,1212380324.79,0.76,-0.62,2.66,42.06,18.855983914230222,788.1801276148233,787.2373284191118,798.5509187676499,777.432216783712,-0.006181645268663938,5465353161,228451762129.8,0,0,0,0,0,0,3831.59,-0.006327817240189826,761.91,39.07,39.21441513772619
2024-10-17,41.93,41.24,42.28,41.23,239298,999569806.65,0.63,-1.34,2.51,41.8,18.855983914230222,777.6207766228544,790.6314055236733,797.2309998936538,777.432216783712,-0.013397129186602741,5465353161,225391164359.64,0,0,0,0,0,0,3788.22,-0.011319060755456745,752.32,38.51,38.689054552149
2024-10-18,41.1,42.19,42.96,40.81,471894,1966180089.8,1.24,2.3,5.21,41.24,18.855983914230222,795.533961341373,774.9809388748622,810.0530689553303,769.5127035397354,0.023035887487875772,5465353161,230583249862.59,0,0,0,0,0,0,3925.23,0.03616738204222569,768.6,39.46,39.58029125982459
2024-10-21,44.06,43.22,44.06,42.72,580054,2506888594.4,1.52,2.44,3.18,42.19,18.855983914230222,814.9556247730302,830.7946512609836,830.7946512609836,805.5276328159151,0.024413368096705357,5465353161,236212563618.41998,0,0,0,0,0,0,3935.2,0.002539978549027655,786.25,40.49,40.54657947972551
2024-10-22,43.0,43.98,44.25,42.81,428226,1864905135.35,1.12,1.76,3.33,43.22,18.855983914230222,829.2861725478451,810.8073083118995,834.3772882046874,807.2246713681959,0.017584451642757903,5465353161,240366232020.77997,0,0,0,0,0,0,3957.78,0.00573795486887585,799.27,41.25,41.25956884586598
2024-10-23,44.36,43.78,44.39,43.32,411129,1795820818.17,1.08,-0.45,2.43,43.98,18.855983914230222,825.5149757649991,836.4514464352527,837.0171259526796,816.8412231644533,-0.004547521600727467,5465353161,239273161388.58002,0,0,0,0,0,0,3973.21,0.00389865025342484,795.84,41.05,41.0719400653027
2024-10-24,43.51,43.17,44.0,43.04,220571,957917918.0,0.58,-1.39,2.19,43.78,18.855983914230222,814.0128255773187,820.423860108157,829.6632922261298,811.5615476684687,-0.013933302878026521,5465353161,235939295960.37,0,0,0,0,0,0,3928.83,-0.011169809801143238,785.39,40.44,40.49967228458468
2024-10-25,43.1,43.1,43.94,43.01,367629,1595891750.9,0.96,-0.16,2.15,43.17,18.855983914230222,812.6929067033226,812.6929067033226,828.5319331912759,810.9958681510418,-0.0016214964095436768,5465353161,235556721239.1,0,0,0,0,0,0,3956.42,0.0070224468862232214,784.19,40.37,40.434002211387536
2024-10-28,43.03,43.53,43.68,42.6,420153,1813376261.95,1.1,1.0,2.51,43.1,18.855983914230222,820.8009797864416,811.3729878293265,823.6293773735761,803.2649147462075,0.00997679814385144,5465353161,237906823098.33002,0,0,0,0,0,0,3964.16,0.001956314041481999,791.56,40.8,40.8374040895986
2024-10-29,43.54,43.07,43.59,42.66,356489,1534390567.76,0.94,-1.06,2.14,43.53,18.855983914230222,812.1272271858957,820.9895396255839,821.9323388212955,804.3962737810613,-0.010567424764530209,5465353161,235392760644.27,0,0,0,0,0,0,3924.65,-0.00996680255085558,783.67,40.34,40.40585789430304
2024-10-30,43.65,43.9,44.56,42.88,720559,3141849992.72,1.89,1.93,3.9,43.07,18.855983914230222,827.7776938347067,823.0636978561491,840.2226432180987,808.5445902421919,0.019270954260506068,5465353161,239929003767.9,0,0,0,0,0,0,3889.45,-0.008968952645458939,797.9,41.17,41.18451733364067
2024-10-31,43.93,43.64,44.15,43.42,490933,2144887530.23,1.29,-0.59,1.66,43.9,18.855983914230222,822.8751380170069,828.3433733521337,832.4916898132643,818.7268215558763,-0.005922551252847352,5465353161,238508011946.04,0,0,0,0,0,0,3891.04,0.0004087981591227585,793.44,40.91,40.9405999189084
2024-11-01,43.64,44.0,44.79,43.54,542342,2399444227.77,1.42,0.82,2.86,43.64,18.855983914230222,829.6632922261298,822.8751380170069,844.5595195183716,820.9895396255839,0.008249312557286892,5465353161,240475539084.0,0,0,0,0,0,0,3890.02,-0.00026214071302277375,799.61,41.27,41.278331723922314
2024-11-04,44.06,44.08,44.22,43.35,329808,1446881826.08,0.87,0.18,1.98,44.0,18.855983914230222,831.1717709392682,830.7946512609836,833.8116086872604,817.4069026818802,0.0018181818181817189,5465353161,240912767336.88,0,0,0,0,0,0,3944.76,0.014071907085310587,800.98,41.35,41.35338323614762
2024-11-05,44.0,44.51,44.53,43.69,534521,2357083442.33,1.4,0.98,1.91,44.08,18.855983914230222,839.2798440223871,829.6632922261298,839.6569637006718,823.8179372127183,0.009754990925589846,5465353161,243262869196.11,0,0,0,0,0,0,4044.57,0.025301919508411208,808.35,41.78,41.75678511435868
2024-11-06,44.3,44.55,44.94,44.0,570540,2532908686.4,1.5,0.09,2.11,44.51,18.855983914230222,840.0340833789563,835.3200874003988,847.3879171055062,829.6632922261298,0.0008986744551786607,5465353161,243481483322.55,0,0,0,0,0,0,4024.28,-0.005016602506570544,809.04,41.82,41.794310870471335
2024-11-07,44.37,45.88,45.88,44.22,676081,3067913125.81,1.77,2.99,3.73,44.55,18.855983914230222,865.1125419848827,836.6400062743949,865.1125419848827,833.8116086872604,0.029854096520763207,5465353161,250750403026.68002,0,0,0,0,0,0,4145.7,0.03017185682904766,831.83,43.15,43.042042261217176
2024-11-08,46.11,44.89,46.3,44.83,605627,2739624297.83,1.59,-2.16,3.2,45.88,18.855983914230222,846.4451179097947,869.4494182851555,873.0320552288592,845.3137588749408,-0.02157802964254585,5465353161,245339703397.29,0,0,0,0,0,0,4104.05,-0.010046554261041507,814.86,42.16,42.11327979742892
2024-11-11,44.14,44.62,44.68,43.96,431320,1912907221.84,1.13,-0.6,1.6,44.89,18.855983914230222,841.3540022529525,832.303129974122,842.4853612878063,828.9090528695606,-0.006014702606371158,5465353161,243864058043.81998,0,0,0,0,0,0,4131.13,0.0065983601564307826,810.24,41.89,41.85998094366848
2024-11-12,44.6,44.3,45.38,44.1,457429,2048183396.14,1.2,-0.72,2.87,44.62,18.855983914230222,835.3200874003988,840.9768825746679,855.6845500277675,831.5488906175528,-0.007171671896010756,5465353161,242115145032.3,0,0,0,0,0,0,4085.74,-0.010987308557222963,804.75,41.57,41.55977489476724
2024-11-13,44.06,44.16,44.37,43.55,335296,1474363028.67,0.88,-0.32,1.85,44.3,18.855983914230222,832.6802496524066,830.7946512609836,836.6400062743949,821.1780994647261,-0.0031602708803611934,5465353161,241349995589.75998,0,0,0,0,0,0,4110.89,0.006155555664335122,802.35,41.43,41.428434748372936
2024-11-14,43.91,43.11,44.34,43.05,338887,1480018979.3,0.89,-2.38,2.92,44.16,18.855983914230222,812.8814665424649,827.966253673849,836.0743267569682,811.750107507611,-0.02377717391304346,5465353161,235611374770.71,0,0,0,0,0,0,4039.62,-0.017336878388864774,784.36,40.38,40.4433836504157
2024-11-15,43.0,42.14,43.4,42.08,305964,1305804962.56,0.8,-2.25,3.06,43.11,18.855983914230222,794.5911621456615,810.8073083118995,818.3497018775917,793.4598031108077,-0.02250057991185339,5465353161,230309982204.54,0,0,0,0,0,0,3968.83,-0.01752392551774673,767.74,39.41,39.53338406468377
2024-11-18,42.12,41.95,42.79,41.82,314673,1328872001.7,0.83,-0.45,2.3,42.14,18.855983914230222,791.0085252019579,794.2140424673769,806.8475516899111,788.5572472931079,-0.004508780256288536,5465353161,229271565103.95,0,0,0,0,0,0,3950.38,-0.004648725191051195,764.48,39.22,39.35513672314866
2024-11-19,42.02,42.01,42.47,41.25,253278,1058506301.76,0.66,0.14,2.91,41.95,18.855983914230222,792.1398842368116,792.328444075954,800.8136368373575,777.8093364619966,0.0014302741358758198,5465353161,229599486293.61,0,0,0,0,0,0,3976.89,0.0067107468142304505,765.51,39.28,39.41142535731764
2024-11-20,41.79,42.03,42.12,41.62,197566,827662266.0,0.52,0.05,1.19,42.01,18.855983914230222,792.5170039150962,787.991567775681,794.2140424673769,784.7860505102618,0.0004760771244942674,5465353161,229708793356.83002,0,0,0,0,0,0,3985.77,0.0022329005831189797,765.85,39.3,39.43018823537397
2024-11-21,42.0,42.36,42.45,41.91,222088,937949936.59,0.58,0.79,1.28,42.03,18.855983914230222,798.7394786067922,791.9513243976694,800.436517159073,790.2542858453886,0.007851534618129818,5465353161,231512359899.96,0,0,0,0,0,0,3989.3,0.0008856507023737858,771.51,39.63,39.73977572330339
2024-11-22,42.28,40.96,42.35,40.91,274145,1139088808.25,0.72,-3.31,3.4,42.36,18.855983914230222,772.34110112687,797.2309998936538,798.5509187676499,771.3983019311584,-0.03305004721435312,5465353161,223860865474.56,0,0,0,0,0,0,3865.7,-0.030982879201865043,747.52,38.23,38.42637425936041
2024-11-25,40.85,40.52,41.3,40.29,242333,988638808.6,0.64,-1.07,2.47,40.96,18.855983914230222,764.0444682046086,770.2669428963046,778.7521356577081,759.7075919043357,-0.010742187499999889,5465353161,221456110083.72003,0,0,0,0,0,0,3848.09,-0.004555449207129247,739.98,37.79,38.01359094212118
2024-11-26,40.58,40.66,41.06,40.43,175947,715765189.19,0.46,0.35,1.55,40.52,18.855983914230222,766.6843059526008,765.1758272394624,774.226699518293,762.3474296523278,0.0034550839091804786,5465353161,222221259526.25998,0,0,0,0,0,0,3840.18,-0.0020555652284640624,742.38,37.93,38.14493108851548
2024-11-27,40.5,40.99,40.99,40.29,166228,676742523.78,0.44,0.81,1.72,40.66,18.855983914230222,772.9067806442969,763.667348526324,772.9067806442969,759.7075919043357,0.008116084604033569,5465353161,224024826069.39,0,0,0,0,0,0,3907.04,0.017410642209479743,748.03,38.26,38.454518576444904
2024-11-28,41.0,40.5,41.0,40.41,190802,775266368.54,0.5,-1.2,1.44,40.99,18.855983914230222,763.667348526324,773.0953404834391,773.0953404834391,761.9703099740432,-0.011954135154915835,5465353161,221346803020.5,0,0,0,0,0,0,3872.55,-0.008827654695114373,739.64,37.77,37.994828064064855
2024-11-29,40.61,40.73,40.92,40.3,241175,980649147.88,0.63,0.57,1.53,40.5,18.855983914230222,768.0042248265969,765.7415067568893,771.5868617703007,759.896151743478,0.005679012345678913,5465353161,222603834247.52997,0,0,0,0,0,0,3916.58,0.011369769273475994,743.58,38.0,38.210601161712624
2024-12-02,40.6,40.96,41.16,40.25,265667,1085091695.16,0.7,0.56,2.23,40.73,18.855983914230222,772.34110112687,765.552946917747,776.1122979097158,758.9533525477665,0.0056469432850478896,5465353161,223860865474.56,0,0,0,0,0,0,3947.63,0.007927834998902039,747.52,38.23,38.42637425936041
2024-12-03,40.85,40.93,41.6,40.72,295039,1211283230.8,0.77,-0.07,2.15,40.96,18.855983914230222,771.775421609443,770.2669428963046,784.4089308319773,767.8156649874546,-0.000732421875,5465353999,223696939179.07,0,0,0,0,0,0,3951.89,0.0010791284897520015,747.0,38.2,38.39822994227591
2024-12-04,40.72,40.36,40.82,40.21,248340,1005463140.85,0.65,-1.39,1.49,40.93,18.855983914230222,761.0275107783318,767.8156649874546,769.7012633788777,758.1991131911973,-0.013926215489860727,5465353999,220581687399.63998,0,0,0,0,0,0,3930.56,-0.0053974174382384055,737.24,37.63,37.86348791767056
2024-12-05,40.1,40.44,40.54,39.84,256290,1029836372.88,0.67,0.2,1.73,40.36,18.855983914230222,762.5359894914701,756.124954960632,764.4215878828932,751.2223991429321,0.001982160555004997,5465353999,221018915719.56,0,0,0,0,0,0,3921.59,-0.0022821175608563893,738.61,37.71,37.93853942989586
2024-12-06,40.28,40.41,40.75,40.28,234349,949272873.71,0.61,-0.07,1.16,40.44,18.855983914230222,761.9703099740432,759.5190320651934,768.3813445048816,759.5190320651934,-0.0007418397626113293,5465353999,220854955099.59,0,0,0,0,0,0,3973.14,0.013145178358777931,738.09,37.68,37.91039511281137
2024-12-09,40.33,39.55,40.34,39.38,347684,1382780852.86,0.91,-2.13,2.38,40.41,18.855983914230222,745.7541638078052,760.4618312609049,760.6503911000473,742.5486465423862,-0.02128186092551343,5465353999,216154750660.44998,0,0,0,0,0,0,3966.57,-0.0016536039505277156,723.36,36.82,37.10359135638925
2024-12-10,40.62,39.75,41.08,39.74,472453,1907810343.07,1.24,0.51,3.39,39.55,18.855983914230222,749.5253605906513,765.9300665960316,774.6038191965775,749.336800751509,0.005056890012642201,5465353999,217247821460.25,0,0,0,0,0,0,3995.64,0.007328750028361863,726.78,37.02,37.29122013695254
2024-12-11,39.77,40.57,40.75,39.72,329407,1331620278.74,0.86,2.06,2.59,39.75,18.855983914230222,764.9872674003201,749.902480268936,768.3813445048816,748.9596810732244,0.02062893081760997,5465353999,221729411739.43,0,0,0,0,0,0,3988.83,-0.0017043577499474827,740.83,37.84,38.060498137262
2024-12-12,40.65,41.31,41.38,40.36,349125,1430502136.23,0.92,1.82,2.51,40.57,18.855983914230222,778.9406954968505,766.4957461134585,780.2606143708466,761.0275107783318,0.018240078876016863,5465353999,225773773698.69,0,0,0,0,0,0,4028.5,0.00994527217254193,753.52,38.58,38.75472462534615
2024-12-13,41.06,40.34,41.09,40.34,323576,1312778876.22,0.85,-2.35,1.82,41.31,18.855983914230222,760.6503911000473,774.226699518293,774.7923790357199,760.6503911000473,-0.023480997337206433,5465353999,220472380319.66,0,0,0,0,0,0,3933.18,-0.02366141243639075,736.89,37.61,37.84472503961423
2024-12-16,40.35,39.93,40.52,39.72,239781,959076763.31,0.63,-1.02,1.98,40.34,18.855983914230222,752.9194376952128,760.8389509391895,764.0444682046086,748.9596810732244,-0.010163609320773537,5465353999,218231585180.07,0,0,0,0,0,0,3911.84,-0.005425635236627757,729.87,37.2,37.4600860394595
2024-12-17,39.93,39.82,40.25,39.68,203083,811088626.75,0.53,-0.28,1.43,39.93,18.855983914230222,750.8452794646474,752.9194376952128,758.9533525477665,748.2054417166552,-0.0027548209366391463,5465353999,217630396240.18,0,0,0,0,0,0,3922.03,0.00260491226635029,727.98,37.09,37.35689021014969
2024-12-18,39.9,39.5,40.02,39.4,230190,911370047.89,0.6,-0.8,1.56,39.82,18.855983914230222,744.8113646120938,752.3537581777858,754.6164762474936,742.9257662206708,-0.008036162732295349,5462763380,215779153510.0,0,0,0,0,0,0,3941.89,0.005063704255194201,722.5,36.77,37.05668416124844
2024-12-19,39.21,39.53,39.66,38.86,233546,916371565.85,0.61,0.08,2.03,39.5,18.855983914230222,745.3770441295208,739.343129276967,747.8283220383705,732.7435349069864,0.0007594936708861244,5462764343,215943074478.79,0,0,0,0,0,0,3945.46,0.0009056569310661455,723.01,36.8,37.08482847833293
2024-12-20,39.5,38.93,39.82,38.93,348964,1374477757.97,0.92,-1.52,2.25,39.53,18.855983914230222,734.0634537809825,744.8113646120938,750.8452794646474,734.0634537809825,-0.015178345560333928,5462764343,212665415872.99,0,0,0,0,0,0,3927.74,-0.004491238030546518,712.73,36.2,36.52194213664308
2024-12-23,38.94,39.07,39.38,38.75,255691,998583618.44,0.67,0.36,1.62,38.93,18.855983914230222,736.7032915289748,734.2520136201248,742.5486465423862,730.6693766764212,0.0035961983046493007,5462764343,213430202881.01,0,0,0,0,0,0,3933.57,0.0014843141348461764,715.13,36.34,36.65328228303738
2024-12-24,39.08,39.33,39.78,38.88,271368,1068466600.44,0.71,0.67,2.3,39.07,18.855983914230222,741.6058473466746,736.891851368117,750.0910401080782,733.120654585271,0.006654722293319537,5462764343,214850521610.19,0,0,0,0,0,0,3983.69,0.012741606225388002,719.59,36.6,36.89719969776965
2024-12-25,39.56,39.07,39.6,38.92,199184,778688732.54,0.52,-0.66,1.73,39.33,18.855983914230222,736.7032915289748,745.9427236469477,746.6969630035169,733.8748939418402,-0.006610729722857811,5462764343,213430202881.01,0,0,0,0,0,0,3985.63,0.00048698568412697263,715.13,36.34,36.65328228303738
2024-12-26,39.08,38.92,39.29,38.84,211448,824079614.48,0.55,-0.38,1.15,39.07,18.855983914230222,733.8748939418402,736.891851368117,740.8516079901054,732.366415228702,-0.003839262861530579,5462764343,212610788229.56,0,0,0,0,0,0,3987.48,0.0004641675218222119,712.56,36.19,36.512560697614916
2024-12-27,38.93,39.36,39.75,38.51,310053,1214610715.93,0.81,1.13,3.19,38.92,18.855983914230222,742.1715268641016,734.0634537809825,749.5253605906513,726.1439405370058,0.01130524152106882,5462764343,215014404540.48,0,0,0,0,0,0,3981.03,-0.001617562972102582,720.1,36.63,36.92534401485414
2024-12-30,38.67,38.67,38.88,38.08,313228,1211430206.65,0.82,-1.75,2.03,38.525207,19.2645694769168,744.9609016723728,744.9609016723728,749.0064612625252,733.5948056809917,0.0037583964182204,5462764343,211245097143.81,0,0,0,0,0,0,3999.05,0.004526466768650428,722.41,36.77,37.064124095541125
2024-12-31,38.52,38.44,39.25,38.43,277980,1077820759.79,0.73,-0.59,2.12,38.67,19.2645694769168,740.5300506926818,742.0712162508353,756.1343519689844,740.3374049979127,-0.005947763123868688,5462767761,209988792732.84,0,0,0,0,0,0,3934.91,-0.016038809217189143,718.47,36.54,36.84367546502717
2025-01-02,38.46,37.59,38.8,37.42,297099,1133209447.59,0.78,-2.21,3.59,38.44,19.2645694769168,724.1551666373026,740.9153420822201,747.4652957043718,720.8801898262267,-0.022112382934443175,5462767761,205345440135.99002,0,0,0,0,0,0,3820.4,-0.02910104678378911,703.9,35.69,36.02897400443214
2025-01-03,37.68,37.32,38.08,37.2,244181,919700249.7,0.64,-0.72,2.34,37.59,19.2645694769168,718.953732878535,725.8889778902251,733.5948056809917,716.6419845413051,-0.007182761372705571,5462767761,203870492840.52,0,0,0,0,0,0,3775.16,-0.011841691969427304,699.27,35.42,35.77018648165489
2025-01-06,37.54,37.49,37.91,37.28,238427,895302752.08,0.63,0.46,1.69,37.32,19.2645694769168,722.2287096896109,723.1919381634567,730.3198288699159,718.1831500994583,0.004555198285101758,5462767761,204799163359.89,0,0,0,0,0,0,3768.97,-0.0016396656035770896,702.19,35.59,35.9331267737739
2025-01-07,37.55,37.68,38.03,37.2,212102,799239248.71,0.56,0.51,2.21,37.49,19.2645694769168,725.8889778902251,723.3845838582258,732.6315772071459,716.6419845413051,0.0050680181381701495,5462767761,205837089234.48,0,0,0,0,0,0,3796.11,0.007200906348418856,705.44,35.78,36.11523651202455
2025-01-08,37.52,37.25,37.88,37.11,240281,899959632.41,0.63,-1.14,2.04,37.68,19.2645694769168,717.6052130151509,722.8066467739185,729.7418917856085,714.9081732883825,-0.011411889596602998,5462767761,203488099097.25,0,0,0,0,0,0,3789.22,-0.0018150158978533781,698.07,35.35,35.70309342019412
2025-01-09,37.8,37.3,38.17,37.04,489345,1834910494.23,1.28,0.13,3.03,37.25,19.2645694769168,718.5684414889967,728.200726227455,735.3286169339143,713.5596534249983,0.0013422818791946067,5462767761,203761237485.3,0,0,0,0,0,0,3779.88,-0.00246488723272853,698.93,35.4,35.75101703552324
2025-01-10,37.13,36.2,37.18,36.15,408265,1494123541.55,1.07,-2.95,2.76,37.3,19.2645694769168,697.3774150643883,715.2934646779208,716.2566931517666,696.4141865905423,-0.029490616621983712,5462767761,197752192948.2,0,0,0,0,0,0,3732.48,-0.012540080637480577,680.08,34.3,34.69669749828262
2025-01-13,35.81,36.25,36.7,35.72,252381,914789614.81,0.66,0.14,2.71,36.2,19.2645694769168,698.3406435382341,689.8642329683906,707.0096998028466,688.1304217154681,0.0013812154696131174,5462767761,198025331336.25,0,0,0,0,0,0,3722.51,-0.0026711462620027104,680.94,34.35,34.744621113611736
2025-01-14,36.28,37.04,37.05,36.05,343423,1259618929.8,0.9,2.18,2.76,36.25,19.2645694769168,713.5596534249983,698.9185806225415,713.7522991197674,694.4877296428506,0.021793103448275897,5462767761,202340917867.44,0,0,0,0,0,0,3820.54,0.026334381908980742,694.48,35.14,35.50181423581182
2025-01-15,36.86,36.37,36.95,36.2,317320,1156462608.72,0.83,-1.81,2.02,37.04,19.2645694769168,700.652391875464,710.0920309191532,711.8258421720758,697.3774150643883,-0.01808855291576683,5462767761,198680863467.56998,0,0,0,0,0,0,3796.03,-0.006415323488302649,682.99,34.47,34.859637790401614
2025-01-16,36.41,36.43,37.05,36.14,347114,1269580785.81,0.91,0.16,2.5,36.37,19.2645694769168,701.808266044079,701.4229746545407,713.7522991197674,696.2215408957732,0.001649711300522494,5462767761,199008629533.23,0,0,0,0,0,0,3800.38,0.0011459340416171138,684.02,34.53,34.91714612879656
2025-01-17,36.42,36.69,36.9,36.15,273964,1003481730.25,0.72,0.71,2.06,36.43,19.2645694769168,706.8170541080774,701.6156203493099,710.8626136982299,696.4141865905423,0.0071369750205874105,5462767761,200428949151.09,0,0,0,0,0,0,3812.34,0.003147053715681025,688.48,34.79,35.16634892850798
2025-01-20,36.9,37.23,37.5,36.72,364180,1351625621.94,0.96,1.47,2.13,36.69,19.2645694769168,717.2199216256124,710.8626136982299,722.42135538438,707.394991192385,0.014717906786590351,5462767761,203378843742.02997,0,0,0,0,0,0,3829.68,0.004548387604463411,697.73,35.33,35.68392397406247
2025-01-21,37.4,36.9,37.41,36.71,221953,819623151.04,0.58,-0.89,1.88,37.23,19.2645694769168,710.8626136982299,720.4948984366883,720.6875441314575,707.2023454976157,-0.008863819500402825,5462767761,201576130380.9,0,0,0,0,0,0,3832.61,0.0007650769777109989,692.08,35.0,35.36762811289028
2025-01-22,36.82,36.52,36.82,36.31,213410,779868037.7,0.56,-1.03,1.38,36.9,19.2645694769168,703.5420772970016,709.3214481400767,709.3214481400767,699.4965177068491,-0.010298102981029733,5462767761,199500278631.72003,0,0,0,0,0,0,3797.02,-0.0092861000727964,685.57,34.62,35.003408636388976
2025-01-23,36.85,36.81,37.14,36.68,270185,998096811.73,0.71,0.79,1.26,36.52,19.2645694769168,709.1288024453075,709.8993852243841,715.48611037269,706.6244084133083,0.007940854326396574,5462767917,201084487024.77002,0,0,0,0,0,0,3803.74,0.0017698089554438745,690.53,34.91,35.28136560529788
2025-01-24,36.72,36.88,36.99,36.56,204650,753329005.27,0.54,0.19,1.17,36.81,19.2645694769168,710.4773223086917,707.394991192385,712.5964249511525,704.3126600760783,0.001901657158380976,5462767917,201466880778.96002,0,0,0,0,0,0,3832.86,0.007655623149847246,691.73,34.98,35.34845866675864
2025-01-27,36.92,37.21,37.68,36.92,268043,1001340493.55,0.7,0.89,2.06,36.88,19.2645694769168,716.8346302360742,711.2479050877683,725.8889778902251,711.2479050877683,0.008947939262472948,5462767917,203269594191.57,0,0,0,0,0,0,3817.08,-0.004117030102847585,697.39,35.31,35.66475452793083
2025-02-05,37.35,36.82,37.43,36.71,232847,859393163.17,0.61,-1.05,1.93,37.21,19.2645694769168,709.3214481400767,719.5316699628426,721.0728355209959,707.2023454976157,-0.010481053480247304,5462767917,201139114703.94,0,0,0,0,0,0,3795.08,-0.005763567962945526,690.71,34.92,35.2909503283637
2025-02-06,36.83,36.8,36.86,36.32,271945,995917817.35,0.71,-0.05,1.47,36.82,19.2645694769168,708.9361567505382,709.5140938348458,710.0920309191532,699.6891634016182,-0.0005431830526888559,5462767917,201029859345.59998,0,0,0,0,0,0,3842.83,0.012582079956153791,690.36,34.9,35.27178088223204
2025-02-07,36.66,36.82,37.13,36.35,433108,1591357172.56,1.14,0.05,2.12,36.8,19.2645694769168,709.3214481400767,706.2391170237698,715.2934646779208,700.2671004859258,0.0005434782608697564,5462767917,201139114703.94,0,0,0,0,0,0,3892.7,0.01297741508211403,690.71,34.92,35.2909503283637
2025-02-10,36.72,36.58,36.8,36.43,328526,1200884268.8,0.86,-0.65,1.0,36.82,19.2645694769168,704.6979514656166,707.394991192385,708.9361567505382,701.808266044079,-0.006518196632265161,5462767917,199828050403.86,0,0,0,0,0,0,3901.06,0.002147609628278646,686.59,34.68,35.06091697478392
2025-02-11,36.59,36.24,36.75,36.18,313600,1140191301.05,0.82,-0.93,1.56,36.58,19.2645694769168,698.1479978434649,704.8905971603858,707.9729282766924,696.9921236748498,-0.009294696555494752,5462767917,197970709312.08002,0,0,0,0,0,0,3883.14,-0.004593623271623604,680.77,34.34,34.73503639054591
2025-02-12,36.1,36.31,36.32,35.83,346108,1246572014.78,0.91,0.19,1.35,36.24,19.2645694769168,699.4965177068491,695.4509581166966,699.6891634016182,690.249524357929,0.0019315673289184154,5462767917,198353103066.27002,0,0,0,0,0,0,3919.86,0.009456264775413725,681.97,34.41,34.802129452006675
2025-02-13,36.21,38.21,38.45,36.15,1087729,4098649186.15,2.85,5.23,6.33,36.31,19.2645694769168,736.099199712991,697.5700607591574,740.722696387451,696.4141865905423,0.05232718259432656,5462767917,208732362108.57,0,0,0,0,0,0,3905.14,-0.0037552361563933934,714.53,36.31,36.62322683451322
2025-02-14,37.8,37.71,38.08,37.41,489139,1845601272.09,1.28,-1.31,1.75,38.21,19.2645694769168,726.4669149745325,728.200726227455,733.5948056809917,720.6875441314575,-0.013085579691180294,5462767917,206000978150.07,0,0,0,0,0,0,3939.01,0.008673184572128179,705.96,35.81,36.14399068122202
2025-02-17,37.68,37.86,38.09,37.23,415642,1563059457.87,1.09,0.4,2.28,37.71,19.2645694769168,729.3566003960701,725.8889778902251,733.7874513757611,717.2199216256124,0.003977724741447863,5462767917,206820393337.62,0,0,0,0,0,0,3947.4,0.0021299768215872206,708.53,35.96,36.28776152720938
2025-02-18,37.9,37.17,38.06,37.1,361634,1359734479.42,0.95,-1.82,2.54,37.86,19.2645694769168,716.0640474569975,730.1271831751467,733.2095142914535,714.7155275936134,-0.018225039619651273,5462767917,203051083474.89,0,0,0,0,0,0,3912.78,-0.008770329837361257,696.7,35.27,35.626415635667534
2025-02-19,37.11,37.4,37.49,36.81,436714,1621780540.29,1.15,0.62,1.83,37.17,19.2645694769168,720.4948984366883,714.9081732883825,722.2287096896109,709.1288024453075,0.0061877858488026405,5462767917,204307520095.8,0,0,0,0,0,0,3940.16,0.00699758228165126,700.64,35.5,35.846864266181484
2025-02-20,37.38,36.92,37.38,36.9,304871,1129984559.26,0.8,-1.28,1.28,37.4,19.2645694769168,711.2479050877683,720.1096070471501,720.1096070471501,710.8626136982299,-0.012834224598930355,5462767917,201685391495.64,0,0,0,0,0,0,3928.9,-0.0028577519694631404,692.42,35.02,35.386797559021936
2025-02-21,37.0,37.0,38.06,36.88,520216,1940455376.07,1.37,0.22,3.2,36.92,19.2645694769168,712.7890706459216,712.7890706459216,733.2095142914535,710.4773223086917,0.0021668472372697867,5462767917,202122412929.0,0,0,0,0,0,0,3978.44,0.012609127236631101,693.79,35.1,35.463475343548524
2025-02-24,37.37,37.2,37.84,37.03,534925,2000143785.09,1.4,0.54,2.19,37.0,19.2645694769168,716.6419845413051,719.9169613523808,728.9713090065318,713.3670077302291,0.005405405405405572,5462767917,203214966512.40002,0,0,0,0,0,0,3969.72,-0.0021918138767960116,697.22,35.3,35.65516980486501
2025-02-25,37.02,36.59,37.02,36.51,336330,1233074277.43,0.88,-1.64,1.37,37.2,19.2645694769168,704.8905971603858,713.17436203546,713.17436203546,703.3494316022324,-0.016397849462365555,5462767917,199882678083.03003,0,0,0,0,0,0,3925.65,-0.011101538647562026,686.76,34.69,35.07050169784975
2025-02-26,36.6,36.83,36.85,36.38,292514,1069654401.94,0.77,0.66,1.28,36.59,19.2645694769168,709.5140938348458,705.0832428551549,709.8993852243841,700.8450375702332,0.0065591691719046885,5462767917,201193742383.11,0,0,0,0,0,0,3959.94,0.008734859195292488,690.88,34.93,35.30053505142952
2025-02-27,36.8,36.51,36.89,36.27,340966,1244872035.91,0.89,-0.87,1.68,36.83,19.2645694769168,703.3494316022324,708.9361567505382,710.6699680034608,698.7259349277724,-0.008688569101276133,5462767917,199445656649.66998,0,0,0,0,0,0,3968.12,0.002065687863957555,685.39,34.61,34.99382391332315
2025-02-28,36.47,36.29,37.08,36.2,427853,1567322314.46,1.12,-0.6,2.41,36.51,19.2645694769168,699.1112263173106,702.5788488231557,714.3302362040749,697.3774150643883,-0.006025746370857288,5462767917,198243847707.93,0,0,0,0,0,0,3890.05,-0.019674304204509885,681.62,34.39,34.782960005875026
2025-03-03,36.29,36.67,37.07,36.11,431883,1586158717.82,1.13,1.05,2.65,36.29,19.2645694769168,706.4317627185392,699.1112263173106,714.1375905093058,695.6436038114657,0.010471204188481797,5462767917,200319699516.39,0,0,0,0,0,0,3888.47,-0.00040616444518715156,688.14,34.77,35.14717948237634
2025-03-04,36.68,37.07,37.31,36.28,365465,1341874738.89,0.96,1.09,2.81,36.67,19.2645694769168,714.1375905093058,706.6244084133083,718.7610871837659,698.9185806225415,0.010908099263703175,5462767917,202504806683.19,0,0,0,0,0,0,3885.22,-0.0008358043137789428,694.99,35.17,35.53056840500929
2025-03-05,37.1,36.58,37.16,36.52,286757,1052043572.25,0.75,-1.32,1.73,37.07,19.2645694769168,704.6979514656166,714.7155275936134,715.8714017622283,703.5420772970016,-0.013218235770164566,5462768177,199828059914.66,0,0,0,0,0,0,3902.57,0.004465641585289948,686.59,34.68,35.06091697478392
2025-03-06,36.7,36.85,36.95,36.4,317559,1167139353.13,0.83,0.74,1.5,36.58,19.2645694769168,709.8993852243841,707.0096998028466,711.8258421720758,701.2303289597716,0.007381082558775454,5462768177,201303007322.45,0,0,0,0,0,0,3956.24,0.013752475932526487,691.22,34.95,35.31970449756117
2025-03-07,36.75,36.9,37.26,36.62,377782,1395578820.56,0.99,0.14,1.74,36.85,19.2645694769168,710.8626136982299,707.9729282766924,717.79785870992,705.4685342446932,0.0013568521031206426,5462768177,201576145731.3,0,0,0,0,0,0,3944.01,-0.0030913190301902205,692.08,35.0,35.36762811289028
2025-03-10,37.5,37.31,37.59,36.96,485542,1810704828.85,1.27,1.11,1.71,36.9,19.2645694769168,718.7610871837659,722.42135538438,724.1551666373026,712.018487866845,0.011111111111111294,5462768177,203815880683.87003,0,0,0,0,0,0,3928.8,-0.0038564810941148497,699.1,35.41,35.76060175858907
2025-03-11,36.91,38.1,38.13,36.86,697370,2637006243.87,1.83,2.12,3.4,37.31,19.2645694769168,733.9800970705302,711.055259392999,734.5580341548376,710.0920309191532,0.02117394800321626,5462768177,208131467543.7,0,0,0,0,0,0,3941.42,0.0032121767460802086,712.64,36.2,36.51779488078916
2025-03-12,38.11,37.97,38.18,37.78,380513,1445912639.49,1.0,-0.34,1.05,38.1,19.2645694769168,731.4757030385309,734.1727427652993,735.5212626286834,727.8154348379168,-0.0034120734908137385,5462768177,207421307680.69,0,0,0,0,0,0,3927.23,-0.003600225299511317,710.41,36.07,36.39319348093345
2025-03-13,37.95,38.03,38.21,37.86,335989,1277747803.81,0.88,0.16,0.92,37.97,19.2645694769168,732.6315772071459,731.0904116489927,736.099199712991,729.3566003960701,0.0015801948907032681,5462768177,207749073771.31,0,0,0,0,0,0,3911.58,-0.003984997058995798,711.44,36.13,36.45070181932839
2025-03-14,38.19,38.5,38.67,38.05,489494,1880506020.95,1.28,1.24,1.63,38.03,19.2645694769168,741.6859248612968,735.7139083234526,744.9609016723728,733.0168685966843,0.012358664212463788,5462768177,210316574814.5,0,0,0,0,0,0,4006.56,0.024281748040433815,719.49,36.6,36.901183803422114
2025-03-17,38.83,39.21,39.57,38.67,532194,2087564857.88,1.4,1.84,2.34,38.5,19.2645694769168,755.3637691899078,748.0432327886793,762.2990142015979,744.9609016723728,0.01844155844155848,5462768177,214195140220.17,0,0,0,0,0,0,3996.79,-0.0024385008585918744,731.66,37.31,37.58169914109561
2025-03-18,39.19,38.63,39.19,38.5,421433,1629191862.02,1.11,-1.48,1.76,39.21,19.2645694769168,744.1903188932961,754.9784778003694,754.9784778003694,741.6859248612968,-0.014792144861004775,5462768177,211026734677.51,0,0,0,0,0,0,4007.72,0.0027346945924102695,721.72,36.73,37.02578520327783
2025-03-19,38.6,38.74,38.75,38.28,308693,1189734353.58,0.81,0.28,1.22,38.63,19.2645694769168,746.3094215357569,743.6123818089885,746.502067230526,737.4477195763752,0.002847527828112817,5462768177,211627639176.98,0,0,0,0,0,0,4010.17,0.0006113201521065204,723.61,36.84,37.13121715700189
2025-03-20,39.1,38.26,39.1,38.25,425599,1638821168.35,1.12,-1.24,2.19,38.74,19.2645694769168,737.0624281868368,753.244666547447,753.244666547447,736.8697824920677,-0.01239029426948901,5462768177,209005510452.02,0,0,0,0,0,0,3974.99,-0.008772695421889964,715.38,36.36,36.67115044984234
2025-03-21,38.26,38.58,39.25,37.72,542622,2082103680.81,1.42,0.84,4.0,38.26,19.2645694769168,743.2270904194502,737.0624281868368,756.1343519689844,726.6595606693018,0.008363826450601186,5462768177,210753596268.66,0,0,0,0,0,0,3914.7,-0.015167333754298795,720.87,36.68,36.9778615879487
2025-03-24,38.2,38.25,38.38,37.56,305369,1165570218.97,0.8,-0.86,2.13,38.58,19.2645694769168,736.8697824920677,735.9065540182219,739.3741765240669,723.577229552995,-0.008553654743390315,5462768177,208950882770.25,0,0,0,0,0,0,3934.85,0.005147265435410109,715.21,36.35,36.661565726776516
2025-03-25,38.29,38.6,38.6,37.97,304882,1168050003.83,0.8,0.92,1.65,38.25,19.2645694769168,743.6123818089885,737.6403652711443,743.6123818089885,731.4757030385309,0.009150326797385588,5462768177,210862851632.2,0,0,0,0,0,0,3932.3,-0.0006480551990545314,721.21,36.7,36.99703103408035
2025-03-26,38.62,39.97,40.2,38.5,937084,3714046976.67,2.46,3.55,4.4,38.6,19.2645694769168,770.0048419923645,743.9976731985269,774.4356929720554,741.6859248612968,0.03549222797927465,5462768177,218346844034.69,0,0,0,0,0,0,3919.36,-0.003290695013096645,744.68,38.07,38.31013809409823
2025-03-27,39.94,39.79,40.13,39.71,354833,1414412250.83,0.93,-0.45,1.05,39.97,19.2645694769168,766.5372194865195,769.4269049080569,773.0871731086713,764.9960539283662,-0.004503377533149888,5462768177,217363545762.83,0,0,0,0,0,0,3932.41,0.0033296252449379615,741.6,37.89,38.1376130789134
2025-03-28,39.79,39.64,39.8,39.39,278249,1100633024.68,0.73,-0.38,1.03,39.79,19.2645694769168,763.647534064982,766.5372194865195,766.7298651812886,758.8313916957528,-0.0037697914048755443,5462768177,216544130536.28,0,0,0,0,0,0,3915.17,-0.004384079991659018,739.03,37.74,37.99384223292604
2025-03-31,39.46,38.73,39.91,38.66,351708,1375551578.6,0.92,-2.3,3.15,39.64,19.2645694769168,746.1167758409877,760.1799115591369,768.8489678237495,744.7682559776034,-0.022956609485368373,5462768177,211573011495.21,0,0,0,0,0,0,3887.31,-0.00711591067565398,723.44,36.83,37.121632433936064
2025-04-01,38.71,38.78,39.43,38.66,307321,1197449941.0,0.81,0.13,1.99,38.73,19.2645694769168,747.0800043148336,745.7314844514494,759.6019744748295,744.7682559776034,0.0012909888974956818,5462768177,211846149904.06,0,0,0,0,0,0,3887.68,9.518150083209775e-05,724.29,36.88,37.16955604926518
2025-04-02,38.8,39.04,39.18,38.8,263667,1028632600.07,0.69,0.67,0.98,38.78,19.2645694769168,752.0887923788318,747.4652957043718,754.7858321056002,747.4652957043718,0.0067044868488910225,5462768177,213266469630.08,0,0,0,0,0,0,3884.39,-0.0008462630669190396,728.75,37.14,37.4187588489766
2025-04-03,38.7,39.49,39.67,38.7,368220,1450500682.48,0.97,1.15,2.48,39.04,19.2645694769168,760.7578486434445,745.5388387566802,764.2254711492895,745.5388387566802,0.011526639344262346,5462768177,215724715309.73,0,0,0,0,0,0,3861.5,-0.005892817147608698,736.46,37.59,37.85007138693869
2025-04-07,38.85,38.78,40.19,37.53,1074454,4187117663.28,2.82,-1.8,6.74,39.49,19.2645694769168,747.0800043148336,748.4285241782178,774.2430472772862,722.9992924686876,-0.017979235249430237,5462768177,211846149904.06,0,0,0,0,0,0,3589.44,-0.07045448659847209,724.29,36.88,37.16955604926518
2025-04-08,38.78,41.35,42.0,37.91,1348126,5416628552.65,3.54,6.63,10.55,38.78,19.2645694769168,796.5899478705097,747.0800043148336,809.1119180305056,730.3198288699159,0.06627127385250131,5462768177,225885464118.95,0,0,0,0,0,0,3650.76,0.01708344477132928,768.33,39.45,39.63282987718193
2025-04-09,41.95,42.2,43.5,40.58,1409823,5960158637.07,3.7,2.06,7.06,41.35,19.2645694769168,812.964831925889,808.1486895566599,838.0087722458809,781.7562293732838,0.02055622732769047,5462768177,230528817069.40002,0,0,0,0,0,0,3686.79,0.009869177924596517,782.9,40.3,40.447531337776965
2025-04-10,41.0,41.94,42.28,40.65,942115,3938993853.11,2.47,-0.62,3.86,42.2,19.2645694769168,807.9560438618906,789.8473485535889,814.5059974840424,783.1047492366679,-0.006161137440758413,5462768177,229108497343.37997,0,0,0,0,0,0,3735.12,0.013108964709137139,778.44,40.04,40.198328538065546
2025-04-11,41.82,40.93,41.86,40.58,608119,2494837428.64,1.6,-2.41,3.05,41.94,19.2645694769168,788.4988286902046,805.6442955246606,806.4148783037373,781.7562293732838,-0.024082021936099096,5462768177,223591101484.61,0,0,0,0,0,0,3750.52,0.004123026837156596,761.14,39.03,39.230271508417324
2025-04-14,40.93,40.74,41.2,40.68,433216,1768657633.34,1.14,-0.46,1.27,40.93,19.2645694769168,784.8385604895905,788.4988286902046,793.7002624489722,783.6826863209754,-0.004642071829953576,5462768177,222553175530.98,0,0,0,0,0,0,3759.14,0.002298347962415903,757.88,38.84,39.04816177016667
2025-04-15,40.66,40.61,40.69,40.23,349633,1414608507.43,0.92,-0.32,1.13,40.74,19.2645694769168,782.3341664575913,783.2973949314371,783.8753320157446,775.0136300563629,-0.0031909671084929814,5462768177,221843015667.97,0,0,0,0,0,0,3761.23,0.0005559782290631698,755.65,38.71,38.923560370310966
2025-04-16,40.3,40.8,41.0,39.9,495179,2002334542.12,1.3,0.47,2.71,40.61,19.2645694769168,785.9944346582055,776.362149919747,789.8473485535889,768.6563221289804,0.004678650578675114,5462768177,222880941621.59998,0,0,0,0,0,0,3772.82,0.0030814387846529456,758.91,38.9,39.10567010856162
2025-04-17,40.5,40.77,40.83,40.22,306165,1241778021.21,0.8,-0.07,1.5,40.8,19.2645694769168,785.416497573898,780.2150638151304,786.5723717425129,774.8209843615937,-0.0007352941176469452,5462768177,222717058576.29,0,0,0,0,0,0,3772.22,-0.00015903223583435544,758.39,38.87,39.07691593936415
2025-04-18,40.56,40.37,40.68,40.18,212710,859017723.75,0.56,-0.98,1.23,40.77,19.2645694769168,777.7106697831312,781.3709379837455,783.6826863209754,774.0504015825171,-0.009811135638950308,5462768177,220531951305.49,0,0,0,0,0,0,3772.52,7.952876555461508e-05,751.54,38.47,38.69352701673118
2025-04-21,40.27,40.5,40.53,40.07,201729,813943881.57,0.53,0.32,1.14,40.37,19.2645694769168,780.2150638151304,775.7842128354397,780.793000899438,771.9312989400562,0.0032202130294773923,5462768177,221242111168.5,0,0,0,0,0,0,3784.88,0.0032763245787961193,753.77,38.6,38.818128416586895
2025-04-22,40.43,40.44,40.83,40.26,238519,966192587.25,0.63,-0.15,1.41,40.5,19.2645694769168,779.0591896465154,778.8665439517463,786.5723717425129,775.5915671406703,-0.001481481481481528,5462768177,220914345077.87997,0,0,0,0,0,0,3783.95,-0.00024571452727706333,752.74,38.54,38.760620078191955
2025-04-23,40.48,40.37,40.48,39.7,412568,1650090976.45,1.08,-0.17,1.93,40.44,19.2645694769168,777.7106697831312,779.8297724255921,779.8297724255921,764.8034082335971,-0.0017309594460930278,5462768373,220531959218.00998,0,0,0,0,0,0,3786.88,0.0007743231279484508,751.54,38.47,38.69352701673118
2025-04-24,40.2,40.52,41.2,40.2,345624,1407003245.33,0.91,0.37,2.48,40.37,19.2645694769168,780.6003552046689,774.4356929720554,793.7002624489722,774.4356929720554,0.00371563041862788,5462768373,221351374473.96002,0,0,0,0,0,0,3784.36,-0.000665455467297571,754.11,38.62,38.83729786271855
2025-04-25,40.8,40.03,41.08,40.01,297947,1204558954.15,0.78,-1.21,2.64,40.52,19.2645694769168,771.1607161609795,785.9944346582055,791.3885141117421,770.7754247714412,-0.012092793682132341,5462768373,218674617971.19,0,0,0,0,0,0,3786.99,0.0006949655952392941,745.71,38.13,38.367646432493174
2025-04-28,40.03,39.73,40.17,39.7,227241,907193098.32,0.6,-0.75,1.17,40.03,19.2645694769168,765.3813453179044,771.1607161609795,773.8577558877479,764.8034082335971,-0.007494379215588376,5462768373,217035787459.28998,0,0,0,0,0,0,3781.62,-0.0014180127225051908,740.57,37.83,38.08010474051846
2025-04-29,39.7,39.5,39.7,39.3,239264,943735089.84,0.63,-0.58,1.01,39.73,19.2645694769168,760.9504943382136,764.8034082335971,764.8034082335971,757.0975804428302,-0.005789076264787196,5462768373,215779350733.5,0,0,0,0,0,0,3775.08,-0.0017294175512082566,736.63,37.6,37.85965611000451
2025-04-30,39.49,39.67,39.76,39.39,225813,893800463.91,0.59,0.43,0.94,39.5,19.2645694769168,764.2254711492895,760.7578486434445,765.959282402212,758.8313916957528,0.004303797468354409,5462768373,216708021356.91,0,0,0,0,0,0,3770.57,-0.001194676669103667,739.54,37.77,38.02259640212352
2025-05-06,39.68,39.72,39.9,39.51,262067,1041261868.97,0.69,0.13,0.98,39.67,19.2645694769168,765.1886996231353,764.4181168440587,768.6563221289804,761.1431400329827,0.001260398285858333,5462768373,216981159775.56,0,0,0,0,0,0,3808.54,0.010070095502801912,740.4,37.82,38.07052001745263
2025-05-07,39.93,39.73,39.97,39.58,252396,1003775558.5,0.66,0.03,0.98,39.72,19.2645694769168,765.3813453179044,769.2342592132878,770.0048419923645,762.491659896367,0.0002517623363544885,5462768373,217035787459.28998,0,0,0,0,0,0,3831.63,0.006062690689870642,740.57,37.83,38.08010474051846
2025-05-08,39.78,39.7,40.15,39.62,274526,1093765800.9,0.72,-0.08,1.33,39.73,19.2645694769168,764.8034082335971,766.3445737917503,773.4724644982095,763.2622426754436,-0.0007550969041025812,5462768373,216871904408.1,0,0,0,0,0,0,3852.9,0.00555116229907382,740.06,37.8,38.05135057132099
2025-05-09,39.7,39.42,39.82,39.38,209725,828681743.79,0.55,-0.71,1.11,39.7,19.2645694769168,759.4093287800604,764.8034082335971,767.115156570827,758.6387460009837,-0.007052896725440849,5462768373,215342329263.66,0,0,0,0,0,0,3846.16,-0.00174933167224689,735.26,37.52,37.78297832547792
2025-05-12,39.45,39.24,39.46,39.04,256659,1006720340.73,0.67,-0.46,1.07,39.42,19.2645694769168,755.9417062742153,759.9872658643678,760.1799115591369,752.0887923788318,-0.004566210045662045,5462768373,214359030956.52002,0,0,0,0,0,0,3890.61,0.011556981508829667,732.18,37.34,37.61045331029309
2025-05-13,39.3,39.34,39.44,39.09,223140,875757561.27,0.59,0.25,0.89,39.24,19.2645694769168,757.868163221907,757.0975804428302,759.7946201695986,753.0520208526779,0.0025484199796126372,5462768373,214905307793.82,0,0,0,0,0,0,3896.26,0.0014522144342403731,733.89,37.44,37.706300540951325
2025-05-14,39.34,39.97,40.01,39.15,347492,1378563275.54,0.91,1.6,2.19,39.34,19.2645694769168,770.0048419923645,757.868163221907,770.7754247714412,754.2078950212928,0.016014234875444622,5462768373,218346851868.81,0,0,0,0,0,0,3943.21,0.012050017195977647,744.68,38.07,38.31013809409823
2025-05-15,39.75,39.74,40.04,39.69,230421,918609124.69,0.6,-0.58,0.88,39.97,19.2645694769168,765.5739910126737,765.7666367074428,771.3533618557487,764.6107625388278,-0.005754315736802518,5462768373,217090415143.02002,0,0,0,0,0,0,3907.2,-0.00913215375290699,740.74,37.84,38.08968946358428
2025-05-16,39.7,39.25,39.8,39.15,212405,835021311.98,0.56,-1.23,1.64,39.74,19.2645694769168,756.1343519689844,764.8034082335971,766.7298651812886,754.2078950212928,-0.012330145948666327,5462768373,214413658640.25,0,0,0,0,0,0,3889.09,-0.004635032760032631,732.35,37.35,37.62003803335891
2025-05-19,39.15,39.23,39.4,39.09,156601,614820948.35,0.41,-0.05,0.79,39.25,19.2645694769168,755.749060579446,754.2078950212928,759.0240373905219,753.0520208526779,-0.0005095541401274328,5462768373,214304403272.78998,0,0,0,0,0,0,3877.15,-0.003070126944863749,732.0,37.33,37.600868587227254
2025-05-20,39.23,39.55,39.74,39.09,198280,782429542.62,0.52,0.82,1.66,39.23,19.2645694769168,761.9137228120594,755.749060579446,765.5739910126737,753.0520208526779,0.008157022686719362,5462768373,216052489152.15,0,0,0,0,0,0,3898.17,0.005421508066492109,737.49,37.65,37.90757972533362
2025-05-21,39.55,39.99,40.33,39.51,337540,1350649283.67,0.89,1.11,2.07,39.55,19.2645694769168,770.390133381903,761.9137228120594,776.9400870040546,761.1431400329827,0.011125158027813109,5462768373,218456107236.27002,0,0,0,0,0,0,3916.38,0.004671422744518594,745.03,38.09,38.329307540229884
2025-05-22,40.01,39.86,40.1,39.62,146449,583231826.67,0.38,-0.33,1.2,39.99,19.2645694769168,767.8857393499037,770.7754247714412,772.5092360243638,763.2622426754436,-0.0032508127031758427,5462768373,217745947347.78,0,0,0,0,0,0,3913.87,-0.0006408979721069796,742.8,37.96,38.20470614037417
2025-05-23,39.8,39.51,40.17,39.5,193293,769595776.92,0.51,-0.88,1.68,39.86,19.2645694769168,761.1431400329827,766.7298651812886,773.8577558877479,760.9504943382136,-0.008780732563973936,5462768373,215833978417.22998,0,0,0,0,0,0,3882.27,-0.00807385017897888,736.8,37.61,37.86924083307033
2025-05-26,39.5,39.38,39.66,39.16,173509,683323958.07,0.46,-0.33,1.27,39.51,19.2645694769168,758.6387460009837,760.9504943382136,764.0328254545202,754.4005407160619,-0.003290306251581776,5462768373,215123818528.74002,0,0,0,0,0,0,3860.11,-0.005708000731530771,734.57,37.48,37.74463943321462
2025-05-27,39.3,38.79,39.62,38.79,199881,782201654.06,0.52,-1.5,2.11,39.38,19.2645694769168,747.2726500096027,757.0975804428302,763.2622426754436,747.2726500096027,-0.014982224479431316,5462768373,211900785188.66998,0,0,0,0,0,0,3839.4,-0.0053651320817282855,724.46,36.89,37.179140772331
2025-05-28,38.77,38.4,38.94,38.36,197064,760865626.25,0.52,-1.01,1.5,38.79,19.2645694769168,739.7594679136051,746.8873586200644,750.1623354311401,738.9888851345285,-0.010054137664346485,5462768373,209770305523.19998,0,0,0,0,0,0,3836.24,-0.0008230452674897748,717.78,36.5,36.80533657276387
2025-05-29,38.34,38.66,38.7,38.16,195881,753319699.61,0.51,0.68,1.41,38.4,19.2645694769168,744.7682559776034,738.6035937449902,745.5388387566802,735.1359712391451,0.0067708333333333925,5462768373,211190625300.18,0,0,0,0,0,0,3858.7,0.0058546910516548145,722.24,36.76,37.05453937247529
2025-05-30,38.84,40.44,40.66,38.79,824287,3304627602.45,2.16,4.6,4.84,38.66,19.2645694769168,779.0591896465154,748.2358784834486,783.2973949314371,747.2726500096027,0.04604242110708756,5462768373,220914353004.12,0,0,0,0,0,0,3840.23,-0.004786586155959172,752.74,38.54,38.760620078191955
2025-06-03,40.06,41.54,41.78,40.03,636801,2623707151.77,1.67,2.72,4.33,40.44,19.2645694769168,800.2502160711239,771.7386532452871,804.8737127455839,771.1607161609795,0.027200791295746818,5462768373,226923398214.41998,0,0,0,0,0,0,3852.01,0.0030675246013911472,771.59,39.64,39.814939615432586
2025-06-04,41.41,41.75,41.76,40.88,472246,1953060783.3,1.24,0.51,2.12,41.54,19.2645694769168,804.2957756612765,797.7458220391246,804.4884213560456,787.5356002163588,0.005055368319691889,5462768373,228070579572.75,0,0,0,0,0,0,3868.74,0.0043431870633772185,775.19,39.85,40.016218799814894
2025-06-05,41.6,40.8,41.74,40.72,272886,1120815343.75,0.72,-2.28,2.44,41.75,19.2645694769168,785.9944346582055,801.406090239739,804.1031299665074,784.4532691000521,-0.022754491017964118,5462768373,222880949618.4,0,0,0,0,0,0,3877.56,0.0022798120318243686,758.91,38.9,39.10567010856162
2025-06-06,41.0,41.14,41.44,40.7,272272,1120598837.79,0.71,0.83,1.81,40.8,19.2645694769168,792.5443882803572,789.8473485535889,798.3237591234322,784.0679777105139,0.008333333333333526,5462768373,224738290865.22,0,0,0,0,0,0,3873.98,-0.0009232610198165458,764.73,39.24,39.43155069279963
2025-06-09,41.14,42.83,42.97,40.98,622321,2647502375.52,1.63,4.11,4.84,41.14,19.2645694769168,825.1015106963465,792.5443882803572,827.7985504231149,789.4620571640504,0.041079241614000894,5462768373,233970369415.59,0,0,0,0,0,0,3885.25,0.0029091528608820028,793.69,40.93,41.05136889092387
2025-06-10,42.8,42.35,43.05,42.04,295213,1253632494.38,0.77,-1.12,2.36,42.83,19.2645694769168,815.8545173474265,824.5235736120391,829.3397159812682,809.8825008095823,-0.011207097828624724,5462768373,231348240596.55002,0,0,0,0,0,0,3865.47,-0.005091049482015331,785.47,40.45,40.59130218376433
2025-06-11,42.48,44.38,44.58,42.35,760392,3346929345.88,2.0,4.79,5.27,42.35,19.2645694769168,854.9615933855677,818.3589113794256,858.8145072809509,815.8545173474265,0.04793388429752077,5462768373,242437660393.74002,0,0,0,0,0,0,3894.63,0.007543713959751397,820.25,42.48,42.537000966126584
2025-06-12,44.0,43.78,44.27,43.54,296077,1296650496.35,0.78,-1.35,1.64,44.38,19.2645694769168,843.4028516994176,847.6410569843392,852.8424907431069,838.7793550249575,-0.013519603424966276,5462768373,239159999369.94,0,0,0,0,0,0,3892.2,-0.0006239360350021039,809.97,41.88,41.96191758217715
2025-06-13,43.62,43.78,44.1,43.15,376504,1638899733.03,0.99,0.0,2.17,43.78,19.2645694769168,843.4028516994176,840.3205205831108,849.5675139320309,831.2661729289599,0.0,5462768373,239159999369.94,0,0,0,0,0,0,3864.18,-0.007199013411438249,809.97,41.88,41.96191758217715
2025-06-16,43.61,42.96,43.61,42.91,337008,1454401356.74,0.88,-1.87,1.6,43.78,19.2645694769168,827.6059047283458,840.1278748883417,840.1278748883417,826.6426762544999,-0.018730013704888138,5462768373,234680529304.08002,0,0,0,0,0,0,3873.8,0.0024895320611360017,795.92,41.06,41.17597029077958
2025-06-17,43.0,43.04,43.42,42.83,178077,768350585.56,0.47,0.19,1.37,42.96,19.2645694769168,829.1470702864991,828.3764875074224,836.4676066877275,825.1015106963465,0.0018621973929235924,5462768373,235117550773.91998,0,0,0,0,0,0,3870.38,-0.000882854045123671,797.29,41.14,41.252648075306176
2025-06-18,42.98,42.49,43.27,42.44,193772,826645431.76,0.51,-1.28,1.93,43.04,19.2645694769168,818.5515570741949,827.9911961178841,833.5779212661901,817.588328600349,-0.012778810408921815,5462768373,232113028168.77002,0,0,0,0,0,0,3874.97,0.0011859300637147019,787.87,40.59,40.72548830668586
2025-06-19,42.59,42.3,42.9,41.95,205697,871201087.79,0.54,-0.45,2.24,42.49,19.2645694769168,814.8912888735806,820.4780140218866,826.4500305597307,808.1486895566599,-0.004471640385973252,5462768373,231075102177.9,0,0,0,0,0,0,3843.09,-0.008227160468339045,784.61,40.4,40.5433785684352
2025-06-20,42.39,41.83,42.7,41.83,282520,1196303105.42,0.74,-1.11,2.06,42.3,19.2645694769168,805.8369412194297,816.6251001265032,822.5971166643475,805.8369412194297,-0.011111111111111072,5462768373,228507601042.59,0,0,0,0,0,0,3846.64,0.0009237358479763369,776.56,39.93,40.092896584341474
2025-06-23,42.01,41.68,42.83,41.5,236264,986917256.31,0.62,-0.36,3.18,41.83,19.2645694769168,802.9472557978922,809.3045637252748,825.1015106963465,799.4796332920472,-0.00358594310303606,5462768373,227688185786.63998,0,0,0,0,0,0,3857.9,0.0029272299981282224,773.99,39.78,39.94912573835412
2025-06-24,41.85,41.82,42.22,41.28,249770,1045018165.54,0.66,0.34,2.26,41.68,19.2645694769168,805.6442955246606,806.2222326089682,813.3501233154274,795.2414280071256,0.0033589251439538614,5462768373,228452973358.86002,0,0,0,0,0,0,3904.03,0.011957282459369223,776.39,39.92,40.083311861275654
2025-06-25,41.79,42.03,42.09,41.36,282526,1178629931.93,0.74,0.5,1.75,41.82,19.2645694769168,809.6898551148132,805.066358440353,810.8457292834282,796.7825935652788,0.0050215208034434244,5462768373,229600154717.19,0,0,0,0,0,0,3960.07,0.014354397891409576,779.98,40.13,40.28459104565796
2025-06-26,41.55,41.8,42.24,41.37,269036,1124225625.95,0.71,-0.55,2.07,41.4557311,19.531433498583578,816.4139202407935,811.5310618661476,825.0077509801704,808.0154038364026,0.008304494719187261,5462768373,228343717991.4,0,0,0,0,0,0,3946.02,-0.003547917082273866,785.71,40.46,40.619134219261234
2025-06-27,41.79,41.67,42.08,41.51,176834,739571321.29,0.46,-0.31,1.36,41.8,19.531433498583578,813.8748338859778,816.2186059058077,821.8827216203969,810.7498045262042,-0.0031100478468898407,5462768373,227633558102.91,0,0,0,0,0,0,3921.76,-0.0061479668121295905,783.49,40.33,40.492806768340095
2025-06-30,41.81,42.01,42.21,41.58,203273,851060321.95,0.53,0.82,1.51,41.67,19.531433498583578,820.5155212754961,816.6092345757794,824.4218079752128,812.1170048711051,0.008159347252219673,5462768373,229490899349.72998,0,0,0,0,0,0,3936.08,0.003651421810615618,789.31,40.67,40.82320163998002
2025-07-01,42.02,41.99,42.3,41.66,185094,776784111.53,0.49,-0.05,1.52,42.01,19.531433498583578,820.1248926055245,820.710835610482,826.1796369900853,813.6795195509918,-0.0004760771244940454,5462768373,229381643982.27002,0,0,0,0,0,0,3942.76,0.0016971199772362056,788.97,40.65,40.803766647530615
2025-07-02,42.0,42.57,42.63,41.9,327669,1385865143.88,0.86,1.38,1.74,41.99,19.531433498583578,831.4531240347029,820.3202069405103,832.625010044618,818.3670635906519,0.01381281257442235,5462768373,232550049638.61002,0,0,0,0,0,0,3943.68,0.0002333390822670811,798.91,41.23,41.36738142856342
2025-07-03,42.81,43.38,43.58,42.4,410012,1768292764.69,1.08,1.9,2.77,42.57,19.531433498583578,847.2735851685557,836.140668074363,851.1798718682722,828.1327803399437,0.019027484143763207,5462768373,236974892020.74002,0,0,0,0,0,0,3968.07,0.006184578870496615,812.79,42.04,42.15449862276442
2025-07-04,43.18,43.73,43.85,42.97,331842,1445047077.62,0.87,0.81,2.03,43.38,19.531433498583578,854.1095868930598,843.3672984688388,856.4533589128899,839.2656974341363,0.008068234209313019,5462768373,238886860951.28998,0,0,0,0,0,0,3982.2,0.003560925084486799,818.79,42.39,42.49461099062904
2025-07-07,43.6,43.44,43.85,43.26,202080,880343021.51,0.53,-0.66,1.35,43.73,19.531433498583578,848.4454711784706,851.570500538244,856.4533589128899,844.9298131487255,-0.006631603018522725,5462768373,237302658123.12,0,0,0,0,0,0,3965.17,-0.004276530560996417,813.82,42.1,42.212803600112636
2025-07-08,43.45,43.67,43.84,42.99,319986,1388832867.86,0.84,0.53,1.96,43.44,19.531433498583578,852.9377008831449,848.6407855134565,856.2580445779041,839.6563261041081,0.005294659300184357,5462768373,238559094848.91,0,0,0,0,0,0,3998.45,0.008393082768204163,817.76,42.33,42.43630601328083
2025-07-09,43.65,45.1,45.6,43.63,687988,3097354095.86,1.81,3.27,4.51,43.67,19.531433498583578,880.8676507861194,852.5470722131731,890.6333675354111,852.1564435432016,0.032745591939546514,5462768373,246370853622.30002,0,0,0,0,0,0,3991.4,-0.0017631832335028852,842.26,43.76,43.82590797341344
2025-07-10,46.0,45.31,46.02,44.7,604000,2735934115.85,1.59,0.47,2.93,45.1,19.531433498583578,884.9692518208219,898.4459409348445,898.8365696048163,873.055077386686,0.004656319290465616,5462768373,247518034980.63,0,0,0,0,0,0,4010.02,0.004665029814100219,845.86,43.97,44.02997539413222
2025-07-11,45.86,45.69,46.86,45.48,496021,2284530079.84,1.3,0.84,3.05,45.31,19.531433498583578,892.3911965502837,895.7115402450429,915.2429737436264,888.289595515581,0.008386669609357744,5462768373,249593886962.37,0,0,0,0,0,0,4014.81,0.0011945077580659547,852.37,44.35,44.39924025067096
2025-07-14,45.7,45.51,45.95,45.25,340337,1551127282.51,0.89,-0.39,1.53,45.69,19.531433498583578,888.8755385205386,892.5865108852696,897.4693692599154,883.7973658109069,-0.003939592908732803,5462768373,248610588655.22998,0,0,0,0,0,0,4017.67,0.0007123624779254989,849.29,44.17,44.22432531862629
2025-07-15,45.63,44.89,45.76,44.7,378131,1705195662.81,0.99,-1.36,2.33,45.51,19.531433498583578,876.7660497514169,891.2193105403687,893.7583968951844,873.055077386686,-0.013623379477037956,5462768373,245223672263.97,0,0,0,0,0,0,4019.06,0.00034597167014704944,838.66,43.55,43.62184055269467
2025-07-16,44.78,45.14,45.18,44.48,274436,1230783565.28,0.72,0.56,1.56,44.89,19.531433498583578,881.6489081260627,874.6175920665727,882.4301654660061,868.7581620169975,0.005569169079973291,5462768373,246589364357.22,0,0,0,0,0,0,4007.2,-0.0029509387767289175,842.95,43.8,43.86477795831226
2025-07-17,45.14,45.28,46.22,45.14,241657,1099343102.29,0.63,0.31,2.39,45.14,19.531433498583578,884.3833088158644,881.6489081260627,902.7428563045329,881.6489081260627,0.003101462117855558,5462768373,247354151929.44,0,0,0,0,0,0,4034.49,0.006810241565182729,845.35,43.94,44.000822905458115
2025-07-18,45.33,46.04,46.51,45.23,335233,1543184128.15,0.88,1.68,2.83,45.28,19.531433498583578,899.227198274788,885.3598804907936,908.4069720191221,883.4067371409352,0.016784452296819685,5462768373,251505855892.91998,0,0,0,0,0,0,4058.55,0.005963579039730105,858.37,44.7,44.73935261853559
2025-07-21,46.17,47.33,47.5,46.13,526338,2469501783.01,1.38,2.8,2.98,46.04,19.531433498583578,924.4227474879607,901.7662846296038,927.7430911827199,900.9850272896605,0.028019113814074625,5462768373,258552827094.09,0,0,0,0,0,0,4085.61,0.00666740584691583,880.48,45.99,45.99290963152236
2025-07-22,47.28,48.42,48.49,47.02,499762,2392338405.83,1.31,2.3,3.11,47.33,19.531433498583578,945.7120100014168,923.4461758130316,947.0792103463177,918.3680031033999,0.02302979083034029,5462768373,264507244620.66,0,0,0,0,0,0,4118.96,0.008162795763668074,899.15,47.08,47.05211672001506
2025-07-23,49.58,49.09,50.08,48.71,808088,3978845458.37,2.12,1.38,2.83,48.42,19.531433498583578,958.7980704454679,968.3684728597738,978.1341896090655,951.3761257160061,0.013837257331681174,5462768373,268167299430.57,0,0,0,0,0,0,4119.77,0.00019665158195292243,910.64,47.75,47.703188967070204
2025-07-24,48.5,48.27,48.57,47.92,449092,2164956560.88,1.18,-1.67,1.32,49.09,19.531433498583578,942.7822949766294,947.2745246813035,948.6417250262044,935.9462932521251,-0.01670401303727842,5462768373,263687829364.71002,0,0,0,0,0,0,4149.04,0.007104765557300441,896.58,46.93,46.90635427664451
2025-07-25,48.33,48.58,49.2,48.29,403598,1963176553.25,1.06,0.64,1.89,48.27,19.531433498583578,948.8370393611901,943.9541809865443,960.9465281303121,943.1729236466009,0.006422208411021257,5462768373,265381287560.34,0,0,0,0,0,0,4127.16,-0.005273509052696523,901.9,47.24,47.20759665961031
2025-07-28,48.4,48.34,49.0,48.05,352143,1705176993.88,0.92,-0.49,1.96,48.58,19.531433498583578,944.1494953215303,945.3213813314451,957.0402414305953,938.4853796069409,-0.004940304652120142,5462768373,264070223150.82,0,0,0,0,0,0,4135.82,0.002098295195727795,897.78,47.0,46.97437675021743
2025-07-29,48.1,47.28,48.32,47.1,436220,2068463634.64,1.14,-2.19,2.52,48.34,19.531433498583578,923.4461758130316,939.4619512818701,943.7588666515585,919.9305177832865,-0.021928009929664927,5462768373,258279688675.44,0,0,0,0,0,0,4152.02,0.0039169983219773385,879.62,45.94,45.94432215039884
2025-07-30,47.28,47.27,48.3,46.89,417541,1983188376.18,1.1,-0.02,2.98,47.28,19.531433498583578,923.2508614780457,923.4461758130316,943.3682379815867,915.828916748584,-0.0002115059221657889,5462768373,258225060991.71002,0,0,0,0,0,0,4151.24,-0.0001878603667614387,879.45,45.93,45.93460465417414
2025-07-31,46.78,46.36,46.99,46.1,395410,1839261779.63,1.04,-1.93,1.88,47.27,19.531433498583578,905.4772569943347,913.6804590637398,917.7820600984423,900.399084284703,-0.019251110640998603,5462768373,253253941772.28,0,0,0,0,0,0,4075.59,-0.018223470577465872,863.85,45.02,45.050312497726104
2025-08-01,46.41,45.81,46.59,45.7,298470,1376368369.05,0.78,-1.19,1.92,46.36,19.531433498583578,894.7349685701138,906.4538286692638,909.9694866990089,892.5865108852696,-0.011863675582398536,5462770010,250249494158.1,0,0,0,0,0,0,4054.93,-0.005069204704104213,854.43,44.47,44.51585020536741
2025-08-04,45.8,45.91,46.17,45.64,226824,1041612800.55,0.6,0.22,1.16,45.81,19.531433498583578,896.688111919972,894.5396542351278,901.7662846296038,891.4146248753545,0.002182929491377328,5462770010,250795771159.09998,0,0,0,0,0,0,4070.7,0.0038890930299659843,856.14,44.57,44.61302516761444
2025-08-05,46.19,46.26,46.45,45.88,265787,1229395510.47,0.7,0.76,1.24,45.91,19.531433498583578,903.5241136444763,902.1569132995754,907.2350860092073,896.1021689150145,0.007623611413635434,5462770010,252707740662.59998,0,0,0,0,0,0,4103.45,0.008045299334266787,862.14,44.92,44.953137535479065
2025-08-06,46.24,46.77,47.1,46.1,311995,1455030339.55,0.82,1.1,2.16,46.26,19.531433498583578,913.485144728754,903.1334849745047,919.9305177832865,900.399084284703,0.011024643320363348,5462770010,255493753367.7,0,0,0,0,0,0,4113.49,0.002446721661041318,870.88,45.43,45.44872984293896
2025-08-07,46.78,46.67,47.37,46.33,213225,995846638.56,0.56,-0.21,2.22,46.77,19.531433498583578,911.5320013788956,913.6804590637398,925.204004827904,904.8913139893772,-0.0021381227282446513,5462770010,254947476366.7,0,0,0,0,0,0,4114.67,0.0002868610352766421,869.17,45.33,45.35155488069192
2025-08-08,46.89,46.95,47.39,46.6,258517,1214658754.36,0.68,0.6,1.69,46.67,19.531433498583578,917.000802758499,915.828916748584,925.5946334978757,910.1648010339948,0.0059995714591816185,5462770010,256477051969.50003,0,0,0,0,0,0,4104.97,-0.002357418699433955,873.96,45.61,45.623644774983624
2025-08-11,47.22,46.75,47.22,46.3,265524,1240327590.78,0.7,-0.43,1.96,46.95,19.531433498583578,913.0945160587822,922.2742898031165,922.2742898031165,904.3053709844196,-0.00425985090521841,5462770010,255384497967.5,0,0,0,0,0,0,4122.51,0.004272869229251297,870.54,45.41,45.42929485048955
2025-08-12,46.75,47.02,47.25,46.7,234410,1102111390.95,0.62,0.58,1.18,46.75,19.531433498583578,918.3680031033999,913.0945160587822,922.8602328080741,912.1179443838531,0.005775401069518793,5462770010,256859445870.2,0,0,0,0,0,0,4143.83,0.005171606618298075,875.16,45.68,45.69166724855655
2025-08-13,47.07,46.89,47.38,46.2,323760,1510311102.43,0.85,-0.28,2.51,47.02,19.531433498583578,915.828916748584,919.344574778329,925.3993191628899,902.3522276345614,-0.0027647809442791216,5462770010,256149285768.9,0,0,0,0,0,0,4176.58,0.007903316497057,872.94,45.55,45.5653397976354
2025-08-14,46.71,46.47,47.26,46.42,264906,1240066360.5,0.7,-0.9,1.79,46.89,19.531433498583578,907.6257146791788,912.3132587188389,923.0555471430598,906.6491430042497,-0.00895713371721052,5462770010,253854922364.69998,0,0,0,0,0,0,4173.31,-0.0007829372357286424,865.74,45.13,45.157204956197845
2025-08-15,46.27,46.07,46.53,45.76,399077,1839459948.25,1.05,-0.86,1.66,46.47,19.531433498583578,899.8131412797454,903.7194279794622,908.7976006890939,893.7583968951844,-0.008607703894985996,5462770010,251669814360.7,0,0,0,0,0,0,4202.35,0.006958505359055511,858.88,44.73,44.7685051072097
2025-08-18,46.07,46.33,46.33,45.71,386580,1779679123.58,1.01,0.56,1.35,46.07,19.531433498583578,904.8913139893772,899.8131412797454,904.8913139893772,892.7818252202553,0.005643585847623145,5462770010,253090134563.3,0,0,0,0,0,0,4239.41,0.00881887515318791,863.34,44.99,45.021160009052
2025-08-19,46.38,46.71,47.38,46.36,383484,1798218096.91,1.01,0.82,2.2,46.33,19.531433498583578,912.3132587188389,905.8678856643064,925.3993191628899,905.4772569943347,0.008202028922944082,5462770010,255165987167.1,0,0,0,0,0,0,4223.37,-0.0037835453518295648,869.85,45.37,45.39042486559073
2025-08-20,46.9,47.5,47.66,46.24,409712,1930273582.78,1.08,1.69,3.04,46.71,19.531433498583578,927.7430911827199,916.0242310835698,930.8681205424932,903.1334849745047,0.016912866623849165,5462770010,259481575475.0,0,0,0,0,0,0,4271.4,0.01137243480916883,883.39,46.16,46.15810706734232
2025-08-21,49.63,50.21,51.76,48.36,1151209,5763666205.42,3.02,5.71,7.16,47.5,19.531433498583578,980.6732759638815,969.345044534703,1010.946997886686,944.5401239915018,0.057052631578947466,5462770010,274285682202.1,0,0,0,0,0,0,4288.07,0.0039027016903123712,929.83,48.87,48.79154854423701
2025-08-22,50.48,50.35,50.74,49.58,569572,2852098769.38,1.49,0.28,2.31,50.21,19.531433498583578,983.4076766536832,985.9467630084989,991.0249357181308,968.3684728597738,0.0027882891854211778,5462770010,275050470003.5,0,0,0,0,0,0,4378.0,0.020972138980940302,932.23,49.01,48.927593491382865
2025-08-25,50.37,51.38,51.45,50.1,602646,3062052407.09,1.58,2.05,2.68,50.35,19.531433498583578,1003.5250531572243,983.7983053236547,1004.8922535021252,978.5248182790373,0.020456802383316708,5462770010,280677123113.8,0,0,0,0,0,0,4469.22,0.020835998172681558,949.88,50.04,49.92849560252734
2025-08-26,51.29,55.06,56.23,50.91,1143279,6213958331.98,3.0,7.16,10.35,51.38,19.531433498583578,1075.4007284320119,1001.7672241423517,1098.2525056253546,994.3452794128899,0.07162319968859476,5462770010,300780116750.60004,0,0,0,0,0,0,4452.59,-0.003721007245112151,1012.94,53.72,53.50453421321828
2025-08-27,54.7,54.5,55.99,54.42,657697,3620935996.45,1.73,-1.02,2.85,55.06,19.531433498583578,1064.463125672805,1068.3694123725218,1093.5649615856946,1062.9006109929182,-0.010170722847802405,5462770010,297720965545.0,0,0,0,0,0,0,4386.13,-0.014926144109383532,1003.34,53.16,52.96035442463488
2025-08-28,54.3,54.5,54.8,53.5,570731,3088030914.31,1.5,0.0,2.39,54.5,19.531433498583578,1064.463125672805,1060.5568389730881,1070.32255572238,1044.9316921742213,0.0,5462770010,297720965545.0,0,0,0,0,0,0,4463.78,0.017703533638993685,1003.34,53.16,52.96035442463488
2025-08-29,54.5,54.96,55.5,54.3,408050,2239599637.24,1.07,0.84,2.2,54.5,19.531433498583578,1073.4475850821534,1064.463125672805,1083.9945591713886,1060.5568389730881,0.008440366972477076,5462770010,300233839749.6,0,0,0,0,0,0,4496.76,0.007388356953075714,1011.22,53.62,53.40735925097124
2025-09-01,55.23,54.8,55.48,53.98,405047,2212184540.95,1.06,-0.29,2.73,54.96,19.531433498583578,1070.32255572238,1078.7210721267709,1083.603930501417,1054.3067802535415,-0.0029112081513829047,5462770010,299359796548.0,0,0,0,0,0,0,4523.71,0.00599320399576575,1008.48,53.46,53.25187931137598
2025-09-02,54.55,54.75,56.45,54.5,565159,3136069948.52,1.48,-0.09,3.56,54.8,19.531433498583578,1069.3459840474509,1065.4396973477342,1102.549420995043,1064.463125672805,-0.0009124087591240171,5462770010,299086658047.5,0,0,0,0,0,0,4490.45,-0.0073523722785059364,1007.63,53.41,53.20329183025246
2025-09-03,54.75,53.84,55.85,53.6,358671,1944934808.84,0.94,-1.66,4.11,54.75,19.531433498583578,1051.5723795637398,1069.3459840474509,1090.8305608958929,1046.8848355240798,-0.016621004566209963,5462770010,294115537338.4,0,0,0,0,0,0,4459.83,-0.006818915698872052,992.03,52.5,52.31899967380443
2025-09-04,53.85,52.83,54.14,52.05,482179,2549417717.13,1.27,-1.88,3.88,53.84,19.531433498583578,1031.8456317301705,1051.7676938987256,1057.431809613315,1016.6111136012752,-0.018759286775631545,5462770010,288598139628.3,0,0,0,0,0,0,4365.21,-0.02121605532049431,974.72,51.49,51.33753255510936
2025-09-05,52.89,53.7,53.7,52.02,323013,1711214212.98,0.85,1.65,3.18,52.83,19.531433498583578,1048.8379788739383,1033.0175177400854,1048.8379788739383,1016.0251705963178,0.016467915956842827,5462770010,293350749537.0,0,0,0,0,0,0,4460.32,0.02178818430270235,989.63,52.36,52.182954726658586
2025-09-08,54.5,55.65,56.3,54.5,573410,3188024926.22,1.5,3.63,3.35,53.7,19.531433498583578,1086.9242741961762,1064.463125672805,1099.6197059702554,1064.463125672805,0.03631284916201105,5462770010,304003151056.5,0,0,0,0,0,0,4467.57,0.0016254439143379429,1023.05,54.31,54.07786649047579
2025-09-09,55.64,54.58,55.87,54.13,450244,2476388792.72,1.18,-1.92,3.13,55.65,19.531433498583578,1066.0256403526917,1086.7289598611903,1091.2211895658645,1057.2364952783291,-0.01922731356693619,5462770010,298157987145.8,0,0,0,0,0,0,4436.26,-0.007008284145519683,1004.71,53.24,53.0380943944325
2025-09-10,54.2,54.4,54.96,53.12,342542,1851947132.28,0.9,-0.33,3.37,54.58,19.531433498583578,1062.5099823229466,1058.60369562323,1073.4475850821534,1037.5097474447596,-0.0032979113228288615,5462770010,297174688544.0,0,0,0,0,0,0,4445.36,0.0020512774273824252,1001.63,53.06,52.86317946238783
2025-09-11,54.95,57.45,58.49,54.93,932018,5359035949.84,2.45,5.61,6.54,54.4,19.531433498583578,1122.0808544936267,1073.2522707471676,1142.3935453321535,1072.861642077196,0.056066176470588314,5462770010,313836137074.5,0,0,0,0,0,0,4548.03,0.023095992225601547,1053.89,56.11,55.827015810922454
2025-09-12,57.4,57.54,58.46,57.1,562952,3250664548.59,1.48,0.16,2.37,57.45,19.531433498583578,1123.8386835084991,1121.1042828186974,1141.807602327196,1115.2448527691224,0.0015665796344646044,5462770010,314327786375.4,0,0,0,0,0,0,4522.0,-0.005723357145841157,1055.43,56.2,55.91447327694478
2025-09-15,57.5,58.77,59.68,57.13,698123,4100408986.31,1.83,2.14,4.43,57.54,19.531433498583578,1147.862346711757,1123.0574261685558,1165.635951195468,1115.83079577408,0.02137643378519294,5462770010,321046993487.7,0,0,0,0,0,0,4533.06,0.002445820433436552,1076.51,57.43,57.109725312583336
2025-09-16,58.8,57.35,58.86,56.32,630677,3609801694.99,1.66,-2.42,4.32,58.77,19.531433498583578,1120.1277111437682,1148.4482897167143,1149.6201757266294,1100.010334640227,-0.024161987408541807,5462770010,313289860073.5,0,0,0,0,0,0,4523.34,-0.002144246932535676,1052.18,56.01,55.729840848675416
2025-09-17,57.36,56.19,57.58,55.61,547029,3075589379.42,1.44,-2.02,3.44,57.35,19.531433498583578,1097.471248285411,1120.323025478754,1124.6199408484424,1086.1430168562329,-0.02022667829119451,5462770010,306953046861.89996,0,0,0,0,0,0,4551.02,0.006119371968501319,1032.3,54.85,54.60261128660978
2025-09-18,56.2,54.75,56.5,54.25,500844,2771898584.38,1.31,-2.56,4.0,56.19,19.531433498583578,1069.3459840474509,1097.6665626203971,1103.525992669972,1059.580267298159,-0.02562733582487986,5462770010,299086658047.5,0,0,0,0,0,0,4498.11,-0.011625965168248209,1007.63,53.41,53.20329183025246
2025-09-19,54.3,54.38,54.95,53.73,440787,2392336910.28,1.16,-0.68,2.23,54.75,19.531433498583578,1062.119353652975,1060.5568389730881,1073.2522707471676,1049.4239218788955,-0.006757990867579888,5462770010,297065433143.8,0,0,0,0,0,0,4501.92,0.0008470224160814777,1001.28,53.04,52.84374446993843
2025-09-22,53.84,53.56,53.84,52.55,418086,2219200340.78,1.1,-1.51,2.37,54.38,19.531433498583578,1046.1035781841365,1051.5723795637398,1051.5723795637398,1026.376830350567,-0.015079073188672298,5462770010,292585961735.60004,0,0,0,0,0,0,4522.61,0.004595816895902161,987.23,52.22,52.04690977951273
2025-09-23,53.1,53.22,54.25,52.72,392446,2090627899.98,1.03,-0.63,2.86,53.56,19.531433498583578,1039.462890794618,1037.119118774788,1059.580267298159,1029.6971740453262,-0.006348020911127739,5462770010,290728619932.2,0,0,0,0,0,0,4519.78,-0.0006257448685603739,981.41,51.88,51.716514907872806
2025-09-24,53.1,53.96,54.25,52.81,370089,1981926989.44,0.97,1.39,2.71,53.22,19.531433498583578,1053.91615158357,1037.119118774788,1059.580267298159,1031.4550030601988,0.013904547162720826,5462770010,294771069739.6,0,0,0,0,0,0,4566.07,0.010241648929815161,994.09,52.62,52.43560962850088
2025-09-25,53.97,52.84,54.2,52.38,410274,2170047496.87,1.08,-2.08,3.37,53.96,19.531433498583578,1032.0409460651563,1054.1114659185557,1058.60369562323,1023.0564866558078,-0.02075611564121571,5462770010,288652767328.4,0,0,0,0,0,0,4593.49,0.006005164178385369,974.9,51.5,51.34725005133407
2025-09-26,52.73,52.47,53.25,52.3,350139,1850912040.37,0.92,-0.7,1.8,52.84,19.531433498583578,1024.8143156706803,1029.892488380312,1040.0488337995755,1021.4939719759211,-0.0070022710068130545,5462770010,286631542424.7,0,0,0,0,0,0,4550.05,-0.00945686177612226,968.56,51.13,50.98770269102003
2025-09-29,51.8,53.0,53.15,51.07,495055,2577664659.89,1.3,1.01,3.96,52.47,19.531433498583578,1035.1659754249297,1011.7282552266292,1038.095690449717,997.4703087726633,0.010101010101010166,5462771029,289526864537.0,0,0,0,0,0,0,4620.05,0.015384446324765655,977.64,51.66,51.50272999092933
2025-09-30,52.88,53.0,53.34,51.96,395904,2088295989.81,1.04,0.0,2.6,53.0,19.531433498583578,1035.1659754249297,1032.8222034050996,1041.8066628144481,1014.8532845864028,0.0,5462771029,289526864537.0,0,0,0,0,0,0,4640.69,0.004467484118137133,977.64,51.66,51.50272999092933
2025-10-09,51.94,52.85,52.9,50.6,626962,3247997689.89,1.65,-0.28,4.34,53.0,19.531433498583578,1032.236260400142,1014.462655916431,1033.2128320750712,988.290535028329,-0.002830188679245227,5462771029,288707448882.65,0,0,0,0,0,0,4709.48,0.014823226718440496,975.07,51.51,51.356967547558774
2025-10-10,52.77,53.22,54.09,52.34,549873,2929512306.54,1.44,0.7,3.31,52.85,19.531433498583578,1039.462890794618,1030.6737457202555,1056.4552379383858,1022.2752293158645,0.007000946073793646,5462771029,290728674163.38,0,0,0,0,0,0,4616.83,-0.019673084926573603,981.41,51.88,51.716514907872806
2025-10-13,52.27,53.1,54.18,52.27,515176,2732369415.06,1.35,-0.23,3.59,53.22,19.531433498583578,1037.119118774788,1020.9080289709636,1058.2130669532582,1020.9080289709636,-0.0022547914317925244,5462771029,290073141639.9,0,0,0,0,0,0,4593.98,-0.004949283382754022,979.35,51.76,51.599904953176356
2025-10-14,53.2,53.7,54.4,52.88,589718,3168934287.66,1.55,1.13,2.86,53.1,19.531433498583578,1048.8379788739383,1039.0722621246464,1062.5099823229466,1032.8222034050996,0.011299435028248705,5462771029,293350804257.3,0,0,0,0,0,0,4539.06,-0.011954775597629808,989.63,52.36,52.182954726658586
2025-10-15,53.61,53.27,54.0,52.53,351685,1871493154.69,0.92,-0.8,2.74,53.7,19.531433498583578,1040.4394624695472,1047.0801498590656,1054.6974089235132,1025.9862016805953,-0.008007448789571714,5462771029,291001812714.83,0,0,0,0,0,0,4606.29,0.014811436729190497,982.26,51.93,51.765102388996326
2025-10-16,52.68,51.33,52.69,51.33,317185,1647098961.66,0.83,-3.64,2.55,52.3424786,19.877535231385608,1020.3138834270233,1047.1485559893938,1047.3473313417076,1020.3138834270233,-0.019343344585137756,5462771029,280404036918.57,0,0,0,0,0,0,4618.42,0.0026333556940618674,964.71,50.91,50.76379217600103
2025-10-17,51.1,50.62,51.48,50.38,321614,1635658058.94,0.84,-1.38,2.14,51.33,19.877535231385608,1006.2008334127394,1015.7420503238046,1023.295513711731,1001.430224957207,-0.013832067017338856,5462771029,276525469487.98,0,0,0,0,0,0,4514.23,-0.02255966326146186,952.54,50.2,50.06162400056832
2025-10-20,50.6,49.48,50.8,49.22,394602,1968849043.56,1.04,-2.25,3.12,50.62,19.877535231385608,983.5404432489598,1005.8032827081117,1009.7787897543888,978.3722840887996,-0.022520742789411297,5462771029,270297910514.91998,0,0,0,0,0,0,4538.22,0.0053143060942841824,933.01,49.06,48.9341990428313
2025-10-21,49.48,49.46,50.02,49.18,306277,1517816850.24,0.8,-0.04,1.7,49.48,19.877535231385608,983.1428925443322,983.5404432489598,994.2743122739081,977.5771826795442,-0.0004042037186741121,5462771029,270188655094.34,0,0,0,0,0,0,4607.87,0.015347426964757105,932.67,49.04,48.91441965760785
2025-10-22,49.46,48.7,49.78,48.47,364519,1785669848.97,0.96,-1.54,2.65,49.46,19.877535231385608,968.0359657684792,983.1428925443322,989.5037038183756,963.4641326652604,-0.015365952284674411,5462771029,266036949112.30002,0,0,0,0,0,0,4592.57,-0.0033204061746534563,919.64,48.28,48.16280301911651
2025-10-23,48.76,48.71,49.12,48.18,214656,1044344009.96,0.56,0.02,1.93,48.7,19.877535231385608,968.2347411207929,969.2286178823622,976.384530565661,957.6996474481585,0.00020533880903483848,5462771029,266091576822.59,0,0,0,0,0,0,4606.34,0.002998321201418852,919.82,48.29,48.17269271172823
2025-10-24,49.02,48.86,49.64,48.45,295283,1444493490.65,0.77,0.31,2.44,48.71,19.877535231385608,971.2163714055008,974.3967770425226,986.7208488859816,963.0665819606328,0.003079449804968215,5462771029,266910992476.94,0,0,0,0,0,0,4660.68,0.011796784431891805,922.39,48.44,48.32103810090416
2025-10-27,48.88,50.25,50.59,48.6,449220,2240376937.96,1.18,2.84,4.07,48.86,19.877535231385608,998.8461453771267,971.6139221101286,1005.604507355798,966.0482122453406,0.02844862873516174,5462771029,274504244207.25,0,0,0,0,0,0,4716.02,0.011873803822618267,946.2,49.83,49.69570537393438
2025-10-28,50.24,50.42,50.98,50.0,272673,1376841720.53,0.72,0.34,1.95,50.25,19.877535231385608,1002.2253263664624,998.647370024813,1013.3567460960383,993.8767615692803,0.003383084577114559,5462771029,275432915282.18,0,0,0,0,0,0,4691.97,-0.005099639102463582,949.12,50.0,49.86383014833376
2025-10-29,50.13,50.4,50.91,50.09,216619,1091607698.15,0.57,-0.04,1.63,50.42,19.877535231385608,1001.8277756618346,996.4608411493606,1011.9653186298412,995.6657397401051,-0.0003966679888933733,5462771029,275323659861.6,0,0,0,0,0,0,4747.84,0.011907578266698193,948.78,49.98,49.8440507631103
2025-10-30,50.5,49.68,50.55,49.41,296752,1478651026.57,0.78,-1.43,2.26,50.4,19.877535231385608,987.515950295237,1003.8155291849732,1004.8094059465424,982.1490157827628,-0.014285714285714235,5462771029,271390464720.72,0,0,0,0,0,0,4709.91,-0.007988896003235268,936.44,49.26,49.13199289506587
2025-10-31,50.02,50.3,51.68,50.02,441998,2245630883.04,1.16,1.25,3.34,49.68,19.877535231385608,999.840022138696,994.2743122739081,1027.2710207580083,994.2743122739081,0.012479871175523405,5462771029,274777382758.69998,0,0,0,0,0,0,4640.67,-0.014700917851933393,947.06,49.88,49.74515383699302
2025-11-03,50.35,51.19,51.94,50.35,493454,2527457058.12,1.29,1.77,3.16,50.3,19.877535231385608,1017.5310284946293,1000.8338989002654,1032.4391799181685,1000.8338989002654,0.017693836978131205,5462771029,279639248974.51,0,0,0,0,0,0,4653.4,0.002743138383035193,962.31,50.77,50.62533647943683
2025-11-04,51.0,49.5,51.11,49.35,420114,2096385080.04,1.1,-3.3,3.44,51.19,19.877535231385608,983.9379939535876,1013.754296800666,1015.9408256761184,980.9563636688797,-0.033014260597772904,5462771029,270407165935.5,0,0,0,0,0,0,4618.7,-0.007456913224738848,933.35,49.08,48.95397842805476
2025-11-05,49.05,49.43,49.88,48.77,241378,1192756478.9,0.63,-0.14,2.24,49.5,19.877535231385608,982.5465664873906,974.993103099464,991.4914573415142,969.4273932346762,-0.0014141414141414232,5462771029,270024771963.47,0,0,0,0,0,0,4627.26,0.0018533353541041464,932.15,49.01,48.884750579772664
2025-11-06,49.21,49.25,50.0,48.97,294385,1455791667.92,0.77,-0.36,2.08,49.43,19.877535231385608,978.9686101457412,978.1735087364858,993.8767615692803,973.4029002809532,-0.0036415132510621007,5462771029,269041473178.25,0,0,0,0,0,0,4693.4,0.014293556013709852,929.07,48.83,48.70673611276156
2025-11-07,49.31,49.71,50.29,49.14,285542,1422908494.11,0.75,0.93,2.34,49.25,19.877535231385608,988.1122763521786,980.1612622596243,999.6412467863822,976.7820812702888,0.009340101522842703,5462771029,271554347851.59,0,0,0,0,0,0,4678.79,-0.003112881919290822,936.95,49.29,49.16166197290106
2025-11-10,50.37,51.67,51.8,49.51,549803,2808041634.73,1.44,3.94,4.61,49.71,19.877535231385608,1027.0722454056943,1001.231449604893,1029.6563249857745,984.1367693059013,0.039428686381009825,5462771029,282261379068.43,0,0,0,0,0,0,4695.05,0.0034752574917873424,970.54,51.25,51.10004172479979
2025-11-11,51.65,50.58,51.65,50.46,373404,1897813606.92,0.98,-2.11,2.3,51.67,19.877535231385608,1005.405732003484,1026.6746947010665,1026.6746947010665,1003.0204277757177,-0.02109541319914854,5462771029,276306958646.82,0,0,0,0,0,0,4652.17,-0.009133023077496527,951.86,50.16,50.02206523012141
2025-11-12,50.41,50.14,50.84,49.88,244907,1232610039.43,0.64,-0.87,1.9,50.58,19.877535231385608,996.6596165016743,1002.0265510141484,1010.5738911636444,991.4914573415142,-0.008699090549624366,5462771033,273903339594.62,0,0,0,0,0,0,4645.91,-0.001345608608455895,944.32,49.72,49.58691875520537
2025-11-13,50.1,50.57,50.68,49.65,285445,1431070011.25,0.75,0.86,2.05,50.14,19.877535231385608,1005.2069566511702,995.864515092419,1007.3934855266226,986.9196242382953,0.008575987235739824,5462771033,276252331138.81,0,0,0,0,0,0,4702.07,0.012088051641120812,951.69,50.15,50.01217553750969
2025-11-14,50.18,49.87,50.73,49.87,248787,1248191035.47,0.65,-1.38,1.7,50.57,19.877535231385608,991.2926819892002,997.4547179109297,1008.3873622881918,991.2926819892002,-0.01384219893217331,5462771033,272428391415.71,0,0,0,0,0,0,4628.14,-0.015722862483969702,939.69,49.45,49.31989705468871
2025-11-17,49.6,48.46,49.65,47.63,445175,2152111373.34,1.17,-2.83,4.05,49.87,19.877535231385608,963.2653573129465,985.9257474767262,986.9196242382953,946.7670030708965,-0.02827351112893517,5462771033,264725884259.18,0,0,0,0,0,0,4598.05,-0.006501531932914806,915.53,48.04,47.925450396435025
2025-11-18,48.0,48.6,48.95,47.96,219460,1067274666.49,0.58,0.29,2.04,48.46,19.877535231385608,966.0482122453406,954.1216911065092,973.0053495763256,953.3265896972538,0.0028889806025589326,5462771033,265490672203.80002,0,0,0,0,0,0,4568.19,-0.00649405726340524,917.93,48.18,48.063906092999225
2025-11-19,48.6,48.45,48.72,48.07,158781,768695743.31,0.42,-0.31,1.34,48.6,19.877535231385608,963.0665819606328,966.0482122453406,968.4335164731068,955.5131185727062,-0.0030864197530864335,5462771033,264671256548.85,0,0,0,0,0,0,4588.29,0.0043999921194171066,915.36,48.03,47.9155607038233
2025-11-20,48.45,48.22,48.9,48.11,169987,823539141.12,0.45,-0.47,1.63,48.45,19.877535231385608,958.4947488574139,963.0665819606328,972.0114728147562,956.3082199819615,-0.004747162022703866,5462771033,263414819211.25998,0,0,0,0,0,0,4564.95,-0.005086862425871086,911.42,47.8,47.68809777375355
2025-11-21,48.0,47.89,48.97,47.84,303234,1463907260.29,0.8,-0.68,2.34,48.22,19.877535231385608,951.9351622310568,954.1216911065092,973.4029002809532,950.9412854694875,-0.006843633347158873,5462771033,261612104770.37,0,0,0,0,0,0,4453.61,-0.024390190473061124,905.76,47.47,47.36173791756652
2025-11-24,49.34,49.46,50.81,48.97,488485,2429511913.97,1.28,3.28,3.84,47.89,19.877535231385608,983.1428925443322,980.757588316566,1009.9775651067027,973.4029002809532,0.03278346210064731,5462771033,270188655292.18,0,0,0,0,0,0,4448.05,-0.0012484254346473156,932.67,49.04,48.91441965760785
2025-11-25,49.21,49.83,50.6,48.71,433284,2166308782.43,1.14,0.75,3.82,49.46,19.877535231385608,990.4975805799448,978.1735087364858,1005.8032827081117,968.2347411207929,0.007480792559644067,5462771033,272209880574.38998,0,0,0,0,0,0,4490.4,0.009521026067602634,939.01,49.41,49.28033828424179
2025-11-26,50.0,49.6,50.88,49.52,248389,1242430794.14,0.65,-0.46,2.73,49.83,19.877535231385608,985.9257474767262,993.8767615692803,1011.3689925728997,984.3355446582153,-0.004615693357415185,5462771033,270953443236.80002,0,0,0,0,0,0,4517.63,0.006064047746303425,935.07,49.18,49.05287535417205
2025-11-27,49.71,49.9,50.5,49.2,229943,1149734028.52,0.6,0.6,2.62,49.6,19.877535231385608,991.8890080461418,988.1122763521786,1003.8155291849732,977.9747333841719,0.006048387096774244,5462771033,272592274546.69998,0,0,0,0,0,0,4515.4,-0.0004936216556027384,940.21,49.48,49.3495661325239
2025-11-28,50.01,50.75,50.8,49.78,280425,1416516101.31,0.74,1.7,2.04,49.9,19.877535231385608,1008.7849129928196,994.0755369215942,1009.7787897543888,989.5037038183756,0.017034068136272618,5462771033,277235629924.75,0,0,0,0,0,0,4526.66,0.002493688266820282,954.77,50.33,50.190190004520794
2025-12-01,50.96,49.7,50.98,49.37,370881,1847549212.71,0.97,-2.07,3.17,50.75,19.877535231385608,987.9135009998647,1012.9591953914106,1013.3567460960383,981.3539143735073,-0.020689655172413723,5462771033,271499720340.1,0,0,0,0,0,0,4576.49,0.011008116359523257,936.78,49.28,49.15177228028933
2025-12-02,49.55,49.13,49.82,49.06,175829,868342705.55,0.46,-1.15,1.53,49.7,19.877535231385608,976.5833059179749,984.9318707151568,990.298805227631,975.1918784517779,-0.011468812877263534,5462771033,268385940851.29,0,0,0,0,0,0,4554.33,-0.004842138844398214,927.01,48.71,48.58805980142082
2025-12-03,49.0,48.8,49.29,48.64,191421,936243093.47,0.5,-0.67,1.32,49.13,19.877535231385608,970.0237192916176,973.9992263378948,979.7637115549966,966.8433136545959,-0.00671687360065143,5462771033,266583226410.4,0,0,0,0,0,0,4531.05,-0.005111619052637795,921.36,48.38,48.26169994523379
2025-12-04,48.7,48.96,49.34,48.7,150394,738538742.54,0.39,0.33,1.31,48.8,19.877535231385608,973.2041249286393,968.0359657684792,980.757588316566,968.0359657684792,0.003278688524590345,5462771033,267457269775.68,0,0,0,0,0,0,4546.57,0.0034252546319284427,924.1,48.54,48.41993502702144
2025-12-05,48.87,48.83,49.29,48.62,176871,864592480.33,0.46,-0.27,1.37,48.96,19.877535231385608,970.6200453485592,971.4151467578146,979.7637115549966,966.4457629499682,-0.0026552287581700362,5462771033,266747109541.38998,0,0,0,0,0,0,4584.54,0.008351350578568173,921.87,48.41,48.291369023068974
2025-12-08,48.77,48.38,48.88,48.1,271164,1310126882.41,0.71,-0.92,1.6,48.83,19.877535231385608,961.6751544944358,969.4273932346762,971.6139221101286,956.1094446296478,-0.009215646119188903,5462771033,264288862576.54,0,0,0,0,0,0,4621.75,0.008116408625510996,914.16,47.96,47.846332855541206
2025-12-09,48.48,48.0,49.11,47.88,273028,1317115433.01,0.72,-0.79,2.54,48.38,19.877535231385608,954.1216911065092,963.6629080175742,976.1857552133472,951.7363868787429,-0.007854485324514271,5462771033,262213009584.0,0,0,0,0,0,0,4598.22,-0.005091145129009544,907.65,47.58,47.47052453629553
2025-12-10,47.8,47.99,48.07,47.35,191695,916715188.24,0.5,-0.02,1.5,48.0,19.877535231385608,953.9229157541954,950.146184060232,955.5131185727062,941.2012932061085,-0.00020833333333325488,5462771144,262158387200.56,0,0,0,0,0,0,4591.83,-0.0013896681759464347,907.48,47.57,47.460634843683806
2025-12-11,47.88,47.34,47.9,46.88,350349,1656692088.84,0.92,-1.35,2.13,47.99,19.877535231385608,941.0025178537948,951.7363868787429,952.1339375833705,931.8588516473574,-0.013544488435090596,5462771144,258607585956.96002,0,0,0,0,0,0,4552.18,-0.008634901553411067,896.34,46.92,46.81780482392147
2025-12-12,47.35,48.78,48.96,47.12,425846,2058970904.65,1.12,3.04,3.89,47.34,19.877535231385608,969.6261685869899,941.2012932061085,973.2041249286393,936.6294601028898,0.03041825095057038,5462771144,266473976404.32,0,0,0,0,0,0,4580.95,0.006320048855712912,921.01,48.36,48.24192056001033
2025-12-15,48.75,49.25,49.9,48.62,294710,1457974720.33,0.77,0.96,2.62,48.78,19.877535231385608,978.9686101457412,969.0298425300483,991.8890080461418,966.4457629499682,0.00963509635096349,5462771144,269041478842.0,0,0,0,0,0,0,4552.06,-0.00630655213438247,929.07,48.83,48.70673611276156
2025-12-16,49.26,49.06,49.59,48.76,171098,839063704.79,0.45,-0.39,1.69,49.25,19.877535231385608,975.1918784517779,979.167385498055,985.7269721244123,969.2286178823622,-0.0038578680203045224,5462771144,268003552324.64,0,0,0,0,0,0,4497.55,-0.011974798223222116,925.81,48.64,48.51883195313872
2025-12-17,49.75,49.59,49.88,48.3,272643,1342167426.83,0.72,1.08,3.22,49.06,19.877535231385608,985.7269721244123,988.907377761434,991.4914573415142,960.0849516759248,0.010803098247044396,5462771144,270898821030.96002,0,0,0,0,0,0,4579.88,0.01830552189525414,934.89,49.17,49.04298566156032
2025-12-18,49.18,49.48,50.14,48.99,225069,1117033287.88,0.59,-0.22,2.32,49.59,19.877535231385608,983.5404432489598,977.5771826795442,996.6596165016743,973.8004509855809,-0.002218189151038663,5462771144,270297916205.12,0,0,0,0,0,0,4552.79,-0.005915002139794123,933.01,49.06,48.9341990428313
2025-12-19,49.4,49.19,50.2,49.05,361311,1798701209.97,0.95,-0.59,2.32,49.48,19.877535231385608,977.775958031858,981.950240430449,997.8522686155576,974.993103099464,-0.005860953920776013,5462771144,268713712573.36,0,0,0,0,0,0,4568.18,0.003380344799562618,928.04,48.77,48.64739795709119
2025-12-22,49.5,49.59,49.86,48.72,359889,1771196021.97,0.94,0.81,2.32,49.19,19.877535231385608,985.7269721244123,983.9379939535876,991.0939066368863,968.4335164731068,0.008131734092295284,5462771144,270898821030.96002,0,0,0,0,0,0,4611.62,0.009509257516122416,934.89,49.17,49.04298566156032
2025-12-23,49.55,49.34,49.8,49.22,197150,975466909.28,0.52,-0.5,1.17,49.59,19.877535231385608,980.757588316566,984.9318707151568,989.9012545230032,978.3722840887996,-0.005041338979632992,5462771144,269533128244.96002,0,0,0,0,0,0,4620.73,0.0019754446376760715,930.61,48.92,48.795743346267116
2025-12-24,49.17,48.12,49.27,47.6,421073,2024096242.97,1.11,-2.47,3.38,49.34,19.877535231385608,956.5069953342754,977.3784073272303,979.3661608503689,946.1706770139549,-0.024726388325902016,5462771144,262868547449.28,0,0,0,0,0,0,4634.06,0.0028848255578666215,909.7,47.7,47.58920084763626
2025-12-25,47.9,47.95,48.11,47.72,240532,1151219273.95,0.63,-0.35,0.81,48.12,19.877535231385608,953.1278143449399,952.1339375833705,956.3082199819615,948.5559812417212,-0.0035328345802160266,5462771144,261939876354.80002,0,0,0,0,0,0,4642.54,0.001829928831305505,906.79,47.53,47.42107607323689
2025-12-26,47.8,47.95,48.08,47.59,231959,1109880959.15,0.61,0.0,1.02,47.95,19.877535231385608,953.1278143449399,950.146184060232,955.7118939250199,945.9719016616411,0.0,5462771144,261939876354.80002,0,0,0,0,0,0,4657.24,0.003166370133590668,906.79,47.53,47.42107607323689
2025-12-29,48.1,49.9,50.59,48.1,671662,3339037738.66,1.76,4.07,5.19,47.95,19.877535231385608,991.8890080461418,956.1094446296478,1005.604507355798,956.1094446296478,0.040667361835244886,5462771144,272592280085.6,0,0,0,0,0,0,4639.37,-0.003837036528072435,940.21,49.48,49.3495661325239
2025-12-30,50.0,50.89,51.35,49.93,460309,2340281645.15,1.21,1.98,2.85,49.9,19.877535231385608,1011.5677679252136,993.8767615692803,1020.711434131651,992.4853341030833,0.019839679358717444,5462771144,278000423518.16,0,0,0,0,0,0,4651.28,0.0025671589030407116,957.17,50.47,50.32864570108499
2025-12-31,50.5,50.58,50.77,50.02,266630,1342276139.2,0.7,-0.61,1.47,50.89,19.877535231385608,1005.405732003484,1003.8155291849732,1009.1824636974474,994.2743122739081,-0.006091570053055606,5462771148,276306964665.83997,0,0,0,0,0,0,4629.94,-0.0045879843827936195,951.86,50.16,50.02206523012141
2026-01-05,50.6,50.1,50.72,49.78,299385,1499133589.69,0.79,-0.95,1.86,50.58,19.877535231385608,995.864515092419,1005.8032827081117,1008.188586935878,989.5037038183756,-0.009489916963226541,5462771170,273684835617.0,0,0,0,0,0,0,4717.75,0.018965688540240278,943.63,49.68,49.54735998475846
2026-01-06,49.83,51.38,51.45,49.49,435762,2207428595.23,1.14,2.55,3.91,50.1,19.877535231385608,1021.3077601885925,990.4975805799448,1022.6991876547895,983.7392186012737,0.02554890219560879,5462771170,280677182714.60004,0,0,0,0,0,0,4790.69,0.015460759896136933,965.57,50.96,50.81324063905967
2026-01-07,51.19,50.8,51.85,50.68,358484,1835579416.08,0.94,-1.13,2.28,51.38,19.877535231385608,1009.7787897543888,1017.5310284946293,1030.6502017473438,1007.3934855266226,-0.011288439081354684,5462771170,277508775436.0,0,0,0,0,0,0,4776.67,-0.0029265095424666487,955.63,50.38,50.23963846757943
2026-01-08,51.28,50.16,51.32,50.06,259239,1308244520.15,0.68,-1.26,2.48,50.8,19.877535231385608,997.057167206302,1019.320006665454,1020.1151080747094,995.0694136831636,-0.012598425196850394,5462771170,274012601887.19998,0,0,0,0,0,0,4737.65,-0.008168870782365167,944.66,49.74,49.606698140428826
2026-01-09,50.1,49.76,50.52,49.58,345817,1724805909.09,0.91,-0.8,1.87,50.16,19.877535231385608,989.1061531137478,995.864515092419,1004.213079889601,985.5281967720983,-0.00797448165869219,5462771170,271827493419.19998,0,0,0,0,0,0,4758.92,0.004489567612635081,937.81,49.34,49.2111104359597
2026-01-12,49.76,49.35,49.79,48.8,357575,1760330349.17,0.94,-0.82,1.99,49.76,19.877535231385608,980.9563636688797,989.1061531137478,989.7024791706893,970.0237192916176,-0.008239549839228255,5462771170,269587757239.5,0,0,0,0,0,0,4789.92,0.006514083027241435,930.78,48.93,48.80563303887884
2026-01-13,49.45,48.18,49.52,48.1,498964,2432129615.71,1.31,-2.37,2.88,49.35,19.877535231385608,957.6996474481585,982.9441171920183,984.3355446582153,956.1094446296478,-0.023708206686930078,5462771170,263196314970.6,0,0,0,0,0,0,4761.03,-0.006031415973544507,910.73,47.76,47.64853900330664
2026-01-14,48.19,48.4,48.69,47.9,427831,2066927661.32,1.12,0.46,1.64,48.18,19.877535231385608,962.0727051990634,957.8984228004724,967.8371904161652,952.1339375833705,0.004566210045662045,5462771170,264398124628.0,0,0,0,0,0,0,4741.93,-0.004011736956078704,914.5,47.98,47.86611224076466
2026-01-15,48.48,48.3,48.73,48.18,358997,1738850786.91,0.94,-0.21,1.14,48.4,19.877535231385608,960.0849516759248,963.6629080175742,968.6322918254206,957.6996474481585,-0.0020661157024793875,5462771170,263851847510.99997,0,0,0,0,0,0,4751.43,0.002003403677405702,912.79,47.88,47.76721531464737
2026-01-16,48.31,47.33,48.41,47.12,575982,2742952274.37,1.51,-2.01,2.67,48.3,19.877535231385608,940.8037425014808,960.2837270282388,962.2714805513772,936.6294601028898,-0.0200828157349896,5462771170,258552959476.09998,0,0,0,0,0,0,4731.87,-0.0041166554068986505,896.17,46.91,46.807915131309734
2026-01-19,47.33,47.18,47.76,47.0,374027,1770150064.85,0.98,-0.32,1.61,47.33,19.877535231385608,937.822112216773,940.8037425014808,949.3510826509765,934.2441558751235,-0.0031692372702302185,5462771170,257733543800.6,0,0,0,0,0,0,4734.46,0.0005473523152581539,893.6,46.76,46.65956974213382
2026-01-20,47.23,46.84,47.41,46.75,396774,1864526967.65,1.04,-0.72,1.4,47.18,19.877535231385608,931.0637502381019,938.8159889783421,942.3939453199915,929.2747720672771,-0.007206443408223739,5462771170,255876201602.80002,0,0,0,0,0,0,4718.88,-0.00329076600076883,887.77,46.42,46.32332019333506
2026-01-21,46.88,46.27,46.96,46.12,455891,2120707871.43,1.2,-1.22,1.79,46.84,19.877535231385608,919.7335551562121,931.8588516473574,933.4490544658681,916.7519248715041,-0.012169086251067496,5462771170,252762422035.90002,0,0,0,0,0,0,4723.07,0.0008879225578950489,878.0,45.85,45.75960771446655
2026-01-22,46.23,45.62,46.55,45.49,503434,2303499733.76,1.32,-1.4,2.29,46.27,19.877535231385608,906.8131572558113,918.9384537469566,925.299265021,904.2290776757313,-0.014047979252215348,5462771170,249211620775.4,0,0,0,0,0,0,4723.71,0.00013550508461657174,866.86,45.2,45.116777694704204
2026-01-23,45.62,46.01,46.01,45.45,443816,2029289756.92,1.17,0.85,1.23,45.62,19.877535231385608,914.5653959960517,906.8131572558113,914.5653959960517,903.433976266476,0.008548882069267849,5462771170,251342101531.69998,0,0,0,0,0,0,4702.5,-0.004490114761490416,873.55,45.59,45.502475706561604
2026-01-26,46.0,46.51,46.88,45.52,591430,2736721028.19,1.55,1.09,2.96,46.01,19.877535231385608,924.5041636117446,914.366620643738,931.8588516473574,904.825403732673,0.010867202782003815,5462771170,254073487116.69998,0,0,0,0,0,0,4706.96,0.0009484316852736985,882.12,46.09,45.996960337148025
2026-01-27,46.51,45.03,46.52,45.0,583399,2644550477.66,1.53,-3.18,3.27,46.51,19.877535231385608,895.085411469294,924.5041636117446,924.7029389640585,894.4890854123523,-0.03182111373898078,5462771170,245988585785.1,0,0,0,0,0,0,4705.69,-0.00026981321277441683,856.75,44.61,44.53328583061224
2026-01-28,44.88,45.14,45.33,44.2,616034,2751040146.5,1.62,0.24,2.51,45.03,19.877535231385608,897.2719403447463,892.1037811845861,901.0486720387096,878.5870572272439,0.002442815900510764,5462771170,246589490613.80002,0,0,0,0,0,0,4717.99,0.0026138568413984764,858.64,44.72,44.642072449341256
2026-01-29,44.85,46.33,46.36,44.65,617845,2824031663.04,1.62,2.64,3.79,45.14,19.877535231385608,920.9262072700951,891.5074551276446,921.5225333270367,887.5319480813673,0.026362428001772242,5462771266,253090192753.78,0,0,0,0,0,0,4753.87,0.007604933456832219,879.03,45.91,45.81894587013691
2026-01-30,46.1,46.0,47.79,45.88,913336,4288734117.37,2.4,-0.71,4.12,46.33,19.877535231385608,914.366620643738,916.3543741668765,949.9474087079182,911.9813164159717,-0.007122814590977744,5462771266,251287478236.0,0,0,0,0,0,0,4706.34,-0.00999816991209257,873.38,45.58,45.49258601394988
2026-02-02,46.03,45.1,46.33,44.91,579386,2638164852.83,1.52,-1.96,3.09,46.0,19.877535231385608,896.476838935491,914.9629467006795,920.9262072700951,892.7001072415276,-0.019565217391304346,5462771266,246370984096.6,0,0,0,0,0,0,4605.98,-0.021324426199552216,857.95,44.68,44.60251367889434
2026-02-03,45.01,45.68,45.71,44.65,374354,1691231855.54,0.98,1.29,2.35,45.1,19.877535231385608,908.0058093696946,894.6878607646662,908.6021354266361,887.5319480813673,0.012860310421286103,5462771266,249539391430.88,0,0,0,0,0,0,4660.11,0.011752113556724009,867.89,45.26,45.17611585037458
2026-02-04,45.75,46.86,46.96,45.48,538401,2503880762.86,1.41,2.58,3.24,45.68,19.877535231385608,931.4613009427295,909.3972368358916,933.4490544658681,904.0303023234173,0.02583187390542907,5462771266,255985461524.76,0,0,0,0,0,0,4698.68,0.008276628663272056,888.11,46.44,46.34309957855851
2026-02-05,46.84,46.73,47.49,46.4,415359,1951278348.54,1.09,-0.28,2.33,46.86,19.877535231385608,928.8772213626494,931.0637502381019,943.9841481385025,922.3176347362921,-0.0027742210840803194,5462771326,255275304063.97998,0,0,0,0,0,0,4670.42,-0.0060144551235666865,885.89,46.31,46.21453357460604
2026-02-06,46.09,46.41,47.05,46.05,359020,1666070820.42,0.94,-0.68,2.14,46.73,19.877535231385608,922.516410088606,916.1555988145627,935.2380326366928,915.3604974053071,-0.006847849347314416,5736722739,266241302316.99,0,0,0,0,0,0,4643.6,-0.005742524226943102,880.4,45.99,45.89806341103073
2026-02-09,46.16,46.65,47.29,46.08,334720,1561810510.15,0.88,0.52,2.61,46.41,19.877535231385608,927.2870185441386,917.5470262807596,940.0086410922254,915.9568234622487,0.005171299288946329,5736722739,267618115774.35,0,0,0,0,0,0,4719.06,0.0162503230252391,884.52,46.23,46.13541603371222
2026-02-10,46.46,45.92,46.94,45.83,297338,1369389166.73,0.78,-1.56,2.38,46.65,19.877535231385608,912.7764178252271,923.5102868501754,933.0515037612404,910.9874396544024,-0.015648445873526207,5736722739,263430308174.88,0,0,0,0,0,0,4724.3,0.001110390628642044,872.01,45.5,45.41346847305606
2026-02-11,45.88,46.03,46.17,45.35,286099,1308787202.05,0.75,0.24,1.79,45.92,19.877535231385608,914.9629467006795,911.9813164159717,917.7458016330735,901.4462227433373,0.0023954703832751445,5736722739,264061347676.17,0,0,0,0,0,0,4713.82,-0.0022183180577017847,873.89,45.61,45.52225509178506
2026-02-12,45.81,45.24,46.08,45.17,276391,1254800555.99,0.73,-1.72,1.98,46.03,19.877535231385608,899.259693867885,910.5898889497747,915.9568234622487,897.868266401688,-0.017162719965239992,5736722739,259529336712.36002,0,0,0,0,0,0,4719.58,0.001221938894569563,860.35,44.82,44.74096937545854
2026-02-13,45.24,45.35,46.08,45.02,298934,1361870914.03,0.78,0.24,2.34,45.24,19.877535231385608,901.4462227433373,899.259693867885,915.9568234622487,894.8866361169801,0.0024314765694075646,5736722739,260160376213.65,0,0,0,0,0,0,4660.41,-0.012537132541454943,862.24,44.93,44.84975599418755
2026-02-24,45.51,44.56,45.86,44.4,391376,1752206260.67,1.03,-1.74,3.22,45.35,19.877535231385608,885.7429699105427,904.626628380359,911.583765711344,882.5625642735209,-0.01742006615214997,5736722739,255628365249.84003,0,0,0,0,0,0,4707.54,0.010112844148905342,848.7,44.14,44.06847027786102
2026-02-25,44.51,44.79,45.09,44.41,283592,1270976854.47,0.74,0.52,1.53,44.56,19.877535231385608,890.3148030137613,884.7490931489733,896.2780635831771,882.7613396258348,0.005161579892279944,5736722739,256947811479.81,0,0,0,0,0,0,4735.89,0.006022253661147836,852.64,44.37,44.295933207930766
2026-02-26,45.03,45.13,45.98,44.91,388725,1767240332.68,1.02,0.76,2.39,44.79,19.877535231385608,897.0731649924326,895.085411469294,913.9690699391102,892.7001072415276,0.00759098012949333,5736722739,258898297211.07,0,0,0,0,0,0,4726.87,-0.0019046050478369603,858.47,44.71,44.63218275672953
2026-02-27,45.15,46.9,47.06,45.15,718470,3345129695.52,1.89,3.92,4.23,45.13,19.877535231385608,932.256402351985,897.4707156970602,935.4368079890068,897.4707156970602,0.03922003102149341,5736722739,269052296459.1,0,0,0,0,0,0,4710.65,-0.003431446178972619,888.8,46.48,46.382658349005425
2026-03-02,46.5,46.81,48.14,46.42,513369,2419022911.19,1.35,-0.19,3.67,46.9,19.877535231385608,930.4674241811604,924.3053882594307,956.9045460389032,922.71518544092,-0.001918976545842166,5736722741,268535991506.21002,0,0,0,0,0,0,4728.67,0.0038253744175433813,887.26,46.39,46.29365111549987
2026-03-03,46.7,46.53,47.5,46.46,449678,2109667382.46,1.18,-0.6,2.22,46.81,19.877535231385608,924.9017143163724,928.2808953057079,944.1829234908164,923.5102868501754,-0.005981627857295502,5736722741,266929709138.73,0,0,0,0,0,0,4655.9,-0.01538910518179537,882.46,46.11,46.01673972237148
2026-03-04,46.69,47.13,47.23,46.26,547247,2558352927.95,1.44,1.29,2.08,46.53,19.877535231385608,936.8282354552038,928.082119953394,938.8159889783421,919.5347798038981,0.012894906511927928,5736722741,270371742783.33002,0,0,0,0,0,0,4602.62,-0.011443544749672352,892.74,46.71,46.61012127907517
2026-03-05,47.13,46.8,47.18,46.18,323513,1509164199.63,0.85,-0.7,2.12,47.13,19.877535231385608,930.2686488288464,936.8282354552038,937.822112216773,917.9445769853874,-0.007001909611712431,5736722741,268478624278.8,0,0,0,0,0,0,4647.69,0.00979224876266116,887.09,46.38,46.28376142288814
2026-03-06,46.67,49.34,49.53,46.55,909997,4424914815.77,2.39,5.43,6.37,46.8,19.877535231385608,980.757588316566,927.6845692487664,984.5343200105292,925.299265021,0.0542735042735043,5736722741,283049900040.94,0,0,0,0,0,0,4660.44,0.0027432982836634867,930.61,48.92,48.795743346267116
2026-03-09,49.6,49.41,50.76,49.21,838243,4184045761.47,2.2,0.14,3.14,49.34,19.877535231385608,982.1490157827628,985.9257474767262,1008.9836883451334,978.1735087364858,0.0014187271990269146,5736722936,283451480267.76,0,0,0,0,0,0,4615.46,-0.009651449219386876,931.81,48.99,48.864971194549206
2026-03-10,48.88,48.33,49.55,48.19,492950,2399023648.81,1.29,-2.19,2.75,49.41,19.877535231385608,960.6812777328664,971.6139221101286,984.9318707151568,957.8984228004724,-0.021857923497267673,5772994636,279008830757.88,0,0,0,0,0,0,4674.76,0.012848123480649898,913.3,47.91,47.79688439248256
2026-03-11,48.34,49.31,49.78,48.22,475502,2332330031.11,1.25,2.03,3.23,48.33,19.877535231385608,980.1612622596243,960.8800530851803,989.5037038183756,958.4947488574139,0.020277260500724203,5772994636,284666365501.16003,0,0,0,0,0,0,4704.5,0.006361823922511389,930.1,48.89,48.76607426843193
2026-03-12,49.5,50.59,50.68,49.0,629146,3153533829.01,1.65,2.6,3.41,49.31,19.877535231385608,1005.604507355798,983.9379939535876,1007.3934855266226,973.9992263378948,0.02595822348408028,5772994636,292055798635.24,0,0,0,0,0,0,4687.56,-0.003600807737272782,952.03,50.17,50.03195492273315
2026-03-13,50.5,49.79,50.75,49.57,376326,1883566594.96,0.99,-1.58,2.33,50.59,19.877535231385608,989.7024791706893,1003.8155291849732,1008.7849129928196,985.3294214197846,-0.015813401858074783,5772994636,287437402926.44,0,0,0,0,0,0,4669.14,-0.003929549701763846,938.32,49.37,49.24077951379488
2026-03-16,50.03,49.74,50.8,49.64,385143,1928526880.39,1.01,-0.1,2.33,49.79,19.877535231385608,988.7086024091202,994.473087626222,1009.7787897543888,986.7208488859816,-0.0010042177144004016,5772994636,287148753194.64,0,0,0,0,0,0,4671.56,0.000518296731303769,937.47,49.32,49.191331050736245
2026-03-17,49.51,50.24,51.48,49.2,520464,2640848091.09,1.37,1.01,4.58,49.74,19.877535231385608,998.647370024813,984.1367693059013,1023.295513711731,977.9747333841719,0.010052271813429936,5772994636,290035250512.64,0,0,0,0,0,0,4637.44,-0.007303770046836799,946.03,49.82,49.68581568132266
2026-03-18,50.18,49.69,50.72,49.43,314884,1568005948.98,0.83,-1.09,2.57,50.24,19.877535231385608,987.7147256475508,997.4547179109297,1008.188586935878,982.5465664873906,-0.010947452229299492,5772994636,286860103462.83997,0,0,0,0,0,0,4658.33,0.0045046404913056115,936.61,49.27,49.1418825876776
2026-03-19,49.51,48.8,49.79,48.56,353957,1732381114.59,0.93,-1.79,2.48,49.69,19.877535231385608,970.0237192916176,984.1367693059013,989.7024791706893,965.2531108360852,-0.017911048500704352,5772994636,281722138236.8,0,0,0,0,0,0,4583.25,-0.01611736394802432,921.36,48.38,48.26169994523379
2026-03-20,48.93,49.45,49.9,48.62,472356,2319646293.22,1.24,1.33,2.62,48.8,19.877535231385608,982.9441171920183,972.6077988716978,991.8890080461418,966.4457629499682,0.013319672131147708,5772994636,285474584750.2,0,0,0,0,0,0,4567.02,-0.0035411552937325563,932.5,49.03,48.90452996499612
2026-03-23,48.5,45.2,48.57,44.76,926626,4257260911.17,2.43,-8.59,7.7,49.45,19.877535231385608,898.4645924586296,964.0604587222019,965.4518861883989,889.7184769568197,-0.08594539939332657,5772994636,260939357547.2,0,0,0,0,0,0,4418.0,-0.032629592162942256,859.67,44.78,44.70141060501163
2026-03-24,45.2,43.5,45.5,42.3,993382,4293925172.71,2.61,-3.76,7.08,45.2,19.877535231385608,864.6727825652739,898.4645924586296,904.4278530280451,840.8197402876111,-0.03761061946902666,5772994636,251125266666.0,0,0,0,0,0,0,4474.72,0.012838388411045676,830.54,43.08,43.02016286101782
2026-03-25,43.12,44.52,44.88,43.02,458321,2030698093.74,1.2,2.34,4.28,43.5,19.877535231385608,884.9478685012873,857.1193191773474,892.1037811845861,855.1315656542089,0.0234482758620691,5772994636,257013721194.72003,0,0,0,0,0,0,4537.47,0.014023223799477957,848.02,44.1,44.02891150741411
2026-03-26,44.33,44.0,44.8,43.9,312479,1381424058.68,0.82,-1.17,2.02,44.52,19.877535231385608,874.6115501809668,881.1711368073239,890.5135783660752,872.6237966578282,-0.011680143755615546,5772994636,254011763984.0,0,0,0,0,0,0,4477.53,-0.013210004694246047,839.1,43.58,43.51464749160424
2026-03-27,43.73,45.2,45.49,43.56,354994,1597741544.15,0.93,2.73,4.39,44.0,19.877535231385608,898.4645924586296,869.2446156684925,904.2290776757313,865.8654346791571,0.027272727272727337,5772994636,260939357547.2,0,0,0,0,0,0,4502.57,0.0055923690070194265,859.67,44.78,44.70141060501163
2026-03-30,44.78,43.23,44.8,43.02,533007,2327743199.12,1.4,-4.36,3.94,45.2,19.877535231385608,859.3058480527998,890.1160276614476,890.5135783660752,855.1315656542089,-0.04358407079646032,5772994636,249566558114.27997,0,0,0,0,0,0,4491.95,-0.002358652947094586,825.91,42.81,42.75314116050116
2026-03-31,43.13,41.71,43.35,41.23,657970,2762797197.47,1.73,-3.52,4.9,43.23,19.877535231385608,829.0919945010937,857.3180945296613,861.6911522805661,819.5507775900286,-0.03516076798519541,5772994680,240791608102.80002,0,0,0,0,0,0,4450.05,-0.009327797504424473,799.86,41.29,41.24990788351847
2026-04-01,41.95,42.2,42.35,41.41,376857,1581985410.54,0.99,1.17,2.25,41.71,19.877535231385608,838.8319867644727,833.8626029566263,841.8136170491805,823.128733931678,0.011747782306401389,5772994680,243620375496.00003,0,0,0,0,0,0,4526.07,0.017082954124110872,808.26,41.78,41.73450282149316
2026-04-02,42.21,43.65,44.48,42.16,577035,2522510218.25,1.52,3.44,5.5,42.2,19.877535231385608,867.6544128499818,839.0307621167865,884.1527670920318,838.0368853552171,0.03436018957345954,5772994680,251991217782.0,0,0,0,0,0,0,4478.91,-0.010419635577885389,833.11,43.23,43.168508250193746
2026-04-03,43.43,42.9,43.5,42.7,264134,1135984174.03,0.7,-1.72,1.83,43.65,19.877535231385608,852.7462614264425,863.2813550990769,864.6727825652739,848.7707543801655,-0.01718213058419249,5772994680,247661471772.0,0,0,0,0,0,0,4440.79,-0.00851099932796151,820.26,42.48,42.426781304314126
2026-04-07,42.92,43.45,44.86,42.4,477109,2085471368.34,1.26,1.28,5.73,42.9,19.877535231385608,863.6789058037047,853.1438121310703,891.7062304799583,842.8074938107497,0.012820512820512997,5772994680,250836618846.00003,0,0,0,0,0,0,4440.62,-3.828147694440176e-05,829.68,43.03,42.970714397959185
2026-04-08,43.7,44.34,44.65,43.22,411184,1820012102.42,1.08,2.05,3.29,43.45,19.877535231385608,881.3699121596379,868.6482896115511,887.5319480813673,859.1070727004859,0.02048331415420024,5772994680,255974584111.2,0,0,0,0,0,0,4595.56,0.034891524156536846,844.93,43.92,43.850897040403
2026-04-09,43.93,43.8,44.1,43.5,231744,1014010531.22,0.61,-1.22,1.35,44.34,19.877535231385608,870.6360431346895,873.2201227147698,876.5993037041053,864.6727825652739,-0.012178619756427755,5772994680,252857166983.99997,0,0,0,0,0,0,4566.22,-0.006384423225896385,835.68,43.38,43.31685363936967
2026-04-10,43.83,43.01,44.0,42.84,440105,1901612898.34,1.16,-1.8,2.65,43.8,19.877535231385608,854.9327903018949,871.2323691916312,874.6115501809668,851.5536093125595,-0.018036529680365287,5772994680,248296501186.8,0,0,0,0,0,0,4636.57,0.015406616413575991,822.14,42.59,42.53556792304313
2026-04-13,43.0,44.17,44.5,42.65,510632,2243900798.78,1.34,2.7,4.3,43.01,19.877535231385608,877.9907311703023,854.7340149495811,884.5503177966596,847.7768776185961,0.026970471983259747,5772994680,254993175015.6,0,0,0,0,0,0,4646.15,0.0020661825444239224,842.02,43.75,43.68277226600362
2026-04-14,44.18,45.78,46.1,43.8,696446,3155202286.79,1.83,3.65,5.21,44.17,19.877535231385608,909.9935628928331,878.1895065226162,916.3543741668765,870.6360431346895,0.03645007923930277,5772994680,264287696450.4,0,0,0,0,0,0,4701.28,0.011865738299452255,869.61,45.36,45.275012776491856
2026-04-15,45.76,46.05,46.38,45.2,501892,2299952495.46,1.32,0.59,2.58,45.78,19.877535231385608,915.3604974053071,909.5960121882053,921.9200840316645,898.4645924586296,0.00589777195281771,5772994680,265846405013.99997,0,0,0,0,0,0,4685.25,-0.0034097096960826745,874.23,45.63,45.542034477008514
2026-04-16,46.1,46.44,46.67,45.8,349934,1620125505.93,0.92,0.85,1.89,46.05,19.877535231385608,923.1127361455476,916.3543741668765,927.6845692487664,910.3911135974607,0.008469055374592749,5772994680,268097872939.19998,0,0,0,0,0,0,4736.61,0.010962061789658861,880.92,46.02,45.92773248886592
2026-04-17,46.16,45.53,46.23,45.34,389982,1781876797.73,1.03,-1.96,1.92,46.44,19.877535231385608,905.0241790849867,917.5470262807596,918.9384537469566,901.2474473910235,-0.01959517657192067,5772994680,262844447780.4,0,0,0,0,0,0,4728.67,-0.0016763043611358608,865.32,45.11,45.02777046119866
2026-04-20,45.94,45.32,46.22,45.2,337323,1536158922.39,0.89,-0.46,2.24,45.53,19.877535231385608,900.8498966863957,913.1739685298547,918.7396783946427,898.4645924586296,-0.0046123435097737975,5772994680,261632118897.6,0,0,0,0,0,0,4757.44,0.006084163200223314,861.72,44.9,44.82008691635236
2026-04-21,45.34,45.48,46.16,45.13,311665,1419849016.24,0.82,0.35,2.27,45.32,19.877535231385608,904.0303023234173,901.2474473910235,917.5470262807596,897.0731649924326,0.003530450132391838,5772994680,262555798046.4,0,0,0,0,0,0,4768.0,0.0022196811730679222,864.47,45.06,44.97832199814001
2026-04-22,45.46,44.72,46.45,44.44,549529,2486938574.13,1.45,-1.67,4.42,45.48,19.877535231385608,888.9233755475643,903.6327516187897,923.3115114978615,883.3576656827763,-0.016710642040457246,5772994680,258168322089.6,0,0,0,0,0,0,4799.63,0.006633808724832324,851.44,44.3,44.22670535964866
2026-04-23,44.4,43.49,44.64,43.21,482465,2108010386.28,1.27,-2.75,3.2,44.72,19.877535231385608,864.4740072129601,882.5625642735209,887.3331727290536,858.9082973481721,-0.027504472271914104,5772994680,251067538633.2,0,0,0,0,0,0,4786.33,-0.00277104693486796,830.37,43.07,43.0102731684061
2026-04-24,43.48,43.14,43.5,42.88,303929,1309660150.92,0.8,-0.8,1.43,43.49,19.877535231385608,857.5168698819751,864.2752318606462,864.6727825652739,852.3487107218149,-0.00804782708668661,5772994680,249046990495.2,0,0,0,0,0,0,4769.37,-0.003543424711626608,824.37,42.72,42.66413392699561
2026-04-27,43.01,42.26,43.05,42.18,409435,1738238731.38,1.08,-2.04,2.02,43.14,19.877535231385608,840.0246388783557,854.9327903018949,855.7278917111504,838.4344360598449,-0.020398701900788185,5772994680,243966755176.8,0,0,0,0,0,0,4770.95,0.0003312806513229294,809.29,41.84,41.79384097716352
2026-04-28,42.27,43.3,43.49,42.12,454680,1945343139.02,1.2,2.46,3.24,42.26,19.877535231385608,860.6972755189968,840.2234142306697,864.4740072129601,837.2417839459617,0.02460955986748692,5772994680,249970669643.99997,0,0,0,0,0,0,4758.21,-0.002670327712510079,827.11,42.88,42.822369008783255
2026-04-29,43.44,44.62,45.39,43.39,694967,3083446084.09,1.83,3.05,4.62,43.3,19.877535231385608,886.9356220244258,863.4801304513908,902.2413241525927,862.4862536898215,0.030484988452655903,5772994680,257591022621.59998,0,0,0,0,0,0,4810.35,0.010957902236345296,849.73,44.2,44.127808433531385
2026-04-30,44.0,44.7,45.38,43.81,433249,1941286550.75,1.14,0.18,3.52,44.62,19.877535231385608,888.5258248429367,874.6115501809668,902.042548800279,870.8348184870035,0.0017929179740028278,5772994747,258052865190.90002,0,0,0,0,0,0,4807.31,-0.0006319706466265673,851.1,44.28,44.20692597442521
2026-05-06,44.39,44.64,44.75,44.0,481143,2138951833.7,1.27,-0.13,1.68,44.7,19.877535231385608,887.3331727290536,882.3637889212072,889.5197016045059,874.6115501809668,-0.0013422818791947178,5772994747,257706485506.08002,0,0,0,0,0,0,4877.09,0.014515394264151826,850.07,44.22,44.14758781875484
2026-05-07,44.48,44.07,44.61,43.71,409198,1800751141.65,1.08,-1.28,2.02,44.64,19.877535231385608,876.0029776471637,884.1527670920318,886.7368466721119,868.8470649638649,-0.01276881720430112,5772994747,254415878500.29,0,0,0,0,0,0,4900.51,0.0048020438417171185,840.3,43.65,43.583875339886326
2026-05-08,44.25,43.51,44.57,43.41,317240,1388550833.57,0.83,-1.27,2.63,44.07,19.877535231385608,864.8715579175878,879.5809339888132,885.9417452628566,862.8838043944492,-0.012707056954844642,5772994747,251183001441.97,0,0,0,0,0,0,4871.91,-0.005836127260223978,830.71,43.09,43.03005255362955
2026-05-11,43.85,44.32,45.1,43.2,643788,2855891073.71,1.69,1.86,4.37,43.51,19.877535231385608,880.9723614550102,871.6299198962589,896.476838935491,858.7095219958583,0.018616410020684926,5772994747,255859127187.04,0,0,0,0,0,0,4951.84,0.016406296503835405,844.59,43.9,43.83111765517954
2026-05-12,44.3,42.93,44.31,42.81,545877,2359383385.54,1.44,-3.14,3.38,44.32,19.877535231385608,853.3425874833841,880.5748107503823,880.7735861026963,850.9572832556179,-0.031362815884476536,5772994747,247834664488.71,0,0,0,0,0,0,4948.05,-0.0007653720637177397,820.77,42.51,42.45645038214931
2026-05-13,42.79,42.38,43.08,42.3,388947,1650881392.06,1.02,-1.28,1.82,42.93,19.877535231385608,842.4099431061221,850.5597325509901,856.3242177680919,840.8197402876111,-0.012811553692056776,5772994747,244659517377.86002,0,0,0,0,0,0,4998.34,0.010163599801942258,811.34,41.96,41.91251728850426
2026-05-14,42.5,42.63,43.57,42.46,589978,2537283732.23,1.55,0.59,2.62,42.38,19.877535231385608,847.3793269139685,844.7952473338884,866.0642100314709,844.0001459246329,0.005899008966493646,5772994747,246102766064.61002,0,0,0,0,0,0,4914.6,-0.016753562182644566,815.63,42.21,42.15975960379747
2026-05-15,42.67,42.5,43.13,41.7,451388,1918878881.02,1.19,-0.3,3.35,42.63,19.877535231385608,844.7952473338884,848.1744283232239,857.3180945296613,828.8932191487798,-0.00304949566033319,5772994747,245352276747.5,0,0,0,0,0,0,4859.59,-0.011193179505961881,813.4,42.08,42.031193599845004
2026-05-18,42.3,40.43,42.33,40.23,744066,3042249201.65,1.96,-4.87,4.94,42.5,19.877535231385608,803.6487494049201,840.8197402876111,841.4160663445527,799.6732423586429,-0.048705882352941154,5772995317,233402200666.31,0,0,0,0,0,0,4833.52,-0.00536465010422682,777.93,40.01,39.984027229217254
2026-05-19,40.88,40.3,41.05,39.58,436406,1750732475.74,1.15,-0.32,3.64,40.43,19.877535231385608,801.0646698248399,812.5936402590437,815.9728212483791,786.7528444582423,-0.003215434083601365,5772995317,232651711275.09998,0,0,0,0,0,0,4852.88,0.00400536255151529,775.7,39.88,39.85546122526478
2026-05-20,39.99,39.54,40.36,39.44,367081,1455908726.05,0.97,-1.89,2.28,40.3,19.877535231385608,785.9577430489869,794.9026339031105,802.2573219387231,783.9699895258483,-0.018858560794044577,5772995317,228264234834.18,0,0,0,0,0,0,4850.7,-0.00044921778407880364,762.68,39.12,39.10384458677344
2026-05-21,39.77,39.49,40.66,39.4,385355,1543834118.14,1.01,-0.13,3.19,39.54,19.877535231385608,784.9638662874177,790.5295761522057,808.2205825081387,783.1748881165929,-0.0012645422357105973,5772995317,227975585068.33002,0,0,0,0,0,0,4783.1,-0.013936132929267875,761.82,39.07,39.0543961237148
2026-05-22,39.8,38.84,39.94,38.65,452702,1760360511.3,1.19,-1.65,3.27,39.49,19.877535231385608,772.043468387017,791.1259022091472,793.9087571415412,768.2667366930538,-0.0164598632565206,5772995317,224223138112.28003,0,0,0,0,0,0,4845.1,0.0129623047814178,750.68,38.42,38.41156610395247
2026-05-25,38.8,38.44,39.28,38.08,380326,1465207629.17,1.0,-1.03,3.09,38.84,19.877535231385608,764.0924542944628,771.2483669777615,780.7895838888267,756.9365416111639,-0.010298661174047541,5772995317,221913939985.47998,0,0,0,0,0,0,4921.6,0.015789147798807024,743.83,38.02,38.01597839948334
2026-05-26,38.43,38.71,38.86,38.09,359237,1383912707.54,0.95,0.7,2.0,38.44,19.877535231385608,769.4593888069369,763.8936789421489,772.4410190916446,757.1353169634779,0.007023933402705573,5772995317,223472648721.07,0,0,0,0,0,0,4947.85,0.005333631339401901,748.46,38.29,38.2830001
2026-05-27,38.21,37.76,38.25,37.5,410502,1550980157.03,1.08,-2.45,1.94,38.2830001,20.099244750855796,758.9474817923148,767.9921419302,768.7961117202342,753.7216781570924,-0.013661418870879016,5772995317,217988303169.91998,0,0,0,0,0,0,4908.17,-0.008019644896268163,739.4,37.76,37.76
2026-05-28,37.59,37.05,37.73,36.75,413558,1535015509.22,1.09,-1.88,2.6,37.76,20.099244750855796,744.6770180192071,755.5306101846694,758.3445044497892,738.6472445939505,-0.018802966101694962,5772995317,213889476494.84998,0,0,0,0,0,0,4914.21,0.0012306012220439921,727.23,37.05,37.05
2026-05-29,37.06,38.07,38.58,36.75,555510,2101920832.93,1.46,2.75,4.94,37.05,20.099244750855796,765.1782476650801,744.8780104667159,775.4288624880165,738.6472445939505,0.027530364372469807,5772995317,219777931718.19,0,0,0,0,0,0,4892.12,-0.004495127395858112,744.71,38.07,38.07
2026-06-01,37.99,37.82,38.34,37.25,387114,1468599370.28,1.02,-0.66,2.86,38.07,20.099244750855796,760.1534364773662,763.5703080850117,770.6050437478112,748.6968669693784,-0.006566850538481717,5772996009,218334709060.38,0,0,0,0,0,0,4844.26,-0.009783079728215904,740.43,37.82,37.82
2026-06-02,37.82,36.76,37.94,36.6,543703,2005555194.65,1.43,-2.8,3.54,37.82,20.099244750855796,738.848237041459,760.1534364773662,762.5653458474688,735.6323578813222,-0.02802749867794818,5772996009,212215333290.84,0,0,0,0,0,0,4914.56,0.014512020411786342,722.26,36.76,36.76
2026-06-03,36.76,36.2,36.82,35.8,538827,1945233137.54,1.42,-1.52,2.77,36.76,20.099244750855796,727.5926599809799,738.848237041459,740.0541917265105,719.5529620806375,-0.015233949945592906,5772996009,208982455525.80002,0,0,0,0,0,0,4938.81,0.0049343176194815985,712.67,36.2,36.2
2026-06-04,36.19,35.13,36.65,35.06,575119,2040942298.57,1.51,-2.96,4.39,36.2,20.099244750855796,706.0864680975642,727.3916675334713,736.6373201188649,704.6795209650043,-0.029558011049723776,5772996009,202805349796.17,0,0,0,0,0,0,4904.75,-0.006896398120195046,694.33,35.13,35.13
2026-06-05,35.13,35.06,35.63,34.85,391703,1378272676.66,1.03,-0.2,2.22,35.13,20.099244750855796,704.6795209650043,706.0864680975642,716.136090472992,700.4586795673246,-0.001992598918303501,5772996009,202401240075.54,0,0,0,0,0,0,4816.92,-0.017907130842550578,693.13,35.06,35.06
2026-06-08,34.83,34.15,35.57,33.85,488860,1684875084.6,1.29,-2.6,4.91,35.06,20.099244750855796,686.3892082417254,700.0566946723073,714.9301357879407,680.3594348164687,-0.02595550484883069,5772996009,197147813707.35,0,0,0,0,0,0,4713.64,-0.02144108683557122,677.54,34.15,34.15
2026-06-09,34.16,34.23,34.35,33.78,323075,1099908976.46,0.85,0.23,1.67,34.15,20.099244750855796,687.9971478217939,686.5902006892339,690.4090571918966,678.9524876839088,0.002342606149341009,5772996009,197609653388.06998,0,0,0,0,0,0,4801.81,0.01870528933053861,678.91,34.23,34.23
2026-06-10,33.95,34.43,34.91,33.88,381830,1315533160.07,1.0,0.58,3.01,34.23,20.099244750855796,692.0169967719651,682.3693592915544,701.6646342523758,680.9624121589944,0.005842827928717487,5772996009,198764252589.87,0,0,0,0,0,0,4748.59,-0.011083320664499463,682.34,34.43,34.43
2026-06-11,34.44,34.16,34.67,33.88,363985,1241341590.4,0.96,-0.78,2.29,34.43,20.099244750855796,686.5902006892339,692.2179892194736,696.8408155121705,680.9624121589944,-0.007841998257333782,5772996009,197205543667.43997,0,0,0,0,0,0,4722.41,-0.005513215501864788,677.71,34.16,34.16
2026-06-12,34.22,34.86,35.15,33.75,600765,2079726298.91,1.58,2.05,4.1,34.16,20.099244750855796,700.6596720148331,687.7961553742853,706.4884529925812,678.3495103413832,0.020491803278688714,5772996075,201246643174.5,0,0,0,0,0,0,4777.32,0.011627537634385732,689.71,34.86,34.86
2026-06-15,35.0,35.28,35.63,34.61,455041,1599396709.56,1.2,1.2,2.93,34.86,20.099244750855796,709.1013548101924,703.4735662799528,716.136090472992,695.634860827119,0.012048192771084487,5772996075,203671301526.0,0,0,0,0,0,0,4891.71,0.023944387229660302,696.9,35.28,35.28
2026-06-16,35.06,35.05,35.27,34.72,353606,1236118075.19,0.93,-0.65,1.56,35.28,20.099244750855796,704.4785285174955,704.6795209650043,708.900362362684,697.8457777497132,-0.0065192743764173056,5772996075,202343512428.74997,0,0,0,0,0,0,4884.23,-0.0015291176296224895,692.96,35.05,35.05
2026-06-17,34.95,34.66,35.0,34.19,384011,1323382954.06,1.01,-1.11,2.31,35.05,20.099244750855796,696.6398230646619,702.4686040424101,703.4735662799528,687.1931780317597,-0.011126961483594933,5772996075,200092043959.49997,0,0,0,0,0,0,4931.39,0.00965556495087272,686.28,34.66,34.66
2026-06-18,34.76,33.63,34.93,33.52,623145,2112886716.0,1.64,-2.97,4.07,34.66,20.099244750855796,675.9376009712805,698.6497475397474,702.066619147393,673.7266840486864,-0.029717253317945613,5772996075,194145858002.25,0,0,0,0,0,0,4941.6,0.0020704101683297615,668.63,33.63,33.63
2026-06-22,33.46,33.95,34.19,32.99,541482,1813195398.56,1.42,0.95,3.57,33.63,20.099244750855796,682.3693592915544,672.5207293636349,687.1931780317597,663.0740843307327,0.009515313707998851,5772996075,195993216746.25003,0,0,0,0,0,0,5059.66,0.023891047434029256,674.11,33.95,33.95
2026-06-23,34.18,33.02,35.04,33.0,658904,2245306330.07,1.73,-2.74,6.01,33.95,20.099244750855796,663.6770616732584,686.992185584251,704.277536069987,663.2750767782412,-0.027393225331369675,5772996075,190624330396.50003,0,0,0,0,0,0,4919.39,-0.027723206697683134,658.18,33.02,33.02
2026-06-24,33.04,32.53,33.2,32.35,389128,1267957877.57,1.02,-1.48,2.57,33.02,20.099244750855796,653.8284317453391,664.0790465682754,667.2949257284125,650.210567690185,-0.01483949121744399,5772996075,187795562319.75,0,0,0,0,0,0,4943.02,0.004803441077044113,649.78,32.53,32.53
2026-06-25,32.2,32.36,32.78,31.81,441740,1424526200.8,1.16,-0.52,2.98,32.53,20.099244750855796,650.4115601376935,647.1956809775567,658.853242933053,639.3569755247229,-0.005225945281278843,5772996075,186814152987.0,0,0,0,0,0,0,5020.1,0.015593705872118724,646.87,32.36,32.36
2026-06-26,33.03,33.56,34.6,32.38,1048548,3521695469.38,2.76,3.71,6.86,32.36,20.099244750855796,674.5306538387206,663.8780541207669,695.4338683796105,650.8135450327107,0.03708281829419047,5772996075,193741748277.0,0,0,0,0,0,0,4868.22,-0.03025437740284065,667.43,33.56,33.56
2026-06-29,33.6,35.99,36.14,33.11,1393660,4901253243.96,3.67,7.24,9.03,33.56,20.099244750855796,723.3718185833002,675.3346236287548,726.3867052959284,665.4859937008354,0.0724076281287247,5772996075,207770128739.25,0,0,0,0,0,0,4926.92,0.012057795251652514,709.07,35.99,35.99
2026-06-30,35.35,34.99,35.93,34.7,816863,2866062789.42,2.49,-2.78,3.42,35.99,20.099244750855796,703.2725738324443,710.5083019427524,722.1658638982487,697.4437928546962,-0.027785495971103136,5772996075,201997132664.25,0,0,0,0,0,0,4979.43,0.010657774025151667,691.93,34.99,34.99
2026-07-01,35.0,36.98,38.12,34.52,1186982,4362567549.69,3.62,5.69,10.29,34.99,20.099244750855796,743.2700708866473,703.4735662799528,766.1832099026229,693.8259287995421,0.05687339239782774,5772996075,213485394853.49997,0,0,0,0,0,0,4958.98,-0.004106895769194652,726.03,36.98,36.98
2026-07-02,36.64,37.35,37.95,36.4,970327,3598769211.98,2.96,1.0,4.19,36.98,20.099244750855796,750.706791444464,736.4363276713564,762.7663382949775,731.612508931151,0.01000540832882657,5772996075,215621403401.25,0,0,0,0,0,0,4812.3,-0.029578663354157375,732.37,37.35,37.35
2026-07-03,37.25,36.9,38.06,36.28,743518,2745517090.22,2.27,-1.2,4.77,37.35,20.099244750855796,741.6621313065789,748.6968669693784,764.9772552175716,729.2005995610483,-0.012048192771084376,5772996075,213023555167.5,0,0,0,0,0,0,4842.17,0.006207011200465518,724.66,36.9,36.9
2026-07-06,37.5,38.68,38.99,37.31,1008463,3871001913.66,3.07,4.82,4.55,36.9,20.099244750855796,777.4387869631022,753.7216781570924,783.6695528358675,749.9028216544298,0.048238482384823866,5772996075,223299488181.0,0,0,0,0,0,0,4842.0,-3.510822627050825e-05,755.17,38.68,38.68
2026-07-07,38.5,38.49,38.94,37.74,839641,3212247242.08,2.56,-0.49,3.1,38.68,20.099244750855796,773.6199304604396,773.8209229079481,782.6645905983246,758.5454968972978,-0.004912099276111581,5772996075,222202618926.75,0,0,0,0,0,0,4792.26,-0.010272614622056975,751.91,38.49,38.49
2026-07-08,38.0,36.8,38.34,36.79,722925,2696040364.74,2.2,-4.39,4.03,38.49,20.099244750855796,739.6522068314932,763.7713005325203,770.6050437478112,739.4512143839847,-0.0439075084437518,5772996075,212446255559.99997,0,0,0,0,0,0,4755.53,-0.007664442246455794,722.95,36.8,36.8
2026-07-09,36.95,37.11,37.6,36.4,630356,2332711966.21,1.92,0.84,3.26,36.8,20.099244750855796,745.8829727042586,742.6670935441217,755.731602632178,731.612508931151,0.008423913043478226,5772996075,214235884343.25,0,0,0,0,0,0,4876.31,0.02539780003490688,728.26,37.11,37.11
2026-07-10,36.74,38.14,38.46,36.01,862208,3244878733.77,2.63,2.78,6.6,37.11,20.099244750855796,766.58519479764,738.446252146442,773.0169531179139,723.7738034783172,0.027755322015629247,5772996075,220182070300.5,0,0,0,0,0,0,4780.79,-0.019588582350178796,745.91,38.14,38.14
2026-07-13,37.45,38.55,39.19,37.35,841823,3232658943.22,2.57,1.07,4.82,38.14,20.099244750855796,774.8258851454909,752.7167159195496,787.6894017860386,750.706791444464,0.01074986890403773,5772996075,222548998691.24997,0,0,0,0,0,0,4695.38,-0.017865248212115548,752.94,38.55,38.55
2026-07-14,38.3,38.08,38.36,37.52,553136,2099443273.77,1.69,-1.22,2.18,38.55,20.099244750855796,765.3792401125887,769.8010739577769,771.0070286428283,754.1236630521096,-0.012191958495460398,5772996075,219835690536.0,0,0,0,0,0,0,4796.5,0.02153606310884304,744.88,38.08,38.08
2026-07-15,37.71,39.65,40.1,37.68,845419,3336653065.89,2.58,4.12,6.36,38.08,20.099244750855796,796.9350543714323,757.942519554772,805.9797145093174,757.3395422122463,0.04122899159663862,5772996075,228899294373.75,0,0,0,0,0,0,4786.78,-0.0020264776399459006,771.79,39.65,39.65
2026-07-16,39.87,40.9,41.27,39.67,979148,3982545709.42,2.98,3.15,4.04,39.65,20.099244750855796,822.059110310002,801.3568882166205,829.4958308678188,797.3370392664494,0.031525851197982346,5772996075,236115539467.5,0,0,0,0,0,0,4698.43,-0.018457083885200398,793.21,40.9,40.9
2026-07-17,40.91,39.83,41.55,39.21,910829,3663562356.45,2.78,-2.62,5.72,40.9,20.099244750855796,800.5529184265863,822.2601027575106,835.1236193980583,788.0913866810557,-0.026161369193154038,5772996075,229938433667.25,0,0,0,0,0,0,4529.1,-0.0360396983673269,774.87,39.83,39.83
2026-07-20,39.28,40.61,40.84,38.42,832818,3327300579.53,2.54,1.96,6.08,39.83,20.099244750855796,816.2303293322539,789.4983338136157,820.8531556249508,772.2129833278797,0.019583228722068746,5772996075,234441370605.75,0,0,0,0,0,0,4598.32,0.015283389635909916,788.24,40.61,40.61
2026-07-21,40.02,39.42,40.87,39.13,765844,3047510903.65,2.33,-2.93,4.28,40.61,20.099244750855796,792.3122280787355,804.371774929249,821.4561329674764,786.4834471009873,-0.029303127308544674,5772996075,227571505276.5,0,0,0,0,0,0,4739.23,0.03064380034447356,767.85,39.42,39.42
2026-07-22,39.0,39.44,40.05,38.61,647223,2541628881.39,1.97,0.05,3.65,39.42,20.099244750855796,792.7142129737525,783.870545283376,804.9747522717746,776.0318398305423,0.0005073566717401778,5772996075,227686965198.0,0,0,0,0,0,0,4717.24,-0.004639994260670965,768.19,39.44,39.44
2026-07-23,38.96,39.7,40.16,38.47,611602,2404952623.8,1.86,0.66,4.28,39.44,20.099244750855796,797.9400166089752,783.0665754933418,807.1856691943686,773.2179455654225,0.006592292089249607,5772996075,229187944177.50003,0,0,0,0,0,0,4728.0,0.002280994819004345,772.64,39.7,39.7
2026-07-24,39.48,38.68,40.0,38.61,408040,1591325672.68,1.24,-2.57,3.5,39.7,20.099244750855796,777.4387869631022,793.5181827637867,803.9697900342319,776.0318398305423,-0.025692695214105887,5772996075,223299488181.0,0,0,0,0,0,0,4649.19,-0.01666878172588837,755.17,38.68,38.68
2026-07-27,38.67,39.33,39.5,38.51,372637,1458049237.72,1.14,1.68,2.56,38.68,20.099244750855796,790.5032960511584,777.2377945155937,793.920167658804,774.0219153554567,0.016804550155118836,5772996075,227051935629.75,0,0,0,0,0,0,4702.43,0.011451457135544185,766.3,39.33,39.33
2026-07-28,39.1,39.3,39.54,38.86,408220,1601009661.75,1.24,-0.08,1.73,39.33,20.099244750855796,789.9003187086328,785.8804697584617,794.7241374488382,781.0566510182562,-0.0007627765064835978,5772996075,226878745747.49997,0,0,0,0,0,0,4569.52,-0.028264110257887887,765.79,39.3,39.3
2026-07-29,39.3,38.88,39.85,38.61,536829,2095392794.02,1.64,-1.07,3.16,39.3,20.099244750855796,781.4586359132734,789.9003187086328,800.9549033216035,776.0318398305423,-0.010687022900763177,5772996075,224454087396.0,0,0,0,0,0,0,4600.26,0.006727183599152697,758.59,38.88,38.88
2026-07-30,38.78,39.92,40.3,38.56,793583,3151523635.29,2.42,2.67,4.48,38.88,20.099244750855796,802.3618504541635,779.4487114381878,809.9995634594885,775.0268775929995,0.026748971193415683,5772996075,230458003314.0,0,0,0,0,0,0,4549.72,-0.01098633555494688,776.41,39.92,39.92
2026-07-31,39.0,39.26,39.33,38.75,678989,2650970132.46,2.07,-1.65,1.45,39.92,20.099244750855796,789.0963489185986,783.870545283376,790.5032960511584,778.8457340956621,-0.016533066132264573,5772996144,226647828613.44,0,0,0,0,0,0,4588.2,0.008457663328732323,765.1,39.26,39.26
2026-08-03,39.2,38.93,39.9,38.83,566758,2229993487.67,1.73,-0.84,2.73,39.26,20.099244750855796,782.4635981508161,787.8903942335472,801.9598655591462,780.4536736757306,-0.008405501782985159,5772996144,224742739885.92,0,0,0,0,0,0,4543.18,-0.009812126759949358,759.45,38.93,38.93
2026-08-04,38.9,38.02,38.92,37.88,648053,2469789850.65,1.98,-2.34,2.67,38.93,20.099244750855796,764.1732854275374,781.8606208082904,782.2626057033076,761.3593911624176,-0.023375288980220787,5772996144,219489313394.88,0,0,0,0,0,0,4600.93,0.012711360764926738,743.86,38.02,38.02
2026-08-05,37.64,38.36,38.67,37.63,508767,1944391155.12,1.55,0.89,2.74,38.02,20.099244750855796,771.0070286428283,756.5355724222121,777.2377945155937,756.3345799747036,0.008942661756969894,5772996144,221452132083.84,0,0,0,0,0,0,4658.15,0.012436616075445439,749.68,38.36,38.36
2026-08-06,38.4,38.37,38.6,37.8,411074,1568114930.84,1.25,0.03,2.09,38.36,20.099244750855796,771.2080210903368,771.8109984328626,775.8308473830338,759.751451582349,0.00026068821689251287,5772996144,221509862045.28,0,0,0,0,0,0,4651.31,-0.0014683941049556948,749.85,38.37,38.37
2026-08-07,38.2,38.47,38.9,37.92,470812,1813133948.35,1.44,0.26,2.55,38.37,20.099244750855796,773.2179455654225,767.7911494826915,781.8606208082904,762.1633609524519,0.0026062027625750606,5772996144,222087161659.68,0,0,0,0,0,0,4694.44,0.009272656520420863,751.57,38.47,38.47
2026-08-10,38.84,40.24,40.3,38.8,909878,3633100540.97,2.77,4.6,3.9,38.47,20.099244750855796,808.7936087744373,780.6546661232392,809.9995634594885,779.8506963332048,0.046009877826878265,5772996144,232305364834.56,0,0,0,0,0,0,4702.02,0.0016146760849005126,781.9,40.24,40.24
2026-08-11,40.26,40.11,40.79,40.0,498983,2011139630.95,1.52,-0.32,1.96,40.24,20.099244750855796,806.1807069568259,809.1955936694543,819.848193387408,803.9697900342319,-0.003230616302186906,5772996144,231554875335.84,0,0,0,0,0,0,4663.79,-0.008130548147392114,779.67,40.11,40.11
2026-08-12,40.0,39.93,40.44,39.82,370197,1481939710.63,1.13,-0.45,1.55,40.11,20.099244750855796,802.562842901672,803.9697900342319,812.8134577246084,800.3519259790778,-0.004487658937920691,5772996144,230515736029.92,0,0,0,0,0,0,4690.92,0.005817157290529895,776.59,39.93,39.93
2026-08-13,39.95,40.15,40.36,39.57,385346,1541256969.53,1.17,0.55,1.98,39.93,20.099244750855796,806.9846767468601,802.9648277966891,811.20551814454,795.3271147913639,0.005509641873278293,5772996144,231785795181.6,0,0,0,0,0,0,4663.95,-0.005749405233941407,780.35,40.15,40.15
2026-08-14,40.0,39.29,40.1,39.03,441048,1738833070.43,1.34,-2.14,2.67,40.15,20.099244750855796,789.6993262611242,803.9697900342319,805.9797145093174,784.4735226259018,-0.021419676214196715,5772996144,226821018497.76,0,0,0,0,0,0,4665.88,0.0004138123264616489,765.62,39.29,39.29
2026-08-17,39.6,39.29,40.04,38.91,449775,1768487492.54,1.37,0.0,2.88,39.29,20.099244750855796,789.6993262611242,795.9300921338895,804.773759824266,782.061613255799,0.0,5772996144,226821018497.76,0,0,0,0,0,0,4741.1,0.016121289017291485,765.62,39.29,39.29
2026-08-18,39.35,39.93,40.14,39.29,594923,2370625773.49,1.81,1.63,2.16,39.29,20.099244750855796,802.562842901672,790.9052809461756,806.7836842993516,789.6993262611242,0.016289132094680525,5772996144,230515736029.92,0,0,0,0,0,0,4725.81,-0.003224989981227999,776.59,39.93,39.93
2026-08-19,40.12,38.84,40.18,38.8,504629,1979553465.24,1.54,-2.73,3.46,39.93,20.099244750855796,780.6546661232392,806.3816994043344,807.5876540893859,779.8506963332048,-0.027297771099423884,5772996144,224223170232.96002,0,0,0,0,0,0,4588.7,-0.0290130157581453,757.91,38.84,38.84
2026-08-20,38.83,39.82,39.9,38.77,509422,2008250038.99,1.55,2.52,2.91,38.84,20.099244750855796,800.3519259790778,780.4536736757306,801.9598655591462,779.2477189906792,0.025231719876416037,5772996144,229880706454.08,0,0,0,0,0,0,4592.75,0.0008826029158586213,774.7,39.82,39.82
2026-08-21,39.56,39.07,39.92,39.03,368900,1449569574.84,1.12,-1.88,2.24,39.82,20.099244750855796,785.277492415936,795.1261223438553,802.3618504541635,784.4735226259018,-0.018834756403817154,5772996144,225550959346.08,0,0,0,0,0,0,4618.9,0.005693756463992061,761.85,39.07,39.07
2026-08-24,38.82,38.83,38.94,38.2,403706,1556472045.09,1.23,-0.61,1.89,39.07,20.099244750855796,780.4536736757306,780.252681228222,782.6645905983246,767.7911494826915,-0.006142820578448949,5772996144,224165440271.52,0,0,0,0,0,0,4563.13,-0.012074303405572695,757.74,38.83,38.83
2026-08-25,38.76,39.93,39.98,38.62,535318,2122281657.04,1.63,2.83,3.5,38.83,20.099244750855796,802.562842901672,779.0467265431706,803.5678051392147,776.2328322780508,0.028328611898017053,5772996144,230515736029.92,0,0,0,0,0,0,4552.03,-0.002432540821760587,776.59,39.93,39.93
2026-08-26,39.62,39.99,40.35,39.58,324501,1299169116.94,0.99,0.15,1.93,39.93,20.099244750855796,803.7687975867233,796.3320770289066,811.0045256970313,795.5281072388724,0.0015026296018032514,5772996144,230862115798.56,0,0,0,0,0,0,4590.79,0.008514882371161825,777.61,39.99,39.99
2026-08-27,39.71,40.8,40.97,39.61,471490,1905668223.65,1.44,2.03,3.4,39.99,20.099244750855796,820.0491858349164,798.1410090564837,823.4660574425619,796.1310845813981,0.020255063765941328,5772996144,235538242675.19998,0,0,0,0,0,0,4630.28,0.008602005319345851,791.49,40.8,40.8
2026-08-28,40.77,41.68,41.85,40.21,530763,2178936350.54,1.62,2.16,4.02,40.8,20.099244750855796,837.7365212156695,819.4462084923908,841.1533928233151,808.1906314319116,0.021568627450980538,5772996144,240618479281.92,0,0,0,0,0,0,4609.18,-0.004556959838281749,806.57,41.68,41.68
2026-08-31,41.94,42.31,42.65,41.91,633480,2680925359.93,1.93,1.51,1.78,41.68,20.099244750855796,850.3990454087087,842.9623248508921,857.2327886239997,842.3593475083663,0.01511516314779282,5772996144,244255466852.64,0,0,0,0,0,0,4625.09,0.003451807045938615,817.37,42.31,42.31
2026-09-01,42.09,42.4,42.78,42.06,440755,1873617290.76,1.34,0.21,1.7,42.31,20.099244750855796,852.2079774362857,845.9772115635205,859.8456904416109,845.3742342209948,0.00212715670054342,5772996144,244775036505.6,0,0,0,0,0,0,4611.44,-0.002951293920767095,818.91,42.4,42.4
2026-09-02,42.3,42.03,42.61,41.95,303217,1279399074.17,0.92,-0.87,1.56,42.4,20.099244750855796,844.7712568784691,850.1980529612001,856.4288188339655,843.1633172984007,-0.008726415094339579,5772996144,242639027932.32,0,0,0,0,0,0,4547.96,-0.01376576514060679,812.57,42.03,42.03
2026-09-03,41.98,42.08,42.3,41.71,267871,1124682646.62,0.82,0.12,1.4,42.03,20.099244750855796,845.7762191160118,843.7662946409263,850.1980529612001,838.3394985581953,0.0011896264572923698,5772996144,242927677739.52,0,0,0,0,0,0,4552.58,0.0010158400689539437,813.43,42.08,42.08
2026-09-04,42.1,43.97,44.39,41.86,767895,3351156402.46,2.34,4.49,6.01,42.08,20.099244750855796,883.7637916951293,846.178204011029,892.2054744904888,841.3543852708236,0.04491444866920147,5772996144,253838640451.68,0,0,0,0,0,0,4548.05,-0.000995040175021611,845.81,43.97,43.97
2026-09-07,43.84,43.91,44.05,43.41,450249,1971522143.2,1.37,-0.14,1.46,43.97,20.099244750855796,882.557837010078,881.1508898775181,885.3717312751977,872.50821463465,-0.001364566750056917,5772996144,253492260683.03998,0,0,0,0,0,0,4575.02,0.005930013962027747,844.79,43.91,43.91
2026-09-08,43.79,43.23,43.88,43.1,389317,1688595293.39,1.19,-1.55,1.78,43.91,20.099244750855796,868.890350579496,880.1459276399753,881.9548596675523,866.2774487618848,-0.015486221817353707,5772996144,249566623305.12,0,0,0,0,0,0,4558.74,-0.0035584543892706044,833.13,43.23,43.23
2026-09-09,43.1,43.25,43.36,42.87,285243,1231218871.45,0.87,0.05,1.13,43.23,20.099244750855796,869.2923354745132,866.2774487618848,871.5032523971073,861.6546224691879,0.00046264168401588535,5772996144,249682083228.0,0,0,0,0,0,0,4572.6,0.003040313770910519,833.48,43.25,43.25
2026-09-10,43.18,42.22,43.46,42.09,401372,1704248119.04,1.22,-2.38,3.17,43.25,20.099244750855796,848.5901133811317,867.8853883419532,873.513176872193,845.9772115635205,-0.023815028901734148,5772996144,243735897199.68,0,0,0,0,0,0,4548.39,-0.00529458076367928,815.83,42.22,42.22
2026-09-11,42.01,42.18,42.46,41.85,308883,1302413319.98,0.94,-0.09,1.44,42.22,20.099244750855796,847.7861435910975,844.369271983452,853.4139321213371,841.1533928233151,-0.000947418285172863,5772996144,243504977353.92,0,0,0,0,0,0,4510.16,-0.008405171939961265,815.14,42.18,42.18
2026-09-14,42.2,42.59,42.94,42.06,358799,1523314640.38,1.09,0.97,2.09,42.18,20.099244750855796,856.0268339389485,848.1881284861147,863.0615696017478,845.3742342209948,0.00972024656235182,5772996144,245871905772.96002,0,0,0,0,0,0,4480.08,-0.006669386451921833,822.17,42.59,42.59
2026-09-15,42.56,42.37,43.35,42.22,403694,1728799392.84,1.23,-0.52,2.65,42.59,20.099244750855796,851.60500009376,855.4238565964228,871.3022599495988,848.5901133811317,-0.00516553181498014,5772996144,244601846621.28,0,0,0,0,0,0,4450.04,-0.006705237406474884,818.4,42.37,42.37
2026-09-16,41.99,41.08,42.35,40.84,489559,2021314209.04,1.49,-3.04,3.56,42.37,20.099244750855796,825.6769743651561,843.9672870884349,851.203015198743,820.8531556249508,-0.03044607033278257,5772996144,237154681595.52,0,0,0,0,0,0,4480.27,0.006793197364518111,796.29,41.08,41.08
2026-09-17,41.0,41.28,41.54,40.64,306257,1259805167.85,0.93,0.49,2.19,41.08,20.099244750855796,829.6968233153273,824.0690347850876,834.9226269505498,816.8333066747796,0.004868549172346803,5772996144,238309280824.32,0,0,0,0,0,0,4460.16,-0.004488568769293044,799.72,41.28,41.28
2026-09-18,40.98,41.35,41.66,40.95,405275,1677602359.29,1.24,0.17,1.72,41.28,20.099244750855796,831.1037704478872,823.6670498900704,837.3345363206524,823.0640725475449,0.0016957364341085857,5772996144,238713390554.4,0,0,0,0,0,0,4507.39,0.010589306213230065,800.92,41.35,41.35
2026-09-21,41.38,42.38,42.43,41.04,283000,1189180798.62,0.86,2.49,3.36,41.35,20.099244750855796,851.8059925412687,831.7067477904129,852.8109547788114,824.8730045751219,0.024909310761789705,5772996144,244659576582.72,0,0,0,0,0,0,4539.57,0.007139386651698443,818.57,42.38,42.38
2026-09-22,42.23,41.86,42.29,41.67,248780,1043267615.39,0.76,-1.23,1.46,42.38,20.099244750855796,841.3543852708236,848.7911058286402,849.9970605136916,837.535528768161,-0.012269938650306789,5772996144,241657618587.84,0,0,0,0,0,0,4544.59,0.0011058316096019816,809.66,41.86,41.86
2026-09-23,41.81,41.4,42.0,41.33,198799,825293873.0,0.61,-1.1,1.6,41.86,20.099244750855796,832.1087326854299,840.3494230332809,844.1682795359434,830.70178555287,-0.010989010989011061,5772996144,239002040361.6,0,0,0,0,0,0,4517.28,-0.006009342977034371,801.77,41.4,41.4
2026-09-24,41.3,40.48,41.34,40.42,272006,1106455753.63,0.83,-2.22,2.22,41.4,20.099244750855796,813.6174275146426,830.0988082103443,830.9027780003787,812.4114728295913,-0.022222222222222254,5772996144,233690883909.12,0,0,0,0,0,0,4439.14,-0.01729802004746206,786.01,40.48,40.48
2026-09-28,40.38,41.71,41.95,40.24,465671,1922902763.74,1.42,3.04,4.22,40.48,20.099244750855796,838.3394985581953,811.6075030395571,843.1633172984007,808.7936087744373,0.030385375494071276,5772996144,240791669166.24,0,0,0,0,0,0,4340.76,-0.02216195028766832,807.09,41.71,41.71
2026-09-29,41.68,42.29,42.41,41.48,312968,1315904849.5,0.95,1.39,2.23,41.71,20.099244750855796,849.9970605136916,837.7365212156695,852.4089698837943,833.7166722654983,0.01390553824023022,5772996144,244140006929.76,0,0,0,0,0,0,4345.21,0.0010251660999456291,817.03,42.29,42.29
2026-09-30,42.2,42.45,42.78,42.03,231652,981447687.96,0.71,0.38,1.77,42.29,20.099244750855796,853.2129396738286,848.1881284861147,859.8456904416109,844.7712568784691,0.003783400331047515,5772996144,245063686312.80002,0,0,0,0,0,0,4357.62,0.0028560184663111166,819.77,42.45,42.45
